Copyright 1986-2020 Xilinx, Inc. All Rights Reserved.
----------------------------------------------------------------------------------------------------------------------------------------------------------------------------
| Tool Version : Vivado v.2020.2 (win64) Build 3064766 Wed Nov 18 09:12:45 MST 2020
| Date         : Fri Sep  4 14:07:28 2026
| Host         : duyu running 64-bit major release  (build 9200)
| Command      : report_timing_summary -delay_type min_max -max_paths 20 -report_unconstrained -check_timing_verbose -file D:/cnn_soc/reports/B1/b1_impl_timing_summary.rpt
| Design       : cnn_system_wrapper
| Device       : 7z020-clg400
| Speed File   : -2  PRODUCTION 1.12 2019-11-22
----------------------------------------------------------------------------------------------------------------------------------------------------------------------------

Timing Summary Report

------------------------------------------------------------------------------------------------
| Timer Settings
| --------------
------------------------------------------------------------------------------------------------

  Enable Multi Corner Analysis               :  Yes
  Enable Pessimism Removal                   :  Yes
  Pessimism Removal Resolution               :  Nearest Common Node
  Enable Input Delay Default Clock           :  No
  Enable Preset / Clear Arcs                 :  No
  Disable Flight Delays                      :  No
  Ignore I/O Paths                           :  No
  Timing Early Launch at Borrowing Latches   :  No
  Borrow Time for Max Delay Exceptions       :  Yes
  Merge Timing Exceptions                    :  Yes

  Corner  Analyze    Analyze    
  Name    Max Paths  Min Paths  
  ------  ---------  ---------  
  Slow    Yes        Yes        
  Fast    Yes        Yes        



check_timing report

Table of Contents
-----------------
1. checking no_clock (0)
2. checking constant_clock (0)
3. checking pulse_width_clock (0)
4. checking unconstrained_internal_endpoints (0)
5. checking no_input_delay (0)
6. checking no_output_delay (0)
7. checking multiple_clock (0)
8. checking generated_clocks (0)
9. checking loops (0)
10. checking partial_input_delay (0)
11. checking partial_output_delay (0)
12. checking latch_loops (0)

1. checking no_clock (0)
------------------------
 There are 0 register/latch pins with no clock.


2. checking constant_clock (0)
------------------------------
 There are 0 register/latch pins with constant_clock.


3. checking pulse_width_clock (0)
---------------------------------
 There are 0 register/latch pins which need pulse_width check


4. checking unconstrained_internal_endpoints (0)
------------------------------------------------
 There are 0 pins that are not constrained for maximum delay.

 There are 0 pins that are not constrained for maximum delay due to constant clock.


5. checking no_input_delay (0)
------------------------------
 There are 0 input ports with no input delay specified.

 There are 0 input ports with no input delay but user has a false path constraint.


6. checking no_output_delay (0)
-------------------------------
 There are 0 ports with no output delay specified.

 There are 0 ports with no output delay but user has a false path constraint

 There are 0 ports with no output delay but with a timing clock defined on it or propagating through it


7. checking multiple_clock (0)
------------------------------
 There are 0 register/latch pins with multiple clocks.


8. checking generated_clocks (0)
--------------------------------
 There are 0 generated clocks that are not connected to a clock source.


9. checking loops (0)
---------------------
 There are 0 combinational loops in the design.


10. checking partial_input_delay (0)
------------------------------------
 There are 0 input ports with partial input delay specified.


11. checking partial_output_delay (0)
-------------------------------------
 There are 0 ports with partial output delay specified.


12. checking latch_loops (0)
----------------------------
 There are 0 combinational latch loops in the design through latch input



------------------------------------------------------------------------------------------------
| Design Timing Summary
| ---------------------
------------------------------------------------------------------------------------------------

    WNS(ns)      TNS(ns)  TNS Failing Endpoints  TNS Total Endpoints      WHS(ns)      THS(ns)  THS Failing Endpoints  THS Total Endpoints     WPWS(ns)     TPWS(ns)  TPWS Failing Endpoints  TPWS Total Endpoints  
    -------      -------  ---------------------  -------------------      -------      -------  ---------------------  -------------------     --------     --------  ----------------------  --------------------  
      1.153        0.000                      0                30560        0.036        0.000                      0                30560        3.870        0.000                       0                  8879  


All user specified timing constraints are met.


------------------------------------------------------------------------------------------------
| Clock Summary
| -------------
------------------------------------------------------------------------------------------------

Clock       Waveform(ns)       Period(ns)      Frequency(MHz)
-----       ------------       ----------      --------------
clk_fpga_0  {0.000 5.000}      10.000          100.000         


------------------------------------------------------------------------------------------------
| Intra Clock Table
| -----------------
------------------------------------------------------------------------------------------------

Clock             WNS(ns)      TNS(ns)  TNS Failing Endpoints  TNS Total Endpoints      WHS(ns)      THS(ns)  THS Failing Endpoints  THS Total Endpoints     WPWS(ns)     TPWS(ns)  TPWS Failing Endpoints  TPWS Total Endpoints  
-----             -------      -------  ---------------------  -------------------      -------      -------  ---------------------  -------------------     --------     --------  ----------------------  --------------------  
clk_fpga_0          1.153        0.000                      0                30560        0.036        0.000                      0                30560        3.870        0.000                       0                  8879  


------------------------------------------------------------------------------------------------
| Inter Clock Table
| -----------------
------------------------------------------------------------------------------------------------

From Clock    To Clock          WNS(ns)      TNS(ns)  TNS Failing Endpoints  TNS Total Endpoints      WHS(ns)      THS(ns)  THS Failing Endpoints  THS Total Endpoints  
----------    --------          -------      -------  ---------------------  -------------------      -------      -------  ---------------------  -------------------  


------------------------------------------------------------------------------------------------
| Other Path Groups Table
| -----------------------
------------------------------------------------------------------------------------------------

Path Group    From Clock    To Clock          WNS(ns)      TNS(ns)  TNS Failing Endpoints  TNS Total Endpoints      WHS(ns)      THS(ns)  THS Failing Endpoints  THS Total Endpoints  
----------    ----------    --------          -------      -------  ---------------------  -------------------      -------      -------  ---------------------  -------------------  


------------------------------------------------------------------------------------------------
| User Ignored Path Table
| -----------------------
------------------------------------------------------------------------------------------------

Path Group    From Clock    To Clock    
----------    ----------    --------    
(none)                      clk_fpga_0    
(none)        clk_fpga_0    clk_fpga_0    


------------------------------------------------------------------------------------------------
| Unconstrained Path Table
| ------------------------
------------------------------------------------------------------------------------------------

Path Group    From Clock    To Clock    
----------    ----------    --------    


------------------------------------------------------------------------------------------------
| Timing Details
| --------------
------------------------------------------------------------------------------------------------


---------------------------------------------------------------------------------------------------
From Clock:  clk_fpga_0
  To Clock:  clk_fpga_0

Setup :            0  Failing Endpoints,  Worst Slack        1.153ns,  Total Violation        0.000ns
Hold  :            0  Failing Endpoints,  Worst Slack        0.036ns,  Total Violation        0.000ns
PW    :            0  Failing Endpoints,  Worst Slack        3.870ns,  Total Violation        0.000ns
---------------------------------------------------------------------------------------------------


Max Delay Paths
--------------------------------------------------------------------------------------
Slack (MET) :             1.153ns  (required time - arrival time)
  Source:                 cnn_system_i/rst_ps7_0_100M/U0/ACTIVE_LOW_PR_OUT_DFF[0].FDRE_PER_N/C
                            (rising edge-triggered cell FDRE clocked by clk_fpga_0  {rise@0.000ns fall@5.000ns period=10.000ns})
  Destination:            cnn_system_i/axis_cnn_mnist_0/inst/u_fc/product_s1_reg[2]/RSTA
                            (rising edge-triggered cell DSP48E1 clocked by clk_fpga_0  {rise@0.000ns fall@5.000ns period=10.000ns})
  Path Group:             clk_fpga_0
  Path Type:              Setup (Max at Slow Process Corner)
  Requirement:            10.000ns  (clk_fpga_0 rise@10.000ns - clk_fpga_0 rise@0.000ns)
  Data Path Delay:        8.305ns  (logic 0.538ns (6.478%)  route 7.767ns (93.522%))
  Logic Levels:           1  (LUT1=1)
  Clock Path Skew:        0.042ns (DCD - SCD + CPR)
    Destination Clock Delay (DCD):    2.395ns = ( 12.395 - 10.000 ) 
    Source Clock Delay      (SCD):    2.462ns
    Clock Pessimism Removal (CPR):    0.109ns
  Clock Uncertainty:      0.154ns  ((TSJ^2 + TIJ^2)^1/2 + DJ) / 2 + PE
    Total System Jitter     (TSJ):    0.071ns
    Total Input Jitter      (TIJ):    0.300ns
    Discrete Jitter          (DJ):    0.000ns
    Phase Error              (PE):    0.000ns

    Location             Delay type                Incr(ns)  Path(ns)    Netlist Resource(s)
  -------------------------------------------------------------------    -------------------
                         (clock clk_fpga_0 rise edge)
                                                      0.000     0.000 r  
    PS7_X0Y0             PS7                          0.000     0.000 r  cnn_system_i/processing_system7_0/inst/PS7_i/FCLKCLK[0]
                         net (fo=1, routed)           0.994     0.994    cnn_system_i/processing_system7_0/inst/FCLK_CLK_unbuffered[0]
    BUFGCTRL_X0Y16       BUFG (Prop_bufg_I_O)         0.085     1.079 r  cnn_system_i/processing_system7_0/inst/buffer_fclk_clk_0.FCLK_CLK_0_BUFG/O
                         net (fo=8881, routed)        1.383     2.462    cnn_system_i/rst_ps7_0_100M/U0/slowest_sync_clk
    SLICE_X46Y85         FDRE                                         r  cnn_system_i/rst_ps7_0_100M/U0/ACTIVE_LOW_PR_OUT_DFF[0].FDRE_PER_N/C
  -------------------------------------------------------------------    -------------------
    SLICE_X46Y85         FDRE (Prop_fdre_C_Q)         0.433     2.895 f  cnn_system_i/rst_ps7_0_100M/U0/ACTIVE_LOW_PR_OUT_DFF[0].FDRE_PER_N/Q
                         net (fo=60, routed)          3.145     6.040    cnn_system_i/axis_cnn_mnist_0/inst/u_conv1/u_conv1_calc/aresetn
    SLICE_X56Y37         LUT1 (Prop_lut1_I0_O)        0.105     6.145 r  cnn_system_i/axis_cnn_mnist_0/inst/u_conv1/u_conv1_calc/m_axis_tdata_reg[3]_i_1/O
                         net (fo=2607, routed)        4.622    10.767    cnn_system_i/axis_cnn_mnist_0/inst/u_fc/p_0_in
    DSP48_X3Y30          DSP48E1                                      r  cnn_system_i/axis_cnn_mnist_0/inst/u_fc/product_s1_reg[2]/RSTA
  -------------------------------------------------------------------    -------------------

                         (clock clk_fpga_0 rise edge)
                                                     10.000    10.000 r  
    PS7_X0Y0             PS7                          0.000    10.000 r  cnn_system_i/processing_system7_0/inst/PS7_i/FCLKCLK[0]
                         net (fo=1, routed)           0.905    10.906    cnn_system_i/processing_system7_0/inst/FCLK_CLK_unbuffered[0]
    BUFGCTRL_X0Y16       BUFG (Prop_bufg_I_O)         0.077    10.983 r  cnn_system_i/processing_system7_0/inst/buffer_fclk_clk_0.FCLK_CLK_0_BUFG/O
                         net (fo=8881, routed)        1.413    12.395    cnn_system_i/axis_cnn_mnist_0/inst/u_fc/aclk
    DSP48_X3Y30          DSP48E1                                      r  cnn_system_i/axis_cnn_mnist_0/inst/u_fc/product_s1_reg[2]/CLK
                         clock pessimism              0.109    12.504    
                         clock uncertainty           -0.154    12.350    
    DSP48_X3Y30          DSP48E1 (Setup_dsp48e1_CLK_RSTA)
                                                     -0.429    11.921    cnn_system_i/axis_cnn_mnist_0/inst/u_fc/product_s1_reg[2]
  -------------------------------------------------------------------
                         required time                         11.921    
                         arrival time                         -10.767    
  -------------------------------------------------------------------
                         slack                                  1.153    

Slack (MET) :             1.220ns  (required time - arrival time)
  Source:                 cnn_system_i/rst_ps7_0_100M/U0/ACTIVE_LOW_PR_OUT_DFF[0].FDRE_PER_N/C
                            (rising edge-triggered cell FDRE clocked by clk_fpga_0  {rise@0.000ns fall@5.000ns period=10.000ns})
  Destination:            cnn_system_i/axis_cnn_mnist_0/inst/u_conv2/u_calc/product_s1_reg[2][0][0]/RSTB
                            (rising edge-triggered cell DSP48E1 clocked by clk_fpga_0  {rise@0.000ns fall@5.000ns period=10.000ns})
  Path Group:             clk_fpga_0
  Path Type:              Setup (Max at Slow Process Corner)
  Requirement:            10.000ns  (clk_fpga_0 rise@10.000ns - clk_fpga_0 rise@0.000ns)
  Data Path Delay:        8.198ns  (logic 0.538ns (6.562%)  route 7.660ns (93.438%))
  Logic Levels:           1  (LUT1=1)
  Clock Path Skew:        0.031ns (DCD - SCD + CPR)
    Destination Clock Delay (DCD):    2.300ns = ( 12.300 - 10.000 ) 
    Source Clock Delay      (SCD):    2.462ns
    Clock Pessimism Removal (CPR):    0.192ns
  Clock Uncertainty:      0.154ns  ((TSJ^2 + TIJ^2)^1/2 + DJ) / 2 + PE
    Total System Jitter     (TSJ):    0.071ns
    Total Input Jitter      (TIJ):    0.300ns
    Discrete Jitter          (DJ):    0.000ns
    Phase Error              (PE):    0.000ns

    Location             Delay type                Incr(ns)  Path(ns)    Netlist Resource(s)
  -------------------------------------------------------------------    -------------------
                         (clock clk_fpga_0 rise edge)
                                                      0.000     0.000 r  
    PS7_X0Y0             PS7                          0.000     0.000 r  cnn_system_i/processing_system7_0/inst/PS7_i/FCLKCLK[0]
                         net (fo=1, routed)           0.994     0.994    cnn_system_i/processing_system7_0/inst/FCLK_CLK_unbuffered[0]
    BUFGCTRL_X0Y16       BUFG (Prop_bufg_I_O)         0.085     1.079 r  cnn_system_i/processing_system7_0/inst/buffer_fclk_clk_0.FCLK_CLK_0_BUFG/O
                         net (fo=8881, routed)        1.383     2.462    cnn_system_i/rst_ps7_0_100M/U0/slowest_sync_clk
    SLICE_X46Y85         FDRE                                         r  cnn_system_i/rst_ps7_0_100M/U0/ACTIVE_LOW_PR_OUT_DFF[0].FDRE_PER_N/C
  -------------------------------------------------------------------    -------------------
    SLICE_X46Y85         FDRE (Prop_fdre_C_Q)         0.433     2.895 f  cnn_system_i/rst_ps7_0_100M/U0/ACTIVE_LOW_PR_OUT_DFF[0].FDRE_PER_N/Q
                         net (fo=60, routed)          3.145     6.040    cnn_system_i/axis_cnn_mnist_0/inst/u_conv1/u_conv1_calc/aresetn
    SLICE_X56Y37         LUT1 (Prop_lut1_I0_O)        0.105     6.145 r  cnn_system_i/axis_cnn_mnist_0/inst/u_conv1/u_conv1_calc/m_axis_tdata_reg[3]_i_1/O
                         net (fo=2607, routed)        4.515    10.660    cnn_system_i/axis_cnn_mnist_0/inst/u_conv2/u_calc/p_0_in
    DSP48_X2Y38          DSP48E1                                      r  cnn_system_i/axis_cnn_mnist_0/inst/u_conv2/u_calc/product_s1_reg[2][0][0]/RSTB
  -------------------------------------------------------------------    -------------------

                         (clock clk_fpga_0 rise edge)
                                                     10.000    10.000 r  
    PS7_X0Y0             PS7                          0.000    10.000 r  cnn_system_i/processing_system7_0/inst/PS7_i/FCLKCLK[0]
                         net (fo=1, routed)           0.905    10.906    cnn_system_i/processing_system7_0/inst/FCLK_CLK_unbuffered[0]
    BUFGCTRL_X0Y16       BUFG (Prop_bufg_I_O)         0.077    10.983 r  cnn_system_i/processing_system7_0/inst/buffer_fclk_clk_0.FCLK_CLK_0_BUFG/O
                         net (fo=8881, routed)        1.318    12.300    cnn_system_i/axis_cnn_mnist_0/inst/u_conv2/u_calc/aclk
    DSP48_X2Y38          DSP48E1                                      r  cnn_system_i/axis_cnn_mnist_0/inst/u_conv2/u_calc/product_s1_reg[2][0][0]/CLK
                         clock pessimism              0.192    12.493    
                         clock uncertainty           -0.154    12.338    
    DSP48_X2Y38          DSP48E1 (Setup_dsp48e1_CLK_RSTB)
                                                     -0.458    11.880    cnn_system_i/axis_cnn_mnist_0/inst/u_conv2/u_calc/product_s1_reg[2][0][0]
  -------------------------------------------------------------------
                         required time                         11.880    
                         arrival time                         -10.660    
  -------------------------------------------------------------------
                         slack                                  1.220    

Slack (MET) :             1.261ns  (required time - arrival time)
  Source:                 cnn_system_i/rst_ps7_0_100M/U0/ACTIVE_LOW_PR_OUT_DFF[0].FDRE_PER_N/C
                            (rising edge-triggered cell FDRE clocked by clk_fpga_0  {rise@0.000ns fall@5.000ns period=10.000ns})
  Destination:            cnn_system_i/axis_cnn_mnist_0/inst/u_fc/sum_s2_reg[1]/RSTB
                            (rising edge-triggered cell DSP48E1 clocked by clk_fpga_0  {rise@0.000ns fall@5.000ns period=10.000ns})
  Path Group:             clk_fpga_0
  Path Type:              Setup (Max at Slow Process Corner)
  Requirement:            10.000ns  (clk_fpga_0 rise@10.000ns - clk_fpga_0 rise@0.000ns)
  Data Path Delay:        8.168ns  (logic 0.538ns (6.587%)  route 7.630ns (93.413%))
  Logic Levels:           1  (LUT1=1)
  Clock Path Skew:        0.042ns (DCD - SCD + CPR)
    Destination Clock Delay (DCD):    2.395ns = ( 12.395 - 10.000 ) 
    Source Clock Delay      (SCD):    2.462ns
    Clock Pessimism Removal (CPR):    0.109ns
  Clock Uncertainty:      0.154ns  ((TSJ^2 + TIJ^2)^1/2 + DJ) / 2 + PE
    Total System Jitter     (TSJ):    0.071ns
    Total Input Jitter      (TIJ):    0.300ns
    Discrete Jitter          (DJ):    0.000ns
    Phase Error              (PE):    0.000ns

    Location             Delay type                Incr(ns)  Path(ns)    Netlist Resource(s)
  -------------------------------------------------------------------    -------------------
                         (clock clk_fpga_0 rise edge)
                                                      0.000     0.000 r  
    PS7_X0Y0             PS7                          0.000     0.000 r  cnn_system_i/processing_system7_0/inst/PS7_i/FCLKCLK[0]
                         net (fo=1, routed)           0.994     0.994    cnn_system_i/processing_system7_0/inst/FCLK_CLK_unbuffered[0]
    BUFGCTRL_X0Y16       BUFG (Prop_bufg_I_O)         0.085     1.079 r  cnn_system_i/processing_system7_0/inst/buffer_fclk_clk_0.FCLK_CLK_0_BUFG/O
                         net (fo=8881, routed)        1.383     2.462    cnn_system_i/rst_ps7_0_100M/U0/slowest_sync_clk
    SLICE_X46Y85         FDRE                                         r  cnn_system_i/rst_ps7_0_100M/U0/ACTIVE_LOW_PR_OUT_DFF[0].FDRE_PER_N/C
  -------------------------------------------------------------------    -------------------
    SLICE_X46Y85         FDRE (Prop_fdre_C_Q)         0.433     2.895 f  cnn_system_i/rst_ps7_0_100M/U0/ACTIVE_LOW_PR_OUT_DFF[0].FDRE_PER_N/Q
                         net (fo=60, routed)          3.145     6.040    cnn_system_i/axis_cnn_mnist_0/inst/u_conv1/u_conv1_calc/aresetn
    SLICE_X56Y37         LUT1 (Prop_lut1_I0_O)        0.105     6.145 r  cnn_system_i/axis_cnn_mnist_0/inst/u_conv1/u_conv1_calc/m_axis_tdata_reg[3]_i_1/O
                         net (fo=2607, routed)        4.485    10.630    cnn_system_i/axis_cnn_mnist_0/inst/u_fc/p_0_in
    DSP48_X3Y29          DSP48E1                                      r  cnn_system_i/axis_cnn_mnist_0/inst/u_fc/sum_s2_reg[1]/RSTB
  -------------------------------------------------------------------    -------------------

                         (clock clk_fpga_0 rise edge)
                                                     10.000    10.000 r  
    PS7_X0Y0             PS7                          0.000    10.000 r  cnn_system_i/processing_system7_0/inst/PS7_i/FCLKCLK[0]
                         net (fo=1, routed)           0.905    10.906    cnn_system_i/processing_system7_0/inst/FCLK_CLK_unbuffered[0]
    BUFGCTRL_X0Y16       BUFG (Prop_bufg_I_O)         0.077    10.983 r  cnn_system_i/processing_system7_0/inst/buffer_fclk_clk_0.FCLK_CLK_0_BUFG/O
                         net (fo=8881, routed)        1.413    12.395    cnn_system_i/axis_cnn_mnist_0/inst/u_fc/aclk
    DSP48_X3Y29          DSP48E1                                      r  cnn_system_i/axis_cnn_mnist_0/inst/u_fc/sum_s2_reg[1]/CLK
                         clock pessimism              0.109    12.504    
                         clock uncertainty           -0.154    12.350    
    DSP48_X3Y29          DSP48E1 (Setup_dsp48e1_CLK_RSTB)
                                                     -0.458    11.892    cnn_system_i/axis_cnn_mnist_0/inst/u_fc/sum_s2_reg[1]
  -------------------------------------------------------------------
                         required time                         11.892    
                         arrival time                         -10.630    
  -------------------------------------------------------------------
                         slack                                  1.261    

Slack (MET) :             1.299ns  (required time - arrival time)
  Source:                 cnn_system_i/axis_cnn_mnist_0/inst/u_conv2/u_calc/calc_state_reg_rep__1/C
                            (rising edge-triggered cell FDRE clocked by clk_fpga_0  {rise@0.000ns fall@5.000ns period=10.000ns})
  Destination:            cnn_system_i/axis_cnn_mnist_0/inst/u_conv2/u_calc/product_s1_reg[3][1][2]/B[8]
                            (rising edge-triggered cell DSP48E1 clocked by clk_fpga_0  {rise@0.000ns fall@5.000ns period=10.000ns})
  Path Group:             clk_fpga_0
  Path Type:              Setup (Max at Slow Process Corner)
  Requirement:            10.000ns  (clk_fpga_0 rise@10.000ns - clk_fpga_0 rise@0.000ns)
  Data Path Delay:        5.671ns  (logic 0.433ns (7.635%)  route 5.238ns (92.365%))
  Logic Levels:           0  
  Clock Path Skew:        0.105ns (DCD - SCD + CPR)
    Destination Clock Delay (DCD):    2.392ns = ( 12.392 - 10.000 ) 
    Source Clock Delay      (SCD):    2.480ns
    Clock Pessimism Removal (CPR):    0.193ns
  Clock Uncertainty:      0.154ns  ((TSJ^2 + TIJ^2)^1/2 + DJ) / 2 + PE
    Total System Jitter     (TSJ):    0.071ns
    Total Input Jitter      (TIJ):    0.300ns
    Discrete Jitter          (DJ):    0.000ns
    Phase Error              (PE):    0.000ns

    Location             Delay type                Incr(ns)  Path(ns)    Netlist Resource(s)
  -------------------------------------------------------------------    -------------------
                         (clock clk_fpga_0 rise edge)
                                                      0.000     0.000 r  
    PS7_X0Y0             PS7                          0.000     0.000 r  cnn_system_i/processing_system7_0/inst/PS7_i/FCLKCLK[0]
                         net (fo=1, routed)           0.994     0.994    cnn_system_i/processing_system7_0/inst/FCLK_CLK_unbuffered[0]
    BUFGCTRL_X0Y16       BUFG (Prop_bufg_I_O)         0.085     1.079 r  cnn_system_i/processing_system7_0/inst/buffer_fclk_clk_0.FCLK_CLK_0_BUFG/O
                         net (fo=8881, routed)        1.401     2.480    cnn_system_i/axis_cnn_mnist_0/inst/u_conv2/u_calc/aclk
    SLICE_X32Y34         FDRE                                         r  cnn_system_i/axis_cnn_mnist_0/inst/u_conv2/u_calc/calc_state_reg_rep__1/C
  -------------------------------------------------------------------    -------------------
    SLICE_X32Y34         FDRE (Prop_fdre_C_Q)         0.433     2.913 r  cnn_system_i/axis_cnn_mnist_0/inst/u_conv2/u_calc/calc_state_reg_rep__1/Q
                         net (fo=49, routed)          5.238     8.151    cnn_system_i/axis_cnn_mnist_0/inst/u_conv2/u_calc/calc_state_reg_rep__1_n_0
    DSP48_X0Y16          DSP48E1                                      r  cnn_system_i/axis_cnn_mnist_0/inst/u_conv2/u_calc/product_s1_reg[3][1][2]/B[8]
  -------------------------------------------------------------------    -------------------

                         (clock clk_fpga_0 rise edge)
                                                     10.000    10.000 r  
    PS7_X0Y0             PS7                          0.000    10.000 r  cnn_system_i/processing_system7_0/inst/PS7_i/FCLKCLK[0]
                         net (fo=1, routed)           0.905    10.906    cnn_system_i/processing_system7_0/inst/FCLK_CLK_unbuffered[0]
    BUFGCTRL_X0Y16       BUFG (Prop_bufg_I_O)         0.077    10.983 r  cnn_system_i/processing_system7_0/inst/buffer_fclk_clk_0.FCLK_CLK_0_BUFG/O
                         net (fo=8881, routed)        1.409    12.392    cnn_system_i/axis_cnn_mnist_0/inst/u_conv2/u_calc/aclk
    DSP48_X0Y16          DSP48E1                                      r  cnn_system_i/axis_cnn_mnist_0/inst/u_conv2/u_calc/product_s1_reg[3][1][2]/CLK
                         clock pessimism              0.193    12.585    
                         clock uncertainty           -0.154    12.430    
    DSP48_X0Y16          DSP48E1 (Setup_dsp48e1_CLK_B[8])
                                                     -2.980     9.450    cnn_system_i/axis_cnn_mnist_0/inst/u_conv2/u_calc/product_s1_reg[3][1][2]
  -------------------------------------------------------------------
                         required time                          9.450    
                         arrival time                          -8.151    
  -------------------------------------------------------------------
                         slack                                  1.299    

Slack (MET) :             1.317ns  (required time - arrival time)
  Source:                 cnn_system_i/rst_ps7_0_100M/U0/ACTIVE_LOW_PR_OUT_DFF[0].FDRE_PER_N/C
                            (rising edge-triggered cell FDRE clocked by clk_fpga_0  {rise@0.000ns fall@5.000ns period=10.000ns})
  Destination:            cnn_system_i/axis_cnn_mnist_0/inst/u_fc/sum_s2_reg[0]/RSTB
                            (rising edge-triggered cell DSP48E1 clocked by clk_fpga_0  {rise@0.000ns fall@5.000ns period=10.000ns})
  Path Group:             clk_fpga_0
  Path Type:              Setup (Max at Slow Process Corner)
  Requirement:            10.000ns  (clk_fpga_0 rise@10.000ns - clk_fpga_0 rise@0.000ns)
  Data Path Delay:        8.114ns  (logic 0.538ns (6.630%)  route 7.576ns (93.370%))
  Logic Levels:           1  (LUT1=1)
  Clock Path Skew:        0.044ns (DCD - SCD + CPR)
    Destination Clock Delay (DCD):    2.397ns = ( 12.397 - 10.000 ) 
    Source Clock Delay      (SCD):    2.462ns
    Clock Pessimism Removal (CPR):    0.109ns
  Clock Uncertainty:      0.154ns  ((TSJ^2 + TIJ^2)^1/2 + DJ) / 2 + PE
    Total System Jitter     (TSJ):    0.071ns
    Total Input Jitter      (TIJ):    0.300ns
    Discrete Jitter          (DJ):    0.000ns
    Phase Error              (PE):    0.000ns

    Location             Delay type                Incr(ns)  Path(ns)    Netlist Resource(s)
  -------------------------------------------------------------------    -------------------
                         (clock clk_fpga_0 rise edge)
                                                      0.000     0.000 r  
    PS7_X0Y0             PS7                          0.000     0.000 r  cnn_system_i/processing_system7_0/inst/PS7_i/FCLKCLK[0]
                         net (fo=1, routed)           0.994     0.994    cnn_system_i/processing_system7_0/inst/FCLK_CLK_unbuffered[0]
    BUFGCTRL_X0Y16       BUFG (Prop_bufg_I_O)         0.085     1.079 r  cnn_system_i/processing_system7_0/inst/buffer_fclk_clk_0.FCLK_CLK_0_BUFG/O
                         net (fo=8881, routed)        1.383     2.462    cnn_system_i/rst_ps7_0_100M/U0/slowest_sync_clk
    SLICE_X46Y85         FDRE                                         r  cnn_system_i/rst_ps7_0_100M/U0/ACTIVE_LOW_PR_OUT_DFF[0].FDRE_PER_N/C
  -------------------------------------------------------------------    -------------------
    SLICE_X46Y85         FDRE (Prop_fdre_C_Q)         0.433     2.895 f  cnn_system_i/rst_ps7_0_100M/U0/ACTIVE_LOW_PR_OUT_DFF[0].FDRE_PER_N/Q
                         net (fo=60, routed)          3.145     6.040    cnn_system_i/axis_cnn_mnist_0/inst/u_conv1/u_conv1_calc/aresetn
    SLICE_X56Y37         LUT1 (Prop_lut1_I0_O)        0.105     6.145 r  cnn_system_i/axis_cnn_mnist_0/inst/u_conv1/u_conv1_calc/m_axis_tdata_reg[3]_i_1/O
                         net (fo=2607, routed)        4.431    10.576    cnn_system_i/axis_cnn_mnist_0/inst/u_fc/p_0_in
    DSP48_X3Y28          DSP48E1                                      r  cnn_system_i/axis_cnn_mnist_0/inst/u_fc/sum_s2_reg[0]/RSTB
  -------------------------------------------------------------------    -------------------

                         (clock clk_fpga_0 rise edge)
                                                     10.000    10.000 r  
    PS7_X0Y0             PS7                          0.000    10.000 r  cnn_system_i/processing_system7_0/inst/PS7_i/FCLKCLK[0]
                         net (fo=1, routed)           0.905    10.906    cnn_system_i/processing_system7_0/inst/FCLK_CLK_unbuffered[0]
    BUFGCTRL_X0Y16       BUFG (Prop_bufg_I_O)         0.077    10.983 r  cnn_system_i/processing_system7_0/inst/buffer_fclk_clk_0.FCLK_CLK_0_BUFG/O
                         net (fo=8881, routed)        1.415    12.397    cnn_system_i/axis_cnn_mnist_0/inst/u_fc/aclk
    DSP48_X3Y28          DSP48E1                                      r  cnn_system_i/axis_cnn_mnist_0/inst/u_fc/sum_s2_reg[0]/CLK
                         clock pessimism              0.109    12.506    
                         clock uncertainty           -0.154    12.352    
    DSP48_X3Y28          DSP48E1 (Setup_dsp48e1_CLK_RSTB)
                                                     -0.458    11.894    cnn_system_i/axis_cnn_mnist_0/inst/u_fc/sum_s2_reg[0]
  -------------------------------------------------------------------
                         required time                         11.894    
                         arrival time                         -10.576    
  -------------------------------------------------------------------
                         slack                                  1.317    

Slack (MET) :             1.320ns  (required time - arrival time)
  Source:                 cnn_system_i/axis_cnn_mnist_0/inst/u_conv2/u_calc/calc_state_reg_rep__1/C
                            (rising edge-triggered cell FDRE clocked by clk_fpga_0  {rise@0.000ns fall@5.000ns period=10.000ns})
  Destination:            cnn_system_i/axis_cnn_mnist_0/inst/u_conv2/u_calc/product_s1_reg[3][1][2]/B[12]
                            (rising edge-triggered cell DSP48E1 clocked by clk_fpga_0  {rise@0.000ns fall@5.000ns period=10.000ns})
  Path Group:             clk_fpga_0
  Path Type:              Setup (Max at Slow Process Corner)
  Requirement:            10.000ns  (clk_fpga_0 rise@10.000ns - clk_fpga_0 rise@0.000ns)
  Data Path Delay:        5.650ns  (logic 0.433ns (7.663%)  route 5.217ns (92.337%))
  Logic Levels:           0  
  Clock Path Skew:        0.105ns (DCD - SCD + CPR)
    Destination Clock Delay (DCD):    2.392ns = ( 12.392 - 10.000 ) 
    Source Clock Delay      (SCD):    2.480ns
    Clock Pessimism Removal (CPR):    0.193ns
  Clock Uncertainty:      0.154ns  ((TSJ^2 + TIJ^2)^1/2 + DJ) / 2 + PE
    Total System Jitter     (TSJ):    0.071ns
    Total Input Jitter      (TIJ):    0.300ns
    Discrete Jitter          (DJ):    0.000ns
    Phase Error              (PE):    0.000ns

    Location             Delay type                Incr(ns)  Path(ns)    Netlist Resource(s)
  -------------------------------------------------------------------    -------------------
                         (clock clk_fpga_0 rise edge)
                                                      0.000     0.000 r  
    PS7_X0Y0             PS7                          0.000     0.000 r  cnn_system_i/processing_system7_0/inst/PS7_i/FCLKCLK[0]
                         net (fo=1, routed)           0.994     0.994    cnn_system_i/processing_system7_0/inst/FCLK_CLK_unbuffered[0]
    BUFGCTRL_X0Y16       BUFG (Prop_bufg_I_O)         0.085     1.079 r  cnn_system_i/processing_system7_0/inst/buffer_fclk_clk_0.FCLK_CLK_0_BUFG/O
                         net (fo=8881, routed)        1.401     2.480    cnn_system_i/axis_cnn_mnist_0/inst/u_conv2/u_calc/aclk
    SLICE_X32Y34         FDRE                                         r  cnn_system_i/axis_cnn_mnist_0/inst/u_conv2/u_calc/calc_state_reg_rep__1/C
  -------------------------------------------------------------------    -------------------
    SLICE_X32Y34         FDRE (Prop_fdre_C_Q)         0.433     2.913 r  cnn_system_i/axis_cnn_mnist_0/inst/u_conv2/u_calc/calc_state_reg_rep__1/Q
                         net (fo=49, routed)          5.217     8.130    cnn_system_i/axis_cnn_mnist_0/inst/u_conv2/u_calc/calc_state_reg_rep__1_n_0
    DSP48_X0Y16          DSP48E1                                      r  cnn_system_i/axis_cnn_mnist_0/inst/u_conv2/u_calc/product_s1_reg[3][1][2]/B[12]
  -------------------------------------------------------------------    -------------------

                         (clock clk_fpga_0 rise edge)
                                                     10.000    10.000 r  
    PS7_X0Y0             PS7                          0.000    10.000 r  cnn_system_i/processing_system7_0/inst/PS7_i/FCLKCLK[0]
                         net (fo=1, routed)           0.905    10.906    cnn_system_i/processing_system7_0/inst/FCLK_CLK_unbuffered[0]
    BUFGCTRL_X0Y16       BUFG (Prop_bufg_I_O)         0.077    10.983 r  cnn_system_i/processing_system7_0/inst/buffer_fclk_clk_0.FCLK_CLK_0_BUFG/O
                         net (fo=8881, routed)        1.409    12.392    cnn_system_i/axis_cnn_mnist_0/inst/u_conv2/u_calc/aclk
    DSP48_X0Y16          DSP48E1                                      r  cnn_system_i/axis_cnn_mnist_0/inst/u_conv2/u_calc/product_s1_reg[3][1][2]/CLK
                         clock pessimism              0.193    12.585    
                         clock uncertainty           -0.154    12.430    
    DSP48_X0Y16          DSP48E1 (Setup_dsp48e1_CLK_B[12])
                                                     -2.980     9.450    cnn_system_i/axis_cnn_mnist_0/inst/u_conv2/u_calc/product_s1_reg[3][1][2]
  -------------------------------------------------------------------
                         required time                          9.450    
                         arrival time                          -8.130    
  -------------------------------------------------------------------
                         slack                                  1.320    

Slack (MET) :             1.320ns  (required time - arrival time)
  Source:                 cnn_system_i/axis_cnn_mnist_0/inst/u_conv2/u_calc/calc_state_reg_rep__1/C
                            (rising edge-triggered cell FDRE clocked by clk_fpga_0  {rise@0.000ns fall@5.000ns period=10.000ns})
  Destination:            cnn_system_i/axis_cnn_mnist_0/inst/u_conv2/u_calc/product_s1_reg[3][1][2]/B[13]
                            (rising edge-triggered cell DSP48E1 clocked by clk_fpga_0  {rise@0.000ns fall@5.000ns period=10.000ns})
  Path Group:             clk_fpga_0
  Path Type:              Setup (Max at Slow Process Corner)
  Requirement:            10.000ns  (clk_fpga_0 rise@10.000ns - clk_fpga_0 rise@0.000ns)
  Data Path Delay:        5.650ns  (logic 0.433ns (7.663%)  route 5.217ns (92.337%))
  Logic Levels:           0  
  Clock Path Skew:        0.105ns (DCD - SCD + CPR)
    Destination Clock Delay (DCD):    2.392ns = ( 12.392 - 10.000 ) 
    Source Clock Delay      (SCD):    2.480ns
    Clock Pessimism Removal (CPR):    0.193ns
  Clock Uncertainty:      0.154ns  ((TSJ^2 + TIJ^2)^1/2 + DJ) / 2 + PE
    Total System Jitter     (TSJ):    0.071ns
    Total Input Jitter      (TIJ):    0.300ns
    Discrete Jitter          (DJ):    0.000ns
    Phase Error              (PE):    0.000ns

    Location             Delay type                Incr(ns)  Path(ns)    Netlist Resource(s)
  -------------------------------------------------------------------    -------------------
                         (clock clk_fpga_0 rise edge)
                                                      0.000     0.000 r  
    PS7_X0Y0             PS7                          0.000     0.000 r  cnn_system_i/processing_system7_0/inst/PS7_i/FCLKCLK[0]
                         net (fo=1, routed)           0.994     0.994    cnn_system_i/processing_system7_0/inst/FCLK_CLK_unbuffered[0]
    BUFGCTRL_X0Y16       BUFG (Prop_bufg_I_O)         0.085     1.079 r  cnn_system_i/processing_system7_0/inst/buffer_fclk_clk_0.FCLK_CLK_0_BUFG/O
                         net (fo=8881, routed)        1.401     2.480    cnn_system_i/axis_cnn_mnist_0/inst/u_conv2/u_calc/aclk
    SLICE_X32Y34         FDRE                                         r  cnn_system_i/axis_cnn_mnist_0/inst/u_conv2/u_calc/calc_state_reg_rep__1/C
  -------------------------------------------------------------------    -------------------
    SLICE_X32Y34         FDRE (Prop_fdre_C_Q)         0.433     2.913 r  cnn_system_i/axis_cnn_mnist_0/inst/u_conv2/u_calc/calc_state_reg_rep__1/Q
                         net (fo=49, routed)          5.217     8.130    cnn_system_i/axis_cnn_mnist_0/inst/u_conv2/u_calc/calc_state_reg_rep__1_n_0
    DSP48_X0Y16          DSP48E1                                      r  cnn_system_i/axis_cnn_mnist_0/inst/u_conv2/u_calc/product_s1_reg[3][1][2]/B[13]
  -------------------------------------------------------------------    -------------------

                         (clock clk_fpga_0 rise edge)
                                                     10.000    10.000 r  
    PS7_X0Y0             PS7                          0.000    10.000 r  cnn_system_i/processing_system7_0/inst/PS7_i/FCLKCLK[0]
                         net (fo=1, routed)           0.905    10.906    cnn_system_i/processing_system7_0/inst/FCLK_CLK_unbuffered[0]
    BUFGCTRL_X0Y16       BUFG (Prop_bufg_I_O)         0.077    10.983 r  cnn_system_i/processing_system7_0/inst/buffer_fclk_clk_0.FCLK_CLK_0_BUFG/O
                         net (fo=8881, routed)        1.409    12.392    cnn_system_i/axis_cnn_mnist_0/inst/u_conv2/u_calc/aclk
    DSP48_X0Y16          DSP48E1                                      r  cnn_system_i/axis_cnn_mnist_0/inst/u_conv2/u_calc/product_s1_reg[3][1][2]/CLK
                         clock pessimism              0.193    12.585    
                         clock uncertainty           -0.154    12.430    
    DSP48_X0Y16          DSP48E1 (Setup_dsp48e1_CLK_B[13])
                                                     -2.980     9.450    cnn_system_i/axis_cnn_mnist_0/inst/u_conv2/u_calc/product_s1_reg[3][1][2]
  -------------------------------------------------------------------
                         required time                          9.450    
                         arrival time                          -8.130    
  -------------------------------------------------------------------
                         slack                                  1.320    

Slack (MET) :             1.344ns  (required time - arrival time)
  Source:                 cnn_system_i/rst_ps7_0_100M/U0/ACTIVE_LOW_PR_OUT_DFF[0].FDRE_PER_N/C
                            (rising edge-triggered cell FDRE clocked by clk_fpga_0  {rise@0.000ns fall@5.000ns period=10.000ns})
  Destination:            cnn_system_i/axis_cnn_mnist_0/inst/u_fc/sum_s2_reg[1]/RSTA
                            (rising edge-triggered cell DSP48E1 clocked by clk_fpga_0  {rise@0.000ns fall@5.000ns period=10.000ns})
  Path Group:             clk_fpga_0
  Path Type:              Setup (Max at Slow Process Corner)
  Requirement:            10.000ns  (clk_fpga_0 rise@10.000ns - clk_fpga_0 rise@0.000ns)
  Data Path Delay:        8.114ns  (logic 0.538ns (6.630%)  route 7.576ns (93.370%))
  Logic Levels:           1  (LUT1=1)
  Clock Path Skew:        0.042ns (DCD - SCD + CPR)
    Destination Clock Delay (DCD):    2.395ns = ( 12.395 - 10.000 ) 
    Source Clock Delay      (SCD):    2.462ns
    Clock Pessimism Removal (CPR):    0.109ns
  Clock Uncertainty:      0.154ns  ((TSJ^2 + TIJ^2)^1/2 + DJ) / 2 + PE
    Total System Jitter     (TSJ):    0.071ns
    Total Input Jitter      (TIJ):    0.300ns
    Discrete Jitter          (DJ):    0.000ns
    Phase Error              (PE):    0.000ns

    Location             Delay type                Incr(ns)  Path(ns)    Netlist Resource(s)
  -------------------------------------------------------------------    -------------------
                         (clock clk_fpga_0 rise edge)
                                                      0.000     0.000 r  
    PS7_X0Y0             PS7                          0.000     0.000 r  cnn_system_i/processing_system7_0/inst/PS7_i/FCLKCLK[0]
                         net (fo=1, routed)           0.994     0.994    cnn_system_i/processing_system7_0/inst/FCLK_CLK_unbuffered[0]
    BUFGCTRL_X0Y16       BUFG (Prop_bufg_I_O)         0.085     1.079 r  cnn_system_i/processing_system7_0/inst/buffer_fclk_clk_0.FCLK_CLK_0_BUFG/O
                         net (fo=8881, routed)        1.383     2.462    cnn_system_i/rst_ps7_0_100M/U0/slowest_sync_clk
    SLICE_X46Y85         FDRE                                         r  cnn_system_i/rst_ps7_0_100M/U0/ACTIVE_LOW_PR_OUT_DFF[0].FDRE_PER_N/C
  -------------------------------------------------------------------    -------------------
    SLICE_X46Y85         FDRE (Prop_fdre_C_Q)         0.433     2.895 f  cnn_system_i/rst_ps7_0_100M/U0/ACTIVE_LOW_PR_OUT_DFF[0].FDRE_PER_N/Q
                         net (fo=60, routed)          3.145     6.040    cnn_system_i/axis_cnn_mnist_0/inst/u_conv1/u_conv1_calc/aresetn
    SLICE_X56Y37         LUT1 (Prop_lut1_I0_O)        0.105     6.145 r  cnn_system_i/axis_cnn_mnist_0/inst/u_conv1/u_conv1_calc/m_axis_tdata_reg[3]_i_1/O
                         net (fo=2607, routed)        4.431    10.576    cnn_system_i/axis_cnn_mnist_0/inst/u_fc/p_0_in
    DSP48_X3Y29          DSP48E1                                      r  cnn_system_i/axis_cnn_mnist_0/inst/u_fc/sum_s2_reg[1]/RSTA
  -------------------------------------------------------------------    -------------------

                         (clock clk_fpga_0 rise edge)
                                                     10.000    10.000 r  
    PS7_X0Y0             PS7                          0.000    10.000 r  cnn_system_i/processing_system7_0/inst/PS7_i/FCLKCLK[0]
                         net (fo=1, routed)           0.905    10.906    cnn_system_i/processing_system7_0/inst/FCLK_CLK_unbuffered[0]
    BUFGCTRL_X0Y16       BUFG (Prop_bufg_I_O)         0.077    10.983 r  cnn_system_i/processing_system7_0/inst/buffer_fclk_clk_0.FCLK_CLK_0_BUFG/O
                         net (fo=8881, routed)        1.413    12.395    cnn_system_i/axis_cnn_mnist_0/inst/u_fc/aclk
    DSP48_X3Y29          DSP48E1                                      r  cnn_system_i/axis_cnn_mnist_0/inst/u_fc/sum_s2_reg[1]/CLK
                         clock pessimism              0.109    12.504    
                         clock uncertainty           -0.154    12.350    
    DSP48_X3Y29          DSP48E1 (Setup_dsp48e1_CLK_RSTA)
                                                     -0.429    11.921    cnn_system_i/axis_cnn_mnist_0/inst/u_fc/sum_s2_reg[1]
  -------------------------------------------------------------------
                         required time                         11.921    
                         arrival time                         -10.576    
  -------------------------------------------------------------------
                         slack                                  1.344    

Slack (MET) :             1.353ns  (required time - arrival time)
  Source:                 cnn_system_i/axis_cnn_mnist_0/inst/u_conv2/u_calc/calc_state_reg_rep__1/C
                            (rising edge-triggered cell FDRE clocked by clk_fpga_0  {rise@0.000ns fall@5.000ns period=10.000ns})
  Destination:            cnn_system_i/axis_cnn_mnist_0/inst/u_conv2/u_calc/product_s1_reg[3][1][2]/B[6]
                            (rising edge-triggered cell DSP48E1 clocked by clk_fpga_0  {rise@0.000ns fall@5.000ns period=10.000ns})
  Path Group:             clk_fpga_0
  Path Type:              Setup (Max at Slow Process Corner)
  Requirement:            10.000ns  (clk_fpga_0 rise@10.000ns - clk_fpga_0 rise@0.000ns)
  Data Path Delay:        5.618ns  (logic 0.433ns (7.708%)  route 5.185ns (92.292%))
  Logic Levels:           0  
  Clock Path Skew:        0.105ns (DCD - SCD + CPR)
    Destination Clock Delay (DCD):    2.392ns = ( 12.392 - 10.000 ) 
    Source Clock Delay      (SCD):    2.480ns
    Clock Pessimism Removal (CPR):    0.193ns
  Clock Uncertainty:      0.154ns  ((TSJ^2 + TIJ^2)^1/2 + DJ) / 2 + PE
    Total System Jitter     (TSJ):    0.071ns
    Total Input Jitter      (TIJ):    0.300ns
    Discrete Jitter          (DJ):    0.000ns
    Phase Error              (PE):    0.000ns

    Location             Delay type                Incr(ns)  Path(ns)    Netlist Resource(s)
  -------------------------------------------------------------------    -------------------
                         (clock clk_fpga_0 rise edge)
                                                      0.000     0.000 r  
    PS7_X0Y0             PS7                          0.000     0.000 r  cnn_system_i/processing_system7_0/inst/PS7_i/FCLKCLK[0]
                         net (fo=1, routed)           0.994     0.994    cnn_system_i/processing_system7_0/inst/FCLK_CLK_unbuffered[0]
    BUFGCTRL_X0Y16       BUFG (Prop_bufg_I_O)         0.085     1.079 r  cnn_system_i/processing_system7_0/inst/buffer_fclk_clk_0.FCLK_CLK_0_BUFG/O
                         net (fo=8881, routed)        1.401     2.480    cnn_system_i/axis_cnn_mnist_0/inst/u_conv2/u_calc/aclk
    SLICE_X32Y34         FDRE                                         r  cnn_system_i/axis_cnn_mnist_0/inst/u_conv2/u_calc/calc_state_reg_rep__1/C
  -------------------------------------------------------------------    -------------------
    SLICE_X32Y34         FDRE (Prop_fdre_C_Q)         0.433     2.913 r  cnn_system_i/axis_cnn_mnist_0/inst/u_conv2/u_calc/calc_state_reg_rep__1/Q
                         net (fo=49, routed)          5.185     8.098    cnn_system_i/axis_cnn_mnist_0/inst/u_conv2/u_calc/calc_state_reg_rep__1_n_0
    DSP48_X0Y16          DSP48E1                                      r  cnn_system_i/axis_cnn_mnist_0/inst/u_conv2/u_calc/product_s1_reg[3][1][2]/B[6]
  -------------------------------------------------------------------    -------------------

                         (clock clk_fpga_0 rise edge)
                                                     10.000    10.000 r  
    PS7_X0Y0             PS7                          0.000    10.000 r  cnn_system_i/processing_system7_0/inst/PS7_i/FCLKCLK[0]
                         net (fo=1, routed)           0.905    10.906    cnn_system_i/processing_system7_0/inst/FCLK_CLK_unbuffered[0]
    BUFGCTRL_X0Y16       BUFG (Prop_bufg_I_O)         0.077    10.983 r  cnn_system_i/processing_system7_0/inst/buffer_fclk_clk_0.FCLK_CLK_0_BUFG/O
                         net (fo=8881, routed)        1.409    12.392    cnn_system_i/axis_cnn_mnist_0/inst/u_conv2/u_calc/aclk
    DSP48_X0Y16          DSP48E1                                      r  cnn_system_i/axis_cnn_mnist_0/inst/u_conv2/u_calc/product_s1_reg[3][1][2]/CLK
                         clock pessimism              0.193    12.585    
                         clock uncertainty           -0.154    12.430    
    DSP48_X0Y16          DSP48E1 (Setup_dsp48e1_CLK_B[6])
                                                     -2.980     9.450    cnn_system_i/axis_cnn_mnist_0/inst/u_conv2/u_calc/product_s1_reg[3][1][2]
  -------------------------------------------------------------------
                         required time                          9.450    
                         arrival time                          -8.098    
  -------------------------------------------------------------------
                         slack                                  1.353    

Slack (MET) :             1.353ns  (required time - arrival time)
  Source:                 cnn_system_i/axis_cnn_mnist_0/inst/u_conv2/u_calc/calc_state_reg_rep__1/C
                            (rising edge-triggered cell FDRE clocked by clk_fpga_0  {rise@0.000ns fall@5.000ns period=10.000ns})
  Destination:            cnn_system_i/axis_cnn_mnist_0/inst/u_conv2/u_calc/product_s1_reg[3][1][2]/B[7]
                            (rising edge-triggered cell DSP48E1 clocked by clk_fpga_0  {rise@0.000ns fall@5.000ns period=10.000ns})
  Path Group:             clk_fpga_0
  Path Type:              Setup (Max at Slow Process Corner)
  Requirement:            10.000ns  (clk_fpga_0 rise@10.000ns - clk_fpga_0 rise@0.000ns)
  Data Path Delay:        5.618ns  (logic 0.433ns (7.708%)  route 5.185ns (92.292%))
  Logic Levels:           0  
  Clock Path Skew:        0.105ns (DCD - SCD + CPR)
    Destination Clock Delay (DCD):    2.392ns = ( 12.392 - 10.000 ) 
    Source Clock Delay      (SCD):    2.480ns
    Clock Pessimism Removal (CPR):    0.193ns
  Clock Uncertainty:      0.154ns  ((TSJ^2 + TIJ^2)^1/2 + DJ) / 2 + PE
    Total System Jitter     (TSJ):    0.071ns
    Total Input Jitter      (TIJ):    0.300ns
    Discrete Jitter          (DJ):    0.000ns
    Phase Error              (PE):    0.000ns

    Location             Delay type                Incr(ns)  Path(ns)    Netlist Resource(s)
  -------------------------------------------------------------------    -------------------
                         (clock clk_fpga_0 rise edge)
                                                      0.000     0.000 r  
    PS7_X0Y0             PS7                          0.000     0.000 r  cnn_system_i/processing_system7_0/inst/PS7_i/FCLKCLK[0]
                         net (fo=1, routed)           0.994     0.994    cnn_system_i/processing_system7_0/inst/FCLK_CLK_unbuffered[0]
    BUFGCTRL_X0Y16       BUFG (Prop_bufg_I_O)         0.085     1.079 r  cnn_system_i/processing_system7_0/inst/buffer_fclk_clk_0.FCLK_CLK_0_BUFG/O
                         net (fo=8881, routed)        1.401     2.480    cnn_system_i/axis_cnn_mnist_0/inst/u_conv2/u_calc/aclk
    SLICE_X32Y34         FDRE                                         r  cnn_system_i/axis_cnn_mnist_0/inst/u_conv2/u_calc/calc_state_reg_rep__1/C
  -------------------------------------------------------------------    -------------------
    SLICE_X32Y34         FDRE (Prop_fdre_C_Q)         0.433     2.913 r  cnn_system_i/axis_cnn_mnist_0/inst/u_conv2/u_calc/calc_state_reg_rep__1/Q
                         net (fo=49, routed)          5.185     8.098    cnn_system_i/axis_cnn_mnist_0/inst/u_conv2/u_calc/calc_state_reg_rep__1_n_0
    DSP48_X0Y16          DSP48E1                                      r  cnn_system_i/axis_cnn_mnist_0/inst/u_conv2/u_calc/product_s1_reg[3][1][2]/B[7]
  -------------------------------------------------------------------    -------------------

                         (clock clk_fpga_0 rise edge)
                                                     10.000    10.000 r  
    PS7_X0Y0             PS7                          0.000    10.000 r  cnn_system_i/processing_system7_0/inst/PS7_i/FCLKCLK[0]
                         net (fo=1, routed)           0.905    10.906    cnn_system_i/processing_system7_0/inst/FCLK_CLK_unbuffered[0]
    BUFGCTRL_X0Y16       BUFG (Prop_bufg_I_O)         0.077    10.983 r  cnn_system_i/processing_system7_0/inst/buffer_fclk_clk_0.FCLK_CLK_0_BUFG/O
                         net (fo=8881, routed)        1.409    12.392    cnn_system_i/axis_cnn_mnist_0/inst/u_conv2/u_calc/aclk
    DSP48_X0Y16          DSP48E1                                      r  cnn_system_i/axis_cnn_mnist_0/inst/u_conv2/u_calc/product_s1_reg[3][1][2]/CLK
                         clock pessimism              0.193    12.585    
                         clock uncertainty           -0.154    12.430    
    DSP48_X0Y16          DSP48E1 (Setup_dsp48e1_CLK_B[7])
                                                     -2.980     9.450    cnn_system_i/axis_cnn_mnist_0/inst/u_conv2/u_calc/product_s1_reg[3][1][2]
  -------------------------------------------------------------------
                         required time                          9.450    
                         arrival time                          -8.098    
  -------------------------------------------------------------------
                         slack                                  1.353    

Slack (MET) :             1.354ns  (required time - arrival time)
  Source:                 cnn_system_i/axis_cnn_mnist_0/inst/u_conv2/u_calc/calc_state_reg_rep__1/C
                            (rising edge-triggered cell FDRE clocked by clk_fpga_0  {rise@0.000ns fall@5.000ns period=10.000ns})
  Destination:            cnn_system_i/axis_cnn_mnist_0/inst/u_conv2/u_calc/product_s1_reg[3][1][2]/B[16]
                            (rising edge-triggered cell DSP48E1 clocked by clk_fpga_0  {rise@0.000ns fall@5.000ns period=10.000ns})
  Path Group:             clk_fpga_0
  Path Type:              Setup (Max at Slow Process Corner)
  Requirement:            10.000ns  (clk_fpga_0 rise@10.000ns - clk_fpga_0 rise@0.000ns)
  Data Path Delay:        5.617ns  (logic 0.433ns (7.709%)  route 5.184ns (92.291%))
  Logic Levels:           0  
  Clock Path Skew:        0.105ns (DCD - SCD + CPR)
    Destination Clock Delay (DCD):    2.392ns = ( 12.392 - 10.000 ) 
    Source Clock Delay      (SCD):    2.480ns
    Clock Pessimism Removal (CPR):    0.193ns
  Clock Uncertainty:      0.154ns  ((TSJ^2 + TIJ^2)^1/2 + DJ) / 2 + PE
    Total System Jitter     (TSJ):    0.071ns
    Total Input Jitter      (TIJ):    0.300ns
    Discrete Jitter          (DJ):    0.000ns
    Phase Error              (PE):    0.000ns

    Location             Delay type                Incr(ns)  Path(ns)    Netlist Resource(s)
  -------------------------------------------------------------------    -------------------
                         (clock clk_fpga_0 rise edge)
                                                      0.000     0.000 r  
    PS7_X0Y0             PS7                          0.000     0.000 r  cnn_system_i/processing_system7_0/inst/PS7_i/FCLKCLK[0]
                         net (fo=1, routed)           0.994     0.994    cnn_system_i/processing_system7_0/inst/FCLK_CLK_unbuffered[0]
    BUFGCTRL_X0Y16       BUFG (Prop_bufg_I_O)         0.085     1.079 r  cnn_system_i/processing_system7_0/inst/buffer_fclk_clk_0.FCLK_CLK_0_BUFG/O
                         net (fo=8881, routed)        1.401     2.480    cnn_system_i/axis_cnn_mnist_0/inst/u_conv2/u_calc/aclk
    SLICE_X32Y34         FDRE                                         r  cnn_system_i/axis_cnn_mnist_0/inst/u_conv2/u_calc/calc_state_reg_rep__1/C
  -------------------------------------------------------------------    -------------------
    SLICE_X32Y34         FDRE (Prop_fdre_C_Q)         0.433     2.913 r  cnn_system_i/axis_cnn_mnist_0/inst/u_conv2/u_calc/calc_state_reg_rep__1/Q
                         net (fo=49, routed)          5.184     8.097    cnn_system_i/axis_cnn_mnist_0/inst/u_conv2/u_calc/calc_state_reg_rep__1_n_0
    DSP48_X0Y16          DSP48E1                                      r  cnn_system_i/axis_cnn_mnist_0/inst/u_conv2/u_calc/product_s1_reg[3][1][2]/B[16]
  -------------------------------------------------------------------    -------------------

                         (clock clk_fpga_0 rise edge)
                                                     10.000    10.000 r  
    PS7_X0Y0             PS7                          0.000    10.000 r  cnn_system_i/processing_system7_0/inst/PS7_i/FCLKCLK[0]
                         net (fo=1, routed)           0.905    10.906    cnn_system_i/processing_system7_0/inst/FCLK_CLK_unbuffered[0]
    BUFGCTRL_X0Y16       BUFG (Prop_bufg_I_O)         0.077    10.983 r  cnn_system_i/processing_system7_0/inst/buffer_fclk_clk_0.FCLK_CLK_0_BUFG/O
                         net (fo=8881, routed)        1.409    12.392    cnn_system_i/axis_cnn_mnist_0/inst/u_conv2/u_calc/aclk
    DSP48_X0Y16          DSP48E1                                      r  cnn_system_i/axis_cnn_mnist_0/inst/u_conv2/u_calc/product_s1_reg[3][1][2]/CLK
                         clock pessimism              0.193    12.585    
                         clock uncertainty           -0.154    12.430    
    DSP48_X0Y16          DSP48E1 (Setup_dsp48e1_CLK_B[16])
                                                     -2.980     9.450    cnn_system_i/axis_cnn_mnist_0/inst/u_conv2/u_calc/product_s1_reg[3][1][2]
  -------------------------------------------------------------------
                         required time                          9.450    
                         arrival time                          -8.097    
  -------------------------------------------------------------------
                         slack                                  1.354    

Slack (MET) :             1.354ns  (required time - arrival time)
  Source:                 cnn_system_i/axis_cnn_mnist_0/inst/u_conv2/u_calc/calc_state_reg_rep__1/C
                            (rising edge-triggered cell FDRE clocked by clk_fpga_0  {rise@0.000ns fall@5.000ns period=10.000ns})
  Destination:            cnn_system_i/axis_cnn_mnist_0/inst/u_conv2/u_calc/product_s1_reg[3][1][2]/B[17]
                            (rising edge-triggered cell DSP48E1 clocked by clk_fpga_0  {rise@0.000ns fall@5.000ns period=10.000ns})
  Path Group:             clk_fpga_0
  Path Type:              Setup (Max at Slow Process Corner)
  Requirement:            10.000ns  (clk_fpga_0 rise@10.000ns - clk_fpga_0 rise@0.000ns)
  Data Path Delay:        5.617ns  (logic 0.433ns (7.709%)  route 5.184ns (92.291%))
  Logic Levels:           0  
  Clock Path Skew:        0.105ns (DCD - SCD + CPR)
    Destination Clock Delay (DCD):    2.392ns = ( 12.392 - 10.000 ) 
    Source Clock Delay      (SCD):    2.480ns
    Clock Pessimism Removal (CPR):    0.193ns
  Clock Uncertainty:      0.154ns  ((TSJ^2 + TIJ^2)^1/2 + DJ) / 2 + PE
    Total System Jitter     (TSJ):    0.071ns
    Total Input Jitter      (TIJ):    0.300ns
    Discrete Jitter          (DJ):    0.000ns
    Phase Error              (PE):    0.000ns

    Location             Delay type                Incr(ns)  Path(ns)    Netlist Resource(s)
  -------------------------------------------------------------------    -------------------
                         (clock clk_fpga_0 rise edge)
                                                      0.000     0.000 r  
    PS7_X0Y0             PS7                          0.000     0.000 r  cnn_system_i/processing_system7_0/inst/PS7_i/FCLKCLK[0]
                         net (fo=1, routed)           0.994     0.994    cnn_system_i/processing_system7_0/inst/FCLK_CLK_unbuffered[0]
    BUFGCTRL_X0Y16       BUFG (Prop_bufg_I_O)         0.085     1.079 r  cnn_system_i/processing_system7_0/inst/buffer_fclk_clk_0.FCLK_CLK_0_BUFG/O
                         net (fo=8881, routed)        1.401     2.480    cnn_system_i/axis_cnn_mnist_0/inst/u_conv2/u_calc/aclk
    SLICE_X32Y34         FDRE                                         r  cnn_system_i/axis_cnn_mnist_0/inst/u_conv2/u_calc/calc_state_reg_rep__1/C
  -------------------------------------------------------------------    -------------------
    SLICE_X32Y34         FDRE (Prop_fdre_C_Q)         0.433     2.913 r  cnn_system_i/axis_cnn_mnist_0/inst/u_conv2/u_calc/calc_state_reg_rep__1/Q
                         net (fo=49, routed)          5.184     8.097    cnn_system_i/axis_cnn_mnist_0/inst/u_conv2/u_calc/calc_state_reg_rep__1_n_0
    DSP48_X0Y16          DSP48E1                                      r  cnn_system_i/axis_cnn_mnist_0/inst/u_conv2/u_calc/product_s1_reg[3][1][2]/B[17]
  -------------------------------------------------------------------    -------------------

                         (clock clk_fpga_0 rise edge)
                                                     10.000    10.000 r  
    PS7_X0Y0             PS7                          0.000    10.000 r  cnn_system_i/processing_system7_0/inst/PS7_i/FCLKCLK[0]
                         net (fo=1, routed)           0.905    10.906    cnn_system_i/processing_system7_0/inst/FCLK_CLK_unbuffered[0]
    BUFGCTRL_X0Y16       BUFG (Prop_bufg_I_O)         0.077    10.983 r  cnn_system_i/processing_system7_0/inst/buffer_fclk_clk_0.FCLK_CLK_0_BUFG/O
                         net (fo=8881, routed)        1.409    12.392    cnn_system_i/axis_cnn_mnist_0/inst/u_conv2/u_calc/aclk
    DSP48_X0Y16          DSP48E1                                      r  cnn_system_i/axis_cnn_mnist_0/inst/u_conv2/u_calc/product_s1_reg[3][1][2]/CLK
                         clock pessimism              0.193    12.585    
                         clock uncertainty           -0.154    12.430    
    DSP48_X0Y16          DSP48E1 (Setup_dsp48e1_CLK_B[17])
                                                     -2.980     9.450    cnn_system_i/axis_cnn_mnist_0/inst/u_conv2/u_calc/product_s1_reg[3][1][2]
  -------------------------------------------------------------------
                         required time                          9.450    
                         arrival time                          -8.097    
  -------------------------------------------------------------------
                         slack                                  1.354    

Slack (MET) :             1.361ns  (required time - arrival time)
  Source:                 cnn_system_i/rst_ps7_0_100M/U0/ACTIVE_LOW_PR_OUT_DFF[0].FDRE_PER_N/C
                            (rising edge-triggered cell FDRE clocked by clk_fpga_0  {rise@0.000ns fall@5.000ns period=10.000ns})
  Destination:            cnn_system_i/axis_cnn_mnist_0/inst/u_fc/product_s1_reg[0]/RSTB
                            (rising edge-triggered cell DSP48E1 clocked by clk_fpga_0  {rise@0.000ns fall@5.000ns period=10.000ns})
  Path Group:             clk_fpga_0
  Path Type:              Setup (Max at Slow Process Corner)
  Requirement:            10.000ns  (clk_fpga_0 rise@10.000ns - clk_fpga_0 rise@0.000ns)
  Data Path Delay:        8.070ns  (logic 0.538ns (6.666%)  route 7.532ns (93.334%))
  Logic Levels:           1  (LUT1=1)
  Clock Path Skew:        0.044ns (DCD - SCD + CPR)
    Destination Clock Delay (DCD):    2.397ns = ( 12.397 - 10.000 ) 
    Source Clock Delay      (SCD):    2.462ns
    Clock Pessimism Removal (CPR):    0.109ns
  Clock Uncertainty:      0.154ns  ((TSJ^2 + TIJ^2)^1/2 + DJ) / 2 + PE
    Total System Jitter     (TSJ):    0.071ns
    Total Input Jitter      (TIJ):    0.300ns
    Discrete Jitter          (DJ):    0.000ns
    Phase Error              (PE):    0.000ns

    Location             Delay type                Incr(ns)  Path(ns)    Netlist Resource(s)
  -------------------------------------------------------------------    -------------------
                         (clock clk_fpga_0 rise edge)
                                                      0.000     0.000 r  
    PS7_X0Y0             PS7                          0.000     0.000 r  cnn_system_i/processing_system7_0/inst/PS7_i/FCLKCLK[0]
                         net (fo=1, routed)           0.994     0.994    cnn_system_i/processing_system7_0/inst/FCLK_CLK_unbuffered[0]
    BUFGCTRL_X0Y16       BUFG (Prop_bufg_I_O)         0.085     1.079 r  cnn_system_i/processing_system7_0/inst/buffer_fclk_clk_0.FCLK_CLK_0_BUFG/O
                         net (fo=8881, routed)        1.383     2.462    cnn_system_i/rst_ps7_0_100M/U0/slowest_sync_clk
    SLICE_X46Y85         FDRE                                         r  cnn_system_i/rst_ps7_0_100M/U0/ACTIVE_LOW_PR_OUT_DFF[0].FDRE_PER_N/C
  -------------------------------------------------------------------    -------------------
    SLICE_X46Y85         FDRE (Prop_fdre_C_Q)         0.433     2.895 f  cnn_system_i/rst_ps7_0_100M/U0/ACTIVE_LOW_PR_OUT_DFF[0].FDRE_PER_N/Q
                         net (fo=60, routed)          3.145     6.040    cnn_system_i/axis_cnn_mnist_0/inst/u_conv1/u_conv1_calc/aresetn
    SLICE_X56Y37         LUT1 (Prop_lut1_I0_O)        0.105     6.145 r  cnn_system_i/axis_cnn_mnist_0/inst/u_conv1/u_conv1_calc/m_axis_tdata_reg[3]_i_1/O
                         net (fo=2607, routed)        4.387    10.532    cnn_system_i/axis_cnn_mnist_0/inst/u_fc/p_0_in
    DSP48_X3Y31          DSP48E1                                      r  cnn_system_i/axis_cnn_mnist_0/inst/u_fc/product_s1_reg[0]/RSTB
  -------------------------------------------------------------------    -------------------

                         (clock clk_fpga_0 rise edge)
                                                     10.000    10.000 r  
    PS7_X0Y0             PS7                          0.000    10.000 r  cnn_system_i/processing_system7_0/inst/PS7_i/FCLKCLK[0]
                         net (fo=1, routed)           0.905    10.906    cnn_system_i/processing_system7_0/inst/FCLK_CLK_unbuffered[0]
    BUFGCTRL_X0Y16       BUFG (Prop_bufg_I_O)         0.077    10.983 r  cnn_system_i/processing_system7_0/inst/buffer_fclk_clk_0.FCLK_CLK_0_BUFG/O
                         net (fo=8881, routed)        1.415    12.397    cnn_system_i/axis_cnn_mnist_0/inst/u_fc/aclk
    DSP48_X3Y31          DSP48E1                                      r  cnn_system_i/axis_cnn_mnist_0/inst/u_fc/product_s1_reg[0]/CLK
                         clock pessimism              0.109    12.506    
                         clock uncertainty           -0.154    12.352    
    DSP48_X3Y31          DSP48E1 (Setup_dsp48e1_CLK_RSTB)
                                                     -0.458    11.894    cnn_system_i/axis_cnn_mnist_0/inst/u_fc/product_s1_reg[0]
  -------------------------------------------------------------------
                         required time                         11.894    
                         arrival time                         -10.532    
  -------------------------------------------------------------------
                         slack                                  1.361    

Slack (MET) :             1.369ns  (required time - arrival time)
  Source:                 cnn_system_i/rst_ps7_0_100M/U0/ACTIVE_LOW_PR_OUT_DFF[0].FDRE_PER_N/C
                            (rising edge-triggered cell FDRE clocked by clk_fpga_0  {rise@0.000ns fall@5.000ns period=10.000ns})
  Destination:            cnn_system_i/axis_cnn_mnist_0/inst/u_conv2/u_calc/calc_state_reg_rep__5_rep__5/R
                            (rising edge-triggered cell FDRE clocked by clk_fpga_0  {rise@0.000ns fall@5.000ns period=10.000ns})
  Path Group:             clk_fpga_0
  Path Type:              Setup (Max at Slow Process Corner)
  Requirement:            10.000ns  (clk_fpga_0 rise@10.000ns - clk_fpga_0 rise@0.000ns)
  Data Path Delay:        8.024ns  (logic 0.538ns (6.705%)  route 7.486ns (93.295%))
  Logic Levels:           1  (LUT1=1)
  Clock Path Skew:        -0.030ns (DCD - SCD + CPR)
    Destination Clock Delay (DCD):    2.324ns = ( 12.324 - 10.000 ) 
    Source Clock Delay      (SCD):    2.462ns
    Clock Pessimism Removal (CPR):    0.109ns
  Clock Uncertainty:      0.154ns  ((TSJ^2 + TIJ^2)^1/2 + DJ) / 2 + PE
    Total System Jitter     (TSJ):    0.071ns
    Total Input Jitter      (TIJ):    0.300ns
    Discrete Jitter          (DJ):    0.000ns
    Phase Error              (PE):    0.000ns

    Location             Delay type                Incr(ns)  Path(ns)    Netlist Resource(s)
  -------------------------------------------------------------------    -------------------
                         (clock clk_fpga_0 rise edge)
                                                      0.000     0.000 r  
    PS7_X0Y0             PS7                          0.000     0.000 r  cnn_system_i/processing_system7_0/inst/PS7_i/FCLKCLK[0]
                         net (fo=1, routed)           0.994     0.994    cnn_system_i/processing_system7_0/inst/FCLK_CLK_unbuffered[0]
    BUFGCTRL_X0Y16       BUFG (Prop_bufg_I_O)         0.085     1.079 r  cnn_system_i/processing_system7_0/inst/buffer_fclk_clk_0.FCLK_CLK_0_BUFG/O
                         net (fo=8881, routed)        1.383     2.462    cnn_system_i/rst_ps7_0_100M/U0/slowest_sync_clk
    SLICE_X46Y85         FDRE                                         r  cnn_system_i/rst_ps7_0_100M/U0/ACTIVE_LOW_PR_OUT_DFF[0].FDRE_PER_N/C
  -------------------------------------------------------------------    -------------------
    SLICE_X46Y85         FDRE (Prop_fdre_C_Q)         0.433     2.895 f  cnn_system_i/rst_ps7_0_100M/U0/ACTIVE_LOW_PR_OUT_DFF[0].FDRE_PER_N/Q
                         net (fo=60, routed)          3.145     6.040    cnn_system_i/axis_cnn_mnist_0/inst/u_conv1/u_conv1_calc/aresetn
    SLICE_X56Y37         LUT1 (Prop_lut1_I0_O)        0.105     6.145 r  cnn_system_i/axis_cnn_mnist_0/inst/u_conv1/u_conv1_calc/m_axis_tdata_reg[3]_i_1/O
                         net (fo=2607, routed)        4.341    10.486    cnn_system_i/axis_cnn_mnist_0/inst/u_conv2/u_calc/p_0_in
    SLICE_X102Y82        FDRE                                         r  cnn_system_i/axis_cnn_mnist_0/inst/u_conv2/u_calc/calc_state_reg_rep__5_rep__5/R
  -------------------------------------------------------------------    -------------------

                         (clock clk_fpga_0 rise edge)
                                                     10.000    10.000 r  
    PS7_X0Y0             PS7                          0.000    10.000 r  cnn_system_i/processing_system7_0/inst/PS7_i/FCLKCLK[0]
                         net (fo=1, routed)           0.905    10.906    cnn_system_i/processing_system7_0/inst/FCLK_CLK_unbuffered[0]
    BUFGCTRL_X0Y16       BUFG (Prop_bufg_I_O)         0.077    10.983 r  cnn_system_i/processing_system7_0/inst/buffer_fclk_clk_0.FCLK_CLK_0_BUFG/O
                         net (fo=8881, routed)        1.341    12.324    cnn_system_i/axis_cnn_mnist_0/inst/u_conv2/u_calc/aclk
    SLICE_X102Y82        FDRE                                         r  cnn_system_i/axis_cnn_mnist_0/inst/u_conv2/u_calc/calc_state_reg_rep__5_rep__5/C
                         clock pessimism              0.109    12.432    
                         clock uncertainty           -0.154    12.278    
    SLICE_X102Y82        FDRE (Setup_fdre_C_R)       -0.423    11.855    cnn_system_i/axis_cnn_mnist_0/inst/u_conv2/u_calc/calc_state_reg_rep__5_rep__5
  -------------------------------------------------------------------
                         required time                         11.855    
                         arrival time                         -10.486    
  -------------------------------------------------------------------
                         slack                                  1.369    

Slack (MET) :             1.370ns  (required time - arrival time)
  Source:                 cnn_system_i/axis_cnn_mnist_0/inst/u_conv2/u_calc/product_s1_reg[0][0][2]/CLK
                            (rising edge-triggered cell DSP48E1 clocked by clk_fpga_0  {rise@0.000ns fall@5.000ns period=10.000ns})
  Destination:            cnn_system_i/axis_cnn_mnist_0/inst/u_conv2/u_calc/stg1_mult_sum_reg[0][0][23]/D
                            (rising edge-triggered cell FDRE clocked by clk_fpga_0  {rise@0.000ns fall@5.000ns period=10.000ns})
  Path Group:             clk_fpga_0
  Path Type:              Setup (Max at Slow Process Corner)
  Requirement:            10.000ns  (clk_fpga_0 rise@10.000ns - clk_fpga_0 rise@0.000ns)
  Data Path Delay:        8.145ns  (logic 3.819ns (46.888%)  route 4.326ns (53.112%))
  Logic Levels:           10  (CARRY4=7 DSP48E1=1 LUT2=1 LUT3=1)
  Clock Path Skew:        -0.390ns (DCD - SCD + CPR)
    Destination Clock Delay (DCD):    2.236ns = ( 12.236 - 10.000 ) 
    Source Clock Delay      (SCD):    2.723ns
    Clock Pessimism Removal (CPR):    0.097ns
  Clock Uncertainty:      0.154ns  ((TSJ^2 + TIJ^2)^1/2 + DJ) / 2 + PE
    Total System Jitter     (TSJ):    0.071ns
    Total Input Jitter      (TIJ):    0.300ns
    Discrete Jitter          (DJ):    0.000ns
    Phase Error              (PE):    0.000ns

    Location             Delay type                Incr(ns)  Path(ns)    Netlist Resource(s)
  -------------------------------------------------------------------    -------------------
                         (clock clk_fpga_0 rise edge)
                                                      0.000     0.000 r  
    PS7_X0Y0             PS7                          0.000     0.000 r  cnn_system_i/processing_system7_0/inst/PS7_i/FCLKCLK[0]
                         net (fo=1, routed)           0.994     0.994    cnn_system_i/processing_system7_0/inst/FCLK_CLK_unbuffered[0]
    BUFGCTRL_X0Y16       BUFG (Prop_bufg_I_O)         0.085     1.079 r  cnn_system_i/processing_system7_0/inst/buffer_fclk_clk_0.FCLK_CLK_0_BUFG/O
                         net (fo=8881, routed)        1.644     2.723    cnn_system_i/axis_cnn_mnist_0/inst/u_conv2/u_calc/aclk
    DSP48_X2Y40          DSP48E1                                      r  cnn_system_i/axis_cnn_mnist_0/inst/u_conv2/u_calc/product_s1_reg[0][0][2]/CLK
  -------------------------------------------------------------------    -------------------
    DSP48_X2Y40          DSP48E1 (Prop_dsp48e1_CLK_P[20])
                                                      0.370     3.093 r  cnn_system_i/axis_cnn_mnist_0/inst/u_conv2/u_calc/product_s1_reg[0][0][2]/P[20]
                         net (fo=2, routed)           1.127     4.219    cnn_system_i/axis_cnn_mnist_0/inst/u_conv2/u_calc/product_s1_reg_n_85_[0][0][2]
    DSP48_X2Y35          DSP48E1 (Prop_dsp48e1_C[20]_P[2])
                                                      1.523     5.742 r  cnn_system_i/axis_cnn_mnist_0/inst/u_conv2/u_calc/gen_output_lane[0].gen_input_lane[0].pair23/P[2]
                         net (fo=1, routed)           0.651     6.393    cnn_system_i/axis_cnn_mnist_0/inst/u_conv2/u_calc/gen_output_lane[0].gen_input_lane[0].pair23_n_103
    SLICE_X36Y85         LUT2 (Prop_lut2_I1_O)        0.105     6.498 r  cnn_system_i/axis_cnn_mnist_0/inst/u_conv2/u_calc/stg1_mult_sum[0][0][7]_i_17/O
                         net (fo=1, routed)           0.000     6.498    cnn_system_i/axis_cnn_mnist_0/inst/u_conv2/u_calc/stg1_mult_sum[0][0][7]_i_17_n_0
    SLICE_X36Y85         CARRY4 (Prop_carry4_S[2]_CO[3])
                                                      0.316     6.814 r  cnn_system_i/axis_cnn_mnist_0/inst/u_conv2/u_calc/stg1_mult_sum_reg[0][0][7]_i_11/CO[3]
                         net (fo=1, routed)           0.000     6.814    cnn_system_i/axis_cnn_mnist_0/inst/u_conv2/u_calc/stg1_mult_sum_reg[0][0][7]_i_11_n_0
    SLICE_X36Y86         CARRY4 (Prop_carry4_CI_CO[3])
                                                      0.100     6.914 r  cnn_system_i/axis_cnn_mnist_0/inst/u_conv2/u_calc/stg1_mult_sum_reg[0][0][11]_i_11/CO[3]
                         net (fo=1, routed)           0.000     6.914    cnn_system_i/axis_cnn_mnist_0/inst/u_conv2/u_calc/stg1_mult_sum_reg[0][0][11]_i_11_n_0
    SLICE_X36Y87         CARRY4 (Prop_carry4_CI_CO[3])
                                                      0.100     7.014 r  cnn_system_i/axis_cnn_mnist_0/inst/u_conv2/u_calc/stg1_mult_sum_reg[0][0][15]_i_11/CO[3]
                         net (fo=1, routed)           0.000     7.014    cnn_system_i/axis_cnn_mnist_0/inst/u_conv2/u_calc/stg1_mult_sum_reg[0][0][15]_i_11_n_0
    SLICE_X36Y88         CARRY4 (Prop_carry4_CI_CO[3])
                                                      0.100     7.114 r  cnn_system_i/axis_cnn_mnist_0/inst/u_conv2/u_calc/stg1_mult_sum_reg[0][0][19]_i_11/CO[3]
                         net (fo=1, routed)           0.000     7.114    cnn_system_i/axis_cnn_mnist_0/inst/u_conv2/u_calc/stg1_mult_sum_reg[0][0][19]_i_11_n_0
    SLICE_X36Y89         CARRY4 (Prop_carry4_CI_CO[3])
                                                      0.100     7.214 r  cnn_system_i/axis_cnn_mnist_0/inst/u_conv2/u_calc/stg1_mult_sum_reg[0][0][23]_i_11/CO[3]
                         net (fo=1, routed)           0.000     7.214    cnn_system_i/axis_cnn_mnist_0/inst/u_conv2/u_calc/stg1_mult_sum_reg[0][0][23]_i_11_n_0
    SLICE_X36Y90         CARRY4 (Prop_carry4_CI_O[0])
                                                      0.178     7.392 r  cnn_system_i/axis_cnn_mnist_0/inst/u_conv2/u_calc/stg1_mult_sum_reg[0][0][23]_i_10/O[0]
                         net (fo=4, routed)           2.028     9.420    cnn_system_i/axis_cnn_mnist_0/inst/u_conv2/u_calc/p_1_in93_out[20]
    SLICE_X37Y45         LUT3 (Prop_lut3_I2_O)        0.257     9.677 r  cnn_system_i/axis_cnn_mnist_0/inst/u_conv2/u_calc/stg1_mult_sum[0][0][23]_i_4/O
                         net (fo=1, routed)           0.520    10.198    cnn_system_i/axis_cnn_mnist_0/inst/u_conv2/u_calc/stg1_mult_sum[0][0][23]_i_4_n_0
    SLICE_X37Y44         CARRY4 (Prop_carry4_DI[0]_O[3])
                                                      0.670    10.868 r  cnn_system_i/axis_cnn_mnist_0/inst/u_conv2/u_calc/stg1_mult_sum_reg[0][0][23]_i_1/O[3]
                         net (fo=1, routed)           0.000    10.868    cnn_system_i/axis_cnn_mnist_0/inst/u_conv2/u_calc/balanced_sum[0][0]_27[23]
    SLICE_X37Y44         FDRE                                         r  cnn_system_i/axis_cnn_mnist_0/inst/u_conv2/u_calc/stg1_mult_sum_reg[0][0][23]/D
  -------------------------------------------------------------------    -------------------

                         (clock clk_fpga_0 rise edge)
                                                     10.000    10.000 r  
    PS7_X0Y0             PS7                          0.000    10.000 r  cnn_system_i/processing_system7_0/inst/PS7_i/FCLKCLK[0]
                         net (fo=1, routed)           0.905    10.906    cnn_system_i/processing_system7_0/inst/FCLK_CLK_unbuffered[0]
    BUFGCTRL_X0Y16       BUFG (Prop_bufg_I_O)         0.077    10.983 r  cnn_system_i/processing_system7_0/inst/buffer_fclk_clk_0.FCLK_CLK_0_BUFG/O
                         net (fo=8881, routed)        1.254    12.236    cnn_system_i/axis_cnn_mnist_0/inst/u_conv2/u_calc/aclk
    SLICE_X37Y44         FDRE                                         r  cnn_system_i/axis_cnn_mnist_0/inst/u_conv2/u_calc/stg1_mult_sum_reg[0][0][23]/C
                         clock pessimism              0.097    12.333    
                         clock uncertainty           -0.154    12.179    
    SLICE_X37Y44         FDRE (Setup_fdre_C_D)        0.059    12.238    cnn_system_i/axis_cnn_mnist_0/inst/u_conv2/u_calc/stg1_mult_sum_reg[0][0][23]
  -------------------------------------------------------------------
                         required time                         12.238    
                         arrival time                         -10.868    
  -------------------------------------------------------------------
                         slack                                  1.370    

Slack (MET) :             1.397ns  (required time - arrival time)
  Source:                 cnn_system_i/rst_ps7_0_100M/U0/ACTIVE_LOW_PR_OUT_DFF[0].FDRE_PER_N/C
                            (rising edge-triggered cell FDRE clocked by clk_fpga_0  {rise@0.000ns fall@5.000ns period=10.000ns})
  Destination:            cnn_system_i/axis_cnn_mnist_0/inst/u_fc/sum_s2_reg[3]/RSTB
                            (rising edge-triggered cell DSP48E1 clocked by clk_fpga_0  {rise@0.000ns fall@5.000ns period=10.000ns})
  Path Group:             clk_fpga_0
  Path Type:              Setup (Max at Slow Process Corner)
  Requirement:            10.000ns  (clk_fpga_0 rise@10.000ns - clk_fpga_0 rise@0.000ns)
  Data Path Delay:        8.041ns  (logic 0.538ns (6.691%)  route 7.503ns (93.309%))
  Logic Levels:           1  (LUT1=1)
  Clock Path Skew:        0.050ns (DCD - SCD + CPR)
    Destination Clock Delay (DCD):    2.403ns = ( 12.403 - 10.000 ) 
    Source Clock Delay      (SCD):    2.462ns
    Clock Pessimism Removal (CPR):    0.109ns
  Clock Uncertainty:      0.154ns  ((TSJ^2 + TIJ^2)^1/2 + DJ) / 2 + PE
    Total System Jitter     (TSJ):    0.071ns
    Total Input Jitter      (TIJ):    0.300ns
    Discrete Jitter          (DJ):    0.000ns
    Phase Error              (PE):    0.000ns

    Location             Delay type                Incr(ns)  Path(ns)    Netlist Resource(s)
  -------------------------------------------------------------------    -------------------
                         (clock clk_fpga_0 rise edge)
                                                      0.000     0.000 r  
    PS7_X0Y0             PS7                          0.000     0.000 r  cnn_system_i/processing_system7_0/inst/PS7_i/FCLKCLK[0]
                         net (fo=1, routed)           0.994     0.994    cnn_system_i/processing_system7_0/inst/FCLK_CLK_unbuffered[0]
    BUFGCTRL_X0Y16       BUFG (Prop_bufg_I_O)         0.085     1.079 r  cnn_system_i/processing_system7_0/inst/buffer_fclk_clk_0.FCLK_CLK_0_BUFG/O
                         net (fo=8881, routed)        1.383     2.462    cnn_system_i/rst_ps7_0_100M/U0/slowest_sync_clk
    SLICE_X46Y85         FDRE                                         r  cnn_system_i/rst_ps7_0_100M/U0/ACTIVE_LOW_PR_OUT_DFF[0].FDRE_PER_N/C
  -------------------------------------------------------------------    -------------------
    SLICE_X46Y85         FDRE (Prop_fdre_C_Q)         0.433     2.895 f  cnn_system_i/rst_ps7_0_100M/U0/ACTIVE_LOW_PR_OUT_DFF[0].FDRE_PER_N/Q
                         net (fo=60, routed)          3.145     6.040    cnn_system_i/axis_cnn_mnist_0/inst/u_conv1/u_conv1_calc/aresetn
    SLICE_X56Y37         LUT1 (Prop_lut1_I0_O)        0.105     6.145 r  cnn_system_i/axis_cnn_mnist_0/inst/u_conv1/u_conv1_calc/m_axis_tdata_reg[3]_i_1/O
                         net (fo=2607, routed)        4.357    10.503    cnn_system_i/axis_cnn_mnist_0/inst/u_fc/p_0_in
    DSP48_X3Y26          DSP48E1                                      r  cnn_system_i/axis_cnn_mnist_0/inst/u_fc/sum_s2_reg[3]/RSTB
  -------------------------------------------------------------------    -------------------

                         (clock clk_fpga_0 rise edge)
                                                     10.000    10.000 r  
    PS7_X0Y0             PS7                          0.000    10.000 r  cnn_system_i/processing_system7_0/inst/PS7_i/FCLKCLK[0]
                         net (fo=1, routed)           0.905    10.906    cnn_system_i/processing_system7_0/inst/FCLK_CLK_unbuffered[0]
    BUFGCTRL_X0Y16       BUFG (Prop_bufg_I_O)         0.077    10.983 r  cnn_system_i/processing_system7_0/inst/buffer_fclk_clk_0.FCLK_CLK_0_BUFG/O
                         net (fo=8881, routed)        1.421    12.403    cnn_system_i/axis_cnn_mnist_0/inst/u_fc/aclk
    DSP48_X3Y26          DSP48E1                                      r  cnn_system_i/axis_cnn_mnist_0/inst/u_fc/sum_s2_reg[3]/CLK
                         clock pessimism              0.109    12.512    
                         clock uncertainty           -0.154    12.358    
    DSP48_X3Y26          DSP48E1 (Setup_dsp48e1_CLK_RSTB)
                                                     -0.458    11.900    cnn_system_i/axis_cnn_mnist_0/inst/u_fc/sum_s2_reg[3]
  -------------------------------------------------------------------
                         required time                         11.900    
                         arrival time                         -10.503    
  -------------------------------------------------------------------
                         slack                                  1.397    

Slack (MET) :             1.419ns  (required time - arrival time)
  Source:                 cnn_system_i/axis_cnn_mnist_0/inst/u_conv2/u_calc/product_s1_reg[0][0][2]/CLK
                            (rising edge-triggered cell DSP48E1 clocked by clk_fpga_0  {rise@0.000ns fall@5.000ns period=10.000ns})
  Destination:            cnn_system_i/axis_cnn_mnist_0/inst/u_conv2/u_calc/stg1_mult_sum_reg[0][0][22]/D
                            (rising edge-triggered cell FDRE clocked by clk_fpga_0  {rise@0.000ns fall@5.000ns period=10.000ns})
  Path Group:             clk_fpga_0
  Path Type:              Setup (Max at Slow Process Corner)
  Requirement:            10.000ns  (clk_fpga_0 rise@10.000ns - clk_fpga_0 rise@0.000ns)
  Data Path Delay:        8.096ns  (logic 3.770ns (46.566%)  route 4.326ns (53.434%))
  Logic Levels:           10  (CARRY4=7 DSP48E1=1 LUT2=1 LUT3=1)
  Clock Path Skew:        -0.390ns (DCD - SCD + CPR)
    Destination Clock Delay (DCD):    2.236ns = ( 12.236 - 10.000 ) 
    Source Clock Delay      (SCD):    2.723ns
    Clock Pessimism Removal (CPR):    0.097ns
  Clock Uncertainty:      0.154ns  ((TSJ^2 + TIJ^2)^1/2 + DJ) / 2 + PE
    Total System Jitter     (TSJ):    0.071ns
    Total Input Jitter      (TIJ):    0.300ns
    Discrete Jitter          (DJ):    0.000ns
    Phase Error              (PE):    0.000ns

    Location             Delay type                Incr(ns)  Path(ns)    Netlist Resource(s)
  -------------------------------------------------------------------    -------------------
                         (clock clk_fpga_0 rise edge)
                                                      0.000     0.000 r  
    PS7_X0Y0             PS7                          0.000     0.000 r  cnn_system_i/processing_system7_0/inst/PS7_i/FCLKCLK[0]
                         net (fo=1, routed)           0.994     0.994    cnn_system_i/processing_system7_0/inst/FCLK_CLK_unbuffered[0]
    BUFGCTRL_X0Y16       BUFG (Prop_bufg_I_O)         0.085     1.079 r  cnn_system_i/processing_system7_0/inst/buffer_fclk_clk_0.FCLK_CLK_0_BUFG/O
                         net (fo=8881, routed)        1.644     2.723    cnn_system_i/axis_cnn_mnist_0/inst/u_conv2/u_calc/aclk
    DSP48_X2Y40          DSP48E1                                      r  cnn_system_i/axis_cnn_mnist_0/inst/u_conv2/u_calc/product_s1_reg[0][0][2]/CLK
  -------------------------------------------------------------------    -------------------
    DSP48_X2Y40          DSP48E1 (Prop_dsp48e1_CLK_P[20])
                                                      0.370     3.093 r  cnn_system_i/axis_cnn_mnist_0/inst/u_conv2/u_calc/product_s1_reg[0][0][2]/P[20]
                         net (fo=2, routed)           1.127     4.219    cnn_system_i/axis_cnn_mnist_0/inst/u_conv2/u_calc/product_s1_reg_n_85_[0][0][2]
    DSP48_X2Y35          DSP48E1 (Prop_dsp48e1_C[20]_P[2])
                                                      1.523     5.742 r  cnn_system_i/axis_cnn_mnist_0/inst/u_conv2/u_calc/gen_output_lane[0].gen_input_lane[0].pair23/P[2]
                         net (fo=1, routed)           0.651     6.393    cnn_system_i/axis_cnn_mnist_0/inst/u_conv2/u_calc/gen_output_lane[0].gen_input_lane[0].pair23_n_103
    SLICE_X36Y85         LUT2 (Prop_lut2_I1_O)        0.105     6.498 r  cnn_system_i/axis_cnn_mnist_0/inst/u_conv2/u_calc/stg1_mult_sum[0][0][7]_i_17/O
                         net (fo=1, routed)           0.000     6.498    cnn_system_i/axis_cnn_mnist_0/inst/u_conv2/u_calc/stg1_mult_sum[0][0][7]_i_17_n_0
    SLICE_X36Y85         CARRY4 (Prop_carry4_S[2]_CO[3])
                                                      0.316     6.814 r  cnn_system_i/axis_cnn_mnist_0/inst/u_conv2/u_calc/stg1_mult_sum_reg[0][0][7]_i_11/CO[3]
                         net (fo=1, routed)           0.000     6.814    cnn_system_i/axis_cnn_mnist_0/inst/u_conv2/u_calc/stg1_mult_sum_reg[0][0][7]_i_11_n_0
    SLICE_X36Y86         CARRY4 (Prop_carry4_CI_CO[3])
                                                      0.100     6.914 r  cnn_system_i/axis_cnn_mnist_0/inst/u_conv2/u_calc/stg1_mult_sum_reg[0][0][11]_i_11/CO[3]
                         net (fo=1, routed)           0.000     6.914    cnn_system_i/axis_cnn_mnist_0/inst/u_conv2/u_calc/stg1_mult_sum_reg[0][0][11]_i_11_n_0
    SLICE_X36Y87         CARRY4 (Prop_carry4_CI_CO[3])
                                                      0.100     7.014 r  cnn_system_i/axis_cnn_mnist_0/inst/u_conv2/u_calc/stg1_mult_sum_reg[0][0][15]_i_11/CO[3]
                         net (fo=1, routed)           0.000     7.014    cnn_system_i/axis_cnn_mnist_0/inst/u_conv2/u_calc/stg1_mult_sum_reg[0][0][15]_i_11_n_0
    SLICE_X36Y88         CARRY4 (Prop_carry4_CI_CO[3])
                                                      0.100     7.114 r  cnn_system_i/axis_cnn_mnist_0/inst/u_conv2/u_calc/stg1_mult_sum_reg[0][0][19]_i_11/CO[3]
                         net (fo=1, routed)           0.000     7.114    cnn_system_i/axis_cnn_mnist_0/inst/u_conv2/u_calc/stg1_mult_sum_reg[0][0][19]_i_11_n_0
    SLICE_X36Y89         CARRY4 (Prop_carry4_CI_CO[3])
                                                      0.100     7.214 r  cnn_system_i/axis_cnn_mnist_0/inst/u_conv2/u_calc/stg1_mult_sum_reg[0][0][23]_i_11/CO[3]
                         net (fo=1, routed)           0.000     7.214    cnn_system_i/axis_cnn_mnist_0/inst/u_conv2/u_calc/stg1_mult_sum_reg[0][0][23]_i_11_n_0
    SLICE_X36Y90         CARRY4 (Prop_carry4_CI_O[0])
                                                      0.178     7.392 r  cnn_system_i/axis_cnn_mnist_0/inst/u_conv2/u_calc/stg1_mult_sum_reg[0][0][23]_i_10/O[0]
                         net (fo=4, routed)           2.028     9.420    cnn_system_i/axis_cnn_mnist_0/inst/u_conv2/u_calc/p_1_in93_out[20]
    SLICE_X37Y45         LUT3 (Prop_lut3_I2_O)        0.257     9.677 r  cnn_system_i/axis_cnn_mnist_0/inst/u_conv2/u_calc/stg1_mult_sum[0][0][23]_i_4/O
                         net (fo=1, routed)           0.520    10.198    cnn_system_i/axis_cnn_mnist_0/inst/u_conv2/u_calc/stg1_mult_sum[0][0][23]_i_4_n_0
    SLICE_X37Y44         CARRY4 (Prop_carry4_DI[0]_O[2])
                                                      0.621    10.819 r  cnn_system_i/axis_cnn_mnist_0/inst/u_conv2/u_calc/stg1_mult_sum_reg[0][0][23]_i_1/O[2]
                         net (fo=1, routed)           0.000    10.819    cnn_system_i/axis_cnn_mnist_0/inst/u_conv2/u_calc/balanced_sum[0][0]_27[22]
    SLICE_X37Y44         FDRE                                         r  cnn_system_i/axis_cnn_mnist_0/inst/u_conv2/u_calc/stg1_mult_sum_reg[0][0][22]/D
  -------------------------------------------------------------------    -------------------

                         (clock clk_fpga_0 rise edge)
                                                     10.000    10.000 r  
    PS7_X0Y0             PS7                          0.000    10.000 r  cnn_system_i/processing_system7_0/inst/PS7_i/FCLKCLK[0]
                         net (fo=1, routed)           0.905    10.906    cnn_system_i/processing_system7_0/inst/FCLK_CLK_unbuffered[0]
    BUFGCTRL_X0Y16       BUFG (Prop_bufg_I_O)         0.077    10.983 r  cnn_system_i/processing_system7_0/inst/buffer_fclk_clk_0.FCLK_CLK_0_BUFG/O
                         net (fo=8881, routed)        1.254    12.236    cnn_system_i/axis_cnn_mnist_0/inst/u_conv2/u_calc/aclk
    SLICE_X37Y44         FDRE                                         r  cnn_system_i/axis_cnn_mnist_0/inst/u_conv2/u_calc/stg1_mult_sum_reg[0][0][22]/C
                         clock pessimism              0.097    12.333    
                         clock uncertainty           -0.154    12.179    
    SLICE_X37Y44         FDRE (Setup_fdre_C_D)        0.059    12.238    cnn_system_i/axis_cnn_mnist_0/inst/u_conv2/u_calc/stg1_mult_sum_reg[0][0][22]
  -------------------------------------------------------------------
                         required time                         12.238    
                         arrival time                         -10.819    
  -------------------------------------------------------------------
                         slack                                  1.419    

Slack (MET) :             1.424ns  (required time - arrival time)
  Source:                 cnn_system_i/rst_ps7_0_100M/U0/ACTIVE_LOW_PR_OUT_DFF[0].FDRE_PER_N/C
                            (rising edge-triggered cell FDRE clocked by clk_fpga_0  {rise@0.000ns fall@5.000ns period=10.000ns})
  Destination:            cnn_system_i/axis_cnn_mnist_0/inst/u_fc/product_s1_reg[6]/RSTA
                            (rising edge-triggered cell DSP48E1 clocked by clk_fpga_0  {rise@0.000ns fall@5.000ns period=10.000ns})
  Path Group:             clk_fpga_0
  Path Type:              Setup (Max at Slow Process Corner)
  Requirement:            10.000ns  (clk_fpga_0 rise@10.000ns - clk_fpga_0 rise@0.000ns)
  Data Path Delay:        8.041ns  (logic 0.538ns (6.691%)  route 7.503ns (93.309%))
  Logic Levels:           1  (LUT1=1)
  Clock Path Skew:        0.048ns (DCD - SCD + CPR)
    Destination Clock Delay (DCD):    2.401ns = ( 12.401 - 10.000 ) 
    Source Clock Delay      (SCD):    2.462ns
    Clock Pessimism Removal (CPR):    0.109ns
  Clock Uncertainty:      0.154ns  ((TSJ^2 + TIJ^2)^1/2 + DJ) / 2 + PE
    Total System Jitter     (TSJ):    0.071ns
    Total Input Jitter      (TIJ):    0.300ns
    Discrete Jitter          (DJ):    0.000ns
    Phase Error              (PE):    0.000ns

    Location             Delay type                Incr(ns)  Path(ns)    Netlist Resource(s)
  -------------------------------------------------------------------    -------------------
                         (clock clk_fpga_0 rise edge)
                                                      0.000     0.000 r  
    PS7_X0Y0             PS7                          0.000     0.000 r  cnn_system_i/processing_system7_0/inst/PS7_i/FCLKCLK[0]
                         net (fo=1, routed)           0.994     0.994    cnn_system_i/processing_system7_0/inst/FCLK_CLK_unbuffered[0]
    BUFGCTRL_X0Y16       BUFG (Prop_bufg_I_O)         0.085     1.079 r  cnn_system_i/processing_system7_0/inst/buffer_fclk_clk_0.FCLK_CLK_0_BUFG/O
                         net (fo=8881, routed)        1.383     2.462    cnn_system_i/rst_ps7_0_100M/U0/slowest_sync_clk
    SLICE_X46Y85         FDRE                                         r  cnn_system_i/rst_ps7_0_100M/U0/ACTIVE_LOW_PR_OUT_DFF[0].FDRE_PER_N/C
  -------------------------------------------------------------------    -------------------
    SLICE_X46Y85         FDRE (Prop_fdre_C_Q)         0.433     2.895 f  cnn_system_i/rst_ps7_0_100M/U0/ACTIVE_LOW_PR_OUT_DFF[0].FDRE_PER_N/Q
                         net (fo=60, routed)          3.145     6.040    cnn_system_i/axis_cnn_mnist_0/inst/u_conv1/u_conv1_calc/aresetn
    SLICE_X56Y37         LUT1 (Prop_lut1_I0_O)        0.105     6.145 r  cnn_system_i/axis_cnn_mnist_0/inst/u_conv1/u_conv1_calc/m_axis_tdata_reg[3]_i_1/O
                         net (fo=2607, routed)        4.357    10.503    cnn_system_i/axis_cnn_mnist_0/inst/u_fc/p_0_in
    DSP48_X3Y27          DSP48E1                                      r  cnn_system_i/axis_cnn_mnist_0/inst/u_fc/product_s1_reg[6]/RSTA
  -------------------------------------------------------------------    -------------------

                         (clock clk_fpga_0 rise edge)
                                                     10.000    10.000 r  
    PS7_X0Y0             PS7                          0.000    10.000 r  cnn_system_i/processing_system7_0/inst/PS7_i/FCLKCLK[0]
                         net (fo=1, routed)           0.905    10.906    cnn_system_i/processing_system7_0/inst/FCLK_CLK_unbuffered[0]
    BUFGCTRL_X0Y16       BUFG (Prop_bufg_I_O)         0.077    10.983 r  cnn_system_i/processing_system7_0/inst/buffer_fclk_clk_0.FCLK_CLK_0_BUFG/O
                         net (fo=8881, routed)        1.419    12.401    cnn_system_i/axis_cnn_mnist_0/inst/u_fc/aclk
    DSP48_X3Y27          DSP48E1                                      r  cnn_system_i/axis_cnn_mnist_0/inst/u_fc/product_s1_reg[6]/CLK
                         clock pessimism              0.109    12.510    
                         clock uncertainty           -0.154    12.356    
    DSP48_X3Y27          DSP48E1 (Setup_dsp48e1_CLK_RSTA)
                                                     -0.429    11.927    cnn_system_i/axis_cnn_mnist_0/inst/u_fc/product_s1_reg[6]
  -------------------------------------------------------------------
                         required time                         11.927    
                         arrival time                         -10.503    
  -------------------------------------------------------------------
                         slack                                  1.424    

Slack (MET) :             1.424ns  (required time - arrival time)
  Source:                 cnn_system_i/axis_cnn_mnist_0/inst/u_conv2/u_calc/product_s1_reg[2][2][0]/CLK
                            (rising edge-triggered cell DSP48E1 clocked by clk_fpga_0  {rise@0.000ns fall@5.000ns period=10.000ns})
  Destination:            cnn_system_i/axis_cnn_mnist_0/inst/u_conv2/u_calc/stg1_mult_sum_reg[2][2][21]/D
                            (rising edge-triggered cell FDRE clocked by clk_fpga_0  {rise@0.000ns fall@5.000ns period=10.000ns})
  Path Group:             clk_fpga_0
  Path Type:              Setup (Max at Slow Process Corner)
  Requirement:            10.000ns  (clk_fpga_0 rise@10.000ns - clk_fpga_0 rise@0.000ns)
  Data Path Delay:        8.142ns  (logic 3.974ns (48.810%)  route 4.168ns (51.190%))
  Logic Levels:           11  (CARRY4=7 DSP48E1=1 LUT2=1 LUT3=1 LUT4=1)
  Clock Path Skew:        -0.339ns (DCD - SCD + CPR)
    Destination Clock Delay (DCD):    2.227ns = ( 12.227 - 10.000 ) 
    Source Clock Delay      (SCD):    2.675ns
    Clock Pessimism Removal (CPR):    0.109ns
  Clock Uncertainty:      0.154ns  ((TSJ^2 + TIJ^2)^1/2 + DJ) / 2 + PE
    Total System Jitter     (TSJ):    0.071ns
    Total Input Jitter      (TIJ):    0.300ns
    Discrete Jitter          (DJ):    0.000ns
    Phase Error              (PE):    0.000ns

    Location             Delay type                Incr(ns)  Path(ns)    Netlist Resource(s)
  -------------------------------------------------------------------    -------------------
                         (clock clk_fpga_0 rise edge)
                                                      0.000     0.000 r  
    PS7_X0Y0             PS7                          0.000     0.000 r  cnn_system_i/processing_system7_0/inst/PS7_i/FCLKCLK[0]
                         net (fo=1, routed)           0.994     0.994    cnn_system_i/processing_system7_0/inst/FCLK_CLK_unbuffered[0]
    BUFGCTRL_X0Y16       BUFG (Prop_bufg_I_O)         0.085     1.079 r  cnn_system_i/processing_system7_0/inst/buffer_fclk_clk_0.FCLK_CLK_0_BUFG/O
                         net (fo=8881, routed)        1.596     2.675    cnn_system_i/axis_cnn_mnist_0/inst/u_conv2/u_calc/aclk
    DSP48_X4Y12          DSP48E1                                      r  cnn_system_i/axis_cnn_mnist_0/inst/u_conv2/u_calc/product_s1_reg[2][2][0]/CLK
  -------------------------------------------------------------------    -------------------
    DSP48_X4Y12          DSP48E1 (Prop_dsp48e1_CLK_P[20])
                                                      0.370     3.045 r  cnn_system_i/axis_cnn_mnist_0/inst/u_conv2/u_calc/product_s1_reg[2][2][0]/P[20]
                         net (fo=2, routed)           0.860     3.905    cnn_system_i/axis_cnn_mnist_0/inst/u_conv2/u_calc/product_s1_reg_n_85_[2][2][0]
    DSP48_X4Y10          DSP48E1 (Prop_dsp48e1_C[21]_P[0])
                                                      1.523     5.428 r  cnn_system_i/axis_cnn_mnist_0/inst/u_conv2/u_calc/gen_output_lane[2].gen_input_lane[2].pair01/P[0]
                         net (fo=2, routed)           0.639     6.066    cnn_system_i/axis_cnn_mnist_0/inst/u_conv2/u_calc/gen_output_lane[2].gen_input_lane[2].pair01_n_105
    SLICE_X102Y24        LUT2 (Prop_lut2_I0_O)        0.105     6.171 r  cnn_system_i/axis_cnn_mnist_0/inst/u_conv2/u_calc/stg1_mult_sum[2][2][7]_i_19/O
                         net (fo=1, routed)           0.000     6.171    cnn_system_i/axis_cnn_mnist_0/inst/u_conv2/u_calc/stg1_mult_sum[2][2][7]_i_19_n_0
    SLICE_X102Y24        CARRY4 (Prop_carry4_S[0]_O[2])
                                                      0.452     6.623 r  cnn_system_i/axis_cnn_mnist_0/inst/u_conv2/u_calc/stg1_mult_sum_reg[2][2][7]_i_11/O[2]
                         net (fo=2, routed)           2.197     8.820    cnn_system_i/axis_cnn_mnist_0/inst/u_conv2/u_calc/p_1_in33_out[2]
    SLICE_X37Y25         LUT3 (Prop_lut3_I2_O)        0.267     9.087 r  cnn_system_i/axis_cnn_mnist_0/inst/u_conv2/u_calc/stg1_mult_sum[2][2][3]_i_2/O
                         net (fo=2, routed)           0.472     9.559    cnn_system_i/axis_cnn_mnist_0/inst/u_conv2/u_calc/stg1_mult_sum[2][2][3]_i_2_n_0
    SLICE_X37Y25         LUT4 (Prop_lut4_I3_O)        0.268     9.827 r  cnn_system_i/axis_cnn_mnist_0/inst/u_conv2/u_calc/stg1_mult_sum[2][2][3]_i_5/O
                         net (fo=1, routed)           0.000     9.827    cnn_system_i/axis_cnn_mnist_0/inst/u_conv2/u_calc/stg1_mult_sum[2][2][3]_i_5_n_0
    SLICE_X37Y25         CARRY4 (Prop_carry4_S[3]_CO[3])
                                                      0.332    10.159 r  cnn_system_i/axis_cnn_mnist_0/inst/u_conv2/u_calc/stg1_mult_sum_reg[2][2][3]_i_1/CO[3]
                         net (fo=1, routed)           0.000    10.159    cnn_system_i/axis_cnn_mnist_0/inst/u_conv2/u_calc/stg1_mult_sum_reg[2][2][3]_i_1_n_0
    SLICE_X37Y26         CARRY4 (Prop_carry4_CI_CO[3])
                                                      0.098    10.257 r  cnn_system_i/axis_cnn_mnist_0/inst/u_conv2/u_calc/stg1_mult_sum_reg[2][2][7]_i_1/CO[3]
                         net (fo=1, routed)           0.000    10.257    cnn_system_i/axis_cnn_mnist_0/inst/u_conv2/u_calc/stg1_mult_sum_reg[2][2][7]_i_1_n_0
    SLICE_X37Y27         CARRY4 (Prop_carry4_CI_CO[3])
                                                      0.098    10.355 r  cnn_system_i/axis_cnn_mnist_0/inst/u_conv2/u_calc/stg1_mult_sum_reg[2][2][11]_i_1/CO[3]
                         net (fo=1, routed)           0.000    10.355    cnn_system_i/axis_cnn_mnist_0/inst/u_conv2/u_calc/stg1_mult_sum_reg[2][2][11]_i_1_n_0
    SLICE_X37Y28         CARRY4 (Prop_carry4_CI_CO[3])
                                                      0.098    10.453 r  cnn_system_i/axis_cnn_mnist_0/inst/u_conv2/u_calc/stg1_mult_sum_reg[2][2][15]_i_1/CO[3]
                         net (fo=1, routed)           0.000    10.453    cnn_system_i/axis_cnn_mnist_0/inst/u_conv2/u_calc/stg1_mult_sum_reg[2][2][15]_i_1_n_0
    SLICE_X37Y29         CARRY4 (Prop_carry4_CI_CO[3])
                                                      0.098    10.551 r  cnn_system_i/axis_cnn_mnist_0/inst/u_conv2/u_calc/stg1_mult_sum_reg[2][2][19]_i_1/CO[3]
                         net (fo=1, routed)           0.000    10.551    cnn_system_i/axis_cnn_mnist_0/inst/u_conv2/u_calc/stg1_mult_sum_reg[2][2][19]_i_1_n_0
    SLICE_X37Y30         CARRY4 (Prop_carry4_CI_O[1])
                                                      0.265    10.816 r  cnn_system_i/axis_cnn_mnist_0/inst/u_conv2/u_calc/stg1_mult_sum_reg[2][2][23]_i_1/O[1]
                         net (fo=1, routed)           0.000    10.816    cnn_system_i/axis_cnn_mnist_0/inst/u_conv2/u_calc/balanced_sum[2][2]_36[21]
    SLICE_X37Y30         FDRE                                         r  cnn_system_i/axis_cnn_mnist_0/inst/u_conv2/u_calc/stg1_mult_sum_reg[2][2][21]/D
  -------------------------------------------------------------------    -------------------

                         (clock clk_fpga_0 rise edge)
                                                     10.000    10.000 r  
    PS7_X0Y0             PS7                          0.000    10.000 r  cnn_system_i/processing_system7_0/inst/PS7_i/FCLKCLK[0]
                         net (fo=1, routed)           0.905    10.906    cnn_system_i/processing_system7_0/inst/FCLK_CLK_unbuffered[0]
    BUFGCTRL_X0Y16       BUFG (Prop_bufg_I_O)         0.077    10.983 r  cnn_system_i/processing_system7_0/inst/buffer_fclk_clk_0.FCLK_CLK_0_BUFG/O
                         net (fo=8881, routed)        1.245    12.227    cnn_system_i/axis_cnn_mnist_0/inst/u_conv2/u_calc/aclk
    SLICE_X37Y30         FDRE                                         r  cnn_system_i/axis_cnn_mnist_0/inst/u_conv2/u_calc/stg1_mult_sum_reg[2][2][21]/C
                         clock pessimism              0.109    12.336    
                         clock uncertainty           -0.154    12.182    
    SLICE_X37Y30         FDRE (Setup_fdre_C_D)        0.059    12.241    cnn_system_i/axis_cnn_mnist_0/inst/u_conv2/u_calc/stg1_mult_sum_reg[2][2][21]
  -------------------------------------------------------------------
                         required time                         12.241    
                         arrival time                         -10.816    
  -------------------------------------------------------------------
                         slack                                  1.424    

Slack (MET) :             1.429ns  (required time - arrival time)
  Source:                 cnn_system_i/axis_cnn_mnist_0/inst/u_conv2/u_calc/product_s1_reg[2][2][0]/CLK
                            (rising edge-triggered cell DSP48E1 clocked by clk_fpga_0  {rise@0.000ns fall@5.000ns period=10.000ns})
  Destination:            cnn_system_i/axis_cnn_mnist_0/inst/u_conv2/u_calc/stg1_mult_sum_reg[2][2][23]/D
                            (rising edge-triggered cell FDRE clocked by clk_fpga_0  {rise@0.000ns fall@5.000ns period=10.000ns})
  Path Group:             clk_fpga_0
  Path Type:              Setup (Max at Slow Process Corner)
  Requirement:            10.000ns  (clk_fpga_0 rise@10.000ns - clk_fpga_0 rise@0.000ns)
  Data Path Delay:        8.137ns  (logic 3.969ns (48.779%)  route 4.168ns (51.221%))
  Logic Levels:           11  (CARRY4=7 DSP48E1=1 LUT2=1 LUT3=1 LUT4=1)
  Clock Path Skew:        -0.339ns (DCD - SCD + CPR)
    Destination Clock Delay (DCD):    2.227ns = ( 12.227 - 10.000 ) 
    Source Clock Delay      (SCD):    2.675ns
    Clock Pessimism Removal (CPR):    0.109ns
  Clock Uncertainty:      0.154ns  ((TSJ^2 + TIJ^2)^1/2 + DJ) / 2 + PE
    Total System Jitter     (TSJ):    0.071ns
    Total Input Jitter      (TIJ):    0.300ns
    Discrete Jitter          (DJ):    0.000ns
    Phase Error              (PE):    0.000ns

    Location             Delay type                Incr(ns)  Path(ns)    Netlist Resource(s)
  -------------------------------------------------------------------    -------------------
                         (clock clk_fpga_0 rise edge)
                                                      0.000     0.000 r  
    PS7_X0Y0             PS7                          0.000     0.000 r  cnn_system_i/processing_system7_0/inst/PS7_i/FCLKCLK[0]
                         net (fo=1, routed)           0.994     0.994    cnn_system_i/processing_system7_0/inst/FCLK_CLK_unbuffered[0]
    BUFGCTRL_X0Y16       BUFG (Prop_bufg_I_O)         0.085     1.079 r  cnn_system_i/processing_system7_0/inst/buffer_fclk_clk_0.FCLK_CLK_0_BUFG/O
                         net (fo=8881, routed)        1.596     2.675    cnn_system_i/axis_cnn_mnist_0/inst/u_conv2/u_calc/aclk
    DSP48_X4Y12          DSP48E1                                      r  cnn_system_i/axis_cnn_mnist_0/inst/u_conv2/u_calc/product_s1_reg[2][2][0]/CLK
  -------------------------------------------------------------------    -------------------
    DSP48_X4Y12          DSP48E1 (Prop_dsp48e1_CLK_P[20])
                                                      0.370     3.045 r  cnn_system_i/axis_cnn_mnist_0/inst/u_conv2/u_calc/product_s1_reg[2][2][0]/P[20]
                         net (fo=2, routed)           0.860     3.905    cnn_system_i/axis_cnn_mnist_0/inst/u_conv2/u_calc/product_s1_reg_n_85_[2][2][0]
    DSP48_X4Y10          DSP48E1 (Prop_dsp48e1_C[21]_P[0])
                                                      1.523     5.428 r  cnn_system_i/axis_cnn_mnist_0/inst/u_conv2/u_calc/gen_output_lane[2].gen_input_lane[2].pair01/P[0]
                         net (fo=2, routed)           0.639     6.066    cnn_system_i/axis_cnn_mnist_0/inst/u_conv2/u_calc/gen_output_lane[2].gen_input_lane[2].pair01_n_105
    SLICE_X102Y24        LUT2 (Prop_lut2_I0_O)        0.105     6.171 r  cnn_system_i/axis_cnn_mnist_0/inst/u_conv2/u_calc/stg1_mult_sum[2][2][7]_i_19/O
                         net (fo=1, routed)           0.000     6.171    cnn_system_i/axis_cnn_mnist_0/inst/u_conv2/u_calc/stg1_mult_sum[2][2][7]_i_19_n_0
    SLICE_X102Y24        CARRY4 (Prop_carry4_S[0]_O[2])
                                                      0.452     6.623 r  cnn_system_i/axis_cnn_mnist_0/inst/u_conv2/u_calc/stg1_mult_sum_reg[2][2][7]_i_11/O[2]
                         net (fo=2, routed)           2.197     8.820    cnn_system_i/axis_cnn_mnist_0/inst/u_conv2/u_calc/p_1_in33_out[2]
    SLICE_X37Y25         LUT3 (Prop_lut3_I2_O)        0.267     9.087 r  cnn_system_i/axis_cnn_mnist_0/inst/u_conv2/u_calc/stg1_mult_sum[2][2][3]_i_2/O
                         net (fo=2, routed)           0.472     9.559    cnn_system_i/axis_cnn_mnist_0/inst/u_conv2/u_calc/stg1_mult_sum[2][2][3]_i_2_n_0
    SLICE_X37Y25         LUT4 (Prop_lut4_I3_O)        0.268     9.827 r  cnn_system_i/axis_cnn_mnist_0/inst/u_conv2/u_calc/stg1_mult_sum[2][2][3]_i_5/O
                         net (fo=1, routed)           0.000     9.827    cnn_system_i/axis_cnn_mnist_0/inst/u_conv2/u_calc/stg1_mult_sum[2][2][3]_i_5_n_0
    SLICE_X37Y25         CARRY4 (Prop_carry4_S[3]_CO[3])
                                                      0.332    10.159 r  cnn_system_i/axis_cnn_mnist_0/inst/u_conv2/u_calc/stg1_mult_sum_reg[2][2][3]_i_1/CO[3]
                         net (fo=1, routed)           0.000    10.159    cnn_system_i/axis_cnn_mnist_0/inst/u_conv2/u_calc/stg1_mult_sum_reg[2][2][3]_i_1_n_0
    SLICE_X37Y26         CARRY4 (Prop_carry4_CI_CO[3])
                                                      0.098    10.257 r  cnn_system_i/axis_cnn_mnist_0/inst/u_conv2/u_calc/stg1_mult_sum_reg[2][2][7]_i_1/CO[3]
                         net (fo=1, routed)           0.000    10.257    cnn_system_i/axis_cnn_mnist_0/inst/u_conv2/u_calc/stg1_mult_sum_reg[2][2][7]_i_1_n_0
    SLICE_X37Y27         CARRY4 (Prop_carry4_CI_CO[3])
                                                      0.098    10.355 r  cnn_system_i/axis_cnn_mnist_0/inst/u_conv2/u_calc/stg1_mult_sum_reg[2][2][11]_i_1/CO[3]
                         net (fo=1, routed)           0.000    10.355    cnn_system_i/axis_cnn_mnist_0/inst/u_conv2/u_calc/stg1_mult_sum_reg[2][2][11]_i_1_n_0
    SLICE_X37Y28         CARRY4 (Prop_carry4_CI_CO[3])
                                                      0.098    10.453 r  cnn_system_i/axis_cnn_mnist_0/inst/u_conv2/u_calc/stg1_mult_sum_reg[2][2][15]_i_1/CO[3]
                         net (fo=1, routed)           0.000    10.453    cnn_system_i/axis_cnn_mnist_0/inst/u_conv2/u_calc/stg1_mult_sum_reg[2][2][15]_i_1_n_0
    SLICE_X37Y29         CARRY4 (Prop_carry4_CI_CO[3])
                                                      0.098    10.551 r  cnn_system_i/axis_cnn_mnist_0/inst/u_conv2/u_calc/stg1_mult_sum_reg[2][2][19]_i_1/CO[3]
                         net (fo=1, routed)           0.000    10.551    cnn_system_i/axis_cnn_mnist_0/inst/u_conv2/u_calc/stg1_mult_sum_reg[2][2][19]_i_1_n_0
    SLICE_X37Y30         CARRY4 (Prop_carry4_CI_O[3])
                                                      0.260    10.811 r  cnn_system_i/axis_cnn_mnist_0/inst/u_conv2/u_calc/stg1_mult_sum_reg[2][2][23]_i_1/O[3]
                         net (fo=1, routed)           0.000    10.811    cnn_system_i/axis_cnn_mnist_0/inst/u_conv2/u_calc/balanced_sum[2][2]_36[23]
    SLICE_X37Y30         FDRE                                         r  cnn_system_i/axis_cnn_mnist_0/inst/u_conv2/u_calc/stg1_mult_sum_reg[2][2][23]/D
  -------------------------------------------------------------------    -------------------

                         (clock clk_fpga_0 rise edge)
                                                     10.000    10.000 r  
    PS7_X0Y0             PS7                          0.000    10.000 r  cnn_system_i/processing_system7_0/inst/PS7_i/FCLKCLK[0]
                         net (fo=1, routed)           0.905    10.906    cnn_system_i/processing_system7_0/inst/FCLK_CLK_unbuffered[0]
    BUFGCTRL_X0Y16       BUFG (Prop_bufg_I_O)         0.077    10.983 r  cnn_system_i/processing_system7_0/inst/buffer_fclk_clk_0.FCLK_CLK_0_BUFG/O
                         net (fo=8881, routed)        1.245    12.227    cnn_system_i/axis_cnn_mnist_0/inst/u_conv2/u_calc/aclk
    SLICE_X37Y30         FDRE                                         r  cnn_system_i/axis_cnn_mnist_0/inst/u_conv2/u_calc/stg1_mult_sum_reg[2][2][23]/C
                         clock pessimism              0.109    12.336    
                         clock uncertainty           -0.154    12.182    
    SLICE_X37Y30         FDRE (Setup_fdre_C_D)        0.059    12.241    cnn_system_i/axis_cnn_mnist_0/inst/u_conv2/u_calc/stg1_mult_sum_reg[2][2][23]
  -------------------------------------------------------------------
                         required time                         12.241    
                         arrival time                         -10.811    
  -------------------------------------------------------------------
                         slack                                  1.429    





Min Delay Paths
--------------------------------------------------------------------------------------
Slack (MET) :             0.036ns  (arrival time - required time)
  Source:                 cnn_system_i/axis_cnn_mnist_0/inst/u_conv2/u_buf/top_d2_reg[0]/C
                            (rising edge-triggered cell FDRE clocked by clk_fpga_0  {rise@0.000ns fall@5.000ns period=10.000ns})
  Destination:            cnn_system_i/axis_cnn_mnist_0/inst/u_conv2/u_buf/window_fifo_reg_0_7_0_5/RAMA/I
                            (rising edge-triggered cell RAMD32 clocked by clk_fpga_0  {rise@0.000ns fall@5.000ns period=10.000ns})
  Path Group:             clk_fpga_0
  Path Type:              Hold (Min at Fast Process Corner)
  Requirement:            0.000ns  (clk_fpga_0 rise@0.000ns - clk_fpga_0 rise@0.000ns)
  Data Path Delay:        0.196ns  (logic 0.141ns (71.838%)  route 0.055ns (28.162%))
  Logic Levels:           0  
  Clock Path Skew:        0.013ns (DCD - SCD - CPR)
    Destination Clock Delay (DCD):    1.177ns
    Source Clock Delay      (SCD):    0.882ns
    Clock Pessimism Removal (CPR):    0.282ns

    Location             Delay type                Incr(ns)  Path(ns)    Netlist Resource(s)
  -------------------------------------------------------------------    -------------------
                         (clock clk_fpga_0 rise edge)
                                                      0.000     0.000 r  
    PS7_X0Y0             PS7                          0.000     0.000 r  cnn_system_i/processing_system7_0/inst/PS7_i/FCLKCLK[0]
                         net (fo=1, routed)           0.310     0.310    cnn_system_i/processing_system7_0/inst/FCLK_CLK_unbuffered[0]
    BUFGCTRL_X0Y16       BUFG (Prop_bufg_I_O)         0.026     0.336 r  cnn_system_i/processing_system7_0/inst/buffer_fclk_clk_0.FCLK_CLK_0_BUFG/O
                         net (fo=8881, routed)        0.546     0.882    cnn_system_i/axis_cnn_mnist_0/inst/u_conv2/u_buf/aclk
    SLICE_X37Y77         FDRE                                         r  cnn_system_i/axis_cnn_mnist_0/inst/u_conv2/u_buf/top_d2_reg[0]/C
  -------------------------------------------------------------------    -------------------
    SLICE_X37Y77         FDRE (Prop_fdre_C_Q)         0.141     1.023 r  cnn_system_i/axis_cnn_mnist_0/inst/u_conv2/u_buf/top_d2_reg[0]/Q
                         net (fo=1, routed)           0.055     1.078    cnn_system_i/axis_cnn_mnist_0/inst/u_conv2/u_buf/window_fifo_reg_0_7_0_5/DIA0
    SLICE_X36Y77         RAMD32                                       r  cnn_system_i/axis_cnn_mnist_0/inst/u_conv2/u_buf/window_fifo_reg_0_7_0_5/RAMA/I
  -------------------------------------------------------------------    -------------------

                         (clock clk_fpga_0 rise edge)
                                                      0.000     0.000 r  
    PS7_X0Y0             PS7                          0.000     0.000 r  cnn_system_i/processing_system7_0/inst/PS7_i/FCLKCLK[0]
                         net (fo=1, routed)           0.337     0.337    cnn_system_i/processing_system7_0/inst/FCLK_CLK_unbuffered[0]
    BUFGCTRL_X0Y16       BUFG (Prop_bufg_I_O)         0.029     0.366 r  cnn_system_i/processing_system7_0/inst/buffer_fclk_clk_0.FCLK_CLK_0_BUFG/O
                         net (fo=8881, routed)        0.811     1.177    cnn_system_i/axis_cnn_mnist_0/inst/u_conv2/u_buf/window_fifo_reg_0_7_0_5/WCLK
    SLICE_X36Y77         RAMD32                                       r  cnn_system_i/axis_cnn_mnist_0/inst/u_conv2/u_buf/window_fifo_reg_0_7_0_5/RAMA/CLK
                         clock pessimism             -0.282     0.895    
    SLICE_X36Y77         RAMD32 (Hold_ramd32_CLK_I)
                                                      0.147     1.042    cnn_system_i/axis_cnn_mnist_0/inst/u_conv2/u_buf/window_fifo_reg_0_7_0_5/RAMA
  -------------------------------------------------------------------
                         required time                         -1.042    
                         arrival time                           1.078    
  -------------------------------------------------------------------
                         slack                                  0.036    

Slack (MET) :             0.036ns  (arrival time - required time)
  Source:                 cnn_system_i/axis_cnn_mnist_0/inst/u_conv2/u_buf/top_d2_reg[18]/C
                            (rising edge-triggered cell FDRE clocked by clk_fpga_0  {rise@0.000ns fall@5.000ns period=10.000ns})
  Destination:            cnn_system_i/axis_cnn_mnist_0/inst/u_conv2/u_buf/window_fifo_reg_0_7_18_23/RAMA/I
                            (rising edge-triggered cell RAMD32 clocked by clk_fpga_0  {rise@0.000ns fall@5.000ns period=10.000ns})
  Path Group:             clk_fpga_0
  Path Type:              Hold (Min at Fast Process Corner)
  Requirement:            0.000ns  (clk_fpga_0 rise@0.000ns - clk_fpga_0 rise@0.000ns)
  Data Path Delay:        0.196ns  (logic 0.141ns (71.838%)  route 0.055ns (28.162%))
  Logic Levels:           0  
  Clock Path Skew:        0.013ns (DCD - SCD - CPR)
    Destination Clock Delay (DCD):    1.215ns
    Source Clock Delay      (SCD):    0.918ns
    Clock Pessimism Removal (CPR):    0.284ns

    Location             Delay type                Incr(ns)  Path(ns)    Netlist Resource(s)
  -------------------------------------------------------------------    -------------------
                         (clock clk_fpga_0 rise edge)
                                                      0.000     0.000 r  
    PS7_X0Y0             PS7                          0.000     0.000 r  cnn_system_i/processing_system7_0/inst/PS7_i/FCLKCLK[0]
                         net (fo=1, routed)           0.310     0.310    cnn_system_i/processing_system7_0/inst/FCLK_CLK_unbuffered[0]
    BUFGCTRL_X0Y16       BUFG (Prop_bufg_I_O)         0.026     0.336 r  cnn_system_i/processing_system7_0/inst/buffer_fclk_clk_0.FCLK_CLK_0_BUFG/O
                         net (fo=8881, routed)        0.582     0.918    cnn_system_i/axis_cnn_mnist_0/inst/u_conv2/u_buf/aclk
    SLICE_X19Y24         FDRE                                         r  cnn_system_i/axis_cnn_mnist_0/inst/u_conv2/u_buf/top_d2_reg[18]/C
  -------------------------------------------------------------------    -------------------
    SLICE_X19Y24         FDRE (Prop_fdre_C_Q)         0.141     1.059 r  cnn_system_i/axis_cnn_mnist_0/inst/u_conv2/u_buf/top_d2_reg[18]/Q
                         net (fo=1, routed)           0.055     1.114    cnn_system_i/axis_cnn_mnist_0/inst/u_conv2/u_buf/window_fifo_reg_0_7_18_23/DIA0
    SLICE_X18Y24         RAMD32                                       r  cnn_system_i/axis_cnn_mnist_0/inst/u_conv2/u_buf/window_fifo_reg_0_7_18_23/RAMA/I
  -------------------------------------------------------------------    -------------------

                         (clock clk_fpga_0 rise edge)
                                                      0.000     0.000 r  
    PS7_X0Y0             PS7                          0.000     0.000 r  cnn_system_i/processing_system7_0/inst/PS7_i/FCLKCLK[0]
                         net (fo=1, routed)           0.337     0.337    cnn_system_i/processing_system7_0/inst/FCLK_CLK_unbuffered[0]
    BUFGCTRL_X0Y16       BUFG (Prop_bufg_I_O)         0.029     0.366 r  cnn_system_i/processing_system7_0/inst/buffer_fclk_clk_0.FCLK_CLK_0_BUFG/O
                         net (fo=8881, routed)        0.849     1.215    cnn_system_i/axis_cnn_mnist_0/inst/u_conv2/u_buf/window_fifo_reg_0_7_18_23/WCLK
    SLICE_X18Y24         RAMD32                                       r  cnn_system_i/axis_cnn_mnist_0/inst/u_conv2/u_buf/window_fifo_reg_0_7_18_23/RAMA/CLK
                         clock pessimism             -0.284     0.931    
    SLICE_X18Y24         RAMD32 (Hold_ramd32_CLK_I)
                                                      0.147     1.078    cnn_system_i/axis_cnn_mnist_0/inst/u_conv2/u_buf/window_fifo_reg_0_7_18_23/RAMA
  -------------------------------------------------------------------
                         required time                         -1.078    
                         arrival time                           1.114    
  -------------------------------------------------------------------
                         slack                                  0.036    

Slack (MET) :             0.036ns  (arrival time - required time)
  Source:                 cnn_system_i/axis_cnn_mnist_0/inst/u_conv2/u_buf/top_d2_reg[42]/C
                            (rising edge-triggered cell FDRE clocked by clk_fpga_0  {rise@0.000ns fall@5.000ns period=10.000ns})
  Destination:            cnn_system_i/axis_cnn_mnist_0/inst/u_conv2/u_buf/window_fifo_reg_0_7_42_47/RAMA/I
                            (rising edge-triggered cell RAMD32 clocked by clk_fpga_0  {rise@0.000ns fall@5.000ns period=10.000ns})
  Path Group:             clk_fpga_0
  Path Type:              Hold (Min at Fast Process Corner)
  Requirement:            0.000ns  (clk_fpga_0 rise@0.000ns - clk_fpga_0 rise@0.000ns)
  Data Path Delay:        0.196ns  (logic 0.141ns (71.838%)  route 0.055ns (28.162%))
  Logic Levels:           0  
  Clock Path Skew:        0.013ns (DCD - SCD - CPR)
    Destination Clock Delay (DCD):    1.230ns
    Source Clock Delay      (SCD):    0.933ns
    Clock Pessimism Removal (CPR):    0.284ns

    Location             Delay type                Incr(ns)  Path(ns)    Netlist Resource(s)
  -------------------------------------------------------------------    -------------------
                         (clock clk_fpga_0 rise edge)
                                                      0.000     0.000 r  
    PS7_X0Y0             PS7                          0.000     0.000 r  cnn_system_i/processing_system7_0/inst/PS7_i/FCLKCLK[0]
                         net (fo=1, routed)           0.310     0.310    cnn_system_i/processing_system7_0/inst/FCLK_CLK_unbuffered[0]
    BUFGCTRL_X0Y16       BUFG (Prop_bufg_I_O)         0.026     0.336 r  cnn_system_i/processing_system7_0/inst/buffer_fclk_clk_0.FCLK_CLK_0_BUFG/O
                         net (fo=8881, routed)        0.597     0.933    cnn_system_i/axis_cnn_mnist_0/inst/u_conv2/u_buf/aclk
    SLICE_X97Y77         FDRE                                         r  cnn_system_i/axis_cnn_mnist_0/inst/u_conv2/u_buf/top_d2_reg[42]/C
  -------------------------------------------------------------------    -------------------
    SLICE_X97Y77         FDRE (Prop_fdre_C_Q)         0.141     1.074 r  cnn_system_i/axis_cnn_mnist_0/inst/u_conv2/u_buf/top_d2_reg[42]/Q
                         net (fo=1, routed)           0.055     1.129    cnn_system_i/axis_cnn_mnist_0/inst/u_conv2/u_buf/window_fifo_reg_0_7_42_47/DIA0
    SLICE_X96Y77         RAMD32                                       r  cnn_system_i/axis_cnn_mnist_0/inst/u_conv2/u_buf/window_fifo_reg_0_7_42_47/RAMA/I
  -------------------------------------------------------------------    -------------------

                         (clock clk_fpga_0 rise edge)
                                                      0.000     0.000 r  
    PS7_X0Y0             PS7                          0.000     0.000 r  cnn_system_i/processing_system7_0/inst/PS7_i/FCLKCLK[0]
                         net (fo=1, routed)           0.337     0.337    cnn_system_i/processing_system7_0/inst/FCLK_CLK_unbuffered[0]
    BUFGCTRL_X0Y16       BUFG (Prop_bufg_I_O)         0.029     0.366 r  cnn_system_i/processing_system7_0/inst/buffer_fclk_clk_0.FCLK_CLK_0_BUFG/O
                         net (fo=8881, routed)        0.864     1.230    cnn_system_i/axis_cnn_mnist_0/inst/u_conv2/u_buf/window_fifo_reg_0_7_42_47/WCLK
    SLICE_X96Y77         RAMD32                                       r  cnn_system_i/axis_cnn_mnist_0/inst/u_conv2/u_buf/window_fifo_reg_0_7_42_47/RAMA/CLK
                         clock pessimism             -0.284     0.946    
    SLICE_X96Y77         RAMD32 (Hold_ramd32_CLK_I)
                                                      0.147     1.093    cnn_system_i/axis_cnn_mnist_0/inst/u_conv2/u_buf/window_fifo_reg_0_7_42_47/RAMA
  -------------------------------------------------------------------
                         required time                         -1.093    
                         arrival time                           1.129    
  -------------------------------------------------------------------
                         slack                                  0.036    

Slack (MET) :             0.036ns  (arrival time - required time)
  Source:                 cnn_system_i/axis_cnn_mnist_0/inst/u_conv2/u_buf/bottom_d2_reg[18]/C
                            (rising edge-triggered cell FDRE clocked by clk_fpga_0  {rise@0.000ns fall@5.000ns period=10.000ns})
  Destination:            cnn_system_i/axis_cnn_mnist_0/inst/u_conv2/u_buf/window_fifo_reg_0_7_306_311/RAMA/I
                            (rising edge-triggered cell RAMD32 clocked by clk_fpga_0  {rise@0.000ns fall@5.000ns period=10.000ns})
  Path Group:             clk_fpga_0
  Path Type:              Hold (Min at Fast Process Corner)
  Requirement:            0.000ns  (clk_fpga_0 rise@0.000ns - clk_fpga_0 rise@0.000ns)
  Data Path Delay:        0.196ns  (logic 0.141ns (71.838%)  route 0.055ns (28.162%))
  Logic Levels:           0  
  Clock Path Skew:        0.013ns (DCD - SCD - CPR)
    Destination Clock Delay (DCD):    1.229ns
    Source Clock Delay      (SCD):    0.929ns
    Clock Pessimism Removal (CPR):    0.287ns

    Location             Delay type                Incr(ns)  Path(ns)    Netlist Resource(s)
  -------------------------------------------------------------------    -------------------
                         (clock clk_fpga_0 rise edge)
                                                      0.000     0.000 r  
    PS7_X0Y0             PS7                          0.000     0.000 r  cnn_system_i/processing_system7_0/inst/PS7_i/FCLKCLK[0]
                         net (fo=1, routed)           0.310     0.310    cnn_system_i/processing_system7_0/inst/FCLK_CLK_unbuffered[0]
    BUFGCTRL_X0Y16       BUFG (Prop_bufg_I_O)         0.026     0.336 r  cnn_system_i/processing_system7_0/inst/buffer_fclk_clk_0.FCLK_CLK_0_BUFG/O
                         net (fo=8881, routed)        0.593     0.929    cnn_system_i/axis_cnn_mnist_0/inst/u_conv2/u_buf/aclk
    SLICE_X19Y10         FDRE                                         r  cnn_system_i/axis_cnn_mnist_0/inst/u_conv2/u_buf/bottom_d2_reg[18]/C
  -------------------------------------------------------------------    -------------------
    SLICE_X19Y10         FDRE (Prop_fdre_C_Q)         0.141     1.070 r  cnn_system_i/axis_cnn_mnist_0/inst/u_conv2/u_buf/bottom_d2_reg[18]/Q
                         net (fo=1, routed)           0.055     1.125    cnn_system_i/axis_cnn_mnist_0/inst/u_conv2/u_buf/window_fifo_reg_0_7_306_311/DIA0
    SLICE_X18Y10         RAMD32                                       r  cnn_system_i/axis_cnn_mnist_0/inst/u_conv2/u_buf/window_fifo_reg_0_7_306_311/RAMA/I
  -------------------------------------------------------------------    -------------------

                         (clock clk_fpga_0 rise edge)
                                                      0.000     0.000 r  
    PS7_X0Y0             PS7                          0.000     0.000 r  cnn_system_i/processing_system7_0/inst/PS7_i/FCLKCLK[0]
                         net (fo=1, routed)           0.337     0.337    cnn_system_i/processing_system7_0/inst/FCLK_CLK_unbuffered[0]
    BUFGCTRL_X0Y16       BUFG (Prop_bufg_I_O)         0.029     0.366 r  cnn_system_i/processing_system7_0/inst/buffer_fclk_clk_0.FCLK_CLK_0_BUFG/O
                         net (fo=8881, routed)        0.863     1.229    cnn_system_i/axis_cnn_mnist_0/inst/u_conv2/u_buf/window_fifo_reg_0_7_306_311/WCLK
    SLICE_X18Y10         RAMD32                                       r  cnn_system_i/axis_cnn_mnist_0/inst/u_conv2/u_buf/window_fifo_reg_0_7_306_311/RAMA/CLK
                         clock pessimism             -0.287     0.942    
    SLICE_X18Y10         RAMD32 (Hold_ramd32_CLK_I)
                                                      0.147     1.089    cnn_system_i/axis_cnn_mnist_0/inst/u_conv2/u_buf/window_fifo_reg_0_7_306_311/RAMA
  -------------------------------------------------------------------
                         required time                         -1.088    
                         arrival time                           1.125    
  -------------------------------------------------------------------
                         slack                                  0.036    

Slack (MET) :             0.047ns  (arrival time - required time)
  Source:                 cnn_system_i/axi_dma_0/U0/I_PRMRY_DATAMOVER/GEN_S2MM_FULL.I_S2MM_FULL_WRAPPER/GEN_ENABLE_INDET_BTT_SF.I_INDET_BTT/sig_byte_cntr_reg[0]/C
                            (rising edge-triggered cell FDRE clocked by clk_fpga_0  {rise@0.000ns fall@5.000ns period=10.000ns})
  Destination:            cnn_system_i/axi_dma_0/U0/I_PRMRY_DATAMOVER/GEN_S2MM_FULL.I_S2MM_FULL_WRAPPER/GEN_ENABLE_INDET_BTT_SF.I_INDET_BTT/I_XD_FIFO/NON_BLK_MEM.I_SYNC_FIFOGEN_FIFO/xpm_fifo_instance.xpm_fifo_sync_inst/xpm_fifo_base_inst/gen_sdpram.xpm_memory_base_inst/gen_wr_a.gen_word_narrow.mem_reg_0_15_0_5/RAMA/I
                            (rising edge-triggered cell RAMD32 clocked by clk_fpga_0  {rise@0.000ns fall@5.000ns period=10.000ns})
  Path Group:             clk_fpga_0
  Path Type:              Hold (Min at Fast Process Corner)
  Requirement:            0.000ns  (clk_fpga_0 rise@0.000ns - clk_fpga_0 rise@0.000ns)
  Data Path Delay:        0.207ns  (logic 0.141ns (68.208%)  route 0.066ns (31.792%))
  Logic Levels:           0  
  Clock Path Skew:        0.013ns (DCD - SCD - CPR)
    Destination Clock Delay (DCD):    1.185ns
    Source Clock Delay      (SCD):    0.888ns
    Clock Pessimism Removal (CPR):    0.284ns

    Location             Delay type                Incr(ns)  Path(ns)    Netlist Resource(s)
  -------------------------------------------------------------------    -------------------
                         (clock clk_fpga_0 rise edge)
                                                      0.000     0.000 r  
    PS7_X0Y0             PS7                          0.000     0.000 r  cnn_system_i/processing_system7_0/inst/PS7_i/FCLKCLK[0]
                         net (fo=1, routed)           0.310     0.310    cnn_system_i/processing_system7_0/inst/FCLK_CLK_unbuffered[0]
    BUFGCTRL_X0Y16       BUFG (Prop_bufg_I_O)         0.026     0.336 r  cnn_system_i/processing_system7_0/inst/buffer_fclk_clk_0.FCLK_CLK_0_BUFG/O
                         net (fo=8881, routed)        0.552     0.888    cnn_system_i/axi_dma_0/U0/I_PRMRY_DATAMOVER/GEN_S2MM_FULL.I_S2MM_FULL_WRAPPER/GEN_ENABLE_INDET_BTT_SF.I_INDET_BTT/m_axi_s2mm_aclk
    SLICE_X47Y63         FDRE                                         r  cnn_system_i/axi_dma_0/U0/I_PRMRY_DATAMOVER/GEN_S2MM_FULL.I_S2MM_FULL_WRAPPER/GEN_ENABLE_INDET_BTT_SF.I_INDET_BTT/sig_byte_cntr_reg[0]/C
  -------------------------------------------------------------------    -------------------
    SLICE_X47Y63         FDRE (Prop_fdre_C_Q)         0.141     1.029 r  cnn_system_i/axi_dma_0/U0/I_PRMRY_DATAMOVER/GEN_S2MM_FULL.I_S2MM_FULL_WRAPPER/GEN_ENABLE_INDET_BTT_SF.I_INDET_BTT/sig_byte_cntr_reg[0]/Q
                         net (fo=2, routed)           0.066     1.094    cnn_system_i/axi_dma_0/U0/I_PRMRY_DATAMOVER/GEN_S2MM_FULL.I_S2MM_FULL_WRAPPER/GEN_ENABLE_INDET_BTT_SF.I_INDET_BTT/I_XD_FIFO/NON_BLK_MEM.I_SYNC_FIFOGEN_FIFO/xpm_fifo_instance.xpm_fifo_sync_inst/xpm_fifo_base_inst/gen_sdpram.xpm_memory_base_inst/gen_wr_a.gen_word_narrow.mem_reg_0_15_0_5/DIA0
    SLICE_X46Y63         RAMD32                                       r  cnn_system_i/axi_dma_0/U0/I_PRMRY_DATAMOVER/GEN_S2MM_FULL.I_S2MM_FULL_WRAPPER/GEN_ENABLE_INDET_BTT_SF.I_INDET_BTT/I_XD_FIFO/NON_BLK_MEM.I_SYNC_FIFOGEN_FIFO/xpm_fifo_instance.xpm_fifo_sync_inst/xpm_fifo_base_inst/gen_sdpram.xpm_memory_base_inst/gen_wr_a.gen_word_narrow.mem_reg_0_15_0_5/RAMA/I
  -------------------------------------------------------------------    -------------------

                         (clock clk_fpga_0 rise edge)
                                                      0.000     0.000 r  
    PS7_X0Y0             PS7                          0.000     0.000 r  cnn_system_i/processing_system7_0/inst/PS7_i/FCLKCLK[0]
                         net (fo=1, routed)           0.337     0.337    cnn_system_i/processing_system7_0/inst/FCLK_CLK_unbuffered[0]
    BUFGCTRL_X0Y16       BUFG (Prop_bufg_I_O)         0.029     0.366 r  cnn_system_i/processing_system7_0/inst/buffer_fclk_clk_0.FCLK_CLK_0_BUFG/O
                         net (fo=8881, routed)        0.819     1.185    cnn_system_i/axi_dma_0/U0/I_PRMRY_DATAMOVER/GEN_S2MM_FULL.I_S2MM_FULL_WRAPPER/GEN_ENABLE_INDET_BTT_SF.I_INDET_BTT/I_XD_FIFO/NON_BLK_MEM.I_SYNC_FIFOGEN_FIFO/xpm_fifo_instance.xpm_fifo_sync_inst/xpm_fifo_base_inst/gen_sdpram.xpm_memory_base_inst/gen_wr_a.gen_word_narrow.mem_reg_0_15_0_5/WCLK
    SLICE_X46Y63         RAMD32                                       r  cnn_system_i/axi_dma_0/U0/I_PRMRY_DATAMOVER/GEN_S2MM_FULL.I_S2MM_FULL_WRAPPER/GEN_ENABLE_INDET_BTT_SF.I_INDET_BTT/I_XD_FIFO/NON_BLK_MEM.I_SYNC_FIFOGEN_FIFO/xpm_fifo_instance.xpm_fifo_sync_inst/xpm_fifo_base_inst/gen_sdpram.xpm_memory_base_inst/gen_wr_a.gen_word_narrow.mem_reg_0_15_0_5/RAMA/CLK
                         clock pessimism             -0.284     0.901    
    SLICE_X46Y63         RAMD32 (Hold_ramd32_CLK_I)
                                                      0.147     1.048    cnn_system_i/axi_dma_0/U0/I_PRMRY_DATAMOVER/GEN_S2MM_FULL.I_S2MM_FULL_WRAPPER/GEN_ENABLE_INDET_BTT_SF.I_INDET_BTT/I_XD_FIFO/NON_BLK_MEM.I_SYNC_FIFOGEN_FIFO/xpm_fifo_instance.xpm_fifo_sync_inst/xpm_fifo_base_inst/gen_sdpram.xpm_memory_base_inst/gen_wr_a.gen_word_narrow.mem_reg_0_15_0_5/RAMA
  -------------------------------------------------------------------
                         required time                         -1.048    
                         arrival time                           1.094    
  -------------------------------------------------------------------
                         slack                                  0.047    

Slack (MET) :             0.047ns  (arrival time - required time)
  Source:                 cnn_system_i/axis_cnn_mnist_0/inst/u_pool2/temp_max_reg[48]/C
                            (rising edge-triggered cell FDRE clocked by clk_fpga_0  {rise@0.000ns fall@5.000ns period=10.000ns})
  Destination:            cnn_system_i/axis_cnn_mnist_0/inst/u_pool2/data_out_reg[48]/D
                            (rising edge-triggered cell FDRE clocked by clk_fpga_0  {rise@0.000ns fall@5.000ns period=10.000ns})
  Path Group:             clk_fpga_0
  Path Type:              Hold (Min at Fast Process Corner)
  Requirement:            0.000ns  (clk_fpga_0 rise@0.000ns - clk_fpga_0 rise@0.000ns)
  Data Path Delay:        0.401ns  (logic 0.186ns (46.350%)  route 0.215ns (53.650%))
  Logic Levels:           1  (LUT6=1)
  Clock Path Skew:        0.263ns (DCD - SCD - CPR)
    Destination Clock Delay (DCD):    1.212ns
    Source Clock Delay      (SCD):    0.919ns
    Clock Pessimism Removal (CPR):    0.030ns

    Location             Delay type                Incr(ns)  Path(ns)    Netlist Resource(s)
  -------------------------------------------------------------------    -------------------
                         (clock clk_fpga_0 rise edge)
                                                      0.000     0.000 r  
    PS7_X0Y0             PS7                          0.000     0.000 r  cnn_system_i/processing_system7_0/inst/PS7_i/FCLKCLK[0]
                         net (fo=1, routed)           0.310     0.310    cnn_system_i/processing_system7_0/inst/FCLK_CLK_unbuffered[0]
    BUFGCTRL_X0Y16       BUFG (Prop_bufg_I_O)         0.026     0.336 r  cnn_system_i/processing_system7_0/inst/buffer_fclk_clk_0.FCLK_CLK_0_BUFG/O
                         net (fo=8881, routed)        0.583     0.919    cnn_system_i/axis_cnn_mnist_0/inst/u_pool2/aclk
    SLICE_X55Y49         FDRE                                         r  cnn_system_i/axis_cnn_mnist_0/inst/u_pool2/temp_max_reg[48]/C
  -------------------------------------------------------------------    -------------------
    SLICE_X55Y49         FDRE (Prop_fdre_C_Q)         0.141     1.060 r  cnn_system_i/axis_cnn_mnist_0/inst/u_pool2/temp_max_reg[48]/Q
                         net (fo=4, routed)           0.215     1.275    cnn_system_i/axis_cnn_mnist_0/inst/u_pool2/temp_max_reg[94]_0[44]
    SLICE_X55Y50         LUT6 (Prop_lut6_I0_O)        0.045     1.320 r  cnn_system_i/axis_cnn_mnist_0/inst/u_pool2/data_out[48]_i_1/O
                         net (fo=1, routed)           0.000     1.320    cnn_system_i/axis_cnn_mnist_0/inst/u_pool2/final_max[48]
    SLICE_X55Y50         FDRE                                         r  cnn_system_i/axis_cnn_mnist_0/inst/u_pool2/data_out_reg[48]/D
  -------------------------------------------------------------------    -------------------

                         (clock clk_fpga_0 rise edge)
                                                      0.000     0.000 r  
    PS7_X0Y0             PS7                          0.000     0.000 r  cnn_system_i/processing_system7_0/inst/PS7_i/FCLKCLK[0]
                         net (fo=1, routed)           0.337     0.337    cnn_system_i/processing_system7_0/inst/FCLK_CLK_unbuffered[0]
    BUFGCTRL_X0Y16       BUFG (Prop_bufg_I_O)         0.029     0.366 r  cnn_system_i/processing_system7_0/inst/buffer_fclk_clk_0.FCLK_CLK_0_BUFG/O
                         net (fo=8881, routed)        0.846     1.212    cnn_system_i/axis_cnn_mnist_0/inst/u_pool2/aclk
    SLICE_X55Y50         FDRE                                         r  cnn_system_i/axis_cnn_mnist_0/inst/u_pool2/data_out_reg[48]/C
                         clock pessimism             -0.030     1.182    
    SLICE_X55Y50         FDRE (Hold_fdre_C_D)         0.091     1.273    cnn_system_i/axis_cnn_mnist_0/inst/u_pool2/data_out_reg[48]
  -------------------------------------------------------------------
                         required time                         -1.273    
                         arrival time                           1.320    
  -------------------------------------------------------------------
                         slack                                  0.047    

Slack (MET) :             0.048ns  (arrival time - required time)
  Source:                 cnn_system_i/axis_cnn_mnist_0/inst/u_conv2/u_buf/bottom_d1_reg[24]/C
                            (rising edge-triggered cell FDRE clocked by clk_fpga_0  {rise@0.000ns fall@5.000ns period=10.000ns})
  Destination:            cnn_system_i/axis_cnn_mnist_0/inst/u_conv2/u_buf/window_fifo_reg_0_7_360_365/RAMA/I
                            (rising edge-triggered cell RAMD32 clocked by clk_fpga_0  {rise@0.000ns fall@5.000ns period=10.000ns})
  Path Group:             clk_fpga_0
  Path Type:              Hold (Min at Fast Process Corner)
  Requirement:            0.000ns  (clk_fpga_0 rise@0.000ns - clk_fpga_0 rise@0.000ns)
  Data Path Delay:        0.208ns  (logic 0.141ns (67.807%)  route 0.067ns (32.193%))
  Logic Levels:           0  
  Clock Path Skew:        0.013ns (DCD - SCD - CPR)
    Destination Clock Delay (DCD):    1.214ns
    Source Clock Delay      (SCD):    0.917ns
    Clock Pessimism Removal (CPR):    0.284ns

    Location             Delay type                Incr(ns)  Path(ns)    Netlist Resource(s)
  -------------------------------------------------------------------    -------------------
                         (clock clk_fpga_0 rise edge)
                                                      0.000     0.000 r  
    PS7_X0Y0             PS7                          0.000     0.000 r  cnn_system_i/processing_system7_0/inst/PS7_i/FCLKCLK[0]
                         net (fo=1, routed)           0.310     0.310    cnn_system_i/processing_system7_0/inst/FCLK_CLK_unbuffered[0]
    BUFGCTRL_X0Y16       BUFG (Prop_bufg_I_O)         0.026     0.336 r  cnn_system_i/processing_system7_0/inst/buffer_fclk_clk_0.FCLK_CLK_0_BUFG/O
                         net (fo=8881, routed)        0.581     0.917    cnn_system_i/axis_cnn_mnist_0/inst/u_conv2/u_buf/aclk
    SLICE_X67Y14         FDRE                                         r  cnn_system_i/axis_cnn_mnist_0/inst/u_conv2/u_buf/bottom_d1_reg[24]/C
  -------------------------------------------------------------------    -------------------
    SLICE_X67Y14         FDRE (Prop_fdre_C_Q)         0.141     1.058 r  cnn_system_i/axis_cnn_mnist_0/inst/u_conv2/u_buf/bottom_d1_reg[24]/Q
                         net (fo=2, routed)           0.067     1.124    cnn_system_i/axis_cnn_mnist_0/inst/u_conv2/u_buf/window_fifo_reg_0_7_360_365/DIA0
    SLICE_X66Y14         RAMD32                                       r  cnn_system_i/axis_cnn_mnist_0/inst/u_conv2/u_buf/window_fifo_reg_0_7_360_365/RAMA/I
  -------------------------------------------------------------------    -------------------

                         (clock clk_fpga_0 rise edge)
                                                      0.000     0.000 r  
    PS7_X0Y0             PS7                          0.000     0.000 r  cnn_system_i/processing_system7_0/inst/PS7_i/FCLKCLK[0]
                         net (fo=1, routed)           0.337     0.337    cnn_system_i/processing_system7_0/inst/FCLK_CLK_unbuffered[0]
    BUFGCTRL_X0Y16       BUFG (Prop_bufg_I_O)         0.029     0.366 r  cnn_system_i/processing_system7_0/inst/buffer_fclk_clk_0.FCLK_CLK_0_BUFG/O
                         net (fo=8881, routed)        0.848     1.214    cnn_system_i/axis_cnn_mnist_0/inst/u_conv2/u_buf/window_fifo_reg_0_7_360_365/WCLK
    SLICE_X66Y14         RAMD32                                       r  cnn_system_i/axis_cnn_mnist_0/inst/u_conv2/u_buf/window_fifo_reg_0_7_360_365/RAMA/CLK
                         clock pessimism             -0.284     0.930    
    SLICE_X66Y14         RAMD32 (Hold_ramd32_CLK_I)
                                                      0.147     1.077    cnn_system_i/axis_cnn_mnist_0/inst/u_conv2/u_buf/window_fifo_reg_0_7_360_365/RAMA
  -------------------------------------------------------------------
                         required time                         -1.077    
                         arrival time                           1.124    
  -------------------------------------------------------------------
                         slack                                  0.048    

Slack (MET) :             0.048ns  (arrival time - required time)
  Source:                 cnn_system_i/axis_cnn_mnist_0/inst/u_conv2/u_buf/bottom_d1_reg[12]/C
                            (rising edge-triggered cell FDRE clocked by clk_fpga_0  {rise@0.000ns fall@5.000ns period=10.000ns})
  Destination:            cnn_system_i/axis_cnn_mnist_0/inst/u_conv2/u_buf/window_fifo_reg_0_7_348_353/RAMA/I
                            (rising edge-triggered cell RAMD32 clocked by clk_fpga_0  {rise@0.000ns fall@5.000ns period=10.000ns})
  Path Group:             clk_fpga_0
  Path Type:              Hold (Min at Fast Process Corner)
  Requirement:            0.000ns  (clk_fpga_0 rise@0.000ns - clk_fpga_0 rise@0.000ns)
  Data Path Delay:        0.208ns  (logic 0.141ns (67.807%)  route 0.067ns (32.193%))
  Logic Levels:           0  
  Clock Path Skew:        0.013ns (DCD - SCD - CPR)
    Destination Clock Delay (DCD):    1.227ns
    Source Clock Delay      (SCD):    0.929ns
    Clock Pessimism Removal (CPR):    0.286ns

    Location             Delay type                Incr(ns)  Path(ns)    Netlist Resource(s)
  -------------------------------------------------------------------    -------------------
                         (clock clk_fpga_0 rise edge)
                                                      0.000     0.000 r  
    PS7_X0Y0             PS7                          0.000     0.000 r  cnn_system_i/processing_system7_0/inst/PS7_i/FCLKCLK[0]
                         net (fo=1, routed)           0.310     0.310    cnn_system_i/processing_system7_0/inst/FCLK_CLK_unbuffered[0]
    BUFGCTRL_X0Y16       BUFG (Prop_bufg_I_O)         0.026     0.336 r  cnn_system_i/processing_system7_0/inst/buffer_fclk_clk_0.FCLK_CLK_0_BUFG/O
                         net (fo=8881, routed)        0.593     0.929    cnn_system_i/axis_cnn_mnist_0/inst/u_conv2/u_buf/aclk
    SLICE_X23Y11         FDRE                                         r  cnn_system_i/axis_cnn_mnist_0/inst/u_conv2/u_buf/bottom_d1_reg[12]/C
  -------------------------------------------------------------------    -------------------
    SLICE_X23Y11         FDRE (Prop_fdre_C_Q)         0.141     1.070 r  cnn_system_i/axis_cnn_mnist_0/inst/u_conv2/u_buf/bottom_d1_reg[12]/Q
                         net (fo=2, routed)           0.067     1.136    cnn_system_i/axis_cnn_mnist_0/inst/u_conv2/u_buf/window_fifo_reg_0_7_348_353/DIA0
    SLICE_X22Y11         RAMD32                                       r  cnn_system_i/axis_cnn_mnist_0/inst/u_conv2/u_buf/window_fifo_reg_0_7_348_353/RAMA/I
  -------------------------------------------------------------------    -------------------

                         (clock clk_fpga_0 rise edge)
                                                      0.000     0.000 r  
    PS7_X0Y0             PS7                          0.000     0.000 r  cnn_system_i/processing_system7_0/inst/PS7_i/FCLKCLK[0]
                         net (fo=1, routed)           0.337     0.337    cnn_system_i/processing_system7_0/inst/FCLK_CLK_unbuffered[0]
    BUFGCTRL_X0Y16       BUFG (Prop_bufg_I_O)         0.029     0.366 r  cnn_system_i/processing_system7_0/inst/buffer_fclk_clk_0.FCLK_CLK_0_BUFG/O
                         net (fo=8881, routed)        0.861     1.227    cnn_system_i/axis_cnn_mnist_0/inst/u_conv2/u_buf/window_fifo_reg_0_7_348_353/WCLK
    SLICE_X22Y11         RAMD32                                       r  cnn_system_i/axis_cnn_mnist_0/inst/u_conv2/u_buf/window_fifo_reg_0_7_348_353/RAMA/CLK
                         clock pessimism             -0.286     0.942    
    SLICE_X22Y11         RAMD32 (Hold_ramd32_CLK_I)
                                                      0.147     1.089    cnn_system_i/axis_cnn_mnist_0/inst/u_conv2/u_buf/window_fifo_reg_0_7_348_353/RAMA
  -------------------------------------------------------------------
                         required time                         -1.088    
                         arrival time                           1.136    
  -------------------------------------------------------------------
                         slack                                  0.048    

Slack (MET) :             0.050ns  (arrival time - required time)
  Source:                 cnn_system_i/axis_cnn_mnist_0/inst/u_conv1/u_conv1_calc/conv_channels[2].stg1_mult_reg[2][12]/C
                            (rising edge-triggered cell FDRE clocked by clk_fpga_0  {rise@0.000ns fall@5.000ns period=10.000ns})
  Destination:            cnn_system_i/axis_cnn_mnist_0/inst/u_conv1/u_conv1_calc/conv_channels[2].stg2_add_reg[1][12]/D
                            (rising edge-triggered cell FDRE clocked by clk_fpga_0  {rise@0.000ns fall@5.000ns period=10.000ns})
  Path Group:             clk_fpga_0
  Path Type:              Hold (Min at Fast Process Corner)
  Requirement:            0.000ns  (clk_fpga_0 rise@0.000ns - clk_fpga_0 rise@0.000ns)
  Data Path Delay:        0.420ns  (logic 0.274ns (65.285%)  route 0.146ns (34.715%))
  Logic Levels:           2  (CARRY4=1 LUT2=1)
  Clock Path Skew:        0.264ns (DCD - SCD - CPR)
    Destination Clock Delay (DCD):    1.184ns
    Source Clock Delay      (SCD):    0.885ns
    Clock Pessimism Removal (CPR):    0.035ns

    Location             Delay type                Incr(ns)  Path(ns)    Netlist Resource(s)
  -------------------------------------------------------------------    -------------------
                         (clock clk_fpga_0 rise edge)
                                                      0.000     0.000 r  
    PS7_X0Y0             PS7                          0.000     0.000 r  cnn_system_i/processing_system7_0/inst/PS7_i/FCLKCLK[0]
                         net (fo=1, routed)           0.310     0.310    cnn_system_i/processing_system7_0/inst/FCLK_CLK_unbuffered[0]
    BUFGCTRL_X0Y16       BUFG (Prop_bufg_I_O)         0.026     0.336 r  cnn_system_i/processing_system7_0/inst/buffer_fclk_clk_0.FCLK_CLK_0_BUFG/O
                         net (fo=8881, routed)        0.549     0.885    cnn_system_i/axis_cnn_mnist_0/inst/u_conv1/u_conv1_calc/aclk
    SLICE_X50Y20         FDRE                                         r  cnn_system_i/axis_cnn_mnist_0/inst/u_conv1/u_conv1_calc/conv_channels[2].stg1_mult_reg[2][12]/C
  -------------------------------------------------------------------    -------------------
    SLICE_X50Y20         FDRE (Prop_fdre_C_Q)         0.164     1.049 r  cnn_system_i/axis_cnn_mnist_0/inst/u_conv1/u_conv1_calc/conv_channels[2].stg1_mult_reg[2][12]/Q
                         net (fo=1, routed)           0.146     1.194    cnn_system_i/axis_cnn_mnist_0/inst/u_conv1/u_conv1_calc/conv_channels[2].stg1_mult_reg_n_0_[2][12]
    SLICE_X49Y20         LUT2 (Prop_lut2_I1_O)        0.045     1.239 r  cnn_system_i/axis_cnn_mnist_0/inst/u_conv1/u_conv1_calc/conv_channels[2].stg2_add[1][14]_i_5/O
                         net (fo=1, routed)           0.000     1.239    cnn_system_i/axis_cnn_mnist_0/inst/u_conv1/u_conv1_calc/conv_channels[2].stg2_add[1][14]_i_5_n_0
    SLICE_X49Y20         CARRY4 (Prop_carry4_S[1]_O[1])
                                                      0.065     1.304 r  cnn_system_i/axis_cnn_mnist_0/inst/u_conv1/u_conv1_calc/conv_channels[2].stg2_add_reg[1][14]_i_1/O[1]
                         net (fo=1, routed)           0.000     1.304    cnn_system_i/axis_cnn_mnist_0/inst/u_conv1/u_conv1_calc/conv_channels[2].stg2_add_reg[1][14]_i_1_n_6
    SLICE_X49Y20         FDRE                                         r  cnn_system_i/axis_cnn_mnist_0/inst/u_conv1/u_conv1_calc/conv_channels[2].stg2_add_reg[1][12]/D
  -------------------------------------------------------------------    -------------------

                         (clock clk_fpga_0 rise edge)
                                                      0.000     0.000 r  
    PS7_X0Y0             PS7                          0.000     0.000 r  cnn_system_i/processing_system7_0/inst/PS7_i/FCLKCLK[0]
                         net (fo=1, routed)           0.337     0.337    cnn_system_i/processing_system7_0/inst/FCLK_CLK_unbuffered[0]
    BUFGCTRL_X0Y16       BUFG (Prop_bufg_I_O)         0.029     0.366 r  cnn_system_i/processing_system7_0/inst/buffer_fclk_clk_0.FCLK_CLK_0_BUFG/O
                         net (fo=8881, routed)        0.818     1.184    cnn_system_i/axis_cnn_mnist_0/inst/u_conv1/u_conv1_calc/aclk
    SLICE_X49Y20         FDRE                                         r  cnn_system_i/axis_cnn_mnist_0/inst/u_conv1/u_conv1_calc/conv_channels[2].stg2_add_reg[1][12]/C
                         clock pessimism             -0.035     1.149    
    SLICE_X49Y20         FDRE (Hold_fdre_C_D)         0.105     1.254    cnn_system_i/axis_cnn_mnist_0/inst/u_conv1/u_conv1_calc/conv_channels[2].stg2_add_reg[1][12]
  -------------------------------------------------------------------
                         required time                         -1.254    
                         arrival time                           1.304    
  -------------------------------------------------------------------
                         slack                                  0.050    

Slack (MET) :             0.051ns  (arrival time - required time)
  Source:                 cnn_system_i/axis_cnn_mnist_0/inst/u_conv1/u_conv1_calc/conv_channels[2].stg2_add_reg[1][9]/C
                            (rising edge-triggered cell FDRE clocked by clk_fpga_0  {rise@0.000ns fall@5.000ns period=10.000ns})
  Destination:            cnn_system_i/axis_cnn_mnist_0/inst/u_conv1/u_conv1_calc/conv_channels[2].stg3_add_reg[0][9]/D
                            (rising edge-triggered cell FDRE clocked by clk_fpga_0  {rise@0.000ns fall@5.000ns period=10.000ns})
  Path Group:             clk_fpga_0
  Path Type:              Hold (Min at Fast Process Corner)
  Requirement:            0.000ns  (clk_fpga_0 rise@0.000ns - clk_fpga_0 rise@0.000ns)
  Data Path Delay:        0.414ns  (logic 0.252ns (60.920%)  route 0.162ns (39.080%))
  Logic Levels:           2  (CARRY4=1 LUT2=1)
  Clock Path Skew:        0.257ns (DCD - SCD - CPR)
    Destination Clock Delay (DCD):    1.181ns
    Source Clock Delay      (SCD):    0.889ns
    Clock Pessimism Removal (CPR):    0.035ns

    Location             Delay type                Incr(ns)  Path(ns)    Netlist Resource(s)
  -------------------------------------------------------------------    -------------------
                         (clock clk_fpga_0 rise edge)
                                                      0.000     0.000 r  
    PS7_X0Y0             PS7                          0.000     0.000 r  cnn_system_i/processing_system7_0/inst/PS7_i/FCLKCLK[0]
                         net (fo=1, routed)           0.310     0.310    cnn_system_i/processing_system7_0/inst/FCLK_CLK_unbuffered[0]
    BUFGCTRL_X0Y16       BUFG (Prop_bufg_I_O)         0.026     0.336 r  cnn_system_i/processing_system7_0/inst/buffer_fclk_clk_0.FCLK_CLK_0_BUFG/O
                         net (fo=8881, routed)        0.553     0.889    cnn_system_i/axis_cnn_mnist_0/inst/u_conv1/u_conv1_calc/aclk
    SLICE_X49Y19         FDRE                                         r  cnn_system_i/axis_cnn_mnist_0/inst/u_conv1/u_conv1_calc/conv_channels[2].stg2_add_reg[1][9]/C
  -------------------------------------------------------------------    -------------------
    SLICE_X49Y19         FDRE (Prop_fdre_C_Q)         0.141     1.030 r  cnn_system_i/axis_cnn_mnist_0/inst/u_conv1/u_conv1_calc/conv_channels[2].stg2_add_reg[1][9]/Q
                         net (fo=2, routed)           0.162     1.191    cnn_system_i/axis_cnn_mnist_0/inst/u_conv1/u_conv1_calc/conv_channels[2].stg2_add_reg_n_0_[1][9]
    SLICE_X53Y19         LUT2 (Prop_lut2_I0_O)        0.045     1.236 r  cnn_system_i/axis_cnn_mnist_0/inst/u_conv1/u_conv1_calc/conv_channels[2].stg3_add[0][10]_i_3/O
                         net (fo=1, routed)           0.000     1.236    cnn_system_i/axis_cnn_mnist_0/inst/u_conv1/u_conv1_calc/conv_channels[2].stg3_add[0][10]_i_3_n_0
    SLICE_X53Y19         CARRY4 (Prop_carry4_S[2]_O[2])
                                                      0.066     1.302 r  cnn_system_i/axis_cnn_mnist_0/inst/u_conv1/u_conv1_calc/conv_channels[2].stg3_add_reg[0][10]_i_1/O[2]
                         net (fo=1, routed)           0.000     1.302    cnn_system_i/axis_cnn_mnist_0/inst/u_conv1/u_conv1_calc/conv_channels[2].stg3_add_reg[0][10]_i_1_n_5
    SLICE_X53Y19         FDRE                                         r  cnn_system_i/axis_cnn_mnist_0/inst/u_conv1/u_conv1_calc/conv_channels[2].stg3_add_reg[0][9]/D
  -------------------------------------------------------------------    -------------------

                         (clock clk_fpga_0 rise edge)
                                                      0.000     0.000 r  
    PS7_X0Y0             PS7                          0.000     0.000 r  cnn_system_i/processing_system7_0/inst/PS7_i/FCLKCLK[0]
                         net (fo=1, routed)           0.337     0.337    cnn_system_i/processing_system7_0/inst/FCLK_CLK_unbuffered[0]
    BUFGCTRL_X0Y16       BUFG (Prop_bufg_I_O)         0.029     0.366 r  cnn_system_i/processing_system7_0/inst/buffer_fclk_clk_0.FCLK_CLK_0_BUFG/O
                         net (fo=8881, routed)        0.815     1.181    cnn_system_i/axis_cnn_mnist_0/inst/u_conv1/u_conv1_calc/aclk
    SLICE_X53Y19         FDRE                                         r  cnn_system_i/axis_cnn_mnist_0/inst/u_conv1/u_conv1_calc/conv_channels[2].stg3_add_reg[0][9]/C
                         clock pessimism             -0.035     1.146    
    SLICE_X53Y19         FDRE (Hold_fdre_C_D)         0.105     1.251    cnn_system_i/axis_cnn_mnist_0/inst/u_conv1/u_conv1_calc/conv_channels[2].stg3_add_reg[0][9]
  -------------------------------------------------------------------
                         required time                         -1.251    
                         arrival time                           1.302    
  -------------------------------------------------------------------
                         slack                                  0.051    

Slack (MET) :             0.051ns  (arrival time - required time)
  Source:                 cnn_system_i/axis_cnn_mnist_0/inst/u_conv1/u_conv1_calc/conv_channels[2].stg2_add_reg[1][13]/C
                            (rising edge-triggered cell FDRE clocked by clk_fpga_0  {rise@0.000ns fall@5.000ns period=10.000ns})
  Destination:            cnn_system_i/axis_cnn_mnist_0/inst/u_conv1/u_conv1_calc/conv_channels[2].stg3_add_reg[0][13]/D
                            (rising edge-triggered cell FDRE clocked by clk_fpga_0  {rise@0.000ns fall@5.000ns period=10.000ns})
  Path Group:             clk_fpga_0
  Path Type:              Hold (Min at Fast Process Corner)
  Requirement:            0.000ns  (clk_fpga_0 rise@0.000ns - clk_fpga_0 rise@0.000ns)
  Data Path Delay:        0.414ns  (logic 0.252ns (60.920%)  route 0.162ns (39.080%))
  Logic Levels:           2  (CARRY4=1 LUT2=1)
  Clock Path Skew:        0.257ns (DCD - SCD - CPR)
    Destination Clock Delay (DCD):    1.180ns
    Source Clock Delay      (SCD):    0.888ns
    Clock Pessimism Removal (CPR):    0.035ns

    Location             Delay type                Incr(ns)  Path(ns)    Netlist Resource(s)
  -------------------------------------------------------------------    -------------------
                         (clock clk_fpga_0 rise edge)
                                                      0.000     0.000 r  
    PS7_X0Y0             PS7                          0.000     0.000 r  cnn_system_i/processing_system7_0/inst/PS7_i/FCLKCLK[0]
                         net (fo=1, routed)           0.310     0.310    cnn_system_i/processing_system7_0/inst/FCLK_CLK_unbuffered[0]
    BUFGCTRL_X0Y16       BUFG (Prop_bufg_I_O)         0.026     0.336 r  cnn_system_i/processing_system7_0/inst/buffer_fclk_clk_0.FCLK_CLK_0_BUFG/O
                         net (fo=8881, routed)        0.552     0.888    cnn_system_i/axis_cnn_mnist_0/inst/u_conv1/u_conv1_calc/aclk
    SLICE_X49Y20         FDRE                                         r  cnn_system_i/axis_cnn_mnist_0/inst/u_conv1/u_conv1_calc/conv_channels[2].stg2_add_reg[1][13]/C
  -------------------------------------------------------------------    -------------------
    SLICE_X49Y20         FDRE (Prop_fdre_C_Q)         0.141     1.029 r  cnn_system_i/axis_cnn_mnist_0/inst/u_conv1/u_conv1_calc/conv_channels[2].stg2_add_reg[1][13]/Q
                         net (fo=2, routed)           0.162     1.190    cnn_system_i/axis_cnn_mnist_0/inst/u_conv1/u_conv1_calc/conv_channels[2].stg2_add_reg_n_0_[1][13]
    SLICE_X53Y20         LUT2 (Prop_lut2_I0_O)        0.045     1.235 r  cnn_system_i/axis_cnn_mnist_0/inst/u_conv1/u_conv1_calc/conv_channels[2].stg3_add[0][14]_i_3/O
                         net (fo=1, routed)           0.000     1.235    cnn_system_i/axis_cnn_mnist_0/inst/u_conv1/u_conv1_calc/conv_channels[2].stg3_add[0][14]_i_3_n_0
    SLICE_X53Y20         CARRY4 (Prop_carry4_S[2]_O[2])
                                                      0.066     1.301 r  cnn_system_i/axis_cnn_mnist_0/inst/u_conv1/u_conv1_calc/conv_channels[2].stg3_add_reg[0][14]_i_1/O[2]
                         net (fo=1, routed)           0.000     1.301    cnn_system_i/axis_cnn_mnist_0/inst/u_conv1/u_conv1_calc/conv_channels[2].stg3_add_reg[0][14]_i_1_n_5
    SLICE_X53Y20         FDRE                                         r  cnn_system_i/axis_cnn_mnist_0/inst/u_conv1/u_conv1_calc/conv_channels[2].stg3_add_reg[0][13]/D
  -------------------------------------------------------------------    -------------------

                         (clock clk_fpga_0 rise edge)
                                                      0.000     0.000 r  
    PS7_X0Y0             PS7                          0.000     0.000 r  cnn_system_i/processing_system7_0/inst/PS7_i/FCLKCLK[0]
                         net (fo=1, routed)           0.337     0.337    cnn_system_i/processing_system7_0/inst/FCLK_CLK_unbuffered[0]
    BUFGCTRL_X0Y16       BUFG (Prop_bufg_I_O)         0.029     0.366 r  cnn_system_i/processing_system7_0/inst/buffer_fclk_clk_0.FCLK_CLK_0_BUFG/O
                         net (fo=8881, routed)        0.814     1.180    cnn_system_i/axis_cnn_mnist_0/inst/u_conv1/u_conv1_calc/aclk
    SLICE_X53Y20         FDRE                                         r  cnn_system_i/axis_cnn_mnist_0/inst/u_conv1/u_conv1_calc/conv_channels[2].stg3_add_reg[0][13]/C
                         clock pessimism             -0.035     1.145    
    SLICE_X53Y20         FDRE (Hold_fdre_C_D)         0.105     1.250    cnn_system_i/axis_cnn_mnist_0/inst/u_conv1/u_conv1_calc/conv_channels[2].stg3_add_reg[0][13]
  -------------------------------------------------------------------
                         required time                         -1.250    
                         arrival time                           1.301    
  -------------------------------------------------------------------
                         slack                                  0.051    

Slack (MET) :             0.051ns  (arrival time - required time)
  Source:                 cnn_system_i/axis_cnn_mnist_0/inst/u_conv1/u_conv1_calc/conv_channels[2].stg1_mult_reg[2][14]/C
                            (rising edge-triggered cell FDRE clocked by clk_fpga_0  {rise@0.000ns fall@5.000ns period=10.000ns})
  Destination:            cnn_system_i/axis_cnn_mnist_0/inst/u_conv1/u_conv1_calc/conv_channels[2].stg2_add_reg[1][14]/D
                            (rising edge-triggered cell FDRE clocked by clk_fpga_0  {rise@0.000ns fall@5.000ns period=10.000ns})
  Path Group:             clk_fpga_0
  Path Type:              Hold (Min at Fast Process Corner)
  Requirement:            0.000ns  (clk_fpga_0 rise@0.000ns - clk_fpga_0 rise@0.000ns)
  Data Path Delay:        0.421ns  (logic 0.272ns (64.648%)  route 0.149ns (35.352%))
  Logic Levels:           2  (CARRY4=1 LUT2=1)
  Clock Path Skew:        0.264ns (DCD - SCD - CPR)
    Destination Clock Delay (DCD):    1.184ns
    Source Clock Delay      (SCD):    0.885ns
    Clock Pessimism Removal (CPR):    0.035ns

    Location             Delay type                Incr(ns)  Path(ns)    Netlist Resource(s)
  -------------------------------------------------------------------    -------------------
                         (clock clk_fpga_0 rise edge)
                                                      0.000     0.000 r  
    PS7_X0Y0             PS7                          0.000     0.000 r  cnn_system_i/processing_system7_0/inst/PS7_i/FCLKCLK[0]
                         net (fo=1, routed)           0.310     0.310    cnn_system_i/processing_system7_0/inst/FCLK_CLK_unbuffered[0]
    BUFGCTRL_X0Y16       BUFG (Prop_bufg_I_O)         0.026     0.336 r  cnn_system_i/processing_system7_0/inst/buffer_fclk_clk_0.FCLK_CLK_0_BUFG/O
                         net (fo=8881, routed)        0.549     0.885    cnn_system_i/axis_cnn_mnist_0/inst/u_conv1/u_conv1_calc/aclk
    SLICE_X50Y20         FDRE                                         r  cnn_system_i/axis_cnn_mnist_0/inst/u_conv1/u_conv1_calc/conv_channels[2].stg1_mult_reg[2][14]/C
  -------------------------------------------------------------------    -------------------
    SLICE_X50Y20         FDRE (Prop_fdre_C_Q)         0.164     1.049 r  cnn_system_i/axis_cnn_mnist_0/inst/u_conv1/u_conv1_calc/conv_channels[2].stg1_mult_reg[2][14]/Q
                         net (fo=1, routed)           0.149     1.197    cnn_system_i/axis_cnn_mnist_0/inst/u_conv1/u_conv1_calc/conv_channels[2].stg1_mult_reg_n_0_[2][14]
    SLICE_X49Y20         LUT2 (Prop_lut2_I1_O)        0.045     1.242 r  cnn_system_i/axis_cnn_mnist_0/inst/u_conv1/u_conv1_calc/conv_channels[2].stg2_add[1][14]_i_3/O
                         net (fo=1, routed)           0.000     1.242    cnn_system_i/axis_cnn_mnist_0/inst/u_conv1/u_conv1_calc/conv_channels[2].stg2_add[1][14]_i_3_n_0
    SLICE_X49Y20         CARRY4 (Prop_carry4_S[3]_O[3])
                                                      0.063     1.305 r  cnn_system_i/axis_cnn_mnist_0/inst/u_conv1/u_conv1_calc/conv_channels[2].stg2_add_reg[1][14]_i_1/O[3]
                         net (fo=1, routed)           0.000     1.305    cnn_system_i/axis_cnn_mnist_0/inst/u_conv1/u_conv1_calc/conv_channels[2].stg2_add_reg[1][14]_i_1_n_4
    SLICE_X49Y20         FDRE                                         r  cnn_system_i/axis_cnn_mnist_0/inst/u_conv1/u_conv1_calc/conv_channels[2].stg2_add_reg[1][14]/D
  -------------------------------------------------------------------    -------------------

                         (clock clk_fpga_0 rise edge)
                                                      0.000     0.000 r  
    PS7_X0Y0             PS7                          0.000     0.000 r  cnn_system_i/processing_system7_0/inst/PS7_i/FCLKCLK[0]
                         net (fo=1, routed)           0.337     0.337    cnn_system_i/processing_system7_0/inst/FCLK_CLK_unbuffered[0]
    BUFGCTRL_X0Y16       BUFG (Prop_bufg_I_O)         0.029     0.366 r  cnn_system_i/processing_system7_0/inst/buffer_fclk_clk_0.FCLK_CLK_0_BUFG/O
                         net (fo=8881, routed)        0.818     1.184    cnn_system_i/axis_cnn_mnist_0/inst/u_conv1/u_conv1_calc/aclk
    SLICE_X49Y20         FDRE                                         r  cnn_system_i/axis_cnn_mnist_0/inst/u_conv1/u_conv1_calc/conv_channels[2].stg2_add_reg[1][14]/C
                         clock pessimism             -0.035     1.149    
    SLICE_X49Y20         FDRE (Hold_fdre_C_D)         0.105     1.254    cnn_system_i/axis_cnn_mnist_0/inst/u_conv1/u_conv1_calc/conv_channels[2].stg2_add_reg[1][14]
  -------------------------------------------------------------------
                         required time                         -1.254    
                         arrival time                           1.305    
  -------------------------------------------------------------------
                         slack                                  0.051    

Slack (MET) :             0.052ns  (arrival time - required time)
  Source:                 cnn_system_i/axis_cnn_mnist_0/inst/u_conv1/u_conv1_calc/conv_channels[2].stg2_add_reg[1][5]/C
                            (rising edge-triggered cell FDRE clocked by clk_fpga_0  {rise@0.000ns fall@5.000ns period=10.000ns})
  Destination:            cnn_system_i/axis_cnn_mnist_0/inst/u_conv1/u_conv1_calc/conv_channels[2].stg3_add_reg[0][5]/D
                            (rising edge-triggered cell FDRE clocked by clk_fpga_0  {rise@0.000ns fall@5.000ns period=10.000ns})
  Path Group:             clk_fpga_0
  Path Type:              Hold (Min at Fast Process Corner)
  Requirement:            0.000ns  (clk_fpga_0 rise@0.000ns - clk_fpga_0 rise@0.000ns)
  Data Path Delay:        0.414ns  (logic 0.252ns (60.803%)  route 0.162ns (39.197%))
  Logic Levels:           2  (CARRY4=1 LUT2=1)
  Clock Path Skew:        0.257ns (DCD - SCD - CPR)
    Destination Clock Delay (DCD):    1.182ns
    Source Clock Delay      (SCD):    0.890ns
    Clock Pessimism Removal (CPR):    0.035ns

    Location             Delay type                Incr(ns)  Path(ns)    Netlist Resource(s)
  -------------------------------------------------------------------    -------------------
                         (clock clk_fpga_0 rise edge)
                                                      0.000     0.000 r  
    PS7_X0Y0             PS7                          0.000     0.000 r  cnn_system_i/processing_system7_0/inst/PS7_i/FCLKCLK[0]
                         net (fo=1, routed)           0.310     0.310    cnn_system_i/processing_system7_0/inst/FCLK_CLK_unbuffered[0]
    BUFGCTRL_X0Y16       BUFG (Prop_bufg_I_O)         0.026     0.336 r  cnn_system_i/processing_system7_0/inst/buffer_fclk_clk_0.FCLK_CLK_0_BUFG/O
                         net (fo=8881, routed)        0.554     0.890    cnn_system_i/axis_cnn_mnist_0/inst/u_conv1/u_conv1_calc/aclk
    SLICE_X49Y18         FDRE                                         r  cnn_system_i/axis_cnn_mnist_0/inst/u_conv1/u_conv1_calc/conv_channels[2].stg2_add_reg[1][5]/C
  -------------------------------------------------------------------    -------------------
    SLICE_X49Y18         FDRE (Prop_fdre_C_Q)         0.141     1.031 r  cnn_system_i/axis_cnn_mnist_0/inst/u_conv1/u_conv1_calc/conv_channels[2].stg2_add_reg[1][5]/Q
                         net (fo=2, routed)           0.162     1.193    cnn_system_i/axis_cnn_mnist_0/inst/u_conv1/u_conv1_calc/conv_channels[2].stg2_add_reg_n_0_[1][5]
    SLICE_X53Y18         LUT2 (Prop_lut2_I0_O)        0.045     1.238 r  cnn_system_i/axis_cnn_mnist_0/inst/u_conv1/u_conv1_calc/conv_channels[2].stg3_add[0][6]_i_3/O
                         net (fo=1, routed)           0.000     1.238    cnn_system_i/axis_cnn_mnist_0/inst/u_conv1/u_conv1_calc/conv_channels[2].stg3_add[0][6]_i_3_n_0
    SLICE_X53Y18         CARRY4 (Prop_carry4_S[2]_O[2])
                                                      0.066     1.304 r  cnn_system_i/axis_cnn_mnist_0/inst/u_conv1/u_conv1_calc/conv_channels[2].stg3_add_reg[0][6]_i_1/O[2]
                         net (fo=1, routed)           0.000     1.304    cnn_system_i/axis_cnn_mnist_0/inst/u_conv1/u_conv1_calc/conv_channels[2].stg3_add_reg[0][6]_i_1_n_5
    SLICE_X53Y18         FDRE                                         r  cnn_system_i/axis_cnn_mnist_0/inst/u_conv1/u_conv1_calc/conv_channels[2].stg3_add_reg[0][5]/D
  -------------------------------------------------------------------    -------------------

                         (clock clk_fpga_0 rise edge)
                                                      0.000     0.000 r  
    PS7_X0Y0             PS7                          0.000     0.000 r  cnn_system_i/processing_system7_0/inst/PS7_i/FCLKCLK[0]
                         net (fo=1, routed)           0.337     0.337    cnn_system_i/processing_system7_0/inst/FCLK_CLK_unbuffered[0]
    BUFGCTRL_X0Y16       BUFG (Prop_bufg_I_O)         0.029     0.366 r  cnn_system_i/processing_system7_0/inst/buffer_fclk_clk_0.FCLK_CLK_0_BUFG/O
                         net (fo=8881, routed)        0.816     1.182    cnn_system_i/axis_cnn_mnist_0/inst/u_conv1/u_conv1_calc/aclk
    SLICE_X53Y18         FDRE                                         r  cnn_system_i/axis_cnn_mnist_0/inst/u_conv1/u_conv1_calc/conv_channels[2].stg3_add_reg[0][5]/C
                         clock pessimism             -0.035     1.147    
    SLICE_X53Y18         FDRE (Hold_fdre_C_D)         0.105     1.252    cnn_system_i/axis_cnn_mnist_0/inst/u_conv1/u_conv1_calc/conv_channels[2].stg3_add_reg[0][5]
  -------------------------------------------------------------------
                         required time                         -1.252    
                         arrival time                           1.304    
  -------------------------------------------------------------------
                         slack                                  0.052    

Slack (MET) :             0.053ns  (arrival time - required time)
  Source:                 cnn_system_i/axi_dma_0/U0/I_PRMRY_DATAMOVER/GEN_S2MM_FULL.I_S2MM_FULL_WRAPPER/GEN_INCLUDE_IBTTCC.I_S2MM_MSTR_IBTTCC/sig_xfer_addr_reg_reg[5]/C
                            (rising edge-triggered cell FDRE clocked by clk_fpga_0  {rise@0.000ns fall@5.000ns period=10.000ns})
  Destination:            cnn_system_i/axi_dma_0/U0/I_PRMRY_DATAMOVER/GEN_S2MM_FULL.I_S2MM_FULL_WRAPPER/I_ADDR_CNTL/GEN_ADDR_FIFO.I_ADDR_QUAL_FIFO/USE_SRL_FIFO.I_SYNC_FIFO/I_SRL_FIFO_RBU_F/DYNSHREG_F_I/INFERRED_GEN.data_reg[3][49]_srl4/D
                            (rising edge-triggered cell SRL16E clocked by clk_fpga_0  {rise@0.000ns fall@5.000ns period=10.000ns})
  Path Group:             clk_fpga_0
  Path Type:              Hold (Min at Fast Process Corner)
  Requirement:            0.000ns  (clk_fpga_0 rise@0.000ns - clk_fpga_0 rise@0.000ns)
  Data Path Delay:        0.249ns  (logic 0.141ns (56.528%)  route 0.108ns (43.472%))
  Logic Levels:           0  
  Clock Path Skew:        0.013ns (DCD - SCD - CPR)
    Destination Clock Delay (DCD):    1.182ns
    Source Clock Delay      (SCD):    0.887ns
    Clock Pessimism Removal (CPR):    0.282ns

    Location             Delay type                Incr(ns)  Path(ns)    Netlist Resource(s)
  -------------------------------------------------------------------    -------------------
                         (clock clk_fpga_0 rise edge)
                                                      0.000     0.000 r  
    PS7_X0Y0             PS7                          0.000     0.000 r  cnn_system_i/processing_system7_0/inst/PS7_i/FCLKCLK[0]
                         net (fo=1, routed)           0.310     0.310    cnn_system_i/processing_system7_0/inst/FCLK_CLK_unbuffered[0]
    BUFGCTRL_X0Y16       BUFG (Prop_bufg_I_O)         0.026     0.336 r  cnn_system_i/processing_system7_0/inst/buffer_fclk_clk_0.FCLK_CLK_0_BUFG/O
                         net (fo=8881, routed)        0.551     0.887    cnn_system_i/axi_dma_0/U0/I_PRMRY_DATAMOVER/GEN_S2MM_FULL.I_S2MM_FULL_WRAPPER/GEN_INCLUDE_IBTTCC.I_S2MM_MSTR_IBTTCC/m_axi_s2mm_aclk
    SLICE_X35Y68         FDRE                                         r  cnn_system_i/axi_dma_0/U0/I_PRMRY_DATAMOVER/GEN_S2MM_FULL.I_S2MM_FULL_WRAPPER/GEN_INCLUDE_IBTTCC.I_S2MM_MSTR_IBTTCC/sig_xfer_addr_reg_reg[5]/C
  -------------------------------------------------------------------    -------------------
    SLICE_X35Y68         FDRE (Prop_fdre_C_Q)         0.141     1.028 r  cnn_system_i/axi_dma_0/U0/I_PRMRY_DATAMOVER/GEN_S2MM_FULL.I_S2MM_FULL_WRAPPER/GEN_INCLUDE_IBTTCC.I_S2MM_MSTR_IBTTCC/sig_xfer_addr_reg_reg[5]/Q
                         net (fo=1, routed)           0.108     1.136    cnn_system_i/axi_dma_0/U0/I_PRMRY_DATAMOVER/GEN_S2MM_FULL.I_S2MM_FULL_WRAPPER/I_ADDR_CNTL/GEN_ADDR_FIFO.I_ADDR_QUAL_FIFO/USE_SRL_FIFO.I_SYNC_FIFO/I_SRL_FIFO_RBU_F/DYNSHREG_F_I/in[5]
    SLICE_X34Y68         SRL16E                                       r  cnn_system_i/axi_dma_0/U0/I_PRMRY_DATAMOVER/GEN_S2MM_FULL.I_S2MM_FULL_WRAPPER/I_ADDR_CNTL/GEN_ADDR_FIFO.I_ADDR_QUAL_FIFO/USE_SRL_FIFO.I_SYNC_FIFO/I_SRL_FIFO_RBU_F/DYNSHREG_F_I/INFERRED_GEN.data_reg[3][49]_srl4/D
  -------------------------------------------------------------------    -------------------

                         (clock clk_fpga_0 rise edge)
                                                      0.000     0.000 r  
    PS7_X0Y0             PS7                          0.000     0.000 r  cnn_system_i/processing_system7_0/inst/PS7_i/FCLKCLK[0]
                         net (fo=1, routed)           0.337     0.337    cnn_system_i/processing_system7_0/inst/FCLK_CLK_unbuffered[0]
    BUFGCTRL_X0Y16       BUFG (Prop_bufg_I_O)         0.029     0.366 r  cnn_system_i/processing_system7_0/inst/buffer_fclk_clk_0.FCLK_CLK_0_BUFG/O
                         net (fo=8881, routed)        0.816     1.182    cnn_system_i/axi_dma_0/U0/I_PRMRY_DATAMOVER/GEN_S2MM_FULL.I_S2MM_FULL_WRAPPER/I_ADDR_CNTL/GEN_ADDR_FIFO.I_ADDR_QUAL_FIFO/USE_SRL_FIFO.I_SYNC_FIFO/I_SRL_FIFO_RBU_F/DYNSHREG_F_I/m_axi_s2mm_aclk
    SLICE_X34Y68         SRL16E                                       r  cnn_system_i/axi_dma_0/U0/I_PRMRY_DATAMOVER/GEN_S2MM_FULL.I_S2MM_FULL_WRAPPER/I_ADDR_CNTL/GEN_ADDR_FIFO.I_ADDR_QUAL_FIFO/USE_SRL_FIFO.I_SYNC_FIFO/I_SRL_FIFO_RBU_F/DYNSHREG_F_I/INFERRED_GEN.data_reg[3][49]_srl4/CLK
                         clock pessimism             -0.282     0.900    
    SLICE_X34Y68         SRL16E (Hold_srl16e_CLK_D)
                                                      0.183     1.083    cnn_system_i/axi_dma_0/U0/I_PRMRY_DATAMOVER/GEN_S2MM_FULL.I_S2MM_FULL_WRAPPER/I_ADDR_CNTL/GEN_ADDR_FIFO.I_ADDR_QUAL_FIFO/USE_SRL_FIFO.I_SYNC_FIFO/I_SRL_FIFO_RBU_F/DYNSHREG_F_I/INFERRED_GEN.data_reg[3][49]_srl4
  -------------------------------------------------------------------
                         required time                         -1.083    
                         arrival time                           1.136    
  -------------------------------------------------------------------
                         slack                                  0.053    

Slack (MET) :             0.058ns  (arrival time - required time)
  Source:                 cnn_system_i/axis_cnn_mnist_0/inst/u_conv1/u_conv1_calc/conv_channels[2].stg1_mult_reg[2][8]/C
                            (rising edge-triggered cell FDRE clocked by clk_fpga_0  {rise@0.000ns fall@5.000ns period=10.000ns})
  Destination:            cnn_system_i/axis_cnn_mnist_0/inst/u_conv1/u_conv1_calc/conv_channels[2].stg2_add_reg[1][8]/D
                            (rising edge-triggered cell FDRE clocked by clk_fpga_0  {rise@0.000ns fall@5.000ns period=10.000ns})
  Path Group:             clk_fpga_0
  Path Type:              Hold (Min at Fast Process Corner)
  Requirement:            0.000ns  (clk_fpga_0 rise@0.000ns - clk_fpga_0 rise@0.000ns)
  Data Path Delay:        0.428ns  (logic 0.274ns (64.045%)  route 0.154ns (35.955%))
  Logic Levels:           2  (CARRY4=1 LUT2=1)
  Clock Path Skew:        0.264ns (DCD - SCD - CPR)
    Destination Clock Delay (DCD):    1.185ns
    Source Clock Delay      (SCD):    0.886ns
    Clock Pessimism Removal (CPR):    0.035ns

    Location             Delay type                Incr(ns)  Path(ns)    Netlist Resource(s)
  -------------------------------------------------------------------    -------------------
                         (clock clk_fpga_0 rise edge)
                                                      0.000     0.000 r  
    PS7_X0Y0             PS7                          0.000     0.000 r  cnn_system_i/processing_system7_0/inst/PS7_i/FCLKCLK[0]
                         net (fo=1, routed)           0.310     0.310    cnn_system_i/processing_system7_0/inst/FCLK_CLK_unbuffered[0]
    BUFGCTRL_X0Y16       BUFG (Prop_bufg_I_O)         0.026     0.336 r  cnn_system_i/processing_system7_0/inst/buffer_fclk_clk_0.FCLK_CLK_0_BUFG/O
                         net (fo=8881, routed)        0.550     0.886    cnn_system_i/axis_cnn_mnist_0/inst/u_conv1/u_conv1_calc/aclk
    SLICE_X50Y19         FDRE                                         r  cnn_system_i/axis_cnn_mnist_0/inst/u_conv1/u_conv1_calc/conv_channels[2].stg1_mult_reg[2][8]/C
  -------------------------------------------------------------------    -------------------
    SLICE_X50Y19         FDRE (Prop_fdre_C_Q)         0.164     1.049 r  cnn_system_i/axis_cnn_mnist_0/inst/u_conv1/u_conv1_calc/conv_channels[2].stg1_mult_reg[2][8]/Q
                         net (fo=2, routed)           0.154     1.203    cnn_system_i/axis_cnn_mnist_0/inst/u_conv1/u_conv1_calc/conv_channels[2].stg1_mult_reg_n_0_[2][8]
    SLICE_X49Y19         LUT2 (Prop_lut2_I0_O)        0.045     1.248 r  cnn_system_i/axis_cnn_mnist_0/inst/u_conv1/u_conv1_calc/conv_channels[2].stg2_add[1][10]_i_4/O
                         net (fo=1, routed)           0.000     1.248    cnn_system_i/axis_cnn_mnist_0/inst/u_conv1/u_conv1_calc/conv_channels[2].stg2_add[1][10]_i_4_n_0
    SLICE_X49Y19         CARRY4 (Prop_carry4_S[1]_O[1])
                                                      0.065     1.313 r  cnn_system_i/axis_cnn_mnist_0/inst/u_conv1/u_conv1_calc/conv_channels[2].stg2_add_reg[1][10]_i_1/O[1]
                         net (fo=1, routed)           0.000     1.313    cnn_system_i/axis_cnn_mnist_0/inst/u_conv1/u_conv1_calc/conv_channels[2].stg2_add_reg[1][10]_i_1_n_6
    SLICE_X49Y19         FDRE                                         r  cnn_system_i/axis_cnn_mnist_0/inst/u_conv1/u_conv1_calc/conv_channels[2].stg2_add_reg[1][8]/D
  -------------------------------------------------------------------    -------------------

                         (clock clk_fpga_0 rise edge)
                                                      0.000     0.000 r  
    PS7_X0Y0             PS7                          0.000     0.000 r  cnn_system_i/processing_system7_0/inst/PS7_i/FCLKCLK[0]
                         net (fo=1, routed)           0.337     0.337    cnn_system_i/processing_system7_0/inst/FCLK_CLK_unbuffered[0]
    BUFGCTRL_X0Y16       BUFG (Prop_bufg_I_O)         0.029     0.366 r  cnn_system_i/processing_system7_0/inst/buffer_fclk_clk_0.FCLK_CLK_0_BUFG/O
                         net (fo=8881, routed)        0.819     1.185    cnn_system_i/axis_cnn_mnist_0/inst/u_conv1/u_conv1_calc/aclk
    SLICE_X49Y19         FDRE                                         r  cnn_system_i/axis_cnn_mnist_0/inst/u_conv1/u_conv1_calc/conv_channels[2].stg2_add_reg[1][8]/C
                         clock pessimism             -0.035     1.150    
    SLICE_X49Y19         FDRE (Hold_fdre_C_D)         0.105     1.255    cnn_system_i/axis_cnn_mnist_0/inst/u_conv1/u_conv1_calc/conv_channels[2].stg2_add_reg[1][8]
  -------------------------------------------------------------------
                         required time                         -1.255    
                         arrival time                           1.313    
  -------------------------------------------------------------------
                         slack                                  0.058    

Slack (MET) :             0.066ns  (arrival time - required time)
  Source:                 cnn_system_i/axi_dma_0/U0/I_PRMRY_DATAMOVER/GEN_S2MM_FULL.I_S2MM_FULL_WRAPPER/GEN_INCLUDE_IBTTCC.I_S2MM_MSTR_IBTTCC/sig_xfer_addr_reg_reg[16]/C
                            (rising edge-triggered cell FDRE clocked by clk_fpga_0  {rise@0.000ns fall@5.000ns period=10.000ns})
  Destination:            cnn_system_i/axi_dma_0/U0/I_PRMRY_DATAMOVER/GEN_S2MM_FULL.I_S2MM_FULL_WRAPPER/I_ADDR_CNTL/GEN_ADDR_FIFO.I_ADDR_QUAL_FIFO/USE_SRL_FIFO.I_SYNC_FIFO/I_SRL_FIFO_RBU_F/DYNSHREG_F_I/INFERRED_GEN.data_reg[3][38]_srl4/D
                            (rising edge-triggered cell SRL16E clocked by clk_fpga_0  {rise@0.000ns fall@5.000ns period=10.000ns})
  Path Group:             clk_fpga_0
  Path Type:              Hold (Min at Fast Process Corner)
  Requirement:            0.000ns  (clk_fpga_0 rise@0.000ns - clk_fpga_0 rise@0.000ns)
  Data Path Delay:        0.196ns  (logic 0.141ns (71.838%)  route 0.055ns (28.162%))
  Logic Levels:           0  
  Clock Path Skew:        0.013ns (DCD - SCD - CPR)
    Destination Clock Delay (DCD):    1.200ns
    Source Clock Delay      (SCD):    0.904ns
    Clock Pessimism Removal (CPR):    0.283ns

    Location             Delay type                Incr(ns)  Path(ns)    Netlist Resource(s)
  -------------------------------------------------------------------    -------------------
                         (clock clk_fpga_0 rise edge)
                                                      0.000     0.000 r  
    PS7_X0Y0             PS7                          0.000     0.000 r  cnn_system_i/processing_system7_0/inst/PS7_i/FCLKCLK[0]
                         net (fo=1, routed)           0.310     0.310    cnn_system_i/processing_system7_0/inst/FCLK_CLK_unbuffered[0]
    BUFGCTRL_X0Y16       BUFG (Prop_bufg_I_O)         0.026     0.336 r  cnn_system_i/processing_system7_0/inst/buffer_fclk_clk_0.FCLK_CLK_0_BUFG/O
                         net (fo=8881, routed)        0.568     0.904    cnn_system_i/axi_dma_0/U0/I_PRMRY_DATAMOVER/GEN_S2MM_FULL.I_S2MM_FULL_WRAPPER/GEN_INCLUDE_IBTTCC.I_S2MM_MSTR_IBTTCC/m_axi_s2mm_aclk
    SLICE_X31Y69         FDRE                                         r  cnn_system_i/axi_dma_0/U0/I_PRMRY_DATAMOVER/GEN_S2MM_FULL.I_S2MM_FULL_WRAPPER/GEN_INCLUDE_IBTTCC.I_S2MM_MSTR_IBTTCC/sig_xfer_addr_reg_reg[16]/C
  -------------------------------------------------------------------    -------------------
    SLICE_X31Y69         FDRE (Prop_fdre_C_Q)         0.141     1.045 r  cnn_system_i/axi_dma_0/U0/I_PRMRY_DATAMOVER/GEN_S2MM_FULL.I_S2MM_FULL_WRAPPER/GEN_INCLUDE_IBTTCC.I_S2MM_MSTR_IBTTCC/sig_xfer_addr_reg_reg[16]/Q
                         net (fo=1, routed)           0.055     1.100    cnn_system_i/axi_dma_0/U0/I_PRMRY_DATAMOVER/GEN_S2MM_FULL.I_S2MM_FULL_WRAPPER/I_ADDR_CNTL/GEN_ADDR_FIFO.I_ADDR_QUAL_FIFO/USE_SRL_FIFO.I_SYNC_FIFO/I_SRL_FIFO_RBU_F/DYNSHREG_F_I/in[16]
    SLICE_X30Y69         SRL16E                                       r  cnn_system_i/axi_dma_0/U0/I_PRMRY_DATAMOVER/GEN_S2MM_FULL.I_S2MM_FULL_WRAPPER/I_ADDR_CNTL/GEN_ADDR_FIFO.I_ADDR_QUAL_FIFO/USE_SRL_FIFO.I_SYNC_FIFO/I_SRL_FIFO_RBU_F/DYNSHREG_F_I/INFERRED_GEN.data_reg[3][38]_srl4/D
  -------------------------------------------------------------------    -------------------

                         (clock clk_fpga_0 rise edge)
                                                      0.000     0.000 r  
    PS7_X0Y0             PS7                          0.000     0.000 r  cnn_system_i/processing_system7_0/inst/PS7_i/FCLKCLK[0]
                         net (fo=1, routed)           0.337     0.337    cnn_system_i/processing_system7_0/inst/FCLK_CLK_unbuffered[0]
    BUFGCTRL_X0Y16       BUFG (Prop_bufg_I_O)         0.029     0.366 r  cnn_system_i/processing_system7_0/inst/buffer_fclk_clk_0.FCLK_CLK_0_BUFG/O
                         net (fo=8881, routed)        0.834     1.200    cnn_system_i/axi_dma_0/U0/I_PRMRY_DATAMOVER/GEN_S2MM_FULL.I_S2MM_FULL_WRAPPER/I_ADDR_CNTL/GEN_ADDR_FIFO.I_ADDR_QUAL_FIFO/USE_SRL_FIFO.I_SYNC_FIFO/I_SRL_FIFO_RBU_F/DYNSHREG_F_I/m_axi_s2mm_aclk
    SLICE_X30Y69         SRL16E                                       r  cnn_system_i/axi_dma_0/U0/I_PRMRY_DATAMOVER/GEN_S2MM_FULL.I_S2MM_FULL_WRAPPER/I_ADDR_CNTL/GEN_ADDR_FIFO.I_ADDR_QUAL_FIFO/USE_SRL_FIFO.I_SYNC_FIFO/I_SRL_FIFO_RBU_F/DYNSHREG_F_I/INFERRED_GEN.data_reg[3][38]_srl4/CLK
                         clock pessimism             -0.283     0.917    
    SLICE_X30Y69         SRL16E (Hold_srl16e_CLK_D)
                                                      0.117     1.034    cnn_system_i/axi_dma_0/U0/I_PRMRY_DATAMOVER/GEN_S2MM_FULL.I_S2MM_FULL_WRAPPER/I_ADDR_CNTL/GEN_ADDR_FIFO.I_ADDR_QUAL_FIFO/USE_SRL_FIFO.I_SYNC_FIFO/I_SRL_FIFO_RBU_F/DYNSHREG_F_I/INFERRED_GEN.data_reg[3][38]_srl4
  -------------------------------------------------------------------
                         required time                         -1.034    
                         arrival time                           1.100    
  -------------------------------------------------------------------
                         slack                                  0.066    

Slack (MET) :             0.068ns  (arrival time - required time)
  Source:                 cnn_system_i/axi_dma_0/U0/I_PRMRY_DATAMOVER/GEN_S2MM_FULL.I_S2MM_FULL_WRAPPER/I_WR_DATA_CNTL/GEN_INDET_BTT.lsig_byte_cntr_reg[7]/C
                            (rising edge-triggered cell FDRE clocked by clk_fpga_0  {rise@0.000ns fall@5.000ns period=10.000ns})
  Destination:            cnn_system_i/axi_dma_0/U0/I_PRMRY_DATAMOVER/GEN_S2MM_FULL.I_S2MM_FULL_WRAPPER/I_WR_STATUS_CNTLR/GEN_ENABLE_INDET_BTT.I_SF_DATA_CNTL_STATUS_FIFO/USE_SRL_FIFO.I_SYNC_FIFO/I_SRL_FIFO_RBU_F/DYNSHREG_F_I/INFERRED_GEN.data_reg[5][7]_srl6/D
                            (rising edge-triggered cell SRL16E clocked by clk_fpga_0  {rise@0.000ns fall@5.000ns period=10.000ns})
  Path Group:             clk_fpga_0
  Path Type:              Hold (Min at Fast Process Corner)
  Requirement:            0.000ns  (clk_fpga_0 rise@0.000ns - clk_fpga_0 rise@0.000ns)
  Data Path Delay:        0.262ns  (logic 0.141ns (53.841%)  route 0.121ns (46.159%))
  Logic Levels:           0  
  Clock Path Skew:        0.011ns (DCD - SCD - CPR)
    Destination Clock Delay (DCD):    1.175ns
    Source Clock Delay      (SCD):    0.882ns
    Clock Pessimism Removal (CPR):    0.282ns

    Location             Delay type                Incr(ns)  Path(ns)    Netlist Resource(s)
  -------------------------------------------------------------------    -------------------
                         (clock clk_fpga_0 rise edge)
                                                      0.000     0.000 r  
    PS7_X0Y0             PS7                          0.000     0.000 r  cnn_system_i/processing_system7_0/inst/PS7_i/FCLKCLK[0]
                         net (fo=1, routed)           0.310     0.310    cnn_system_i/processing_system7_0/inst/FCLK_CLK_unbuffered[0]
    BUFGCTRL_X0Y16       BUFG (Prop_bufg_I_O)         0.026     0.336 r  cnn_system_i/processing_system7_0/inst/buffer_fclk_clk_0.FCLK_CLK_0_BUFG/O
                         net (fo=8881, routed)        0.546     0.882    cnn_system_i/axi_dma_0/U0/I_PRMRY_DATAMOVER/GEN_S2MM_FULL.I_S2MM_FULL_WRAPPER/I_WR_DATA_CNTL/m_axi_s2mm_aclk
    SLICE_X43Y72         FDRE                                         r  cnn_system_i/axi_dma_0/U0/I_PRMRY_DATAMOVER/GEN_S2MM_FULL.I_S2MM_FULL_WRAPPER/I_WR_DATA_CNTL/GEN_INDET_BTT.lsig_byte_cntr_reg[7]/C
  -------------------------------------------------------------------    -------------------
    SLICE_X43Y72         FDRE (Prop_fdre_C_Q)         0.141     1.023 r  cnn_system_i/axi_dma_0/U0/I_PRMRY_DATAMOVER/GEN_S2MM_FULL.I_S2MM_FULL_WRAPPER/I_WR_DATA_CNTL/GEN_INDET_BTT.lsig_byte_cntr_reg[7]/Q
                         net (fo=2, routed)           0.121     1.143    cnn_system_i/axi_dma_0/U0/I_PRMRY_DATAMOVER/GEN_S2MM_FULL.I_S2MM_FULL_WRAPPER/I_WR_STATUS_CNTLR/GEN_ENABLE_INDET_BTT.I_SF_DATA_CNTL_STATUS_FIFO/USE_SRL_FIFO.I_SYNC_FIFO/I_SRL_FIFO_RBU_F/DYNSHREG_F_I/in[9]
    SLICE_X42Y73         SRL16E                                       r  cnn_system_i/axi_dma_0/U0/I_PRMRY_DATAMOVER/GEN_S2MM_FULL.I_S2MM_FULL_WRAPPER/I_WR_STATUS_CNTLR/GEN_ENABLE_INDET_BTT.I_SF_DATA_CNTL_STATUS_FIFO/USE_SRL_FIFO.I_SYNC_FIFO/I_SRL_FIFO_RBU_F/DYNSHREG_F_I/INFERRED_GEN.data_reg[5][7]_srl6/D
  -------------------------------------------------------------------    -------------------

                         (clock clk_fpga_0 rise edge)
                                                      0.000     0.000 r  
    PS7_X0Y0             PS7                          0.000     0.000 r  cnn_system_i/processing_system7_0/inst/PS7_i/FCLKCLK[0]
                         net (fo=1, routed)           0.337     0.337    cnn_system_i/processing_system7_0/inst/FCLK_CLK_unbuffered[0]
    BUFGCTRL_X0Y16       BUFG (Prop_bufg_I_O)         0.029     0.366 r  cnn_system_i/processing_system7_0/inst/buffer_fclk_clk_0.FCLK_CLK_0_BUFG/O
                         net (fo=8881, routed)        0.809     1.175    cnn_system_i/axi_dma_0/U0/I_PRMRY_DATAMOVER/GEN_S2MM_FULL.I_S2MM_FULL_WRAPPER/I_WR_STATUS_CNTLR/GEN_ENABLE_INDET_BTT.I_SF_DATA_CNTL_STATUS_FIFO/USE_SRL_FIFO.I_SYNC_FIFO/I_SRL_FIFO_RBU_F/DYNSHREG_F_I/m_axi_s2mm_aclk
    SLICE_X42Y73         SRL16E                                       r  cnn_system_i/axi_dma_0/U0/I_PRMRY_DATAMOVER/GEN_S2MM_FULL.I_S2MM_FULL_WRAPPER/I_WR_STATUS_CNTLR/GEN_ENABLE_INDET_BTT.I_SF_DATA_CNTL_STATUS_FIFO/USE_SRL_FIFO.I_SYNC_FIFO/I_SRL_FIFO_RBU_F/DYNSHREG_F_I/INFERRED_GEN.data_reg[5][7]_srl6/CLK
                         clock pessimism             -0.282     0.893    
    SLICE_X42Y73         SRL16E (Hold_srl16e_CLK_D)
                                                      0.183     1.076    cnn_system_i/axi_dma_0/U0/I_PRMRY_DATAMOVER/GEN_S2MM_FULL.I_S2MM_FULL_WRAPPER/I_WR_STATUS_CNTLR/GEN_ENABLE_INDET_BTT.I_SF_DATA_CNTL_STATUS_FIFO/USE_SRL_FIFO.I_SYNC_FIFO/I_SRL_FIFO_RBU_F/DYNSHREG_F_I/INFERRED_GEN.data_reg[5][7]_srl6
  -------------------------------------------------------------------
                         required time                         -1.076    
                         arrival time                           1.143    
  -------------------------------------------------------------------
                         slack                                  0.068    

Slack (MET) :             0.068ns  (arrival time - required time)
  Source:                 cnn_system_i/axis_cnn_mnist_0/inst/u_conv1/u_conv1_calc/conv_channels[2].stg2_add_reg[1][19]/C
                            (rising edge-triggered cell FDRE clocked by clk_fpga_0  {rise@0.000ns fall@5.000ns period=10.000ns})
  Destination:            cnn_system_i/axis_cnn_mnist_0/inst/u_conv1/u_conv1_calc/conv_channels[2].stg3_add_reg[0][18]/D
                            (rising edge-triggered cell FDRE clocked by clk_fpga_0  {rise@0.000ns fall@5.000ns period=10.000ns})
  Path Group:             clk_fpga_0
  Path Type:              Hold (Min at Fast Process Corner)
  Requirement:            0.000ns  (clk_fpga_0 rise@0.000ns - clk_fpga_0 rise@0.000ns)
  Data Path Delay:        0.430ns  (logic 0.249ns (57.853%)  route 0.181ns (42.147%))
  Logic Levels:           2  (CARRY4=1 LUT2=1)
  Clock Path Skew:        0.257ns (DCD - SCD - CPR)
    Destination Clock Delay (DCD):    1.179ns
    Source Clock Delay      (SCD):    0.887ns
    Clock Pessimism Removal (CPR):    0.035ns

    Location             Delay type                Incr(ns)  Path(ns)    Netlist Resource(s)
  -------------------------------------------------------------------    -------------------
                         (clock clk_fpga_0 rise edge)
                                                      0.000     0.000 r  
    PS7_X0Y0             PS7                          0.000     0.000 r  cnn_system_i/processing_system7_0/inst/PS7_i/FCLKCLK[0]
                         net (fo=1, routed)           0.310     0.310    cnn_system_i/processing_system7_0/inst/FCLK_CLK_unbuffered[0]
    BUFGCTRL_X0Y16       BUFG (Prop_bufg_I_O)         0.026     0.336 r  cnn_system_i/processing_system7_0/inst/buffer_fclk_clk_0.FCLK_CLK_0_BUFG/O
                         net (fo=8881, routed)        0.551     0.887    cnn_system_i/axis_cnn_mnist_0/inst/u_conv1/u_conv1_calc/aclk
    SLICE_X49Y21         FDRE                                         r  cnn_system_i/axis_cnn_mnist_0/inst/u_conv1/u_conv1_calc/conv_channels[2].stg2_add_reg[1][19]/C
  -------------------------------------------------------------------    -------------------
    SLICE_X49Y21         FDRE (Prop_fdre_C_Q)         0.141     1.028 r  cnn_system_i/axis_cnn_mnist_0/inst/u_conv1/u_conv1_calc/conv_channels[2].stg2_add_reg[1][19]/Q
                         net (fo=9, routed)           0.181     1.209    cnn_system_i/axis_cnn_mnist_0/inst/u_conv1/u_conv1_calc/conv_channels[2].stg2_add_reg_n_0_[1][19]
    SLICE_X53Y21         LUT2 (Prop_lut2_I0_O)        0.045     1.254 r  cnn_system_i/axis_cnn_mnist_0/inst/u_conv1/u_conv1_calc/conv_channels[2].stg3_add[0][18]_i_2/O
                         net (fo=1, routed)           0.000     1.254    cnn_system_i/axis_cnn_mnist_0/inst/u_conv1/u_conv1_calc/conv_channels[2].stg3_add[0][18]_i_2_n_0
    SLICE_X53Y21         CARRY4 (Prop_carry4_S[3]_O[3])
                                                      0.063     1.317 r  cnn_system_i/axis_cnn_mnist_0/inst/u_conv1/u_conv1_calc/conv_channels[2].stg3_add_reg[0][18]_i_1/O[3]
                         net (fo=1, routed)           0.000     1.317    cnn_system_i/axis_cnn_mnist_0/inst/u_conv1/u_conv1_calc/conv_channels[2].stg3_add_reg[0][18]_i_1_n_4
    SLICE_X53Y21         FDRE                                         r  cnn_system_i/axis_cnn_mnist_0/inst/u_conv1/u_conv1_calc/conv_channels[2].stg3_add_reg[0][18]/D
  -------------------------------------------------------------------    -------------------

                         (clock clk_fpga_0 rise edge)
                                                      0.000     0.000 r  
    PS7_X0Y0             PS7                          0.000     0.000 r  cnn_system_i/processing_system7_0/inst/PS7_i/FCLKCLK[0]
                         net (fo=1, routed)           0.337     0.337    cnn_system_i/processing_system7_0/inst/FCLK_CLK_unbuffered[0]
    BUFGCTRL_X0Y16       BUFG (Prop_bufg_I_O)         0.029     0.366 r  cnn_system_i/processing_system7_0/inst/buffer_fclk_clk_0.FCLK_CLK_0_BUFG/O
                         net (fo=8881, routed)        0.813     1.179    cnn_system_i/axis_cnn_mnist_0/inst/u_conv1/u_conv1_calc/aclk
    SLICE_X53Y21         FDRE                                         r  cnn_system_i/axis_cnn_mnist_0/inst/u_conv1/u_conv1_calc/conv_channels[2].stg3_add_reg[0][18]/C
                         clock pessimism             -0.035     1.144    
    SLICE_X53Y21         FDRE (Hold_fdre_C_D)         0.105     1.249    cnn_system_i/axis_cnn_mnist_0/inst/u_conv1/u_conv1_calc/conv_channels[2].stg3_add_reg[0][18]
  -------------------------------------------------------------------
                         required time                         -1.249    
                         arrival time                           1.317    
  -------------------------------------------------------------------
                         slack                                  0.068    

Slack (MET) :             0.068ns  (arrival time - required time)
  Source:                 cnn_system_i/axis_cnn_mnist_0/inst/u_conv1/u_conv1_calc/conv_channels[1].stg1_mult_reg[6][12]/C
                            (rising edge-triggered cell FDRE clocked by clk_fpga_0  {rise@0.000ns fall@5.000ns period=10.000ns})
  Destination:            cnn_system_i/axis_cnn_mnist_0/inst/u_conv1/u_conv1_calc/conv_channels[1].stg2_add_reg[3][13]/D
                            (rising edge-triggered cell FDRE clocked by clk_fpga_0  {rise@0.000ns fall@5.000ns period=10.000ns})
  Path Group:             clk_fpga_0
  Path Type:              Hold (Min at Fast Process Corner)
  Requirement:            0.000ns  (clk_fpga_0 rise@0.000ns - clk_fpga_0 rise@0.000ns)
  Data Path Delay:        0.437ns  (logic 0.310ns (70.966%)  route 0.127ns (29.034%))
  Logic Levels:           1  (CARRY4=1)
  Clock Path Skew:        0.263ns (DCD - SCD - CPR)
    Destination Clock Delay (DCD):    1.182ns
    Source Clock Delay      (SCD):    0.884ns
    Clock Pessimism Removal (CPR):    0.035ns

    Location             Delay type                Incr(ns)  Path(ns)    Netlist Resource(s)
  -------------------------------------------------------------------    -------------------
                         (clock clk_fpga_0 rise edge)
                                                      0.000     0.000 r  
    PS7_X0Y0             PS7                          0.000     0.000 r  cnn_system_i/processing_system7_0/inst/PS7_i/FCLKCLK[0]
                         net (fo=1, routed)           0.310     0.310    cnn_system_i/processing_system7_0/inst/FCLK_CLK_unbuffered[0]
    BUFGCTRL_X0Y16       BUFG (Prop_bufg_I_O)         0.026     0.336 r  cnn_system_i/processing_system7_0/inst/buffer_fclk_clk_0.FCLK_CLK_0_BUFG/O
                         net (fo=8881, routed)        0.548     0.884    cnn_system_i/axis_cnn_mnist_0/inst/u_conv1/u_conv1_calc/aclk
    SLICE_X50Y22         FDRE                                         r  cnn_system_i/axis_cnn_mnist_0/inst/u_conv1/u_conv1_calc/conv_channels[1].stg1_mult_reg[6][12]/C
  -------------------------------------------------------------------    -------------------
    SLICE_X50Y22         FDRE (Prop_fdre_C_Q)         0.164     1.048 r  cnn_system_i/axis_cnn_mnist_0/inst/u_conv1/u_conv1_calc/conv_channels[1].stg1_mult_reg[6][12]/Q
                         net (fo=2, routed)           0.127     1.174    cnn_system_i/axis_cnn_mnist_0/inst/u_conv1/u_conv1_calc/conv_channels[1].stg1_mult_reg_n_0_[6][12]
    SLICE_X48Y22         CARRY4 (Prop_carry4_DI[1]_O[2])
                                                      0.146     1.320 r  cnn_system_i/axis_cnn_mnist_0/inst/u_conv1/u_conv1_calc/conv_channels[1].stg2_add_reg[3][14]_i_1/O[2]
                         net (fo=1, routed)           0.000     1.320    cnn_system_i/axis_cnn_mnist_0/inst/u_conv1/u_conv1_calc/conv_channels[1].stg2_add_reg[3][14]_i_1_n_5
    SLICE_X48Y22         FDRE                                         r  cnn_system_i/axis_cnn_mnist_0/inst/u_conv1/u_conv1_calc/conv_channels[1].stg2_add_reg[3][13]/D
  -------------------------------------------------------------------    -------------------

                         (clock clk_fpga_0 rise edge)
                                                      0.000     0.000 r  
    PS7_X0Y0             PS7                          0.000     0.000 r  cnn_system_i/processing_system7_0/inst/PS7_i/FCLKCLK[0]
                         net (fo=1, routed)           0.337     0.337    cnn_system_i/processing_system7_0/inst/FCLK_CLK_unbuffered[0]
    BUFGCTRL_X0Y16       BUFG (Prop_bufg_I_O)         0.029     0.366 r  cnn_system_i/processing_system7_0/inst/buffer_fclk_clk_0.FCLK_CLK_0_BUFG/O
                         net (fo=8881, routed)        0.816     1.182    cnn_system_i/axis_cnn_mnist_0/inst/u_conv1/u_conv1_calc/aclk
    SLICE_X48Y22         FDRE                                         r  cnn_system_i/axis_cnn_mnist_0/inst/u_conv1/u_conv1_calc/conv_channels[1].stg2_add_reg[3][13]/C
                         clock pessimism             -0.035     1.147    
    SLICE_X48Y22         FDRE (Hold_fdre_C_D)         0.105     1.252    cnn_system_i/axis_cnn_mnist_0/inst/u_conv1/u_conv1_calc/conv_channels[1].stg2_add_reg[3][13]
  -------------------------------------------------------------------
                         required time                         -1.252    
                         arrival time                           1.320    
  -------------------------------------------------------------------
                         slack                                  0.068    

Slack (MET) :             0.077ns  (arrival time - required time)
  Source:                 cnn_system_i/axi_smc_1/inst/s00_nodes/s00_w_node/inst/inst_mi_handler/gen_normal_area.gen_upsizer.inst_upsizer/gen_w_ch.accum_reg[bytes][4][userdata][1]/C
                            (rising edge-triggered cell FDRE clocked by clk_fpga_0  {rise@0.000ns fall@5.000ns period=10.000ns})
  Destination:            cnn_system_i/axi_smc_1/inst/s00_nodes/s00_w_node/inst/inst_mi_handler/gen_normal_area.inst_fifo_node_payld/gen_xpm_memory_fifo.inst_fifo/gen_mem_rep[0].inst_xpm_memory/xpm_memory_base_inst/gen_wr_a.gen_word_narrow.mem_reg_0_31_54_59/RAMA/I
                            (rising edge-triggered cell RAMD32 clocked by clk_fpga_0  {rise@0.000ns fall@5.000ns period=10.000ns})
  Path Group:             clk_fpga_0
  Path Type:              Hold (Min at Fast Process Corner)
  Requirement:            0.000ns  (clk_fpga_0 rise@0.000ns - clk_fpga_0 rise@0.000ns)
  Data Path Delay:        0.257ns  (logic 0.141ns (54.966%)  route 0.116ns (45.034%))
  Logic Levels:           0  
  Clock Path Skew:        0.033ns (DCD - SCD - CPR)
    Destination Clock Delay (DCD):    1.208ns
    Source Clock Delay      (SCD):    0.911ns
    Clock Pessimism Removal (CPR):    0.264ns

    Location             Delay type                Incr(ns)  Path(ns)    Netlist Resource(s)
  -------------------------------------------------------------------    -------------------
                         (clock clk_fpga_0 rise edge)
                                                      0.000     0.000 r  
    PS7_X0Y0             PS7                          0.000     0.000 r  cnn_system_i/processing_system7_0/inst/PS7_i/FCLKCLK[0]
                         net (fo=1, routed)           0.310     0.310    cnn_system_i/processing_system7_0/inst/FCLK_CLK_unbuffered[0]
    BUFGCTRL_X0Y16       BUFG (Prop_bufg_I_O)         0.026     0.336 r  cnn_system_i/processing_system7_0/inst/buffer_fclk_clk_0.FCLK_CLK_0_BUFG/O
                         net (fo=8881, routed)        0.575     0.911    cnn_system_i/axi_smc_1/inst/s00_nodes/s00_w_node/inst/inst_mi_handler/gen_normal_area.gen_upsizer.inst_upsizer/s_sc_aclk
    SLICE_X29Y58         FDRE                                         r  cnn_system_i/axi_smc_1/inst/s00_nodes/s00_w_node/inst/inst_mi_handler/gen_normal_area.gen_upsizer.inst_upsizer/gen_w_ch.accum_reg[bytes][4][userdata][1]/C
  -------------------------------------------------------------------    -------------------
    SLICE_X29Y58         FDRE (Prop_fdre_C_Q)         0.141     1.052 r  cnn_system_i/axi_smc_1/inst/s00_nodes/s00_w_node/inst/inst_mi_handler/gen_normal_area.gen_upsizer.inst_upsizer/gen_w_ch.accum_reg[bytes][4][userdata][1]/Q
                         net (fo=1, routed)           0.116     1.167    cnn_system_i/axi_smc_1/inst/s00_nodes/s00_w_node/inst/inst_mi_handler/gen_normal_area.inst_fifo_node_payld/gen_xpm_memory_fifo.inst_fifo/gen_mem_rep[0].inst_xpm_memory/xpm_memory_base_inst/gen_wr_a.gen_word_narrow.mem_reg_0_31_54_59/DIA0
    SLICE_X26Y59         RAMD32                                       r  cnn_system_i/axi_smc_1/inst/s00_nodes/s00_w_node/inst/inst_mi_handler/gen_normal_area.inst_fifo_node_payld/gen_xpm_memory_fifo.inst_fifo/gen_mem_rep[0].inst_xpm_memory/xpm_memory_base_inst/gen_wr_a.gen_word_narrow.mem_reg_0_31_54_59/RAMA/I
  -------------------------------------------------------------------    -------------------

                         (clock clk_fpga_0 rise edge)
                                                      0.000     0.000 r  
    PS7_X0Y0             PS7                          0.000     0.000 r  cnn_system_i/processing_system7_0/inst/PS7_i/FCLKCLK[0]
                         net (fo=1, routed)           0.337     0.337    cnn_system_i/processing_system7_0/inst/FCLK_CLK_unbuffered[0]
    BUFGCTRL_X0Y16       BUFG (Prop_bufg_I_O)         0.029     0.366 r  cnn_system_i/processing_system7_0/inst/buffer_fclk_clk_0.FCLK_CLK_0_BUFG/O
                         net (fo=8881, routed)        0.842     1.208    cnn_system_i/axi_smc_1/inst/s00_nodes/s00_w_node/inst/inst_mi_handler/gen_normal_area.inst_fifo_node_payld/gen_xpm_memory_fifo.inst_fifo/gen_mem_rep[0].inst_xpm_memory/xpm_memory_base_inst/gen_wr_a.gen_word_narrow.mem_reg_0_31_54_59/WCLK
    SLICE_X26Y59         RAMD32                                       r  cnn_system_i/axi_smc_1/inst/s00_nodes/s00_w_node/inst/inst_mi_handler/gen_normal_area.inst_fifo_node_payld/gen_xpm_memory_fifo.inst_fifo/gen_mem_rep[0].inst_xpm_memory/xpm_memory_base_inst/gen_wr_a.gen_word_narrow.mem_reg_0_31_54_59/RAMA/CLK
                         clock pessimism             -0.264     0.944    
    SLICE_X26Y59         RAMD32 (Hold_ramd32_CLK_I)
                                                      0.147     1.091    cnn_system_i/axi_smc_1/inst/s00_nodes/s00_w_node/inst/inst_mi_handler/gen_normal_area.inst_fifo_node_payld/gen_xpm_memory_fifo.inst_fifo/gen_mem_rep[0].inst_xpm_memory/xpm_memory_base_inst/gen_wr_a.gen_word_narrow.mem_reg_0_31_54_59/RAMA
  -------------------------------------------------------------------
                         required time                         -1.091    
                         arrival time                           1.167    
  -------------------------------------------------------------------
                         slack                                  0.077    





Pulse Width Checks
--------------------------------------------------------------------------------------
Clock Name:         clk_fpga_0
Waveform(ns):       { 0.000 5.000 }
Period(ns):         10.000
Sources:            { cnn_system_i/processing_system7_0/inst/PS7_i/FCLKCLK[0] }

Check Type        Corner  Lib Pin      Reference Pin  Required(ns)  Actual(ns)  Slack(ns)  Location      Pin
Min Period        n/a     DSP48E1/CLK  n/a            3.272         10.000      6.728      DSP48_X0Y9    cnn_system_i/axis_cnn_mnist_0/inst/u_conv2/u_calc/product_s1_reg[0][1][0]/CLK
Min Period        n/a     DSP48E1/CLK  n/a            3.272         10.000      6.728      DSP48_X4Y31   cnn_system_i/axis_cnn_mnist_0/inst/u_conv2/u_calc/product_s1_reg[0][3][0]/CLK
Min Period        n/a     DSP48E1/CLK  n/a            3.272         10.000      6.728      DSP48_X0Y11   cnn_system_i/axis_cnn_mnist_0/inst/u_conv2/u_calc/product_s1_reg[1][1][0]/CLK
Min Period        n/a     DSP48E1/CLK  n/a            3.272         10.000      6.728      DSP48_X4Y37   cnn_system_i/axis_cnn_mnist_0/inst/u_conv2/u_calc/product_s1_reg[1][3][0]/CLK
Min Period        n/a     DSP48E1/CLK  n/a            3.272         10.000      6.728      DSP48_X0Y6    cnn_system_i/axis_cnn_mnist_0/inst/u_conv2/u_calc/product_s1_reg[2][1][0]/CLK
Min Period        n/a     DSP48E1/CLK  n/a            3.272         10.000      6.728      DSP48_X3Y35   cnn_system_i/axis_cnn_mnist_0/inst/u_conv2/u_calc/product_s1_reg[2][3][0]/CLK
Min Period        n/a     DSP48E1/CLK  n/a            3.272         10.000      6.728      DSP48_X0Y8    cnn_system_i/axis_cnn_mnist_0/inst/u_conv2/u_calc/product_s1_reg[3][1][0]/CLK
Min Period        n/a     DSP48E1/CLK  n/a            3.272         10.000      6.728      DSP48_X3Y37   cnn_system_i/axis_cnn_mnist_0/inst/u_conv2/u_calc/product_s1_reg[3][3][0]/CLK
Min Period        n/a     DSP48E1/CLK  n/a            3.272         10.000      6.728      DSP48_X1Y15   cnn_system_i/axis_cnn_mnist_0/inst/u_conv2/u_calc/product_s1_reg[0][1][2]/CLK
Min Period        n/a     DSP48E1/CLK  n/a            3.272         10.000      6.728      DSP48_X4Y27   cnn_system_i/axis_cnn_mnist_0/inst/u_conv2/u_calc/product_s1_reg[0][3][2]/CLK
Min Period        n/a     DSP48E1/CLK  n/a            3.272         10.000      6.728      DSP48_X0Y15   cnn_system_i/axis_cnn_mnist_0/inst/u_conv2/u_calc/product_s1_reg[1][1][2]/CLK
Min Period        n/a     DSP48E1/CLK  n/a            3.272         10.000      6.728      DSP48_X4Y35   cnn_system_i/axis_cnn_mnist_0/inst/u_conv2/u_calc/product_s1_reg[1][3][2]/CLK
Min Period        n/a     DSP48E1/CLK  n/a            3.272         10.000      6.728      DSP48_X1Y14   cnn_system_i/axis_cnn_mnist_0/inst/u_conv2/u_calc/product_s1_reg[2][1][2]/CLK
Min Period        n/a     DSP48E1/CLK  n/a            3.272         10.000      6.728      DSP48_X4Y33   cnn_system_i/axis_cnn_mnist_0/inst/u_conv2/u_calc/product_s1_reg[2][3][2]/CLK
Min Period        n/a     DSP48E1/CLK  n/a            3.272         10.000      6.728      DSP48_X0Y16   cnn_system_i/axis_cnn_mnist_0/inst/u_conv2/u_calc/product_s1_reg[3][1][2]/CLK
Min Period        n/a     DSP48E1/CLK  n/a            3.272         10.000      6.728      DSP48_X3Y34   cnn_system_i/axis_cnn_mnist_0/inst/u_conv2/u_calc/product_s1_reg[3][3][2]/CLK
Min Period        n/a     DSP48E1/CLK  n/a            3.272         10.000      6.728      DSP48_X1Y0    cnn_system_i/axis_cnn_mnist_0/inst/u_conv2/u_calc/product_s1_reg[0][1][4]/CLK
Min Period        n/a     DSP48E1/CLK  n/a            3.272         10.000      6.728      DSP48_X4Y16   cnn_system_i/axis_cnn_mnist_0/inst/u_conv2/u_calc/product_s1_reg[0][3][4]/CLK
Min Period        n/a     DSP48E1/CLK  n/a            3.272         10.000      6.728      DSP48_X0Y0    cnn_system_i/axis_cnn_mnist_0/inst/u_conv2/u_calc/product_s1_reg[1][1][4]/CLK
Min Period        n/a     DSP48E1/CLK  n/a            3.272         10.000      6.728      DSP48_X4Y15   cnn_system_i/axis_cnn_mnist_0/inst/u_conv2/u_calc/product_s1_reg[1][3][4]/CLK
Low Pulse Width   Fast    RAMD32/CLK   n/a            1.130         5.000       3.870      SLICE_X30Y71  cnn_system_i/axi_smc_1/inst/s00_nodes/s00_aw_node/inst/inst_mi_handler/gen_normal_area.inst_fifo_node_payld/gen_xpm_memory_fifo.inst_fifo/gen_mem_rep[0].inst_xpm_memory/xpm_memory_base_inst/gen_wr_a.gen_word_narrow.mem_reg_0_31_78_83/RAMA/CLK
Low Pulse Width   Fast    RAMD32/CLK   n/a            1.130         5.000       3.870      SLICE_X30Y71  cnn_system_i/axi_smc_1/inst/s00_nodes/s00_aw_node/inst/inst_mi_handler/gen_normal_area.inst_fifo_node_payld/gen_xpm_memory_fifo.inst_fifo/gen_mem_rep[0].inst_xpm_memory/xpm_memory_base_inst/gen_wr_a.gen_word_narrow.mem_reg_0_31_78_83/RAMA_D1/CLK
Low Pulse Width   Fast    RAMD32/CLK   n/a            1.130         5.000       3.870      SLICE_X30Y71  cnn_system_i/axi_smc_1/inst/s00_nodes/s00_aw_node/inst/inst_mi_handler/gen_normal_area.inst_fifo_node_payld/gen_xpm_memory_fifo.inst_fifo/gen_mem_rep[0].inst_xpm_memory/xpm_memory_base_inst/gen_wr_a.gen_word_narrow.mem_reg_0_31_78_83/RAMB/CLK
Low Pulse Width   Fast    RAMD32/CLK   n/a            1.130         5.000       3.870      SLICE_X30Y71  cnn_system_i/axi_smc_1/inst/s00_nodes/s00_aw_node/inst/inst_mi_handler/gen_normal_area.inst_fifo_node_payld/gen_xpm_memory_fifo.inst_fifo/gen_mem_rep[0].inst_xpm_memory/xpm_memory_base_inst/gen_wr_a.gen_word_narrow.mem_reg_0_31_78_83/RAMB_D1/CLK
Low Pulse Width   Fast    RAMD32/CLK   n/a            1.130         5.000       3.870      SLICE_X30Y71  cnn_system_i/axi_smc_1/inst/s00_nodes/s00_aw_node/inst/inst_mi_handler/gen_normal_area.inst_fifo_node_payld/gen_xpm_memory_fifo.inst_fifo/gen_mem_rep[0].inst_xpm_memory/xpm_memory_base_inst/gen_wr_a.gen_word_narrow.mem_reg_0_31_78_83/RAMC/CLK
Low Pulse Width   Fast    RAMD32/CLK   n/a            1.130         5.000       3.870      SLICE_X30Y71  cnn_system_i/axi_smc_1/inst/s00_nodes/s00_aw_node/inst/inst_mi_handler/gen_normal_area.inst_fifo_node_payld/gen_xpm_memory_fifo.inst_fifo/gen_mem_rep[0].inst_xpm_memory/xpm_memory_base_inst/gen_wr_a.gen_word_narrow.mem_reg_0_31_78_83/RAMC_D1/CLK
Low Pulse Width   Fast    RAMS32/CLK   n/a            1.130         5.000       3.870      SLICE_X30Y71  cnn_system_i/axi_smc_1/inst/s00_nodes/s00_aw_node/inst/inst_mi_handler/gen_normal_area.inst_fifo_node_payld/gen_xpm_memory_fifo.inst_fifo/gen_mem_rep[0].inst_xpm_memory/xpm_memory_base_inst/gen_wr_a.gen_word_narrow.mem_reg_0_31_78_83/RAMD/CLK
Low Pulse Width   Fast    RAMS32/CLK   n/a            1.130         5.000       3.870      SLICE_X30Y71  cnn_system_i/axi_smc_1/inst/s00_nodes/s00_aw_node/inst/inst_mi_handler/gen_normal_area.inst_fifo_node_payld/gen_xpm_memory_fifo.inst_fifo/gen_mem_rep[0].inst_xpm_memory/xpm_memory_base_inst/gen_wr_a.gen_word_narrow.mem_reg_0_31_78_83/RAMD_D1/CLK
Low Pulse Width   Slow    RAMD32/CLK   n/a            1.130         5.000       3.870      SLICE_X30Y62  cnn_system_i/axi_smc_1/inst/s00_nodes/s00_w_node/inst/inst_mi_handler/gen_normal_area.inst_fifo_node_payld/gen_xpm_memory_fifo.inst_fifo/gen_mem_rep[0].inst_xpm_memory/xpm_memory_base_inst/gen_wr_a.gen_word_narrow.mem_reg_0_31_12_17/RAMA/CLK
Low Pulse Width   Slow    RAMD32/CLK   n/a            1.130         5.000       3.870      SLICE_X30Y62  cnn_system_i/axi_smc_1/inst/s00_nodes/s00_w_node/inst/inst_mi_handler/gen_normal_area.inst_fifo_node_payld/gen_xpm_memory_fifo.inst_fifo/gen_mem_rep[0].inst_xpm_memory/xpm_memory_base_inst/gen_wr_a.gen_word_narrow.mem_reg_0_31_12_17/RAMA_D1/CLK
Low Pulse Width   Slow    RAMD32/CLK   n/a            1.130         5.000       3.870      SLICE_X30Y62  cnn_system_i/axi_smc_1/inst/s00_nodes/s00_w_node/inst/inst_mi_handler/gen_normal_area.inst_fifo_node_payld/gen_xpm_memory_fifo.inst_fifo/gen_mem_rep[0].inst_xpm_memory/xpm_memory_base_inst/gen_wr_a.gen_word_narrow.mem_reg_0_31_12_17/RAMB/CLK
Low Pulse Width   Slow    RAMD32/CLK   n/a            1.130         5.000       3.870      SLICE_X30Y62  cnn_system_i/axi_smc_1/inst/s00_nodes/s00_w_node/inst/inst_mi_handler/gen_normal_area.inst_fifo_node_payld/gen_xpm_memory_fifo.inst_fifo/gen_mem_rep[0].inst_xpm_memory/xpm_memory_base_inst/gen_wr_a.gen_word_narrow.mem_reg_0_31_12_17/RAMB_D1/CLK
Low Pulse Width   Slow    RAMD32/CLK   n/a            1.130         5.000       3.870      SLICE_X30Y62  cnn_system_i/axi_smc_1/inst/s00_nodes/s00_w_node/inst/inst_mi_handler/gen_normal_area.inst_fifo_node_payld/gen_xpm_memory_fifo.inst_fifo/gen_mem_rep[0].inst_xpm_memory/xpm_memory_base_inst/gen_wr_a.gen_word_narrow.mem_reg_0_31_12_17/RAMC/CLK
Low Pulse Width   Slow    RAMD32/CLK   n/a            1.130         5.000       3.870      SLICE_X30Y62  cnn_system_i/axi_smc_1/inst/s00_nodes/s00_w_node/inst/inst_mi_handler/gen_normal_area.inst_fifo_node_payld/gen_xpm_memory_fifo.inst_fifo/gen_mem_rep[0].inst_xpm_memory/xpm_memory_base_inst/gen_wr_a.gen_word_narrow.mem_reg_0_31_12_17/RAMC_D1/CLK
Low Pulse Width   Slow    RAMS32/CLK   n/a            1.130         5.000       3.870      SLICE_X30Y62  cnn_system_i/axi_smc_1/inst/s00_nodes/s00_w_node/inst/inst_mi_handler/gen_normal_area.inst_fifo_node_payld/gen_xpm_memory_fifo.inst_fifo/gen_mem_rep[0].inst_xpm_memory/xpm_memory_base_inst/gen_wr_a.gen_word_narrow.mem_reg_0_31_12_17/RAMD/CLK
Low Pulse Width   Slow    RAMS32/CLK   n/a            1.130         5.000       3.870      SLICE_X30Y62  cnn_system_i/axi_smc_1/inst/s00_nodes/s00_w_node/inst/inst_mi_handler/gen_normal_area.inst_fifo_node_payld/gen_xpm_memory_fifo.inst_fifo/gen_mem_rep[0].inst_xpm_memory/xpm_memory_base_inst/gen_wr_a.gen_word_narrow.mem_reg_0_31_12_17/RAMD_D1/CLK
Low Pulse Width   Slow    RAMD32/CLK   n/a            1.130         5.000       3.870      SLICE_X30Y61  cnn_system_i/axi_smc_1/inst/s00_nodes/s00_w_node/inst/inst_mi_handler/gen_normal_area.inst_fifo_node_payld/gen_xpm_memory_fifo.inst_fifo/gen_mem_rep[0].inst_xpm_memory/xpm_memory_base_inst/gen_wr_a.gen_word_narrow.mem_reg_0_31_48_53/RAMA/CLK
Low Pulse Width   Slow    RAMD32/CLK   n/a            1.130         5.000       3.870      SLICE_X30Y61  cnn_system_i/axi_smc_1/inst/s00_nodes/s00_w_node/inst/inst_mi_handler/gen_normal_area.inst_fifo_node_payld/gen_xpm_memory_fifo.inst_fifo/gen_mem_rep[0].inst_xpm_memory/xpm_memory_base_inst/gen_wr_a.gen_word_narrow.mem_reg_0_31_48_53/RAMA_D1/CLK
Low Pulse Width   Slow    RAMD32/CLK   n/a            1.130         5.000       3.870      SLICE_X30Y61  cnn_system_i/axi_smc_1/inst/s00_nodes/s00_w_node/inst/inst_mi_handler/gen_normal_area.inst_fifo_node_payld/gen_xpm_memory_fifo.inst_fifo/gen_mem_rep[0].inst_xpm_memory/xpm_memory_base_inst/gen_wr_a.gen_word_narrow.mem_reg_0_31_48_53/RAMB/CLK
Low Pulse Width   Slow    RAMD32/CLK   n/a            1.130         5.000       3.870      SLICE_X30Y61  cnn_system_i/axi_smc_1/inst/s00_nodes/s00_w_node/inst/inst_mi_handler/gen_normal_area.inst_fifo_node_payld/gen_xpm_memory_fifo.inst_fifo/gen_mem_rep[0].inst_xpm_memory/xpm_memory_base_inst/gen_wr_a.gen_word_narrow.mem_reg_0_31_48_53/RAMB_D1/CLK
High Pulse Width  Slow    RAMD64E/CLK  n/a            1.130         5.000       3.870      SLICE_X46Y51  cnn_system_i/axis_data_fifo_1/inst/gen_fifo.xpm_fifo_axis_inst/xpm_fifo_base_inst/gen_sdpram.xpm_memory_base_inst/gen_wr_a.gen_word_narrow.mem_reg_0_63_0_2/RAMA/CLK
High Pulse Width  Slow    RAMD64E/CLK  n/a            1.130         5.000       3.870      SLICE_X46Y51  cnn_system_i/axis_data_fifo_1/inst/gen_fifo.xpm_fifo_axis_inst/xpm_fifo_base_inst/gen_sdpram.xpm_memory_base_inst/gen_wr_a.gen_word_narrow.mem_reg_0_63_0_2/RAMB/CLK
High Pulse Width  Slow    RAMD64E/CLK  n/a            1.130         5.000       3.870      SLICE_X46Y51  cnn_system_i/axis_data_fifo_1/inst/gen_fifo.xpm_fifo_axis_inst/xpm_fifo_base_inst/gen_sdpram.xpm_memory_base_inst/gen_wr_a.gen_word_narrow.mem_reg_0_63_0_2/RAMC/CLK
High Pulse Width  Slow    RAMD64E/CLK  n/a            1.130         5.000       3.870      SLICE_X46Y51  cnn_system_i/axis_data_fifo_1/inst/gen_fifo.xpm_fifo_axis_inst/xpm_fifo_base_inst/gen_sdpram.xpm_memory_base_inst/gen_wr_a.gen_word_narrow.mem_reg_0_63_0_2/RAMD/CLK
High Pulse Width  Slow    RAMD64E/CLK  n/a            1.130         5.000       3.870      SLICE_X46Y50  cnn_system_i/axis_data_fifo_1/inst/gen_fifo.xpm_fifo_axis_inst/xpm_fifo_base_inst/gen_sdpram.xpm_memory_base_inst/gen_wr_a.gen_word_narrow.mem_reg_0_63_13_13/DP/CLK
High Pulse Width  Slow    RAMD64E/CLK  n/a            1.130         5.000       3.870      SLICE_X46Y50  cnn_system_i/axis_data_fifo_1/inst/gen_fifo.xpm_fifo_axis_inst/xpm_fifo_base_inst/gen_sdpram.xpm_memory_base_inst/gen_wr_a.gen_word_narrow.mem_reg_0_63_13_13/SP/CLK
High Pulse Width  Slow    RAMD64E/CLK  n/a            1.130         5.000       3.870      SLICE_X46Y52  cnn_system_i/axis_data_fifo_1/inst/gen_fifo.xpm_fifo_axis_inst/xpm_fifo_base_inst/gen_sdpram.xpm_memory_base_inst/gen_wr_a.gen_word_narrow.mem_reg_0_63_3_5/RAMA/CLK
High Pulse Width  Slow    RAMD64E/CLK  n/a            1.130         5.000       3.870      SLICE_X46Y52  cnn_system_i/axis_data_fifo_1/inst/gen_fifo.xpm_fifo_axis_inst/xpm_fifo_base_inst/gen_sdpram.xpm_memory_base_inst/gen_wr_a.gen_word_narrow.mem_reg_0_63_3_5/RAMB/CLK
High Pulse Width  Slow    RAMD64E/CLK  n/a            1.130         5.000       3.870      SLICE_X46Y52  cnn_system_i/axis_data_fifo_1/inst/gen_fifo.xpm_fifo_axis_inst/xpm_fifo_base_inst/gen_sdpram.xpm_memory_base_inst/gen_wr_a.gen_word_narrow.mem_reg_0_63_3_5/RAMC/CLK
High Pulse Width  Slow    RAMD64E/CLK  n/a            1.130         5.000       3.870      SLICE_X46Y52  cnn_system_i/axis_data_fifo_1/inst/gen_fifo.xpm_fifo_axis_inst/xpm_fifo_base_inst/gen_sdpram.xpm_memory_base_inst/gen_wr_a.gen_word_narrow.mem_reg_0_63_3_5/RAMD/CLK
High Pulse Width  Slow    RAMD64E/CLK  n/a            1.130         5.000       3.870      SLICE_X42Y51  cnn_system_i/axis_data_fifo_1/inst/gen_fifo.xpm_fifo_axis_inst/xpm_fifo_base_inst/gen_sdpram.xpm_memory_base_inst/gen_wr_a.gen_word_narrow.mem_reg_0_63_6_8/RAMA/CLK
High Pulse Width  Slow    RAMD64E/CLK  n/a            1.130         5.000       3.870      SLICE_X42Y51  cnn_system_i/axis_data_fifo_1/inst/gen_fifo.xpm_fifo_axis_inst/xpm_fifo_base_inst/gen_sdpram.xpm_memory_base_inst/gen_wr_a.gen_word_narrow.mem_reg_0_63_6_8/RAMB/CLK
High Pulse Width  Slow    RAMD64E/CLK  n/a            1.130         5.000       3.870      SLICE_X42Y51  cnn_system_i/axis_data_fifo_1/inst/gen_fifo.xpm_fifo_axis_inst/xpm_fifo_base_inst/gen_sdpram.xpm_memory_base_inst/gen_wr_a.gen_word_narrow.mem_reg_0_63_6_8/RAMC/CLK
High Pulse Width  Slow    RAMD64E/CLK  n/a            1.130         5.000       3.870      SLICE_X42Y51  cnn_system_i/axis_data_fifo_1/inst/gen_fifo.xpm_fifo_axis_inst/xpm_fifo_base_inst/gen_sdpram.xpm_memory_base_inst/gen_wr_a.gen_word_narrow.mem_reg_0_63_6_8/RAMD/CLK
High Pulse Width  Slow    RAMD32/CLK   n/a            1.130         5.000       3.870      SLICE_X66Y63  cnn_system_i/axis_cnn_mnist_0/inst/u_fc/pool_buf_reg_0_31_0_5/RAMA/CLK
High Pulse Width  Slow    RAMD32/CLK   n/a            1.130         5.000       3.870      SLICE_X66Y63  cnn_system_i/axis_cnn_mnist_0/inst/u_fc/pool_buf_reg_0_31_0_5/RAMA_D1/CLK
High Pulse Width  Slow    RAMD32/CLK   n/a            1.130         5.000       3.870      SLICE_X66Y63  cnn_system_i/axis_cnn_mnist_0/inst/u_fc/pool_buf_reg_0_31_0_5/RAMB/CLK
High Pulse Width  Slow    RAMD32/CLK   n/a            1.130         5.000       3.870      SLICE_X66Y63  cnn_system_i/axis_cnn_mnist_0/inst/u_fc/pool_buf_reg_0_31_0_5/RAMB_D1/CLK
High Pulse Width  Slow    RAMD32/CLK   n/a            1.130         5.000       3.870      SLICE_X66Y63  cnn_system_i/axis_cnn_mnist_0/inst/u_fc/pool_buf_reg_0_31_0_5/RAMC/CLK
High Pulse Width  Slow    RAMD32/CLK   n/a            1.130         5.000       3.870      SLICE_X66Y63  cnn_system_i/axis_cnn_mnist_0/inst/u_fc/pool_buf_reg_0_31_0_5/RAMC_D1/CLK



--------------------------------------------------------------------------------------
Path Group:  (none)
From Clock:  
  To Clock:  clk_fpga_0

Max Delay             1 Endpoint
Min Delay             1 Endpoint
--------------------------------------------------------------------------------------


Max Delay Paths
--------------------------------------------------------------------------------------
Slack:                    inf
  Source:                 cnn_system_i/processing_system7_0/inst/PS7_i/FCLKRESETN[0]
                            (internal pin)
  Destination:            cnn_system_i/rst_ps7_0_100M/U0/EXT_LPF/ACTIVE_LOW_EXT.ACT_LO_EXT/GENERATE_LEVEL_P_S_CDC.SINGLE_BIT.CROSS_PLEVEL_IN2SCNDRY_IN_cdc_to/D
                            (rising edge-triggered cell FDRE clocked by clk_fpga_0  {rise@0.000ns fall@5.000ns period=10.000ns})
  Path Group:             (none)
  Path Type:              Setup (Max at Slow Process Corner)
  Data Path Delay:        1.284ns  (logic 0.105ns (8.177%)  route 1.179ns (91.823%))
  Logic Levels:           1  (LUT1=1)
  Clock Uncertainty:      0.152ns  ((TSJ^2 + TIJ^2)^1/2 + DJ) / 2 + PE
    Total System Jitter     (TSJ):    0.050ns
    Total Input Jitter      (TIJ):    0.300ns
    Discrete Jitter          (DJ):    0.000ns
    Phase Error              (PE):    0.000ns
  Timing Exception:       False Path

    Location             Delay type                Incr(ns)  Path(ns)    Netlist Resource(s)
  -------------------------------------------------------------------    -------------------
    PS7_X0Y0             PS7                          0.000     0.000 f  cnn_system_i/processing_system7_0/inst/PS7_i/FCLKRESETN[0]
                         net (fo=1, routed)           1.179     1.179    cnn_system_i/rst_ps7_0_100M/U0/EXT_LPF/ACTIVE_LOW_EXT.ACT_LO_EXT/ext_reset_in
    SLICE_X41Y89         LUT1 (Prop_lut1_I0_O)        0.105     1.284 r  cnn_system_i/rst_ps7_0_100M/U0/EXT_LPF/ACTIVE_LOW_EXT.ACT_LO_EXT/GENERATE_LEVEL_P_S_CDC.SINGLE_BIT.CROSS_PLEVEL_IN2SCNDRY_IN_cdc_to_i_1/O
                         net (fo=1, routed)           0.000     1.284    cnn_system_i/rst_ps7_0_100M/U0/EXT_LPF/ACTIVE_LOW_EXT.ACT_LO_EXT/exr_d1
    SLICE_X41Y89         FDRE                                         r  cnn_system_i/rst_ps7_0_100M/U0/EXT_LPF/ACTIVE_LOW_EXT.ACT_LO_EXT/GENERATE_LEVEL_P_S_CDC.SINGLE_BIT.CROSS_PLEVEL_IN2SCNDRY_IN_cdc_to/D
  -------------------------------------------------------------------    -------------------

                         (clock clk_fpga_0 rise edge)
                                                      0.000     0.000 r  
    PS7_X0Y0             PS7                          0.000     0.000 r  cnn_system_i/processing_system7_0/inst/PS7_i/FCLKCLK[0]
                         net (fo=1, routed)           0.905     0.905    cnn_system_i/processing_system7_0/inst/FCLK_CLK_unbuffered[0]
    BUFGCTRL_X0Y16       BUFG (Prop_bufg_I_O)         0.077     0.982 r  cnn_system_i/processing_system7_0/inst/buffer_fclk_clk_0.FCLK_CLK_0_BUFG/O
                         net (fo=8881, routed)        1.233     2.216    cnn_system_i/rst_ps7_0_100M/U0/EXT_LPF/ACTIVE_LOW_EXT.ACT_LO_EXT/slowest_sync_clk
    SLICE_X41Y89         FDRE                                         r  cnn_system_i/rst_ps7_0_100M/U0/EXT_LPF/ACTIVE_LOW_EXT.ACT_LO_EXT/GENERATE_LEVEL_P_S_CDC.SINGLE_BIT.CROSS_PLEVEL_IN2SCNDRY_IN_cdc_to/C





Min Delay Paths
--------------------------------------------------------------------------------------
Slack:                    inf
  Source:                 cnn_system_i/processing_system7_0/inst/PS7_i/FCLKRESETN[0]
                            (internal pin)
  Destination:            cnn_system_i/rst_ps7_0_100M/U0/EXT_LPF/ACTIVE_LOW_EXT.ACT_LO_EXT/GENERATE_LEVEL_P_S_CDC.SINGLE_BIT.CROSS_PLEVEL_IN2SCNDRY_IN_cdc_to/D
                            (rising edge-triggered cell FDRE clocked by clk_fpga_0  {rise@0.000ns fall@5.000ns period=10.000ns})
  Path Group:             (none)
  Path Type:              Hold (Min at Fast Process Corner)
  Data Path Delay:        0.610ns  (logic 0.045ns (7.375%)  route 0.565ns (92.625%))
  Logic Levels:           1  (LUT1=1)
  Clock Uncertainty:      0.152ns  ((TSJ^2 + TIJ^2)^1/2 + DJ) / 2 + PE
    Total System Jitter     (TSJ):    0.050ns
    Total Input Jitter      (TIJ):    0.300ns
    Discrete Jitter          (DJ):    0.000ns
    Phase Error              (PE):    0.000ns
  Timing Exception:       False Path

    Location             Delay type                Incr(ns)  Path(ns)    Netlist Resource(s)
  -------------------------------------------------------------------    -------------------
    PS7_X0Y0             PS7                          0.000     0.000 f  cnn_system_i/processing_system7_0/inst/PS7_i/FCLKRESETN[0]
                         net (fo=1, routed)           0.565     0.565    cnn_system_i/rst_ps7_0_100M/U0/EXT_LPF/ACTIVE_LOW_EXT.ACT_LO_EXT/ext_reset_in
    SLICE_X41Y89         LUT1 (Prop_lut1_I0_O)        0.045     0.610 r  cnn_system_i/rst_ps7_0_100M/U0/EXT_LPF/ACTIVE_LOW_EXT.ACT_LO_EXT/GENERATE_LEVEL_P_S_CDC.SINGLE_BIT.CROSS_PLEVEL_IN2SCNDRY_IN_cdc_to_i_1/O
                         net (fo=1, routed)           0.000     0.610    cnn_system_i/rst_ps7_0_100M/U0/EXT_LPF/ACTIVE_LOW_EXT.ACT_LO_EXT/exr_d1
    SLICE_X41Y89         FDRE                                         r  cnn_system_i/rst_ps7_0_100M/U0/EXT_LPF/ACTIVE_LOW_EXT.ACT_LO_EXT/GENERATE_LEVEL_P_S_CDC.SINGLE_BIT.CROSS_PLEVEL_IN2SCNDRY_IN_cdc_to/D
  -------------------------------------------------------------------    -------------------

                         (clock clk_fpga_0 rise edge)
                                                      0.000     0.000 r  
    PS7_X0Y0             PS7                          0.000     0.000 r  cnn_system_i/processing_system7_0/inst/PS7_i/FCLKCLK[0]
                         net (fo=1, routed)           0.337     0.337    cnn_system_i/processing_system7_0/inst/FCLK_CLK_unbuffered[0]
    BUFGCTRL_X0Y16       BUFG (Prop_bufg_I_O)         0.029     0.366 r  cnn_system_i/processing_system7_0/inst/buffer_fclk_clk_0.FCLK_CLK_0_BUFG/O
                         net (fo=8881, routed)        0.822     1.188    cnn_system_i/rst_ps7_0_100M/U0/EXT_LPF/ACTIVE_LOW_EXT.ACT_LO_EXT/slowest_sync_clk
    SLICE_X41Y89         FDRE                                         r  cnn_system_i/rst_ps7_0_100M/U0/EXT_LPF/ACTIVE_LOW_EXT.ACT_LO_EXT/GENERATE_LEVEL_P_S_CDC.SINGLE_BIT.CROSS_PLEVEL_IN2SCNDRY_IN_cdc_to/C





--------------------------------------------------------------------------------------
Path Group:  (none)
From Clock:  clk_fpga_0
  To Clock:  clk_fpga_0

Max Delay            39 Endpoints
Min Delay            39 Endpoints
--------------------------------------------------------------------------------------


Max Delay Paths
--------------------------------------------------------------------------------------
Slack:                    inf
  Source:                 cnn_system_i/rst_ps7_0_100M/U0/ACTIVE_LOW_PR_OUT_DFF[0].FDRE_PER_N/C
                            (rising edge-triggered cell FDRE clocked by clk_fpga_0  {rise@0.000ns fall@5.000ns period=10.000ns})
  Destination:            cnn_system_i/axi_smc/inst/clk_map/psr_aclk/U0/EXT_LPF/ACTIVE_LOW_AUX.ACT_LO_AUX/GENERATE_LEVEL_P_S_CDC.SINGLE_BIT.CROSS_PLEVEL_IN2SCNDRY_IN_cdc_to/D
                            (rising edge-triggered cell FDRE clocked by clk_fpga_0  {rise@0.000ns fall@5.000ns period=10.000ns})
  Path Group:             (none)
  Path Type:              Setup (Max at Slow Process Corner)
  Data Path Delay:        3.924ns  (logic 0.551ns (14.040%)  route 3.373ns (85.960%))
  Logic Levels:           1  (LUT1=1)
  Clock Path Skew:        -0.166ns (DCD - SCD + CPR)
    Destination Clock Delay (DCD):    2.296ns
    Source Clock Delay      (SCD):    2.462ns
    Clock Pessimism Removal (CPR):    0.000ns
  Clock Uncertainty:      0.154ns  ((TSJ^2 + TIJ^2)^1/2 + DJ) / 2 + PE
    Total System Jitter     (TSJ):    0.071ns
    Total Input Jitter      (TIJ):    0.300ns
    Discrete Jitter          (DJ):    0.000ns
    Phase Error              (PE):    0.000ns
  Timing Exception:       False Path

    Location             Delay type                Incr(ns)  Path(ns)    Netlist Resource(s)
  -------------------------------------------------------------------    -------------------
                         (clock clk_fpga_0 rise edge)
                                                      0.000     0.000 r  
    PS7_X0Y0             PS7                          0.000     0.000 r  cnn_system_i/processing_system7_0/inst/PS7_i/FCLKCLK[0]
                         net (fo=1, routed)           0.994     0.994    cnn_system_i/processing_system7_0/inst/FCLK_CLK_unbuffered[0]
    BUFGCTRL_X0Y16       BUFG (Prop_bufg_I_O)         0.085     1.079 r  cnn_system_i/processing_system7_0/inst/buffer_fclk_clk_0.FCLK_CLK_0_BUFG/O
                         net (fo=8881, routed)        1.383     2.462    cnn_system_i/rst_ps7_0_100M/U0/slowest_sync_clk
    SLICE_X46Y85         FDRE                                         r  cnn_system_i/rst_ps7_0_100M/U0/ACTIVE_LOW_PR_OUT_DFF[0].FDRE_PER_N/C
  -------------------------------------------------------------------    -------------------
    SLICE_X46Y85         FDRE (Prop_fdre_C_Q)         0.433     2.895 f  cnn_system_i/rst_ps7_0_100M/U0/ACTIVE_LOW_PR_OUT_DFF[0].FDRE_PER_N/Q
                         net (fo=60, routed)          2.913     5.808    cnn_system_i/axi_smc/inst/clk_map/psr_aclk/U0/EXT_LPF/ACTIVE_LOW_AUX.ACT_LO_AUX/aresetn
    SLICE_X31Y33         LUT1 (Prop_lut1_I0_O)        0.118     5.926 r  cnn_system_i/axi_smc/inst/clk_map/psr_aclk/U0/EXT_LPF/ACTIVE_LOW_AUX.ACT_LO_AUX/GENERATE_LEVEL_P_S_CDC.SINGLE_BIT.CROSS_PLEVEL_IN2SCNDRY_IN_cdc_to_i_1/O
                         net (fo=1, routed)           0.461     6.386    cnn_system_i/axi_smc/inst/clk_map/psr_aclk/U0/EXT_LPF/ACTIVE_LOW_AUX.ACT_LO_AUX/asr_d1
    SLICE_X31Y36         FDRE                                         r  cnn_system_i/axi_smc/inst/clk_map/psr_aclk/U0/EXT_LPF/ACTIVE_LOW_AUX.ACT_LO_AUX/GENERATE_LEVEL_P_S_CDC.SINGLE_BIT.CROSS_PLEVEL_IN2SCNDRY_IN_cdc_to/D
  -------------------------------------------------------------------    -------------------

                         (clock clk_fpga_0 rise edge)
                                                      0.000     0.000 r  
    PS7_X0Y0             PS7                          0.000     0.000 r  cnn_system_i/processing_system7_0/inst/PS7_i/FCLKCLK[0]
                         net (fo=1, routed)           0.905     0.905    cnn_system_i/processing_system7_0/inst/FCLK_CLK_unbuffered[0]
    BUFGCTRL_X0Y16       BUFG (Prop_bufg_I_O)         0.077     0.982 r  cnn_system_i/processing_system7_0/inst/buffer_fclk_clk_0.FCLK_CLK_0_BUFG/O
                         net (fo=8881, routed)        1.314     2.296    cnn_system_i/axi_smc/inst/clk_map/psr_aclk/U0/EXT_LPF/ACTIVE_LOW_AUX.ACT_LO_AUX/aclk
    SLICE_X31Y36         FDRE                                         r  cnn_system_i/axi_smc/inst/clk_map/psr_aclk/U0/EXT_LPF/ACTIVE_LOW_AUX.ACT_LO_AUX/GENERATE_LEVEL_P_S_CDC.SINGLE_BIT.CROSS_PLEVEL_IN2SCNDRY_IN_cdc_to/C

Slack:                    inf
  Source:                 cnn_system_i/rst_ps7_0_100M/U0/ACTIVE_LOW_PR_OUT_DFF[0].FDRE_PER_N/C
                            (rising edge-triggered cell FDRE clocked by clk_fpga_0  {rise@0.000ns fall@5.000ns period=10.000ns})
  Destination:            cnn_system_i/axis_data_fifo_0/inst/gen_fifo.xpm_fifo_axis_inst/gaxis_rst_sync.xpm_cdc_sync_rst_inst/syncstages_ff_reg[0]/D
                            (rising edge-triggered cell FDRE clocked by clk_fpga_0  {rise@0.000ns fall@5.000ns period=10.000ns})
  Path Group:             (none)
  Path Type:              Setup (Max at Slow Process Corner)
  Data Path Delay:        3.567ns  (logic 0.538ns (15.084%)  route 3.029ns (84.916%))
  Logic Levels:           1  (LUT1=1)
  Clock Path Skew:        -0.168ns (DCD - SCD + CPR)
    Destination Clock Delay (DCD):    2.294ns
    Source Clock Delay      (SCD):    2.462ns
    Clock Pessimism Removal (CPR):    0.000ns
  Clock Uncertainty:      0.154ns  ((TSJ^2 + TIJ^2)^1/2 + DJ) / 2 + PE
    Total System Jitter     (TSJ):    0.071ns
    Total Input Jitter      (TIJ):    0.300ns
    Discrete Jitter          (DJ):    0.000ns
    Phase Error              (PE):    0.000ns
  Timing Exception:       False Path

    Location             Delay type                Incr(ns)  Path(ns)    Netlist Resource(s)
  -------------------------------------------------------------------    -------------------
                         (clock clk_fpga_0 rise edge)
                                                      0.000     0.000 r  
    PS7_X0Y0             PS7                          0.000     0.000 r  cnn_system_i/processing_system7_0/inst/PS7_i/FCLKCLK[0]
                         net (fo=1, routed)           0.994     0.994    cnn_system_i/processing_system7_0/inst/FCLK_CLK_unbuffered[0]
    BUFGCTRL_X0Y16       BUFG (Prop_bufg_I_O)         0.085     1.079 r  cnn_system_i/processing_system7_0/inst/buffer_fclk_clk_0.FCLK_CLK_0_BUFG/O
                         net (fo=8881, routed)        1.383     2.462    cnn_system_i/rst_ps7_0_100M/U0/slowest_sync_clk
    SLICE_X46Y85         FDRE                                         r  cnn_system_i/rst_ps7_0_100M/U0/ACTIVE_LOW_PR_OUT_DFF[0].FDRE_PER_N/C
  -------------------------------------------------------------------    -------------------
    SLICE_X46Y85         FDRE (Prop_fdre_C_Q)         0.433     2.895 f  cnn_system_i/rst_ps7_0_100M/U0/ACTIVE_LOW_PR_OUT_DFF[0].FDRE_PER_N/Q
                         net (fo=60, routed)          2.913     5.808    cnn_system_i/axis_data_fifo_0/inst/gen_fifo.xpm_fifo_axis_inst/s_aresetn
    SLICE_X31Y33         LUT1 (Prop_lut1_I0_O)        0.105     5.913 r  cnn_system_i/axis_data_fifo_0/inst/gen_fifo.xpm_fifo_axis_inst/gaxis_rst_sync.xpm_cdc_sync_rst_inst_i_1/O
                         net (fo=1, routed)           0.116     6.029    cnn_system_i/axis_data_fifo_0/inst/gen_fifo.xpm_fifo_axis_inst/gaxis_rst_sync.xpm_cdc_sync_rst_inst/src_rst
    SLICE_X31Y33         FDRE                                         r  cnn_system_i/axis_data_fifo_0/inst/gen_fifo.xpm_fifo_axis_inst/gaxis_rst_sync.xpm_cdc_sync_rst_inst/syncstages_ff_reg[0]/D
  -------------------------------------------------------------------    -------------------

                         (clock clk_fpga_0 rise edge)
                                                      0.000     0.000 r  
    PS7_X0Y0             PS7                          0.000     0.000 r  cnn_system_i/processing_system7_0/inst/PS7_i/FCLKCLK[0]
                         net (fo=1, routed)           0.905     0.905    cnn_system_i/processing_system7_0/inst/FCLK_CLK_unbuffered[0]
    BUFGCTRL_X0Y16       BUFG (Prop_bufg_I_O)         0.077     0.982 r  cnn_system_i/processing_system7_0/inst/buffer_fclk_clk_0.FCLK_CLK_0_BUFG/O
                         net (fo=8881, routed)        1.312     2.294    cnn_system_i/axis_data_fifo_0/inst/gen_fifo.xpm_fifo_axis_inst/gaxis_rst_sync.xpm_cdc_sync_rst_inst/dest_clk
    SLICE_X31Y33         FDRE                                         r  cnn_system_i/axis_data_fifo_0/inst/gen_fifo.xpm_fifo_axis_inst/gaxis_rst_sync.xpm_cdc_sync_rst_inst/syncstages_ff_reg[0]/C

Slack:                    inf
  Source:                 cnn_system_i/rst_ps7_0_100M/U0/ACTIVE_LOW_PR_OUT_DFF[0].FDRE_PER_N/C
                            (rising edge-triggered cell FDRE clocked by clk_fpga_0  {rise@0.000ns fall@5.000ns period=10.000ns})
  Destination:            cnn_system_i/axi_smc_1/inst/clk_map/psr_aclk/U0/EXT_LPF/ACTIVE_LOW_AUX.ACT_LO_AUX/GENERATE_LEVEL_P_S_CDC.SINGLE_BIT.CROSS_PLEVEL_IN2SCNDRY_IN_cdc_to/D
                            (rising edge-triggered cell FDRE clocked by clk_fpga_0  {rise@0.000ns fall@5.000ns period=10.000ns})
  Path Group:             (none)
  Path Type:              Setup (Max at Slow Process Corner)
  Data Path Delay:        2.752ns  (logic 0.538ns (19.548%)  route 2.214ns (80.452%))
  Logic Levels:           1  (LUT1=1)
  Clock Path Skew:        -0.228ns (DCD - SCD + CPR)
    Destination Clock Delay (DCD):    2.234ns
    Source Clock Delay      (SCD):    2.462ns
    Clock Pessimism Removal (CPR):    0.000ns
  Clock Uncertainty:      0.154ns  ((TSJ^2 + TIJ^2)^1/2 + DJ) / 2 + PE
    Total System Jitter     (TSJ):    0.071ns
    Total Input Jitter      (TIJ):    0.300ns
    Discrete Jitter          (DJ):    0.000ns
    Phase Error              (PE):    0.000ns
  Timing Exception:       False Path

    Location             Delay type                Incr(ns)  Path(ns)    Netlist Resource(s)
  -------------------------------------------------------------------    -------------------
                         (clock clk_fpga_0 rise edge)
                                                      0.000     0.000 r  
    PS7_X0Y0             PS7                          0.000     0.000 r  cnn_system_i/processing_system7_0/inst/PS7_i/FCLKCLK[0]
                         net (fo=1, routed)           0.994     0.994    cnn_system_i/processing_system7_0/inst/FCLK_CLK_unbuffered[0]
    BUFGCTRL_X0Y16       BUFG (Prop_bufg_I_O)         0.085     1.079 r  cnn_system_i/processing_system7_0/inst/buffer_fclk_clk_0.FCLK_CLK_0_BUFG/O
                         net (fo=8881, routed)        1.383     2.462    cnn_system_i/rst_ps7_0_100M/U0/slowest_sync_clk
    SLICE_X46Y85         FDRE                                         r  cnn_system_i/rst_ps7_0_100M/U0/ACTIVE_LOW_PR_OUT_DFF[0].FDRE_PER_N/C
  -------------------------------------------------------------------    -------------------
    SLICE_X46Y85         FDRE (Prop_fdre_C_Q)         0.433     2.895 f  cnn_system_i/rst_ps7_0_100M/U0/ACTIVE_LOW_PR_OUT_DFF[0].FDRE_PER_N/Q
                         net (fo=60, routed)          1.872     4.767    cnn_system_i/axi_smc_1/inst/clk_map/psr_aclk/U0/EXT_LPF/ACTIVE_LOW_AUX.ACT_LO_AUX/aresetn
    SLICE_X44Y47         LUT1 (Prop_lut1_I0_O)        0.105     4.872 r  cnn_system_i/axi_smc_1/inst/clk_map/psr_aclk/U0/EXT_LPF/ACTIVE_LOW_AUX.ACT_LO_AUX/GENERATE_LEVEL_P_S_CDC.SINGLE_BIT.CROSS_PLEVEL_IN2SCNDRY_IN_cdc_to_i_1/O
                         net (fo=1, routed)           0.342     5.214    cnn_system_i/axi_smc_1/inst/clk_map/psr_aclk/U0/EXT_LPF/ACTIVE_LOW_AUX.ACT_LO_AUX/asr_d1
    SLICE_X44Y45         FDRE                                         r  cnn_system_i/axi_smc_1/inst/clk_map/psr_aclk/U0/EXT_LPF/ACTIVE_LOW_AUX.ACT_LO_AUX/GENERATE_LEVEL_P_S_CDC.SINGLE_BIT.CROSS_PLEVEL_IN2SCNDRY_IN_cdc_to/D
  -------------------------------------------------------------------    -------------------

                         (clock clk_fpga_0 rise edge)
                                                      0.000     0.000 r  
    PS7_X0Y0             PS7                          0.000     0.000 r  cnn_system_i/processing_system7_0/inst/PS7_i/FCLKCLK[0]
                         net (fo=1, routed)           0.905     0.905    cnn_system_i/processing_system7_0/inst/FCLK_CLK_unbuffered[0]
    BUFGCTRL_X0Y16       BUFG (Prop_bufg_I_O)         0.077     0.982 r  cnn_system_i/processing_system7_0/inst/buffer_fclk_clk_0.FCLK_CLK_0_BUFG/O
                         net (fo=8881, routed)        1.252     2.234    cnn_system_i/axi_smc_1/inst/clk_map/psr_aclk/U0/EXT_LPF/ACTIVE_LOW_AUX.ACT_LO_AUX/aclk
    SLICE_X44Y45         FDRE                                         r  cnn_system_i/axi_smc_1/inst/clk_map/psr_aclk/U0/EXT_LPF/ACTIVE_LOW_AUX.ACT_LO_AUX/GENERATE_LEVEL_P_S_CDC.SINGLE_BIT.CROSS_PLEVEL_IN2SCNDRY_IN_cdc_to/C

Slack:                    inf
  Source:                 cnn_system_i/axi_smc_1/inst/clk_map/psr_aclk/U0/ACTIVE_LOW_BSR_OUT_DFF[0].FDRE_BSR_N/C
                            (rising edge-triggered cell FDRE clocked by clk_fpga_0  {rise@0.000ns fall@5.000ns period=10.000ns})
  Destination:            cnn_system_i/axi_smc_1/inst/m00_exit_pipeline/m00_exit/inst/xpm_cdc_async_rst_inst/arststages_ff_reg[0]/CLR
                            (recovery check against rising-edge clock clk_fpga_0  {rise@0.000ns fall@5.000ns period=10.000ns})
  Path Group:             (none)
  Path Type:              Recovery (Max at Slow Process Corner)
  Data Path Delay:        2.441ns  (logic 0.484ns (19.827%)  route 1.957ns (80.173%))
  Logic Levels:           1  (LUT1=1)
  Clock Path Skew:        -0.270ns (DCD - SCD + CPR)
    Destination Clock Delay (DCD):    2.217ns
    Source Clock Delay      (SCD):    2.487ns
    Clock Pessimism Removal (CPR):    0.000ns
  Clock Uncertainty:      0.154ns  ((TSJ^2 + TIJ^2)^1/2 + DJ) / 2 + PE
    Total System Jitter     (TSJ):    0.071ns
    Total Input Jitter      (TIJ):    0.300ns
    Discrete Jitter          (DJ):    0.000ns
    Phase Error              (PE):    0.000ns
  Timing Exception:       False Path

    Location             Delay type                Incr(ns)  Path(ns)    Netlist Resource(s)
  -------------------------------------------------------------------    -------------------
                         (clock clk_fpga_0 rise edge)
                                                      0.000     0.000 r  
    PS7_X0Y0             PS7                          0.000     0.000 r  cnn_system_i/processing_system7_0/inst/PS7_i/FCLKCLK[0]
                         net (fo=1, routed)           0.994     0.994    cnn_system_i/processing_system7_0/inst/FCLK_CLK_unbuffered[0]
    BUFGCTRL_X0Y16       BUFG (Prop_bufg_I_O)         0.085     1.079 r  cnn_system_i/processing_system7_0/inst/buffer_fclk_clk_0.FCLK_CLK_0_BUFG/O
                         net (fo=8881, routed)        1.408     2.487    cnn_system_i/axi_smc_1/inst/clk_map/psr_aclk/U0/aclk
    SLICE_X44Y48         FDRE                                         r  cnn_system_i/axi_smc_1/inst/clk_map/psr_aclk/U0/ACTIVE_LOW_BSR_OUT_DFF[0].FDRE_BSR_N/C
  -------------------------------------------------------------------    -------------------
    SLICE_X44Y48         FDRE (Prop_fdre_C_Q)         0.379     2.866 r  cnn_system_i/axi_smc_1/inst/clk_map/psr_aclk/U0/ACTIVE_LOW_BSR_OUT_DFF[0].FDRE_BSR_N/Q
                         net (fo=6, routed)           1.272     4.138    cnn_system_i/axi_smc_1/inst/m00_exit_pipeline/m00_exit/inst/xpm_cdc_async_rst_inst/src_arst
    SLICE_X41Y63         LUT1 (Prop_lut1_I0_O)        0.105     4.243 f  cnn_system_i/axi_smc_1/inst/m00_exit_pipeline/m00_exit/inst/xpm_cdc_async_rst_inst/arststages_ff[2]_i_1/O
                         net (fo=3, routed)           0.685     4.928    cnn_system_i/axi_smc_1/inst/m00_exit_pipeline/m00_exit/inst/xpm_cdc_async_rst_inst/reset_pol
    SLICE_X44Y56         FDCE                                         f  cnn_system_i/axi_smc_1/inst/m00_exit_pipeline/m00_exit/inst/xpm_cdc_async_rst_inst/arststages_ff_reg[0]/CLR
  -------------------------------------------------------------------    -------------------

                         (clock clk_fpga_0 rise edge)
                                                      0.000     0.000 r  
    PS7_X0Y0             PS7                          0.000     0.000 r  cnn_system_i/processing_system7_0/inst/PS7_i/FCLKCLK[0]
                         net (fo=1, routed)           0.905     0.905    cnn_system_i/processing_system7_0/inst/FCLK_CLK_unbuffered[0]
    BUFGCTRL_X0Y16       BUFG (Prop_bufg_I_O)         0.077     0.982 r  cnn_system_i/processing_system7_0/inst/buffer_fclk_clk_0.FCLK_CLK_0_BUFG/O
                         net (fo=8881, routed)        1.234     2.217    cnn_system_i/axi_smc_1/inst/m00_exit_pipeline/m00_exit/inst/xpm_cdc_async_rst_inst/dest_clk
    SLICE_X44Y56         FDCE                                         r  cnn_system_i/axi_smc_1/inst/m00_exit_pipeline/m00_exit/inst/xpm_cdc_async_rst_inst/arststages_ff_reg[0]/C

Slack:                    inf
  Source:                 cnn_system_i/axi_smc_1/inst/clk_map/psr_aclk/U0/ACTIVE_LOW_BSR_OUT_DFF[0].FDRE_BSR_N/C
                            (rising edge-triggered cell FDRE clocked by clk_fpga_0  {rise@0.000ns fall@5.000ns period=10.000ns})
  Destination:            cnn_system_i/axi_smc_1/inst/m00_exit_pipeline/m00_exit/inst/xpm_cdc_async_rst_inst/arststages_ff_reg[1]/CLR
                            (recovery check against rising-edge clock clk_fpga_0  {rise@0.000ns fall@5.000ns period=10.000ns})
  Path Group:             (none)
  Path Type:              Recovery (Max at Slow Process Corner)
  Data Path Delay:        2.441ns  (logic 0.484ns (19.827%)  route 1.957ns (80.173%))
  Logic Levels:           1  (LUT1=1)
  Clock Path Skew:        -0.270ns (DCD - SCD + CPR)
    Destination Clock Delay (DCD):    2.217ns
    Source Clock Delay      (SCD):    2.487ns
    Clock Pessimism Removal (CPR):    0.000ns
  Clock Uncertainty:      0.154ns  ((TSJ^2 + TIJ^2)^1/2 + DJ) / 2 + PE
    Total System Jitter     (TSJ):    0.071ns
    Total Input Jitter      (TIJ):    0.300ns
    Discrete Jitter          (DJ):    0.000ns
    Phase Error              (PE):    0.000ns
  Timing Exception:       False Path

    Location             Delay type                Incr(ns)  Path(ns)    Netlist Resource(s)
  -------------------------------------------------------------------    -------------------
                         (clock clk_fpga_0 rise edge)
                                                      0.000     0.000 r  
    PS7_X0Y0             PS7                          0.000     0.000 r  cnn_system_i/processing_system7_0/inst/PS7_i/FCLKCLK[0]
                         net (fo=1, routed)           0.994     0.994    cnn_system_i/processing_system7_0/inst/FCLK_CLK_unbuffered[0]
    BUFGCTRL_X0Y16       BUFG (Prop_bufg_I_O)         0.085     1.079 r  cnn_system_i/processing_system7_0/inst/buffer_fclk_clk_0.FCLK_CLK_0_BUFG/O
                         net (fo=8881, routed)        1.408     2.487    cnn_system_i/axi_smc_1/inst/clk_map/psr_aclk/U0/aclk
    SLICE_X44Y48         FDRE                                         r  cnn_system_i/axi_smc_1/inst/clk_map/psr_aclk/U0/ACTIVE_LOW_BSR_OUT_DFF[0].FDRE_BSR_N/C
  -------------------------------------------------------------------    -------------------
    SLICE_X44Y48         FDRE (Prop_fdre_C_Q)         0.379     2.866 r  cnn_system_i/axi_smc_1/inst/clk_map/psr_aclk/U0/ACTIVE_LOW_BSR_OUT_DFF[0].FDRE_BSR_N/Q
                         net (fo=6, routed)           1.272     4.138    cnn_system_i/axi_smc_1/inst/m00_exit_pipeline/m00_exit/inst/xpm_cdc_async_rst_inst/src_arst
    SLICE_X41Y63         LUT1 (Prop_lut1_I0_O)        0.105     4.243 f  cnn_system_i/axi_smc_1/inst/m00_exit_pipeline/m00_exit/inst/xpm_cdc_async_rst_inst/arststages_ff[2]_i_1/O
                         net (fo=3, routed)           0.685     4.928    cnn_system_i/axi_smc_1/inst/m00_exit_pipeline/m00_exit/inst/xpm_cdc_async_rst_inst/reset_pol
    SLICE_X44Y56         FDCE                                         f  cnn_system_i/axi_smc_1/inst/m00_exit_pipeline/m00_exit/inst/xpm_cdc_async_rst_inst/arststages_ff_reg[1]/CLR
  -------------------------------------------------------------------    -------------------

                         (clock clk_fpga_0 rise edge)
                                                      0.000     0.000 r  
    PS7_X0Y0             PS7                          0.000     0.000 r  cnn_system_i/processing_system7_0/inst/PS7_i/FCLKCLK[0]
                         net (fo=1, routed)           0.905     0.905    cnn_system_i/processing_system7_0/inst/FCLK_CLK_unbuffered[0]
    BUFGCTRL_X0Y16       BUFG (Prop_bufg_I_O)         0.077     0.982 r  cnn_system_i/processing_system7_0/inst/buffer_fclk_clk_0.FCLK_CLK_0_BUFG/O
                         net (fo=8881, routed)        1.234     2.217    cnn_system_i/axi_smc_1/inst/m00_exit_pipeline/m00_exit/inst/xpm_cdc_async_rst_inst/dest_clk
    SLICE_X44Y56         FDCE                                         r  cnn_system_i/axi_smc_1/inst/m00_exit_pipeline/m00_exit/inst/xpm_cdc_async_rst_inst/arststages_ff_reg[1]/C

Slack:                    inf
  Source:                 cnn_system_i/axi_smc_1/inst/clk_map/psr_aclk/U0/ACTIVE_LOW_BSR_OUT_DFF[0].FDRE_BSR_N/C
                            (rising edge-triggered cell FDRE clocked by clk_fpga_0  {rise@0.000ns fall@5.000ns period=10.000ns})
  Destination:            cnn_system_i/axi_smc_1/inst/m00_exit_pipeline/m00_exit/inst/xpm_cdc_async_rst_inst/arststages_ff_reg[2]/CLR
                            (recovery check against rising-edge clock clk_fpga_0  {rise@0.000ns fall@5.000ns period=10.000ns})
  Path Group:             (none)
  Path Type:              Recovery (Max at Slow Process Corner)
  Data Path Delay:        2.441ns  (logic 0.484ns (19.827%)  route 1.957ns (80.173%))
  Logic Levels:           1  (LUT1=1)
  Clock Path Skew:        -0.270ns (DCD - SCD + CPR)
    Destination Clock Delay (DCD):    2.217ns
    Source Clock Delay      (SCD):    2.487ns
    Clock Pessimism Removal (CPR):    0.000ns
  Clock Uncertainty:      0.154ns  ((TSJ^2 + TIJ^2)^1/2 + DJ) / 2 + PE
    Total System Jitter     (TSJ):    0.071ns
    Total Input Jitter      (TIJ):    0.300ns
    Discrete Jitter          (DJ):    0.000ns
    Phase Error              (PE):    0.000ns
  Timing Exception:       False Path

    Location             Delay type                Incr(ns)  Path(ns)    Netlist Resource(s)
  -------------------------------------------------------------------    -------------------
                         (clock clk_fpga_0 rise edge)
                                                      0.000     0.000 r  
    PS7_X0Y0             PS7                          0.000     0.000 r  cnn_system_i/processing_system7_0/inst/PS7_i/FCLKCLK[0]
                         net (fo=1, routed)           0.994     0.994    cnn_system_i/processing_system7_0/inst/FCLK_CLK_unbuffered[0]
    BUFGCTRL_X0Y16       BUFG (Prop_bufg_I_O)         0.085     1.079 r  cnn_system_i/processing_system7_0/inst/buffer_fclk_clk_0.FCLK_CLK_0_BUFG/O
                         net (fo=8881, routed)        1.408     2.487    cnn_system_i/axi_smc_1/inst/clk_map/psr_aclk/U0/aclk
    SLICE_X44Y48         FDRE                                         r  cnn_system_i/axi_smc_1/inst/clk_map/psr_aclk/U0/ACTIVE_LOW_BSR_OUT_DFF[0].FDRE_BSR_N/C
  -------------------------------------------------------------------    -------------------
    SLICE_X44Y48         FDRE (Prop_fdre_C_Q)         0.379     2.866 r  cnn_system_i/axi_smc_1/inst/clk_map/psr_aclk/U0/ACTIVE_LOW_BSR_OUT_DFF[0].FDRE_BSR_N/Q
                         net (fo=6, routed)           1.272     4.138    cnn_system_i/axi_smc_1/inst/m00_exit_pipeline/m00_exit/inst/xpm_cdc_async_rst_inst/src_arst
    SLICE_X41Y63         LUT1 (Prop_lut1_I0_O)        0.105     4.243 f  cnn_system_i/axi_smc_1/inst/m00_exit_pipeline/m00_exit/inst/xpm_cdc_async_rst_inst/arststages_ff[2]_i_1/O
                         net (fo=3, routed)           0.685     4.928    cnn_system_i/axi_smc_1/inst/m00_exit_pipeline/m00_exit/inst/xpm_cdc_async_rst_inst/reset_pol
    SLICE_X44Y56         FDCE                                         f  cnn_system_i/axi_smc_1/inst/m00_exit_pipeline/m00_exit/inst/xpm_cdc_async_rst_inst/arststages_ff_reg[2]/CLR
  -------------------------------------------------------------------    -------------------

                         (clock clk_fpga_0 rise edge)
                                                      0.000     0.000 r  
    PS7_X0Y0             PS7                          0.000     0.000 r  cnn_system_i/processing_system7_0/inst/PS7_i/FCLKCLK[0]
                         net (fo=1, routed)           0.905     0.905    cnn_system_i/processing_system7_0/inst/FCLK_CLK_unbuffered[0]
    BUFGCTRL_X0Y16       BUFG (Prop_bufg_I_O)         0.077     0.982 r  cnn_system_i/processing_system7_0/inst/buffer_fclk_clk_0.FCLK_CLK_0_BUFG/O
                         net (fo=8881, routed)        1.234     2.217    cnn_system_i/axi_smc_1/inst/m00_exit_pipeline/m00_exit/inst/xpm_cdc_async_rst_inst/dest_clk
    SLICE_X44Y56         FDCE                                         r  cnn_system_i/axi_smc_1/inst/m00_exit_pipeline/m00_exit/inst/xpm_cdc_async_rst_inst/arststages_ff_reg[2]/C

Slack:                    inf
  Source:                 cnn_system_i/rst_ps7_0_100M/U0/ACTIVE_LOW_PR_OUT_DFF[0].FDRE_PER_N/C
                            (rising edge-triggered cell FDRE clocked by clk_fpga_0  {rise@0.000ns fall@5.000ns period=10.000ns})
  Destination:            cnn_system_i/axis_data_fifo_1/inst/gen_fifo.xpm_fifo_axis_inst/gaxis_rst_sync.xpm_cdc_sync_rst_inst/syncstages_ff_reg[0]/D
                            (rising edge-triggered cell FDRE clocked by clk_fpga_0  {rise@0.000ns fall@5.000ns period=10.000ns})
  Path Group:             (none)
  Path Type:              Setup (Max at Slow Process Corner)
  Data Path Delay:        2.429ns  (logic 0.557ns (22.929%)  route 1.872ns (77.071%))
  Logic Levels:           1  (LUT1=1)
  Clock Path Skew:        -0.228ns (DCD - SCD + CPR)
    Destination Clock Delay (DCD):    2.234ns
    Source Clock Delay      (SCD):    2.462ns
    Clock Pessimism Removal (CPR):    0.000ns
  Clock Uncertainty:      0.154ns  ((TSJ^2 + TIJ^2)^1/2 + DJ) / 2 + PE
    Total System Jitter     (TSJ):    0.071ns
    Total Input Jitter      (TIJ):    0.300ns
    Discrete Jitter          (DJ):    0.000ns
    Phase Error              (PE):    0.000ns
  Timing Exception:       False Path

    Location             Delay type                Incr(ns)  Path(ns)    Netlist Resource(s)
  -------------------------------------------------------------------    -------------------
                         (clock clk_fpga_0 rise edge)
                                                      0.000     0.000 r  
    PS7_X0Y0             PS7                          0.000     0.000 r  cnn_system_i/processing_system7_0/inst/PS7_i/FCLKCLK[0]
                         net (fo=1, routed)           0.994     0.994    cnn_system_i/processing_system7_0/inst/FCLK_CLK_unbuffered[0]
    BUFGCTRL_X0Y16       BUFG (Prop_bufg_I_O)         0.085     1.079 r  cnn_system_i/processing_system7_0/inst/buffer_fclk_clk_0.FCLK_CLK_0_BUFG/O
                         net (fo=8881, routed)        1.383     2.462    cnn_system_i/rst_ps7_0_100M/U0/slowest_sync_clk
    SLICE_X46Y85         FDRE                                         r  cnn_system_i/rst_ps7_0_100M/U0/ACTIVE_LOW_PR_OUT_DFF[0].FDRE_PER_N/C
  -------------------------------------------------------------------    -------------------
    SLICE_X46Y85         FDRE (Prop_fdre_C_Q)         0.433     2.895 f  cnn_system_i/rst_ps7_0_100M/U0/ACTIVE_LOW_PR_OUT_DFF[0].FDRE_PER_N/Q
                         net (fo=60, routed)          1.872     4.767    cnn_system_i/axis_data_fifo_1/inst/gen_fifo.xpm_fifo_axis_inst/s_aresetn
    SLICE_X44Y47         LUT1 (Prop_lut1_I0_O)        0.124     4.891 r  cnn_system_i/axis_data_fifo_1/inst/gen_fifo.xpm_fifo_axis_inst/gaxis_rst_sync.xpm_cdc_sync_rst_inst_i_1/O
                         net (fo=1, routed)           0.000     4.891    cnn_system_i/axis_data_fifo_1/inst/gen_fifo.xpm_fifo_axis_inst/gaxis_rst_sync.xpm_cdc_sync_rst_inst/src_rst
    SLICE_X44Y47         FDRE                                         r  cnn_system_i/axis_data_fifo_1/inst/gen_fifo.xpm_fifo_axis_inst/gaxis_rst_sync.xpm_cdc_sync_rst_inst/syncstages_ff_reg[0]/D
  -------------------------------------------------------------------    -------------------

                         (clock clk_fpga_0 rise edge)
                                                      0.000     0.000 r  
    PS7_X0Y0             PS7                          0.000     0.000 r  cnn_system_i/processing_system7_0/inst/PS7_i/FCLKCLK[0]
                         net (fo=1, routed)           0.905     0.905    cnn_system_i/processing_system7_0/inst/FCLK_CLK_unbuffered[0]
    BUFGCTRL_X0Y16       BUFG (Prop_bufg_I_O)         0.077     0.982 r  cnn_system_i/processing_system7_0/inst/buffer_fclk_clk_0.FCLK_CLK_0_BUFG/O
                         net (fo=8881, routed)        1.252     2.234    cnn_system_i/axis_data_fifo_1/inst/gen_fifo.xpm_fifo_axis_inst/gaxis_rst_sync.xpm_cdc_sync_rst_inst/dest_clk
    SLICE_X44Y47         FDRE                                         r  cnn_system_i/axis_data_fifo_1/inst/gen_fifo.xpm_fifo_axis_inst/gaxis_rst_sync.xpm_cdc_sync_rst_inst/syncstages_ff_reg[0]/C

Slack:                    inf
  Source:                 cnn_system_i/axi_smc_1/inst/clk_map/psr_aclk/U0/ACTIVE_LOW_BSR_OUT_DFF[0].FDRE_BSR_N/C
                            (rising edge-triggered cell FDRE clocked by clk_fpga_0  {rise@0.000ns fall@5.000ns period=10.000ns})
  Destination:            cnn_system_i/axi_smc_1/inst/s00_nodes/s00_aw_node/inst/s_sc_xpm_cdc_async_rst_inst/arststages_ff_reg[0]/CLR
                            (recovery check against rising-edge clock clk_fpga_0  {rise@0.000ns fall@5.000ns period=10.000ns})
  Path Group:             (none)
  Path Type:              Recovery (Max at Slow Process Corner)
  Data Path Delay:        2.329ns  (logic 0.506ns (21.723%)  route 1.823ns (78.277%))
  Logic Levels:           1  (LUT1=1)
  Clock Path Skew:        -0.273ns (DCD - SCD + CPR)
    Destination Clock Delay (DCD):    2.214ns
    Source Clock Delay      (SCD):    2.487ns
    Clock Pessimism Removal (CPR):    0.000ns
  Clock Uncertainty:      0.154ns  ((TSJ^2 + TIJ^2)^1/2 + DJ) / 2 + PE
    Total System Jitter     (TSJ):    0.071ns
    Total Input Jitter      (TIJ):    0.300ns
    Discrete Jitter          (DJ):    0.000ns
    Phase Error              (PE):    0.000ns
  Timing Exception:       False Path

    Location             Delay type                Incr(ns)  Path(ns)    Netlist Resource(s)
  -------------------------------------------------------------------    -------------------
                         (clock clk_fpga_0 rise edge)
                                                      0.000     0.000 r  
    PS7_X0Y0             PS7                          0.000     0.000 r  cnn_system_i/processing_system7_0/inst/PS7_i/FCLKCLK[0]
                         net (fo=1, routed)           0.994     0.994    cnn_system_i/processing_system7_0/inst/FCLK_CLK_unbuffered[0]
    BUFGCTRL_X0Y16       BUFG (Prop_bufg_I_O)         0.085     1.079 r  cnn_system_i/processing_system7_0/inst/buffer_fclk_clk_0.FCLK_CLK_0_BUFG/O
                         net (fo=8881, routed)        1.408     2.487    cnn_system_i/axi_smc_1/inst/clk_map/psr_aclk/U0/aclk
    SLICE_X44Y48         FDRE                                         r  cnn_system_i/axi_smc_1/inst/clk_map/psr_aclk/U0/ACTIVE_LOW_BSR_OUT_DFF[0].FDRE_BSR_N/C
  -------------------------------------------------------------------    -------------------
    SLICE_X44Y48         FDRE (Prop_fdre_C_Q)         0.379     2.866 r  cnn_system_i/axi_smc_1/inst/clk_map/psr_aclk/U0/ACTIVE_LOW_BSR_OUT_DFF[0].FDRE_BSR_N/Q
                         net (fo=6, routed)           1.248     4.114    cnn_system_i/axi_smc_1/inst/s00_nodes/s00_aw_node/inst/s_sc_xpm_cdc_async_rst_inst/src_arst
    SLICE_X44Y63         LUT1 (Prop_lut1_I0_O)        0.127     4.241 f  cnn_system_i/axi_smc_1/inst/s00_nodes/s00_aw_node/inst/s_sc_xpm_cdc_async_rst_inst/arststages_ff[2]_i_1/O
                         net (fo=3, routed)           0.575     4.816    cnn_system_i/axi_smc_1/inst/s00_nodes/s00_aw_node/inst/s_sc_xpm_cdc_async_rst_inst/reset_pol
    SLICE_X43Y63         FDCE                                         f  cnn_system_i/axi_smc_1/inst/s00_nodes/s00_aw_node/inst/s_sc_xpm_cdc_async_rst_inst/arststages_ff_reg[0]/CLR
  -------------------------------------------------------------------    -------------------

                         (clock clk_fpga_0 rise edge)
                                                      0.000     0.000 r  
    PS7_X0Y0             PS7                          0.000     0.000 r  cnn_system_i/processing_system7_0/inst/PS7_i/FCLKCLK[0]
                         net (fo=1, routed)           0.905     0.905    cnn_system_i/processing_system7_0/inst/FCLK_CLK_unbuffered[0]
    BUFGCTRL_X0Y16       BUFG (Prop_bufg_I_O)         0.077     0.982 r  cnn_system_i/processing_system7_0/inst/buffer_fclk_clk_0.FCLK_CLK_0_BUFG/O
                         net (fo=8881, routed)        1.231     2.214    cnn_system_i/axi_smc_1/inst/s00_nodes/s00_aw_node/inst/s_sc_xpm_cdc_async_rst_inst/dest_clk
    SLICE_X43Y63         FDCE                                         r  cnn_system_i/axi_smc_1/inst/s00_nodes/s00_aw_node/inst/s_sc_xpm_cdc_async_rst_inst/arststages_ff_reg[0]/C

Slack:                    inf
  Source:                 cnn_system_i/axi_smc_1/inst/clk_map/psr_aclk/U0/ACTIVE_LOW_BSR_OUT_DFF[0].FDRE_BSR_N/C
                            (rising edge-triggered cell FDRE clocked by clk_fpga_0  {rise@0.000ns fall@5.000ns period=10.000ns})
  Destination:            cnn_system_i/axi_smc_1/inst/s00_nodes/s00_aw_node/inst/s_sc_xpm_cdc_async_rst_inst/arststages_ff_reg[1]/CLR
                            (recovery check against rising-edge clock clk_fpga_0  {rise@0.000ns fall@5.000ns period=10.000ns})
  Path Group:             (none)
  Path Type:              Recovery (Max at Slow Process Corner)
  Data Path Delay:        2.329ns  (logic 0.506ns (21.723%)  route 1.823ns (78.277%))
  Logic Levels:           1  (LUT1=1)
  Clock Path Skew:        -0.273ns (DCD - SCD + CPR)
    Destination Clock Delay (DCD):    2.214ns
    Source Clock Delay      (SCD):    2.487ns
    Clock Pessimism Removal (CPR):    0.000ns
  Clock Uncertainty:      0.154ns  ((TSJ^2 + TIJ^2)^1/2 + DJ) / 2 + PE
    Total System Jitter     (TSJ):    0.071ns
    Total Input Jitter      (TIJ):    0.300ns
    Discrete Jitter          (DJ):    0.000ns
    Phase Error              (PE):    0.000ns
  Timing Exception:       False Path

    Location             Delay type                Incr(ns)  Path(ns)    Netlist Resource(s)
  -------------------------------------------------------------------    -------------------
                         (clock clk_fpga_0 rise edge)
                                                      0.000     0.000 r  
    PS7_X0Y0             PS7                          0.000     0.000 r  cnn_system_i/processing_system7_0/inst/PS7_i/FCLKCLK[0]
                         net (fo=1, routed)           0.994     0.994    cnn_system_i/processing_system7_0/inst/FCLK_CLK_unbuffered[0]
    BUFGCTRL_X0Y16       BUFG (Prop_bufg_I_O)         0.085     1.079 r  cnn_system_i/processing_system7_0/inst/buffer_fclk_clk_0.FCLK_CLK_0_BUFG/O
                         net (fo=8881, routed)        1.408     2.487    cnn_system_i/axi_smc_1/inst/clk_map/psr_aclk/U0/aclk
    SLICE_X44Y48         FDRE                                         r  cnn_system_i/axi_smc_1/inst/clk_map/psr_aclk/U0/ACTIVE_LOW_BSR_OUT_DFF[0].FDRE_BSR_N/C
  -------------------------------------------------------------------    -------------------
    SLICE_X44Y48         FDRE (Prop_fdre_C_Q)         0.379     2.866 r  cnn_system_i/axi_smc_1/inst/clk_map/psr_aclk/U0/ACTIVE_LOW_BSR_OUT_DFF[0].FDRE_BSR_N/Q
                         net (fo=6, routed)           1.248     4.114    cnn_system_i/axi_smc_1/inst/s00_nodes/s00_aw_node/inst/s_sc_xpm_cdc_async_rst_inst/src_arst
    SLICE_X44Y63         LUT1 (Prop_lut1_I0_O)        0.127     4.241 f  cnn_system_i/axi_smc_1/inst/s00_nodes/s00_aw_node/inst/s_sc_xpm_cdc_async_rst_inst/arststages_ff[2]_i_1/O
                         net (fo=3, routed)           0.575     4.816    cnn_system_i/axi_smc_1/inst/s00_nodes/s00_aw_node/inst/s_sc_xpm_cdc_async_rst_inst/reset_pol
    SLICE_X43Y63         FDCE                                         f  cnn_system_i/axi_smc_1/inst/s00_nodes/s00_aw_node/inst/s_sc_xpm_cdc_async_rst_inst/arststages_ff_reg[1]/CLR
  -------------------------------------------------------------------    -------------------

                         (clock clk_fpga_0 rise edge)
                                                      0.000     0.000 r  
    PS7_X0Y0             PS7                          0.000     0.000 r  cnn_system_i/processing_system7_0/inst/PS7_i/FCLKCLK[0]
                         net (fo=1, routed)           0.905     0.905    cnn_system_i/processing_system7_0/inst/FCLK_CLK_unbuffered[0]
    BUFGCTRL_X0Y16       BUFG (Prop_bufg_I_O)         0.077     0.982 r  cnn_system_i/processing_system7_0/inst/buffer_fclk_clk_0.FCLK_CLK_0_BUFG/O
                         net (fo=8881, routed)        1.231     2.214    cnn_system_i/axi_smc_1/inst/s00_nodes/s00_aw_node/inst/s_sc_xpm_cdc_async_rst_inst/dest_clk
    SLICE_X43Y63         FDCE                                         r  cnn_system_i/axi_smc_1/inst/s00_nodes/s00_aw_node/inst/s_sc_xpm_cdc_async_rst_inst/arststages_ff_reg[1]/C

Slack:                    inf
  Source:                 cnn_system_i/axi_smc_1/inst/clk_map/psr_aclk/U0/ACTIVE_LOW_BSR_OUT_DFF[0].FDRE_BSR_N/C
                            (rising edge-triggered cell FDRE clocked by clk_fpga_0  {rise@0.000ns fall@5.000ns period=10.000ns})
  Destination:            cnn_system_i/axi_smc_1/inst/s00_nodes/s00_aw_node/inst/s_sc_xpm_cdc_async_rst_inst/arststages_ff_reg[2]/CLR
                            (recovery check against rising-edge clock clk_fpga_0  {rise@0.000ns fall@5.000ns period=10.000ns})
  Path Group:             (none)
  Path Type:              Recovery (Max at Slow Process Corner)
  Data Path Delay:        2.329ns  (logic 0.506ns (21.723%)  route 1.823ns (78.277%))
  Logic Levels:           1  (LUT1=1)
  Clock Path Skew:        -0.273ns (DCD - SCD + CPR)
    Destination Clock Delay (DCD):    2.214ns
    Source Clock Delay      (SCD):    2.487ns
    Clock Pessimism Removal (CPR):    0.000ns
  Clock Uncertainty:      0.154ns  ((TSJ^2 + TIJ^2)^1/2 + DJ) / 2 + PE
    Total System Jitter     (TSJ):    0.071ns
    Total Input Jitter      (TIJ):    0.300ns
    Discrete Jitter          (DJ):    0.000ns
    Phase Error              (PE):    0.000ns
  Timing Exception:       False Path

    Location             Delay type                Incr(ns)  Path(ns)    Netlist Resource(s)
  -------------------------------------------------------------------    -------------------
                         (clock clk_fpga_0 rise edge)
                                                      0.000     0.000 r  
    PS7_X0Y0             PS7                          0.000     0.000 r  cnn_system_i/processing_system7_0/inst/PS7_i/FCLKCLK[0]
                         net (fo=1, routed)           0.994     0.994    cnn_system_i/processing_system7_0/inst/FCLK_CLK_unbuffered[0]
    BUFGCTRL_X0Y16       BUFG (Prop_bufg_I_O)         0.085     1.079 r  cnn_system_i/processing_system7_0/inst/buffer_fclk_clk_0.FCLK_CLK_0_BUFG/O
                         net (fo=8881, routed)        1.408     2.487    cnn_system_i/axi_smc_1/inst/clk_map/psr_aclk/U0/aclk
    SLICE_X44Y48         FDRE                                         r  cnn_system_i/axi_smc_1/inst/clk_map/psr_aclk/U0/ACTIVE_LOW_BSR_OUT_DFF[0].FDRE_BSR_N/C
  -------------------------------------------------------------------    -------------------
    SLICE_X44Y48         FDRE (Prop_fdre_C_Q)         0.379     2.866 r  cnn_system_i/axi_smc_1/inst/clk_map/psr_aclk/U0/ACTIVE_LOW_BSR_OUT_DFF[0].FDRE_BSR_N/Q
                         net (fo=6, routed)           1.248     4.114    cnn_system_i/axi_smc_1/inst/s00_nodes/s00_aw_node/inst/s_sc_xpm_cdc_async_rst_inst/src_arst
    SLICE_X44Y63         LUT1 (Prop_lut1_I0_O)        0.127     4.241 f  cnn_system_i/axi_smc_1/inst/s00_nodes/s00_aw_node/inst/s_sc_xpm_cdc_async_rst_inst/arststages_ff[2]_i_1/O
                         net (fo=3, routed)           0.575     4.816    cnn_system_i/axi_smc_1/inst/s00_nodes/s00_aw_node/inst/s_sc_xpm_cdc_async_rst_inst/reset_pol
    SLICE_X43Y63         FDCE                                         f  cnn_system_i/axi_smc_1/inst/s00_nodes/s00_aw_node/inst/s_sc_xpm_cdc_async_rst_inst/arststages_ff_reg[2]/CLR
  -------------------------------------------------------------------    -------------------

                         (clock clk_fpga_0 rise edge)
                                                      0.000     0.000 r  
    PS7_X0Y0             PS7                          0.000     0.000 r  cnn_system_i/processing_system7_0/inst/PS7_i/FCLKCLK[0]
                         net (fo=1, routed)           0.905     0.905    cnn_system_i/processing_system7_0/inst/FCLK_CLK_unbuffered[0]
    BUFGCTRL_X0Y16       BUFG (Prop_bufg_I_O)         0.077     0.982 r  cnn_system_i/processing_system7_0/inst/buffer_fclk_clk_0.FCLK_CLK_0_BUFG/O
                         net (fo=8881, routed)        1.231     2.214    cnn_system_i/axi_smc_1/inst/s00_nodes/s00_aw_node/inst/s_sc_xpm_cdc_async_rst_inst/dest_clk
    SLICE_X43Y63         FDCE                                         r  cnn_system_i/axi_smc_1/inst/s00_nodes/s00_aw_node/inst/s_sc_xpm_cdc_async_rst_inst/arststages_ff_reg[2]/C

Slack:                    inf
  Source:                 cnn_system_i/axi_smc_1/inst/clk_map/psr_aclk/U0/ACTIVE_LOW_BSR_OUT_DFF[0].FDRE_BSR_N/C
                            (rising edge-triggered cell FDRE clocked by clk_fpga_0  {rise@0.000ns fall@5.000ns period=10.000ns})
  Destination:            cnn_system_i/axi_smc_1/inst/s00_entry_pipeline/s00_si_converter/inst/xpm_cdc_async_rst_inst/arststages_ff_reg[0]/CLR
                            (recovery check against rising-edge clock clk_fpga_0  {rise@0.000ns fall@5.000ns period=10.000ns})
  Path Group:             (none)
  Path Type:              Recovery (Max at Slow Process Corner)
  Data Path Delay:        2.287ns  (logic 0.500ns (21.867%)  route 1.787ns (78.133%))
  Logic Levels:           1  (LUT1=1)
  Clock Path Skew:        -0.273ns (DCD - SCD + CPR)
    Destination Clock Delay (DCD):    2.214ns
    Source Clock Delay      (SCD):    2.487ns
    Clock Pessimism Removal (CPR):    0.000ns
  Clock Uncertainty:      0.154ns  ((TSJ^2 + TIJ^2)^1/2 + DJ) / 2 + PE
    Total System Jitter     (TSJ):    0.071ns
    Total Input Jitter      (TIJ):    0.300ns
    Discrete Jitter          (DJ):    0.000ns
    Phase Error              (PE):    0.000ns
  Timing Exception:       False Path

    Location             Delay type                Incr(ns)  Path(ns)    Netlist Resource(s)
  -------------------------------------------------------------------    -------------------
                         (clock clk_fpga_0 rise edge)
                                                      0.000     0.000 r  
    PS7_X0Y0             PS7                          0.000     0.000 r  cnn_system_i/processing_system7_0/inst/PS7_i/FCLKCLK[0]
                         net (fo=1, routed)           0.994     0.994    cnn_system_i/processing_system7_0/inst/FCLK_CLK_unbuffered[0]
    BUFGCTRL_X0Y16       BUFG (Prop_bufg_I_O)         0.085     1.079 r  cnn_system_i/processing_system7_0/inst/buffer_fclk_clk_0.FCLK_CLK_0_BUFG/O
                         net (fo=8881, routed)        1.408     2.487    cnn_system_i/axi_smc_1/inst/clk_map/psr_aclk/U0/aclk
    SLICE_X44Y48         FDRE                                         r  cnn_system_i/axi_smc_1/inst/clk_map/psr_aclk/U0/ACTIVE_LOW_BSR_OUT_DFF[0].FDRE_BSR_N/C
  -------------------------------------------------------------------    -------------------
    SLICE_X44Y48         FDRE (Prop_fdre_C_Q)         0.379     2.866 r  cnn_system_i/axi_smc_1/inst/clk_map/psr_aclk/U0/ACTIVE_LOW_BSR_OUT_DFF[0].FDRE_BSR_N/Q
                         net (fo=6, routed)           1.272     4.138    cnn_system_i/axi_smc_1/inst/s00_entry_pipeline/s00_si_converter/inst/xpm_cdc_async_rst_inst/src_arst
    SLICE_X41Y63         LUT1 (Prop_lut1_I0_O)        0.121     4.259 f  cnn_system_i/axi_smc_1/inst/s00_entry_pipeline/s00_si_converter/inst/xpm_cdc_async_rst_inst/arststages_ff[2]_i_1/O
                         net (fo=3, routed)           0.514     4.774    cnn_system_i/axi_smc_1/inst/s00_entry_pipeline/s00_si_converter/inst/xpm_cdc_async_rst_inst/reset_pol
    SLICE_X41Y63         FDCE                                         f  cnn_system_i/axi_smc_1/inst/s00_entry_pipeline/s00_si_converter/inst/xpm_cdc_async_rst_inst/arststages_ff_reg[0]/CLR
  -------------------------------------------------------------------    -------------------

                         (clock clk_fpga_0 rise edge)
                                                      0.000     0.000 r  
    PS7_X0Y0             PS7                          0.000     0.000 r  cnn_system_i/processing_system7_0/inst/PS7_i/FCLKCLK[0]
                         net (fo=1, routed)           0.905     0.905    cnn_system_i/processing_system7_0/inst/FCLK_CLK_unbuffered[0]
    BUFGCTRL_X0Y16       BUFG (Prop_bufg_I_O)         0.077     0.982 r  cnn_system_i/processing_system7_0/inst/buffer_fclk_clk_0.FCLK_CLK_0_BUFG/O
                         net (fo=8881, routed)        1.231     2.214    cnn_system_i/axi_smc_1/inst/s00_entry_pipeline/s00_si_converter/inst/xpm_cdc_async_rst_inst/dest_clk
    SLICE_X41Y63         FDCE                                         r  cnn_system_i/axi_smc_1/inst/s00_entry_pipeline/s00_si_converter/inst/xpm_cdc_async_rst_inst/arststages_ff_reg[0]/C

Slack:                    inf
  Source:                 cnn_system_i/axi_smc_1/inst/clk_map/psr_aclk/U0/ACTIVE_LOW_BSR_OUT_DFF[0].FDRE_BSR_N/C
                            (rising edge-triggered cell FDRE clocked by clk_fpga_0  {rise@0.000ns fall@5.000ns period=10.000ns})
  Destination:            cnn_system_i/axi_smc_1/inst/s00_entry_pipeline/s00_si_converter/inst/xpm_cdc_async_rst_inst/arststages_ff_reg[1]/CLR
                            (recovery check against rising-edge clock clk_fpga_0  {rise@0.000ns fall@5.000ns period=10.000ns})
  Path Group:             (none)
  Path Type:              Recovery (Max at Slow Process Corner)
  Data Path Delay:        2.287ns  (logic 0.500ns (21.867%)  route 1.787ns (78.133%))
  Logic Levels:           1  (LUT1=1)
  Clock Path Skew:        -0.273ns (DCD - SCD + CPR)
    Destination Clock Delay (DCD):    2.214ns
    Source Clock Delay      (SCD):    2.487ns
    Clock Pessimism Removal (CPR):    0.000ns
  Clock Uncertainty:      0.154ns  ((TSJ^2 + TIJ^2)^1/2 + DJ) / 2 + PE
    Total System Jitter     (TSJ):    0.071ns
    Total Input Jitter      (TIJ):    0.300ns
    Discrete Jitter          (DJ):    0.000ns
    Phase Error              (PE):    0.000ns
  Timing Exception:       False Path

    Location             Delay type                Incr(ns)  Path(ns)    Netlist Resource(s)
  -------------------------------------------------------------------    -------------------
                         (clock clk_fpga_0 rise edge)
                                                      0.000     0.000 r  
    PS7_X0Y0             PS7                          0.000     0.000 r  cnn_system_i/processing_system7_0/inst/PS7_i/FCLKCLK[0]
                         net (fo=1, routed)           0.994     0.994    cnn_system_i/processing_system7_0/inst/FCLK_CLK_unbuffered[0]
    BUFGCTRL_X0Y16       BUFG (Prop_bufg_I_O)         0.085     1.079 r  cnn_system_i/processing_system7_0/inst/buffer_fclk_clk_0.FCLK_CLK_0_BUFG/O
                         net (fo=8881, routed)        1.408     2.487    cnn_system_i/axi_smc_1/inst/clk_map/psr_aclk/U0/aclk
    SLICE_X44Y48         FDRE                                         r  cnn_system_i/axi_smc_1/inst/clk_map/psr_aclk/U0/ACTIVE_LOW_BSR_OUT_DFF[0].FDRE_BSR_N/C
  -------------------------------------------------------------------    -------------------
    SLICE_X44Y48         FDRE (Prop_fdre_C_Q)         0.379     2.866 r  cnn_system_i/axi_smc_1/inst/clk_map/psr_aclk/U0/ACTIVE_LOW_BSR_OUT_DFF[0].FDRE_BSR_N/Q
                         net (fo=6, routed)           1.272     4.138    cnn_system_i/axi_smc_1/inst/s00_entry_pipeline/s00_si_converter/inst/xpm_cdc_async_rst_inst/src_arst
    SLICE_X41Y63         LUT1 (Prop_lut1_I0_O)        0.121     4.259 f  cnn_system_i/axi_smc_1/inst/s00_entry_pipeline/s00_si_converter/inst/xpm_cdc_async_rst_inst/arststages_ff[2]_i_1/O
                         net (fo=3, routed)           0.514     4.774    cnn_system_i/axi_smc_1/inst/s00_entry_pipeline/s00_si_converter/inst/xpm_cdc_async_rst_inst/reset_pol
    SLICE_X41Y63         FDCE                                         f  cnn_system_i/axi_smc_1/inst/s00_entry_pipeline/s00_si_converter/inst/xpm_cdc_async_rst_inst/arststages_ff_reg[1]/CLR
  -------------------------------------------------------------------    -------------------

                         (clock clk_fpga_0 rise edge)
                                                      0.000     0.000 r  
    PS7_X0Y0             PS7                          0.000     0.000 r  cnn_system_i/processing_system7_0/inst/PS7_i/FCLKCLK[0]
                         net (fo=1, routed)           0.905     0.905    cnn_system_i/processing_system7_0/inst/FCLK_CLK_unbuffered[0]
    BUFGCTRL_X0Y16       BUFG (Prop_bufg_I_O)         0.077     0.982 r  cnn_system_i/processing_system7_0/inst/buffer_fclk_clk_0.FCLK_CLK_0_BUFG/O
                         net (fo=8881, routed)        1.231     2.214    cnn_system_i/axi_smc_1/inst/s00_entry_pipeline/s00_si_converter/inst/xpm_cdc_async_rst_inst/dest_clk
    SLICE_X41Y63         FDCE                                         r  cnn_system_i/axi_smc_1/inst/s00_entry_pipeline/s00_si_converter/inst/xpm_cdc_async_rst_inst/arststages_ff_reg[1]/C

Slack:                    inf
  Source:                 cnn_system_i/axi_smc_1/inst/clk_map/psr_aclk/U0/ACTIVE_LOW_BSR_OUT_DFF[0].FDRE_BSR_N/C
                            (rising edge-triggered cell FDRE clocked by clk_fpga_0  {rise@0.000ns fall@5.000ns period=10.000ns})
  Destination:            cnn_system_i/axi_smc_1/inst/s00_entry_pipeline/s00_si_converter/inst/xpm_cdc_async_rst_inst/arststages_ff_reg[2]/CLR
                            (recovery check against rising-edge clock clk_fpga_0  {rise@0.000ns fall@5.000ns period=10.000ns})
  Path Group:             (none)
  Path Type:              Recovery (Max at Slow Process Corner)
  Data Path Delay:        2.287ns  (logic 0.500ns (21.867%)  route 1.787ns (78.133%))
  Logic Levels:           1  (LUT1=1)
  Clock Path Skew:        -0.273ns (DCD - SCD + CPR)
    Destination Clock Delay (DCD):    2.214ns
    Source Clock Delay      (SCD):    2.487ns
    Clock Pessimism Removal (CPR):    0.000ns
  Clock Uncertainty:      0.154ns  ((TSJ^2 + TIJ^2)^1/2 + DJ) / 2 + PE
    Total System Jitter     (TSJ):    0.071ns
    Total Input Jitter      (TIJ):    0.300ns
    Discrete Jitter          (DJ):    0.000ns
    Phase Error              (PE):    0.000ns
  Timing Exception:       False Path

    Location             Delay type                Incr(ns)  Path(ns)    Netlist Resource(s)
  -------------------------------------------------------------------    -------------------
                         (clock clk_fpga_0 rise edge)
                                                      0.000     0.000 r  
    PS7_X0Y0             PS7                          0.000     0.000 r  cnn_system_i/processing_system7_0/inst/PS7_i/FCLKCLK[0]
                         net (fo=1, routed)           0.994     0.994    cnn_system_i/processing_system7_0/inst/FCLK_CLK_unbuffered[0]
    BUFGCTRL_X0Y16       BUFG (Prop_bufg_I_O)         0.085     1.079 r  cnn_system_i/processing_system7_0/inst/buffer_fclk_clk_0.FCLK_CLK_0_BUFG/O
                         net (fo=8881, routed)        1.408     2.487    cnn_system_i/axi_smc_1/inst/clk_map/psr_aclk/U0/aclk
    SLICE_X44Y48         FDRE                                         r  cnn_system_i/axi_smc_1/inst/clk_map/psr_aclk/U0/ACTIVE_LOW_BSR_OUT_DFF[0].FDRE_BSR_N/C
  -------------------------------------------------------------------    -------------------
    SLICE_X44Y48         FDRE (Prop_fdre_C_Q)         0.379     2.866 r  cnn_system_i/axi_smc_1/inst/clk_map/psr_aclk/U0/ACTIVE_LOW_BSR_OUT_DFF[0].FDRE_BSR_N/Q
                         net (fo=6, routed)           1.272     4.138    cnn_system_i/axi_smc_1/inst/s00_entry_pipeline/s00_si_converter/inst/xpm_cdc_async_rst_inst/src_arst
    SLICE_X41Y63         LUT1 (Prop_lut1_I0_O)        0.121     4.259 f  cnn_system_i/axi_smc_1/inst/s00_entry_pipeline/s00_si_converter/inst/xpm_cdc_async_rst_inst/arststages_ff[2]_i_1/O
                         net (fo=3, routed)           0.514     4.774    cnn_system_i/axi_smc_1/inst/s00_entry_pipeline/s00_si_converter/inst/xpm_cdc_async_rst_inst/reset_pol
    SLICE_X41Y63         FDCE                                         f  cnn_system_i/axi_smc_1/inst/s00_entry_pipeline/s00_si_converter/inst/xpm_cdc_async_rst_inst/arststages_ff_reg[2]/CLR
  -------------------------------------------------------------------    -------------------

                         (clock clk_fpga_0 rise edge)
                                                      0.000     0.000 r  
    PS7_X0Y0             PS7                          0.000     0.000 r  cnn_system_i/processing_system7_0/inst/PS7_i/FCLKCLK[0]
                         net (fo=1, routed)           0.905     0.905    cnn_system_i/processing_system7_0/inst/FCLK_CLK_unbuffered[0]
    BUFGCTRL_X0Y16       BUFG (Prop_bufg_I_O)         0.077     0.982 r  cnn_system_i/processing_system7_0/inst/buffer_fclk_clk_0.FCLK_CLK_0_BUFG/O
                         net (fo=8881, routed)        1.231     2.214    cnn_system_i/axi_smc_1/inst/s00_entry_pipeline/s00_si_converter/inst/xpm_cdc_async_rst_inst/dest_clk
    SLICE_X41Y63         FDCE                                         r  cnn_system_i/axi_smc_1/inst/s00_entry_pipeline/s00_si_converter/inst/xpm_cdc_async_rst_inst/arststages_ff_reg[2]/C

Slack:                    inf
  Source:                 cnn_system_i/axi_smc/inst/clk_map/psr_aclk/U0/ACTIVE_LOW_BSR_OUT_DFF[0].FDRE_BSR_N/C
                            (rising edge-triggered cell FDRE clocked by clk_fpga_0  {rise@0.000ns fall@5.000ns period=10.000ns})
  Destination:            cnn_system_i/axi_smc/inst/s00_nodes/s00_r_node/inst/s_sc_xpm_cdc_async_rst_inst/arststages_ff_reg[0]/CLR
                            (recovery check against rising-edge clock clk_fpga_0  {rise@0.000ns fall@5.000ns period=10.000ns})
  Path Group:             (none)
  Path Type:              Recovery (Max at Slow Process Corner)
  Data Path Delay:        2.153ns  (logic 0.484ns (22.477%)  route 1.669ns (77.523%))
  Logic Levels:           1  (LUT1=1)
  Clock Path Skew:        -0.240ns (DCD - SCD + CPR)
    Destination Clock Delay (DCD):    2.305ns
    Source Clock Delay      (SCD):    2.545ns
    Clock Pessimism Removal (CPR):    0.000ns
  Clock Uncertainty:      0.154ns  ((TSJ^2 + TIJ^2)^1/2 + DJ) / 2 + PE
    Total System Jitter     (TSJ):    0.071ns
    Total Input Jitter      (TIJ):    0.300ns
    Discrete Jitter          (DJ):    0.000ns
    Phase Error              (PE):    0.000ns
  Timing Exception:       False Path

    Location             Delay type                Incr(ns)  Path(ns)    Netlist Resource(s)
  -------------------------------------------------------------------    -------------------
                         (clock clk_fpga_0 rise edge)
                                                      0.000     0.000 r  
    PS7_X0Y0             PS7                          0.000     0.000 r  cnn_system_i/processing_system7_0/inst/PS7_i/FCLKCLK[0]
                         net (fo=1, routed)           0.994     0.994    cnn_system_i/processing_system7_0/inst/FCLK_CLK_unbuffered[0]
    BUFGCTRL_X0Y16       BUFG (Prop_bufg_I_O)         0.085     1.079 r  cnn_system_i/processing_system7_0/inst/buffer_fclk_clk_0.FCLK_CLK_0_BUFG/O
                         net (fo=8881, routed)        1.466     2.545    cnn_system_i/axi_smc/inst/clk_map/psr_aclk/U0/aclk
    SLICE_X28Y33         FDRE                                         r  cnn_system_i/axi_smc/inst/clk_map/psr_aclk/U0/ACTIVE_LOW_BSR_OUT_DFF[0].FDRE_BSR_N/C
  -------------------------------------------------------------------    -------------------
    SLICE_X28Y33         FDRE (Prop_fdre_C_Q)         0.379     2.924 r  cnn_system_i/axi_smc/inst/clk_map/psr_aclk/U0/ACTIVE_LOW_BSR_OUT_DFF[0].FDRE_BSR_N/Q
                         net (fo=5, routed)           1.267     4.191    cnn_system_i/axi_smc/inst/s00_nodes/s00_r_node/inst/s_sc_xpm_cdc_async_rst_inst/src_arst
    SLICE_X16Y35         LUT1 (Prop_lut1_I0_O)        0.105     4.296 f  cnn_system_i/axi_smc/inst/s00_nodes/s00_r_node/inst/s_sc_xpm_cdc_async_rst_inst/arststages_ff[2]_i_1/O
                         net (fo=3, routed)           0.402     4.698    cnn_system_i/axi_smc/inst/s00_nodes/s00_r_node/inst/s_sc_xpm_cdc_async_rst_inst/reset_pol
    SLICE_X16Y35         FDCE                                         f  cnn_system_i/axi_smc/inst/s00_nodes/s00_r_node/inst/s_sc_xpm_cdc_async_rst_inst/arststages_ff_reg[0]/CLR
  -------------------------------------------------------------------    -------------------

                         (clock clk_fpga_0 rise edge)
                                                      0.000     0.000 r  
    PS7_X0Y0             PS7                          0.000     0.000 r  cnn_system_i/processing_system7_0/inst/PS7_i/FCLKCLK[0]
                         net (fo=1, routed)           0.905     0.905    cnn_system_i/processing_system7_0/inst/FCLK_CLK_unbuffered[0]
    BUFGCTRL_X0Y16       BUFG (Prop_bufg_I_O)         0.077     0.982 r  cnn_system_i/processing_system7_0/inst/buffer_fclk_clk_0.FCLK_CLK_0_BUFG/O
                         net (fo=8881, routed)        1.323     2.305    cnn_system_i/axi_smc/inst/s00_nodes/s00_r_node/inst/s_sc_xpm_cdc_async_rst_inst/dest_clk
    SLICE_X16Y35         FDCE                                         r  cnn_system_i/axi_smc/inst/s00_nodes/s00_r_node/inst/s_sc_xpm_cdc_async_rst_inst/arststages_ff_reg[0]/C

Slack:                    inf
  Source:                 cnn_system_i/axi_smc/inst/clk_map/psr_aclk/U0/ACTIVE_LOW_BSR_OUT_DFF[0].FDRE_BSR_N/C
                            (rising edge-triggered cell FDRE clocked by clk_fpga_0  {rise@0.000ns fall@5.000ns period=10.000ns})
  Destination:            cnn_system_i/axi_smc/inst/s00_nodes/s00_r_node/inst/s_sc_xpm_cdc_async_rst_inst/arststages_ff_reg[1]/CLR
                            (recovery check against rising-edge clock clk_fpga_0  {rise@0.000ns fall@5.000ns period=10.000ns})
  Path Group:             (none)
  Path Type:              Recovery (Max at Slow Process Corner)
  Data Path Delay:        2.153ns  (logic 0.484ns (22.477%)  route 1.669ns (77.523%))
  Logic Levels:           1  (LUT1=1)
  Clock Path Skew:        -0.240ns (DCD - SCD + CPR)
    Destination Clock Delay (DCD):    2.305ns
    Source Clock Delay      (SCD):    2.545ns
    Clock Pessimism Removal (CPR):    0.000ns
  Clock Uncertainty:      0.154ns  ((TSJ^2 + TIJ^2)^1/2 + DJ) / 2 + PE
    Total System Jitter     (TSJ):    0.071ns
    Total Input Jitter      (TIJ):    0.300ns
    Discrete Jitter          (DJ):    0.000ns
    Phase Error              (PE):    0.000ns
  Timing Exception:       False Path

    Location             Delay type                Incr(ns)  Path(ns)    Netlist Resource(s)
  -------------------------------------------------------------------    -------------------
                         (clock clk_fpga_0 rise edge)
                                                      0.000     0.000 r  
    PS7_X0Y0             PS7                          0.000     0.000 r  cnn_system_i/processing_system7_0/inst/PS7_i/FCLKCLK[0]
                         net (fo=1, routed)           0.994     0.994    cnn_system_i/processing_system7_0/inst/FCLK_CLK_unbuffered[0]
    BUFGCTRL_X0Y16       BUFG (Prop_bufg_I_O)         0.085     1.079 r  cnn_system_i/processing_system7_0/inst/buffer_fclk_clk_0.FCLK_CLK_0_BUFG/O
                         net (fo=8881, routed)        1.466     2.545    cnn_system_i/axi_smc/inst/clk_map/psr_aclk/U0/aclk
    SLICE_X28Y33         FDRE                                         r  cnn_system_i/axi_smc/inst/clk_map/psr_aclk/U0/ACTIVE_LOW_BSR_OUT_DFF[0].FDRE_BSR_N/C
  -------------------------------------------------------------------    -------------------
    SLICE_X28Y33         FDRE (Prop_fdre_C_Q)         0.379     2.924 r  cnn_system_i/axi_smc/inst/clk_map/psr_aclk/U0/ACTIVE_LOW_BSR_OUT_DFF[0].FDRE_BSR_N/Q
                         net (fo=5, routed)           1.267     4.191    cnn_system_i/axi_smc/inst/s00_nodes/s00_r_node/inst/s_sc_xpm_cdc_async_rst_inst/src_arst
    SLICE_X16Y35         LUT1 (Prop_lut1_I0_O)        0.105     4.296 f  cnn_system_i/axi_smc/inst/s00_nodes/s00_r_node/inst/s_sc_xpm_cdc_async_rst_inst/arststages_ff[2]_i_1/O
                         net (fo=3, routed)           0.402     4.698    cnn_system_i/axi_smc/inst/s00_nodes/s00_r_node/inst/s_sc_xpm_cdc_async_rst_inst/reset_pol
    SLICE_X16Y35         FDCE                                         f  cnn_system_i/axi_smc/inst/s00_nodes/s00_r_node/inst/s_sc_xpm_cdc_async_rst_inst/arststages_ff_reg[1]/CLR
  -------------------------------------------------------------------    -------------------

                         (clock clk_fpga_0 rise edge)
                                                      0.000     0.000 r  
    PS7_X0Y0             PS7                          0.000     0.000 r  cnn_system_i/processing_system7_0/inst/PS7_i/FCLKCLK[0]
                         net (fo=1, routed)           0.905     0.905    cnn_system_i/processing_system7_0/inst/FCLK_CLK_unbuffered[0]
    BUFGCTRL_X0Y16       BUFG (Prop_bufg_I_O)         0.077     0.982 r  cnn_system_i/processing_system7_0/inst/buffer_fclk_clk_0.FCLK_CLK_0_BUFG/O
                         net (fo=8881, routed)        1.323     2.305    cnn_system_i/axi_smc/inst/s00_nodes/s00_r_node/inst/s_sc_xpm_cdc_async_rst_inst/dest_clk
    SLICE_X16Y35         FDCE                                         r  cnn_system_i/axi_smc/inst/s00_nodes/s00_r_node/inst/s_sc_xpm_cdc_async_rst_inst/arststages_ff_reg[1]/C

Slack:                    inf
  Source:                 cnn_system_i/axi_smc/inst/clk_map/psr_aclk/U0/ACTIVE_LOW_BSR_OUT_DFF[0].FDRE_BSR_N/C
                            (rising edge-triggered cell FDRE clocked by clk_fpga_0  {rise@0.000ns fall@5.000ns period=10.000ns})
  Destination:            cnn_system_i/axi_smc/inst/s00_nodes/s00_r_node/inst/s_sc_xpm_cdc_async_rst_inst/arststages_ff_reg[2]/CLR
                            (recovery check against rising-edge clock clk_fpga_0  {rise@0.000ns fall@5.000ns period=10.000ns})
  Path Group:             (none)
  Path Type:              Recovery (Max at Slow Process Corner)
  Data Path Delay:        2.153ns  (logic 0.484ns (22.477%)  route 1.669ns (77.523%))
  Logic Levels:           1  (LUT1=1)
  Clock Path Skew:        -0.240ns (DCD - SCD + CPR)
    Destination Clock Delay (DCD):    2.305ns
    Source Clock Delay      (SCD):    2.545ns
    Clock Pessimism Removal (CPR):    0.000ns
  Clock Uncertainty:      0.154ns  ((TSJ^2 + TIJ^2)^1/2 + DJ) / 2 + PE
    Total System Jitter     (TSJ):    0.071ns
    Total Input Jitter      (TIJ):    0.300ns
    Discrete Jitter          (DJ):    0.000ns
    Phase Error              (PE):    0.000ns
  Timing Exception:       False Path

    Location             Delay type                Incr(ns)  Path(ns)    Netlist Resource(s)
  -------------------------------------------------------------------    -------------------
                         (clock clk_fpga_0 rise edge)
                                                      0.000     0.000 r  
    PS7_X0Y0             PS7                          0.000     0.000 r  cnn_system_i/processing_system7_0/inst/PS7_i/FCLKCLK[0]
                         net (fo=1, routed)           0.994     0.994    cnn_system_i/processing_system7_0/inst/FCLK_CLK_unbuffered[0]
    BUFGCTRL_X0Y16       BUFG (Prop_bufg_I_O)         0.085     1.079 r  cnn_system_i/processing_system7_0/inst/buffer_fclk_clk_0.FCLK_CLK_0_BUFG/O
                         net (fo=8881, routed)        1.466     2.545    cnn_system_i/axi_smc/inst/clk_map/psr_aclk/U0/aclk
    SLICE_X28Y33         FDRE                                         r  cnn_system_i/axi_smc/inst/clk_map/psr_aclk/U0/ACTIVE_LOW_BSR_OUT_DFF[0].FDRE_BSR_N/C
  -------------------------------------------------------------------    -------------------
    SLICE_X28Y33         FDRE (Prop_fdre_C_Q)         0.379     2.924 r  cnn_system_i/axi_smc/inst/clk_map/psr_aclk/U0/ACTIVE_LOW_BSR_OUT_DFF[0].FDRE_BSR_N/Q
                         net (fo=5, routed)           1.267     4.191    cnn_system_i/axi_smc/inst/s00_nodes/s00_r_node/inst/s_sc_xpm_cdc_async_rst_inst/src_arst
    SLICE_X16Y35         LUT1 (Prop_lut1_I0_O)        0.105     4.296 f  cnn_system_i/axi_smc/inst/s00_nodes/s00_r_node/inst/s_sc_xpm_cdc_async_rst_inst/arststages_ff[2]_i_1/O
                         net (fo=3, routed)           0.402     4.698    cnn_system_i/axi_smc/inst/s00_nodes/s00_r_node/inst/s_sc_xpm_cdc_async_rst_inst/reset_pol
    SLICE_X16Y35         FDCE                                         f  cnn_system_i/axi_smc/inst/s00_nodes/s00_r_node/inst/s_sc_xpm_cdc_async_rst_inst/arststages_ff_reg[2]/CLR
  -------------------------------------------------------------------    -------------------

                         (clock clk_fpga_0 rise edge)
                                                      0.000     0.000 r  
    PS7_X0Y0             PS7                          0.000     0.000 r  cnn_system_i/processing_system7_0/inst/PS7_i/FCLKCLK[0]
                         net (fo=1, routed)           0.905     0.905    cnn_system_i/processing_system7_0/inst/FCLK_CLK_unbuffered[0]
    BUFGCTRL_X0Y16       BUFG (Prop_bufg_I_O)         0.077     0.982 r  cnn_system_i/processing_system7_0/inst/buffer_fclk_clk_0.FCLK_CLK_0_BUFG/O
                         net (fo=8881, routed)        1.323     2.305    cnn_system_i/axi_smc/inst/s00_nodes/s00_r_node/inst/s_sc_xpm_cdc_async_rst_inst/dest_clk
    SLICE_X16Y35         FDCE                                         r  cnn_system_i/axi_smc/inst/s00_nodes/s00_r_node/inst/s_sc_xpm_cdc_async_rst_inst/arststages_ff_reg[2]/C

Slack:                    inf
  Source:                 cnn_system_i/axi_smc_1/inst/clk_map/psr_aclk/U0/ACTIVE_LOW_BSR_OUT_DFF[0].FDRE_BSR_N/C
                            (rising edge-triggered cell FDRE clocked by clk_fpga_0  {rise@0.000ns fall@5.000ns period=10.000ns})
  Destination:            cnn_system_i/axi_smc_1/inst/s00_entry_pipeline/s00_mmu/inst/xpm_cdc_async_rst_inst/arststages_ff_reg[0]/CLR
                            (recovery check against rising-edge clock clk_fpga_0  {rise@0.000ns fall@5.000ns period=10.000ns})
  Path Group:             (none)
  Path Type:              Recovery (Max at Slow Process Corner)
  Data Path Delay:        2.170ns  (logic 0.484ns (22.302%)  route 1.686ns (77.698%))
  Logic Levels:           1  (LUT1=1)
  Clock Path Skew:        -0.274ns (DCD - SCD + CPR)
    Destination Clock Delay (DCD):    2.213ns
    Source Clock Delay      (SCD):    2.487ns
    Clock Pessimism Removal (CPR):    0.000ns
  Clock Uncertainty:      0.154ns  ((TSJ^2 + TIJ^2)^1/2 + DJ) / 2 + PE
    Total System Jitter     (TSJ):    0.071ns
    Total Input Jitter      (TIJ):    0.300ns
    Discrete Jitter          (DJ):    0.000ns
    Phase Error              (PE):    0.000ns
  Timing Exception:       False Path

    Location             Delay type                Incr(ns)  Path(ns)    Netlist Resource(s)
  -------------------------------------------------------------------    -------------------
                         (clock clk_fpga_0 rise edge)
                                                      0.000     0.000 r  
    PS7_X0Y0             PS7                          0.000     0.000 r  cnn_system_i/processing_system7_0/inst/PS7_i/FCLKCLK[0]
                         net (fo=1, routed)           0.994     0.994    cnn_system_i/processing_system7_0/inst/FCLK_CLK_unbuffered[0]
    BUFGCTRL_X0Y16       BUFG (Prop_bufg_I_O)         0.085     1.079 r  cnn_system_i/processing_system7_0/inst/buffer_fclk_clk_0.FCLK_CLK_0_BUFG/O
                         net (fo=8881, routed)        1.408     2.487    cnn_system_i/axi_smc_1/inst/clk_map/psr_aclk/U0/aclk
    SLICE_X44Y48         FDRE                                         r  cnn_system_i/axi_smc_1/inst/clk_map/psr_aclk/U0/ACTIVE_LOW_BSR_OUT_DFF[0].FDRE_BSR_N/C
  -------------------------------------------------------------------    -------------------
    SLICE_X44Y48         FDRE (Prop_fdre_C_Q)         0.379     2.866 r  cnn_system_i/axi_smc_1/inst/clk_map/psr_aclk/U0/ACTIVE_LOW_BSR_OUT_DFF[0].FDRE_BSR_N/Q
                         net (fo=6, routed)           1.248     4.114    cnn_system_i/axi_smc_1/inst/s00_entry_pipeline/s00_mmu/inst/xpm_cdc_async_rst_inst/src_arst
    SLICE_X44Y63         LUT1 (Prop_lut1_I0_O)        0.105     4.219 f  cnn_system_i/axi_smc_1/inst/s00_entry_pipeline/s00_mmu/inst/xpm_cdc_async_rst_inst/arststages_ff[2]_i_1/O
                         net (fo=3, routed)           0.438     4.657    cnn_system_i/axi_smc_1/inst/s00_entry_pipeline/s00_mmu/inst/xpm_cdc_async_rst_inst/reset_pol
    SLICE_X44Y63         FDCE                                         f  cnn_system_i/axi_smc_1/inst/s00_entry_pipeline/s00_mmu/inst/xpm_cdc_async_rst_inst/arststages_ff_reg[0]/CLR
  -------------------------------------------------------------------    -------------------

                         (clock clk_fpga_0 rise edge)
                                                      0.000     0.000 r  
    PS7_X0Y0             PS7                          0.000     0.000 r  cnn_system_i/processing_system7_0/inst/PS7_i/FCLKCLK[0]
                         net (fo=1, routed)           0.905     0.905    cnn_system_i/processing_system7_0/inst/FCLK_CLK_unbuffered[0]
    BUFGCTRL_X0Y16       BUFG (Prop_bufg_I_O)         0.077     0.982 r  cnn_system_i/processing_system7_0/inst/buffer_fclk_clk_0.FCLK_CLK_0_BUFG/O
                         net (fo=8881, routed)        1.230     2.213    cnn_system_i/axi_smc_1/inst/s00_entry_pipeline/s00_mmu/inst/xpm_cdc_async_rst_inst/dest_clk
    SLICE_X44Y63         FDCE                                         r  cnn_system_i/axi_smc_1/inst/s00_entry_pipeline/s00_mmu/inst/xpm_cdc_async_rst_inst/arststages_ff_reg[0]/C

Slack:                    inf
  Source:                 cnn_system_i/axi_smc_1/inst/clk_map/psr_aclk/U0/ACTIVE_LOW_BSR_OUT_DFF[0].FDRE_BSR_N/C
                            (rising edge-triggered cell FDRE clocked by clk_fpga_0  {rise@0.000ns fall@5.000ns period=10.000ns})
  Destination:            cnn_system_i/axi_smc_1/inst/s00_entry_pipeline/s00_mmu/inst/xpm_cdc_async_rst_inst/arststages_ff_reg[1]/CLR
                            (recovery check against rising-edge clock clk_fpga_0  {rise@0.000ns fall@5.000ns period=10.000ns})
  Path Group:             (none)
  Path Type:              Recovery (Max at Slow Process Corner)
  Data Path Delay:        2.170ns  (logic 0.484ns (22.302%)  route 1.686ns (77.698%))
  Logic Levels:           1  (LUT1=1)
  Clock Path Skew:        -0.274ns (DCD - SCD + CPR)
    Destination Clock Delay (DCD):    2.213ns
    Source Clock Delay      (SCD):    2.487ns
    Clock Pessimism Removal (CPR):    0.000ns
  Clock Uncertainty:      0.154ns  ((TSJ^2 + TIJ^2)^1/2 + DJ) / 2 + PE
    Total System Jitter     (TSJ):    0.071ns
    Total Input Jitter      (TIJ):    0.300ns
    Discrete Jitter          (DJ):    0.000ns
    Phase Error              (PE):    0.000ns
  Timing Exception:       False Path

    Location             Delay type                Incr(ns)  Path(ns)    Netlist Resource(s)
  -------------------------------------------------------------------    -------------------
                         (clock clk_fpga_0 rise edge)
                                                      0.000     0.000 r  
    PS7_X0Y0             PS7                          0.000     0.000 r  cnn_system_i/processing_system7_0/inst/PS7_i/FCLKCLK[0]
                         net (fo=1, routed)           0.994     0.994    cnn_system_i/processing_system7_0/inst/FCLK_CLK_unbuffered[0]
    BUFGCTRL_X0Y16       BUFG (Prop_bufg_I_O)         0.085     1.079 r  cnn_system_i/processing_system7_0/inst/buffer_fclk_clk_0.FCLK_CLK_0_BUFG/O
                         net (fo=8881, routed)        1.408     2.487    cnn_system_i/axi_smc_1/inst/clk_map/psr_aclk/U0/aclk
    SLICE_X44Y48         FDRE                                         r  cnn_system_i/axi_smc_1/inst/clk_map/psr_aclk/U0/ACTIVE_LOW_BSR_OUT_DFF[0].FDRE_BSR_N/C
  -------------------------------------------------------------------    -------------------
    SLICE_X44Y48         FDRE (Prop_fdre_C_Q)         0.379     2.866 r  cnn_system_i/axi_smc_1/inst/clk_map/psr_aclk/U0/ACTIVE_LOW_BSR_OUT_DFF[0].FDRE_BSR_N/Q
                         net (fo=6, routed)           1.248     4.114    cnn_system_i/axi_smc_1/inst/s00_entry_pipeline/s00_mmu/inst/xpm_cdc_async_rst_inst/src_arst
    SLICE_X44Y63         LUT1 (Prop_lut1_I0_O)        0.105     4.219 f  cnn_system_i/axi_smc_1/inst/s00_entry_pipeline/s00_mmu/inst/xpm_cdc_async_rst_inst/arststages_ff[2]_i_1/O
                         net (fo=3, routed)           0.438     4.657    cnn_system_i/axi_smc_1/inst/s00_entry_pipeline/s00_mmu/inst/xpm_cdc_async_rst_inst/reset_pol
    SLICE_X44Y63         FDCE                                         f  cnn_system_i/axi_smc_1/inst/s00_entry_pipeline/s00_mmu/inst/xpm_cdc_async_rst_inst/arststages_ff_reg[1]/CLR
  -------------------------------------------------------------------    -------------------

                         (clock clk_fpga_0 rise edge)
                                                      0.000     0.000 r  
    PS7_X0Y0             PS7                          0.000     0.000 r  cnn_system_i/processing_system7_0/inst/PS7_i/FCLKCLK[0]
                         net (fo=1, routed)           0.905     0.905    cnn_system_i/processing_system7_0/inst/FCLK_CLK_unbuffered[0]
    BUFGCTRL_X0Y16       BUFG (Prop_bufg_I_O)         0.077     0.982 r  cnn_system_i/processing_system7_0/inst/buffer_fclk_clk_0.FCLK_CLK_0_BUFG/O
                         net (fo=8881, routed)        1.230     2.213    cnn_system_i/axi_smc_1/inst/s00_entry_pipeline/s00_mmu/inst/xpm_cdc_async_rst_inst/dest_clk
    SLICE_X44Y63         FDCE                                         r  cnn_system_i/axi_smc_1/inst/s00_entry_pipeline/s00_mmu/inst/xpm_cdc_async_rst_inst/arststages_ff_reg[1]/C

Slack:                    inf
  Source:                 cnn_system_i/axi_smc_1/inst/clk_map/psr_aclk/U0/ACTIVE_LOW_BSR_OUT_DFF[0].FDRE_BSR_N/C
                            (rising edge-triggered cell FDRE clocked by clk_fpga_0  {rise@0.000ns fall@5.000ns period=10.000ns})
  Destination:            cnn_system_i/axi_smc_1/inst/s00_entry_pipeline/s00_mmu/inst/xpm_cdc_async_rst_inst/arststages_ff_reg[2]/CLR
                            (recovery check against rising-edge clock clk_fpga_0  {rise@0.000ns fall@5.000ns period=10.000ns})
  Path Group:             (none)
  Path Type:              Recovery (Max at Slow Process Corner)
  Data Path Delay:        2.170ns  (logic 0.484ns (22.302%)  route 1.686ns (77.698%))
  Logic Levels:           1  (LUT1=1)
  Clock Path Skew:        -0.274ns (DCD - SCD + CPR)
    Destination Clock Delay (DCD):    2.213ns
    Source Clock Delay      (SCD):    2.487ns
    Clock Pessimism Removal (CPR):    0.000ns
  Clock Uncertainty:      0.154ns  ((TSJ^2 + TIJ^2)^1/2 + DJ) / 2 + PE
    Total System Jitter     (TSJ):    0.071ns
    Total Input Jitter      (TIJ):    0.300ns
    Discrete Jitter          (DJ):    0.000ns
    Phase Error              (PE):    0.000ns
  Timing Exception:       False Path

    Location             Delay type                Incr(ns)  Path(ns)    Netlist Resource(s)
  -------------------------------------------------------------------    -------------------
                         (clock clk_fpga_0 rise edge)
                                                      0.000     0.000 r  
    PS7_X0Y0             PS7                          0.000     0.000 r  cnn_system_i/processing_system7_0/inst/PS7_i/FCLKCLK[0]
                         net (fo=1, routed)           0.994     0.994    cnn_system_i/processing_system7_0/inst/FCLK_CLK_unbuffered[0]
    BUFGCTRL_X0Y16       BUFG (Prop_bufg_I_O)         0.085     1.079 r  cnn_system_i/processing_system7_0/inst/buffer_fclk_clk_0.FCLK_CLK_0_BUFG/O
                         net (fo=8881, routed)        1.408     2.487    cnn_system_i/axi_smc_1/inst/clk_map/psr_aclk/U0/aclk
    SLICE_X44Y48         FDRE                                         r  cnn_system_i/axi_smc_1/inst/clk_map/psr_aclk/U0/ACTIVE_LOW_BSR_OUT_DFF[0].FDRE_BSR_N/C
  -------------------------------------------------------------------    -------------------
    SLICE_X44Y48         FDRE (Prop_fdre_C_Q)         0.379     2.866 r  cnn_system_i/axi_smc_1/inst/clk_map/psr_aclk/U0/ACTIVE_LOW_BSR_OUT_DFF[0].FDRE_BSR_N/Q
                         net (fo=6, routed)           1.248     4.114    cnn_system_i/axi_smc_1/inst/s00_entry_pipeline/s00_mmu/inst/xpm_cdc_async_rst_inst/src_arst
    SLICE_X44Y63         LUT1 (Prop_lut1_I0_O)        0.105     4.219 f  cnn_system_i/axi_smc_1/inst/s00_entry_pipeline/s00_mmu/inst/xpm_cdc_async_rst_inst/arststages_ff[2]_i_1/O
                         net (fo=3, routed)           0.438     4.657    cnn_system_i/axi_smc_1/inst/s00_entry_pipeline/s00_mmu/inst/xpm_cdc_async_rst_inst/reset_pol
    SLICE_X44Y63         FDCE                                         f  cnn_system_i/axi_smc_1/inst/s00_entry_pipeline/s00_mmu/inst/xpm_cdc_async_rst_inst/arststages_ff_reg[2]/CLR
  -------------------------------------------------------------------    -------------------

                         (clock clk_fpga_0 rise edge)
                                                      0.000     0.000 r  
    PS7_X0Y0             PS7                          0.000     0.000 r  cnn_system_i/processing_system7_0/inst/PS7_i/FCLKCLK[0]
                         net (fo=1, routed)           0.905     0.905    cnn_system_i/processing_system7_0/inst/FCLK_CLK_unbuffered[0]
    BUFGCTRL_X0Y16       BUFG (Prop_bufg_I_O)         0.077     0.982 r  cnn_system_i/processing_system7_0/inst/buffer_fclk_clk_0.FCLK_CLK_0_BUFG/O
                         net (fo=8881, routed)        1.230     2.213    cnn_system_i/axi_smc_1/inst/s00_entry_pipeline/s00_mmu/inst/xpm_cdc_async_rst_inst/dest_clk
    SLICE_X44Y63         FDCE                                         r  cnn_system_i/axi_smc_1/inst/s00_entry_pipeline/s00_mmu/inst/xpm_cdc_async_rst_inst/arststages_ff_reg[2]/C

Slack:                    inf
  Source:                 cnn_system_i/rst_ps7_0_100M/U0/ACTIVE_LOW_PR_OUT_DFF[0].FDRE_PER_N/C
                            (rising edge-triggered cell FDRE clocked by clk_fpga_0  {rise@0.000ns fall@5.000ns period=10.000ns})
  Destination:            cnn_system_i/axi_dma_0/U0/I_RST_MODULE/REG_HRD_RST_OUT/GENERATE_LEVEL_P_S_CDC.SINGLE_BIT.CROSS_PLEVEL_IN2SCNDRY_IN_cdc_to/D
                            (rising edge-triggered cell FDRE clocked by clk_fpga_0  {rise@0.000ns fall@5.000ns period=10.000ns})
  Path Group:             (none)
  Path Type:              Setup (Max at Slow Process Corner)
  Data Path Delay:        2.003ns  (logic 0.433ns (21.614%)  route 1.570ns (78.386%))
  Logic Levels:           0  
  Clock Path Skew:        -0.244ns (DCD - SCD + CPR)
    Destination Clock Delay (DCD):    2.218ns
    Source Clock Delay      (SCD):    2.462ns
    Clock Pessimism Removal (CPR):    0.000ns
  Clock Uncertainty:      0.154ns  ((TSJ^2 + TIJ^2)^1/2 + DJ) / 2 + PE
    Total System Jitter     (TSJ):    0.071ns
    Total Input Jitter      (TIJ):    0.300ns
    Discrete Jitter          (DJ):    0.000ns
    Phase Error              (PE):    0.000ns
  Timing Exception:       False Path

    Location             Delay type                Incr(ns)  Path(ns)    Netlist Resource(s)
  -------------------------------------------------------------------    -------------------
                         (clock clk_fpga_0 rise edge)
                                                      0.000     0.000 r  
    PS7_X0Y0             PS7                          0.000     0.000 r  cnn_system_i/processing_system7_0/inst/PS7_i/FCLKCLK[0]
                         net (fo=1, routed)           0.994     0.994    cnn_system_i/processing_system7_0/inst/FCLK_CLK_unbuffered[0]
    BUFGCTRL_X0Y16       BUFG (Prop_bufg_I_O)         0.085     1.079 r  cnn_system_i/processing_system7_0/inst/buffer_fclk_clk_0.FCLK_CLK_0_BUFG/O
                         net (fo=8881, routed)        1.383     2.462    cnn_system_i/rst_ps7_0_100M/U0/slowest_sync_clk
    SLICE_X46Y85         FDRE                                         r  cnn_system_i/rst_ps7_0_100M/U0/ACTIVE_LOW_PR_OUT_DFF[0].FDRE_PER_N/C
  -------------------------------------------------------------------    -------------------
    SLICE_X46Y85         FDRE (Prop_fdre_C_Q)         0.433     2.895 r  cnn_system_i/rst_ps7_0_100M/U0/ACTIVE_LOW_PR_OUT_DFF[0].FDRE_PER_N/Q
                         net (fo=60, routed)          1.570     4.465    cnn_system_i/axi_dma_0/U0/I_RST_MODULE/REG_HRD_RST_OUT/axi_resetn
    SLICE_X40Y93         FDRE                                         r  cnn_system_i/axi_dma_0/U0/I_RST_MODULE/REG_HRD_RST_OUT/GENERATE_LEVEL_P_S_CDC.SINGLE_BIT.CROSS_PLEVEL_IN2SCNDRY_IN_cdc_to/D
  -------------------------------------------------------------------    -------------------

                         (clock clk_fpga_0 rise edge)
                                                      0.000     0.000 r  
    PS7_X0Y0             PS7                          0.000     0.000 r  cnn_system_i/processing_system7_0/inst/PS7_i/FCLKCLK[0]
                         net (fo=1, routed)           0.905     0.905    cnn_system_i/processing_system7_0/inst/FCLK_CLK_unbuffered[0]
    BUFGCTRL_X0Y16       BUFG (Prop_bufg_I_O)         0.077     0.982 r  cnn_system_i/processing_system7_0/inst/buffer_fclk_clk_0.FCLK_CLK_0_BUFG/O
                         net (fo=8881, routed)        1.235     2.218    cnn_system_i/axi_dma_0/U0/I_RST_MODULE/REG_HRD_RST_OUT/s_axi_lite_aclk
    SLICE_X40Y93         FDRE                                         r  cnn_system_i/axi_dma_0/U0/I_RST_MODULE/REG_HRD_RST_OUT/GENERATE_LEVEL_P_S_CDC.SINGLE_BIT.CROSS_PLEVEL_IN2SCNDRY_IN_cdc_to/C





Min Delay Paths
--------------------------------------------------------------------------------------
Slack:                    inf
  Source:                 cnn_system_i/axi_smc/inst/clk_map/psr_aclk/U0/ACTIVE_LOW_BSR_OUT_DFF[0].FDRE_BSR_N/C
                            (rising edge-triggered cell FDRE clocked by clk_fpga_0  {rise@0.000ns fall@5.000ns period=10.000ns})
  Destination:            cnn_system_i/axi_smc/inst/s00_entry_pipeline/s00_mmu/inst/xpm_cdc_async_rst_inst/arststages_ff_reg[0]/CLR
                            (removal check against rising-edge clock clk_fpga_0  {rise@0.000ns fall@5.000ns period=10.000ns})
  Path Group:             (none)
  Path Type:              Removal (Min at Fast Process Corner)
  Data Path Delay:        0.466ns  (logic 0.189ns (40.537%)  route 0.277ns (59.463%))
  Logic Levels:           1  (LUT1=1)
  Clock Path Skew:        0.299ns (DCD - SCD - CPR)
    Destination Clock Delay (DCD):    1.220ns
    Source Clock Delay      (SCD):    0.921ns
    Clock Pessimism Removal (CPR):    -0.000ns
  Clock Uncertainty:      0.154ns  ((TSJ^2 + TIJ^2)^1/2 + DJ) / 2 + PE
    Total System Jitter     (TSJ):    0.071ns
    Total Input Jitter      (TIJ):    0.300ns
    Discrete Jitter          (DJ):    0.000ns
    Phase Error              (PE):    0.000ns
  Timing Exception:       False Path

    Location             Delay type                Incr(ns)  Path(ns)    Netlist Resource(s)
  -------------------------------------------------------------------    -------------------
                         (clock clk_fpga_0 rise edge)
                                                      0.000     0.000 r  
    PS7_X0Y0             PS7                          0.000     0.000 r  cnn_system_i/processing_system7_0/inst/PS7_i/FCLKCLK[0]
                         net (fo=1, routed)           0.310     0.310    cnn_system_i/processing_system7_0/inst/FCLK_CLK_unbuffered[0]
    BUFGCTRL_X0Y16       BUFG (Prop_bufg_I_O)         0.026     0.336 r  cnn_system_i/processing_system7_0/inst/buffer_fclk_clk_0.FCLK_CLK_0_BUFG/O
                         net (fo=8881, routed)        0.585     0.921    cnn_system_i/axi_smc/inst/clk_map/psr_aclk/U0/aclk
    SLICE_X28Y33         FDRE                                         r  cnn_system_i/axi_smc/inst/clk_map/psr_aclk/U0/ACTIVE_LOW_BSR_OUT_DFF[0].FDRE_BSR_N/C
  -------------------------------------------------------------------    -------------------
    SLICE_X28Y33         FDRE (Prop_fdre_C_Q)         0.141     1.062 r  cnn_system_i/axi_smc/inst/clk_map/psr_aclk/U0/ACTIVE_LOW_BSR_OUT_DFF[0].FDRE_BSR_N/Q
                         net (fo=5, routed)           0.161     1.223    cnn_system_i/axi_smc/inst/s00_entry_pipeline/s00_mmu/inst/xpm_cdc_async_rst_inst/src_arst
    SLICE_X26Y34         LUT1 (Prop_lut1_I0_O)        0.048     1.271 f  cnn_system_i/axi_smc/inst/s00_entry_pipeline/s00_mmu/inst/xpm_cdc_async_rst_inst/arststages_ff[2]_i_1/O
                         net (fo=3, routed)           0.116     1.387    cnn_system_i/axi_smc/inst/s00_entry_pipeline/s00_mmu/inst/xpm_cdc_async_rst_inst/reset_pol
    SLICE_X26Y35         FDCE                                         f  cnn_system_i/axi_smc/inst/s00_entry_pipeline/s00_mmu/inst/xpm_cdc_async_rst_inst/arststages_ff_reg[0]/CLR
  -------------------------------------------------------------------    -------------------

                         (clock clk_fpga_0 rise edge)
                                                      0.000     0.000 r  
    PS7_X0Y0             PS7                          0.000     0.000 r  cnn_system_i/processing_system7_0/inst/PS7_i/FCLKCLK[0]
                         net (fo=1, routed)           0.337     0.337    cnn_system_i/processing_system7_0/inst/FCLK_CLK_unbuffered[0]
    BUFGCTRL_X0Y16       BUFG (Prop_bufg_I_O)         0.029     0.366 r  cnn_system_i/processing_system7_0/inst/buffer_fclk_clk_0.FCLK_CLK_0_BUFG/O
                         net (fo=8881, routed)        0.854     1.220    cnn_system_i/axi_smc/inst/s00_entry_pipeline/s00_mmu/inst/xpm_cdc_async_rst_inst/dest_clk
    SLICE_X26Y35         FDCE                                         r  cnn_system_i/axi_smc/inst/s00_entry_pipeline/s00_mmu/inst/xpm_cdc_async_rst_inst/arststages_ff_reg[0]/C

Slack:                    inf
  Source:                 cnn_system_i/axi_smc/inst/clk_map/psr_aclk/U0/ACTIVE_LOW_BSR_OUT_DFF[0].FDRE_BSR_N/C
                            (rising edge-triggered cell FDRE clocked by clk_fpga_0  {rise@0.000ns fall@5.000ns period=10.000ns})
  Destination:            cnn_system_i/axi_smc/inst/s00_entry_pipeline/s00_mmu/inst/xpm_cdc_async_rst_inst/arststages_ff_reg[1]/CLR
                            (removal check against rising-edge clock clk_fpga_0  {rise@0.000ns fall@5.000ns period=10.000ns})
  Path Group:             (none)
  Path Type:              Removal (Min at Fast Process Corner)
  Data Path Delay:        0.466ns  (logic 0.189ns (40.537%)  route 0.277ns (59.463%))
  Logic Levels:           1  (LUT1=1)
  Clock Path Skew:        0.299ns (DCD - SCD - CPR)
    Destination Clock Delay (DCD):    1.220ns
    Source Clock Delay      (SCD):    0.921ns
    Clock Pessimism Removal (CPR):    -0.000ns
  Clock Uncertainty:      0.154ns  ((TSJ^2 + TIJ^2)^1/2 + DJ) / 2 + PE
    Total System Jitter     (TSJ):    0.071ns
    Total Input Jitter      (TIJ):    0.300ns
    Discrete Jitter          (DJ):    0.000ns
    Phase Error              (PE):    0.000ns
  Timing Exception:       False Path

    Location             Delay type                Incr(ns)  Path(ns)    Netlist Resource(s)
  -------------------------------------------------------------------    -------------------
                         (clock clk_fpga_0 rise edge)
                                                      0.000     0.000 r  
    PS7_X0Y0             PS7                          0.000     0.000 r  cnn_system_i/processing_system7_0/inst/PS7_i/FCLKCLK[0]
                         net (fo=1, routed)           0.310     0.310    cnn_system_i/processing_system7_0/inst/FCLK_CLK_unbuffered[0]
    BUFGCTRL_X0Y16       BUFG (Prop_bufg_I_O)         0.026     0.336 r  cnn_system_i/processing_system7_0/inst/buffer_fclk_clk_0.FCLK_CLK_0_BUFG/O
                         net (fo=8881, routed)        0.585     0.921    cnn_system_i/axi_smc/inst/clk_map/psr_aclk/U0/aclk
    SLICE_X28Y33         FDRE                                         r  cnn_system_i/axi_smc/inst/clk_map/psr_aclk/U0/ACTIVE_LOW_BSR_OUT_DFF[0].FDRE_BSR_N/C
  -------------------------------------------------------------------    -------------------
    SLICE_X28Y33         FDRE (Prop_fdre_C_Q)         0.141     1.062 r  cnn_system_i/axi_smc/inst/clk_map/psr_aclk/U0/ACTIVE_LOW_BSR_OUT_DFF[0].FDRE_BSR_N/Q
                         net (fo=5, routed)           0.161     1.223    cnn_system_i/axi_smc/inst/s00_entry_pipeline/s00_mmu/inst/xpm_cdc_async_rst_inst/src_arst
    SLICE_X26Y34         LUT1 (Prop_lut1_I0_O)        0.048     1.271 f  cnn_system_i/axi_smc/inst/s00_entry_pipeline/s00_mmu/inst/xpm_cdc_async_rst_inst/arststages_ff[2]_i_1/O
                         net (fo=3, routed)           0.116     1.387    cnn_system_i/axi_smc/inst/s00_entry_pipeline/s00_mmu/inst/xpm_cdc_async_rst_inst/reset_pol
    SLICE_X26Y35         FDCE                                         f  cnn_system_i/axi_smc/inst/s00_entry_pipeline/s00_mmu/inst/xpm_cdc_async_rst_inst/arststages_ff_reg[1]/CLR
  -------------------------------------------------------------------    -------------------

                         (clock clk_fpga_0 rise edge)
                                                      0.000     0.000 r  
    PS7_X0Y0             PS7                          0.000     0.000 r  cnn_system_i/processing_system7_0/inst/PS7_i/FCLKCLK[0]
                         net (fo=1, routed)           0.337     0.337    cnn_system_i/processing_system7_0/inst/FCLK_CLK_unbuffered[0]
    BUFGCTRL_X0Y16       BUFG (Prop_bufg_I_O)         0.029     0.366 r  cnn_system_i/processing_system7_0/inst/buffer_fclk_clk_0.FCLK_CLK_0_BUFG/O
                         net (fo=8881, routed)        0.854     1.220    cnn_system_i/axi_smc/inst/s00_entry_pipeline/s00_mmu/inst/xpm_cdc_async_rst_inst/dest_clk
    SLICE_X26Y35         FDCE                                         r  cnn_system_i/axi_smc/inst/s00_entry_pipeline/s00_mmu/inst/xpm_cdc_async_rst_inst/arststages_ff_reg[1]/C

Slack:                    inf
  Source:                 cnn_system_i/axi_smc/inst/clk_map/psr_aclk/U0/ACTIVE_LOW_BSR_OUT_DFF[0].FDRE_BSR_N/C
                            (rising edge-triggered cell FDRE clocked by clk_fpga_0  {rise@0.000ns fall@5.000ns period=10.000ns})
  Destination:            cnn_system_i/axi_smc/inst/s00_entry_pipeline/s00_mmu/inst/xpm_cdc_async_rst_inst/arststages_ff_reg[2]/CLR
                            (removal check against rising-edge clock clk_fpga_0  {rise@0.000ns fall@5.000ns period=10.000ns})
  Path Group:             (none)
  Path Type:              Removal (Min at Fast Process Corner)
  Data Path Delay:        0.466ns  (logic 0.189ns (40.537%)  route 0.277ns (59.463%))
  Logic Levels:           1  (LUT1=1)
  Clock Path Skew:        0.299ns (DCD - SCD - CPR)
    Destination Clock Delay (DCD):    1.220ns
    Source Clock Delay      (SCD):    0.921ns
    Clock Pessimism Removal (CPR):    -0.000ns
  Clock Uncertainty:      0.154ns  ((TSJ^2 + TIJ^2)^1/2 + DJ) / 2 + PE
    Total System Jitter     (TSJ):    0.071ns
    Total Input Jitter      (TIJ):    0.300ns
    Discrete Jitter          (DJ):    0.000ns
    Phase Error              (PE):    0.000ns
  Timing Exception:       False Path

    Location             Delay type                Incr(ns)  Path(ns)    Netlist Resource(s)
  -------------------------------------------------------------------    -------------------
                         (clock clk_fpga_0 rise edge)
                                                      0.000     0.000 r  
    PS7_X0Y0             PS7                          0.000     0.000 r  cnn_system_i/processing_system7_0/inst/PS7_i/FCLKCLK[0]
                         net (fo=1, routed)           0.310     0.310    cnn_system_i/processing_system7_0/inst/FCLK_CLK_unbuffered[0]
    BUFGCTRL_X0Y16       BUFG (Prop_bufg_I_O)         0.026     0.336 r  cnn_system_i/processing_system7_0/inst/buffer_fclk_clk_0.FCLK_CLK_0_BUFG/O
                         net (fo=8881, routed)        0.585     0.921    cnn_system_i/axi_smc/inst/clk_map/psr_aclk/U0/aclk
    SLICE_X28Y33         FDRE                                         r  cnn_system_i/axi_smc/inst/clk_map/psr_aclk/U0/ACTIVE_LOW_BSR_OUT_DFF[0].FDRE_BSR_N/C
  -------------------------------------------------------------------    -------------------
    SLICE_X28Y33         FDRE (Prop_fdre_C_Q)         0.141     1.062 r  cnn_system_i/axi_smc/inst/clk_map/psr_aclk/U0/ACTIVE_LOW_BSR_OUT_DFF[0].FDRE_BSR_N/Q
                         net (fo=5, routed)           0.161     1.223    cnn_system_i/axi_smc/inst/s00_entry_pipeline/s00_mmu/inst/xpm_cdc_async_rst_inst/src_arst
    SLICE_X26Y34         LUT1 (Prop_lut1_I0_O)        0.048     1.271 f  cnn_system_i/axi_smc/inst/s00_entry_pipeline/s00_mmu/inst/xpm_cdc_async_rst_inst/arststages_ff[2]_i_1/O
                         net (fo=3, routed)           0.116     1.387    cnn_system_i/axi_smc/inst/s00_entry_pipeline/s00_mmu/inst/xpm_cdc_async_rst_inst/reset_pol
    SLICE_X26Y35         FDCE                                         f  cnn_system_i/axi_smc/inst/s00_entry_pipeline/s00_mmu/inst/xpm_cdc_async_rst_inst/arststages_ff_reg[2]/CLR
  -------------------------------------------------------------------    -------------------

                         (clock clk_fpga_0 rise edge)
                                                      0.000     0.000 r  
    PS7_X0Y0             PS7                          0.000     0.000 r  cnn_system_i/processing_system7_0/inst/PS7_i/FCLKCLK[0]
                         net (fo=1, routed)           0.337     0.337    cnn_system_i/processing_system7_0/inst/FCLK_CLK_unbuffered[0]
    BUFGCTRL_X0Y16       BUFG (Prop_bufg_I_O)         0.029     0.366 r  cnn_system_i/processing_system7_0/inst/buffer_fclk_clk_0.FCLK_CLK_0_BUFG/O
                         net (fo=8881, routed)        0.854     1.220    cnn_system_i/axi_smc/inst/s00_entry_pipeline/s00_mmu/inst/xpm_cdc_async_rst_inst/dest_clk
    SLICE_X26Y35         FDCE                                         r  cnn_system_i/axi_smc/inst/s00_entry_pipeline/s00_mmu/inst/xpm_cdc_async_rst_inst/arststages_ff_reg[2]/C

Slack:                    inf
  Source:                 cnn_system_i/axi_smc/inst/clk_map/psr_aclk/U0/ACTIVE_LOW_BSR_OUT_DFF[0].FDRE_BSR_N/C
                            (rising edge-triggered cell FDRE clocked by clk_fpga_0  {rise@0.000ns fall@5.000ns period=10.000ns})
  Destination:            cnn_system_i/axi_smc/inst/m00_exit_pipeline/m00_exit/inst/xpm_cdc_async_rst_inst/arststages_ff_reg[0]/CLR
                            (removal check against rising-edge clock clk_fpga_0  {rise@0.000ns fall@5.000ns period=10.000ns})
  Path Group:             (none)
  Path Type:              Removal (Min at Fast Process Corner)
  Data Path Delay:        0.508ns  (logic 0.186ns (36.587%)  route 0.322ns (63.413%))
  Logic Levels:           1  (LUT1=1)
  Clock Path Skew:        0.298ns (DCD - SCD - CPR)
    Destination Clock Delay (DCD):    1.219ns
    Source Clock Delay      (SCD):    0.921ns
    Clock Pessimism Removal (CPR):    -0.000ns
  Clock Uncertainty:      0.154ns  ((TSJ^2 + TIJ^2)^1/2 + DJ) / 2 + PE
    Total System Jitter     (TSJ):    0.071ns
    Total Input Jitter      (TIJ):    0.300ns
    Discrete Jitter          (DJ):    0.000ns
    Phase Error              (PE):    0.000ns
  Timing Exception:       False Path

    Location             Delay type                Incr(ns)  Path(ns)    Netlist Resource(s)
  -------------------------------------------------------------------    -------------------
                         (clock clk_fpga_0 rise edge)
                                                      0.000     0.000 r  
    PS7_X0Y0             PS7                          0.000     0.000 r  cnn_system_i/processing_system7_0/inst/PS7_i/FCLKCLK[0]
                         net (fo=1, routed)           0.310     0.310    cnn_system_i/processing_system7_0/inst/FCLK_CLK_unbuffered[0]
    BUFGCTRL_X0Y16       BUFG (Prop_bufg_I_O)         0.026     0.336 r  cnn_system_i/processing_system7_0/inst/buffer_fclk_clk_0.FCLK_CLK_0_BUFG/O
                         net (fo=8881, routed)        0.585     0.921    cnn_system_i/axi_smc/inst/clk_map/psr_aclk/U0/aclk
    SLICE_X28Y33         FDRE                                         r  cnn_system_i/axi_smc/inst/clk_map/psr_aclk/U0/ACTIVE_LOW_BSR_OUT_DFF[0].FDRE_BSR_N/C
  -------------------------------------------------------------------    -------------------
    SLICE_X28Y33         FDRE (Prop_fdre_C_Q)         0.141     1.062 r  cnn_system_i/axi_smc/inst/clk_map/psr_aclk/U0/ACTIVE_LOW_BSR_OUT_DFF[0].FDRE_BSR_N/Q
                         net (fo=5, routed)           0.161     1.223    cnn_system_i/axi_smc/inst/m00_exit_pipeline/m00_exit/inst/xpm_cdc_async_rst_inst/src_arst
    SLICE_X26Y34         LUT1 (Prop_lut1_I0_O)        0.045     1.268 f  cnn_system_i/axi_smc/inst/m00_exit_pipeline/m00_exit/inst/xpm_cdc_async_rst_inst/arststages_ff[2]_i_1/O
                         net (fo=3, routed)           0.161     1.429    cnn_system_i/axi_smc/inst/m00_exit_pipeline/m00_exit/inst/xpm_cdc_async_rst_inst/reset_pol
    SLICE_X25Y34         FDCE                                         f  cnn_system_i/axi_smc/inst/m00_exit_pipeline/m00_exit/inst/xpm_cdc_async_rst_inst/arststages_ff_reg[0]/CLR
  -------------------------------------------------------------------    -------------------

                         (clock clk_fpga_0 rise edge)
                                                      0.000     0.000 r  
    PS7_X0Y0             PS7                          0.000     0.000 r  cnn_system_i/processing_system7_0/inst/PS7_i/FCLKCLK[0]
                         net (fo=1, routed)           0.337     0.337    cnn_system_i/processing_system7_0/inst/FCLK_CLK_unbuffered[0]
    BUFGCTRL_X0Y16       BUFG (Prop_bufg_I_O)         0.029     0.366 r  cnn_system_i/processing_system7_0/inst/buffer_fclk_clk_0.FCLK_CLK_0_BUFG/O
                         net (fo=8881, routed)        0.853     1.219    cnn_system_i/axi_smc/inst/m00_exit_pipeline/m00_exit/inst/xpm_cdc_async_rst_inst/dest_clk
    SLICE_X25Y34         FDCE                                         r  cnn_system_i/axi_smc/inst/m00_exit_pipeline/m00_exit/inst/xpm_cdc_async_rst_inst/arststages_ff_reg[0]/C

Slack:                    inf
  Source:                 cnn_system_i/axi_smc/inst/clk_map/psr_aclk/U0/ACTIVE_LOW_BSR_OUT_DFF[0].FDRE_BSR_N/C
                            (rising edge-triggered cell FDRE clocked by clk_fpga_0  {rise@0.000ns fall@5.000ns period=10.000ns})
  Destination:            cnn_system_i/axi_smc/inst/m00_exit_pipeline/m00_exit/inst/xpm_cdc_async_rst_inst/arststages_ff_reg[1]/CLR
                            (removal check against rising-edge clock clk_fpga_0  {rise@0.000ns fall@5.000ns period=10.000ns})
  Path Group:             (none)
  Path Type:              Removal (Min at Fast Process Corner)
  Data Path Delay:        0.508ns  (logic 0.186ns (36.587%)  route 0.322ns (63.413%))
  Logic Levels:           1  (LUT1=1)
  Clock Path Skew:        0.298ns (DCD - SCD - CPR)
    Destination Clock Delay (DCD):    1.219ns
    Source Clock Delay      (SCD):    0.921ns
    Clock Pessimism Removal (CPR):    -0.000ns
  Clock Uncertainty:      0.154ns  ((TSJ^2 + TIJ^2)^1/2 + DJ) / 2 + PE
    Total System Jitter     (TSJ):    0.071ns
    Total Input Jitter      (TIJ):    0.300ns
    Discrete Jitter          (DJ):    0.000ns
    Phase Error              (PE):    0.000ns
  Timing Exception:       False Path

    Location             Delay type                Incr(ns)  Path(ns)    Netlist Resource(s)
  -------------------------------------------------------------------    -------------------
                         (clock clk_fpga_0 rise edge)
                                                      0.000     0.000 r  
    PS7_X0Y0             PS7                          0.000     0.000 r  cnn_system_i/processing_system7_0/inst/PS7_i/FCLKCLK[0]
                         net (fo=1, routed)           0.310     0.310    cnn_system_i/processing_system7_0/inst/FCLK_CLK_unbuffered[0]
    BUFGCTRL_X0Y16       BUFG (Prop_bufg_I_O)         0.026     0.336 r  cnn_system_i/processing_system7_0/inst/buffer_fclk_clk_0.FCLK_CLK_0_BUFG/O
                         net (fo=8881, routed)        0.585     0.921    cnn_system_i/axi_smc/inst/clk_map/psr_aclk/U0/aclk
    SLICE_X28Y33         FDRE                                         r  cnn_system_i/axi_smc/inst/clk_map/psr_aclk/U0/ACTIVE_LOW_BSR_OUT_DFF[0].FDRE_BSR_N/C
  -------------------------------------------------------------------    -------------------
    SLICE_X28Y33         FDRE (Prop_fdre_C_Q)         0.141     1.062 r  cnn_system_i/axi_smc/inst/clk_map/psr_aclk/U0/ACTIVE_LOW_BSR_OUT_DFF[0].FDRE_BSR_N/Q
                         net (fo=5, routed)           0.161     1.223    cnn_system_i/axi_smc/inst/m00_exit_pipeline/m00_exit/inst/xpm_cdc_async_rst_inst/src_arst
    SLICE_X26Y34         LUT1 (Prop_lut1_I0_O)        0.045     1.268 f  cnn_system_i/axi_smc/inst/m00_exit_pipeline/m00_exit/inst/xpm_cdc_async_rst_inst/arststages_ff[2]_i_1/O
                         net (fo=3, routed)           0.161     1.429    cnn_system_i/axi_smc/inst/m00_exit_pipeline/m00_exit/inst/xpm_cdc_async_rst_inst/reset_pol
    SLICE_X25Y34         FDCE                                         f  cnn_system_i/axi_smc/inst/m00_exit_pipeline/m00_exit/inst/xpm_cdc_async_rst_inst/arststages_ff_reg[1]/CLR
  -------------------------------------------------------------------    -------------------

                         (clock clk_fpga_0 rise edge)
                                                      0.000     0.000 r  
    PS7_X0Y0             PS7                          0.000     0.000 r  cnn_system_i/processing_system7_0/inst/PS7_i/FCLKCLK[0]
                         net (fo=1, routed)           0.337     0.337    cnn_system_i/processing_system7_0/inst/FCLK_CLK_unbuffered[0]
    BUFGCTRL_X0Y16       BUFG (Prop_bufg_I_O)         0.029     0.366 r  cnn_system_i/processing_system7_0/inst/buffer_fclk_clk_0.FCLK_CLK_0_BUFG/O
                         net (fo=8881, routed)        0.853     1.219    cnn_system_i/axi_smc/inst/m00_exit_pipeline/m00_exit/inst/xpm_cdc_async_rst_inst/dest_clk
    SLICE_X25Y34         FDCE                                         r  cnn_system_i/axi_smc/inst/m00_exit_pipeline/m00_exit/inst/xpm_cdc_async_rst_inst/arststages_ff_reg[1]/C

Slack:                    inf
  Source:                 cnn_system_i/axi_smc/inst/clk_map/psr_aclk/U0/ACTIVE_LOW_BSR_OUT_DFF[0].FDRE_BSR_N/C
                            (rising edge-triggered cell FDRE clocked by clk_fpga_0  {rise@0.000ns fall@5.000ns period=10.000ns})
  Destination:            cnn_system_i/axi_smc/inst/m00_exit_pipeline/m00_exit/inst/xpm_cdc_async_rst_inst/arststages_ff_reg[2]/CLR
                            (removal check against rising-edge clock clk_fpga_0  {rise@0.000ns fall@5.000ns period=10.000ns})
  Path Group:             (none)
  Path Type:              Removal (Min at Fast Process Corner)
  Data Path Delay:        0.508ns  (logic 0.186ns (36.587%)  route 0.322ns (63.413%))
  Logic Levels:           1  (LUT1=1)
  Clock Path Skew:        0.298ns (DCD - SCD - CPR)
    Destination Clock Delay (DCD):    1.219ns
    Source Clock Delay      (SCD):    0.921ns
    Clock Pessimism Removal (CPR):    -0.000ns
  Clock Uncertainty:      0.154ns  ((TSJ^2 + TIJ^2)^1/2 + DJ) / 2 + PE
    Total System Jitter     (TSJ):    0.071ns
    Total Input Jitter      (TIJ):    0.300ns
    Discrete Jitter          (DJ):    0.000ns
    Phase Error              (PE):    0.000ns
  Timing Exception:       False Path

    Location             Delay type                Incr(ns)  Path(ns)    Netlist Resource(s)
  -------------------------------------------------------------------    -------------------
                         (clock clk_fpga_0 rise edge)
                                                      0.000     0.000 r  
    PS7_X0Y0             PS7                          0.000     0.000 r  cnn_system_i/processing_system7_0/inst/PS7_i/FCLKCLK[0]
                         net (fo=1, routed)           0.310     0.310    cnn_system_i/processing_system7_0/inst/FCLK_CLK_unbuffered[0]
    BUFGCTRL_X0Y16       BUFG (Prop_bufg_I_O)         0.026     0.336 r  cnn_system_i/processing_system7_0/inst/buffer_fclk_clk_0.FCLK_CLK_0_BUFG/O
                         net (fo=8881, routed)        0.585     0.921    cnn_system_i/axi_smc/inst/clk_map/psr_aclk/U0/aclk
    SLICE_X28Y33         FDRE                                         r  cnn_system_i/axi_smc/inst/clk_map/psr_aclk/U0/ACTIVE_LOW_BSR_OUT_DFF[0].FDRE_BSR_N/C
  -------------------------------------------------------------------    -------------------
    SLICE_X28Y33         FDRE (Prop_fdre_C_Q)         0.141     1.062 r  cnn_system_i/axi_smc/inst/clk_map/psr_aclk/U0/ACTIVE_LOW_BSR_OUT_DFF[0].FDRE_BSR_N/Q
                         net (fo=5, routed)           0.161     1.223    cnn_system_i/axi_smc/inst/m00_exit_pipeline/m00_exit/inst/xpm_cdc_async_rst_inst/src_arst
    SLICE_X26Y34         LUT1 (Prop_lut1_I0_O)        0.045     1.268 f  cnn_system_i/axi_smc/inst/m00_exit_pipeline/m00_exit/inst/xpm_cdc_async_rst_inst/arststages_ff[2]_i_1/O
                         net (fo=3, routed)           0.161     1.429    cnn_system_i/axi_smc/inst/m00_exit_pipeline/m00_exit/inst/xpm_cdc_async_rst_inst/reset_pol
    SLICE_X25Y34         FDCE                                         f  cnn_system_i/axi_smc/inst/m00_exit_pipeline/m00_exit/inst/xpm_cdc_async_rst_inst/arststages_ff_reg[2]/CLR
  -------------------------------------------------------------------    -------------------

                         (clock clk_fpga_0 rise edge)
                                                      0.000     0.000 r  
    PS7_X0Y0             PS7                          0.000     0.000 r  cnn_system_i/processing_system7_0/inst/PS7_i/FCLKCLK[0]
                         net (fo=1, routed)           0.337     0.337    cnn_system_i/processing_system7_0/inst/FCLK_CLK_unbuffered[0]
    BUFGCTRL_X0Y16       BUFG (Prop_bufg_I_O)         0.029     0.366 r  cnn_system_i/processing_system7_0/inst/buffer_fclk_clk_0.FCLK_CLK_0_BUFG/O
                         net (fo=8881, routed)        0.853     1.219    cnn_system_i/axi_smc/inst/m00_exit_pipeline/m00_exit/inst/xpm_cdc_async_rst_inst/dest_clk
    SLICE_X25Y34         FDCE                                         r  cnn_system_i/axi_smc/inst/m00_exit_pipeline/m00_exit/inst/xpm_cdc_async_rst_inst/arststages_ff_reg[2]/C

Slack:                    inf
  Source:                 cnn_system_i/axi_smc/inst/clk_map/psr_aclk/U0/ACTIVE_LOW_BSR_OUT_DFF[0].FDRE_BSR_N/C
                            (rising edge-triggered cell FDRE clocked by clk_fpga_0  {rise@0.000ns fall@5.000ns period=10.000ns})
  Destination:            cnn_system_i/axi_smc/inst/s00_entry_pipeline/s00_si_converter/inst/xpm_cdc_async_rst_inst/arststages_ff_reg[0]/CLR
                            (removal check against rising-edge clock clk_fpga_0  {rise@0.000ns fall@5.000ns period=10.000ns})
  Path Group:             (none)
  Path Type:              Removal (Min at Fast Process Corner)
  Data Path Delay:        0.718ns  (logic 0.186ns (25.902%)  route 0.532ns (74.098%))
  Logic Levels:           1  (LUT1=1)
  Clock Path Skew:        0.302ns (DCD - SCD - CPR)
    Destination Clock Delay (DCD):    1.223ns
    Source Clock Delay      (SCD):    0.921ns
    Clock Pessimism Removal (CPR):    -0.000ns
  Clock Uncertainty:      0.154ns  ((TSJ^2 + TIJ^2)^1/2 + DJ) / 2 + PE
    Total System Jitter     (TSJ):    0.071ns
    Total Input Jitter      (TIJ):    0.300ns
    Discrete Jitter          (DJ):    0.000ns
    Phase Error              (PE):    0.000ns
  Timing Exception:       False Path

    Location             Delay type                Incr(ns)  Path(ns)    Netlist Resource(s)
  -------------------------------------------------------------------    -------------------
                         (clock clk_fpga_0 rise edge)
                                                      0.000     0.000 r  
    PS7_X0Y0             PS7                          0.000     0.000 r  cnn_system_i/processing_system7_0/inst/PS7_i/FCLKCLK[0]
                         net (fo=1, routed)           0.310     0.310    cnn_system_i/processing_system7_0/inst/FCLK_CLK_unbuffered[0]
    BUFGCTRL_X0Y16       BUFG (Prop_bufg_I_O)         0.026     0.336 r  cnn_system_i/processing_system7_0/inst/buffer_fclk_clk_0.FCLK_CLK_0_BUFG/O
                         net (fo=8881, routed)        0.585     0.921    cnn_system_i/axi_smc/inst/clk_map/psr_aclk/U0/aclk
    SLICE_X28Y33         FDRE                                         r  cnn_system_i/axi_smc/inst/clk_map/psr_aclk/U0/ACTIVE_LOW_BSR_OUT_DFF[0].FDRE_BSR_N/C
  -------------------------------------------------------------------    -------------------
    SLICE_X28Y33         FDRE (Prop_fdre_C_Q)         0.141     1.062 r  cnn_system_i/axi_smc/inst/clk_map/psr_aclk/U0/ACTIVE_LOW_BSR_OUT_DFF[0].FDRE_BSR_N/Q
                         net (fo=5, routed)           0.361     1.422    cnn_system_i/axi_smc/inst/s00_entry_pipeline/s00_si_converter/inst/xpm_cdc_async_rst_inst/src_arst
    SLICE_X21Y34         LUT1 (Prop_lut1_I0_O)        0.045     1.467 f  cnn_system_i/axi_smc/inst/s00_entry_pipeline/s00_si_converter/inst/xpm_cdc_async_rst_inst/arststages_ff[2]_i_1/O
                         net (fo=3, routed)           0.171     1.639    cnn_system_i/axi_smc/inst/s00_entry_pipeline/s00_si_converter/inst/xpm_cdc_async_rst_inst/reset_pol
    SLICE_X21Y33         FDCE                                         f  cnn_system_i/axi_smc/inst/s00_entry_pipeline/s00_si_converter/inst/xpm_cdc_async_rst_inst/arststages_ff_reg[0]/CLR
  -------------------------------------------------------------------    -------------------

                         (clock clk_fpga_0 rise edge)
                                                      0.000     0.000 r  
    PS7_X0Y0             PS7                          0.000     0.000 r  cnn_system_i/processing_system7_0/inst/PS7_i/FCLKCLK[0]
                         net (fo=1, routed)           0.337     0.337    cnn_system_i/processing_system7_0/inst/FCLK_CLK_unbuffered[0]
    BUFGCTRL_X0Y16       BUFG (Prop_bufg_I_O)         0.029     0.366 r  cnn_system_i/processing_system7_0/inst/buffer_fclk_clk_0.FCLK_CLK_0_BUFG/O
                         net (fo=8881, routed)        0.857     1.223    cnn_system_i/axi_smc/inst/s00_entry_pipeline/s00_si_converter/inst/xpm_cdc_async_rst_inst/dest_clk
    SLICE_X21Y33         FDCE                                         r  cnn_system_i/axi_smc/inst/s00_entry_pipeline/s00_si_converter/inst/xpm_cdc_async_rst_inst/arststages_ff_reg[0]/C

Slack:                    inf
  Source:                 cnn_system_i/axi_smc/inst/clk_map/psr_aclk/U0/ACTIVE_LOW_BSR_OUT_DFF[0].FDRE_BSR_N/C
                            (rising edge-triggered cell FDRE clocked by clk_fpga_0  {rise@0.000ns fall@5.000ns period=10.000ns})
  Destination:            cnn_system_i/axi_smc/inst/s00_entry_pipeline/s00_si_converter/inst/xpm_cdc_async_rst_inst/arststages_ff_reg[1]/CLR
                            (removal check against rising-edge clock clk_fpga_0  {rise@0.000ns fall@5.000ns period=10.000ns})
  Path Group:             (none)
  Path Type:              Removal (Min at Fast Process Corner)
  Data Path Delay:        0.718ns  (logic 0.186ns (25.902%)  route 0.532ns (74.098%))
  Logic Levels:           1  (LUT1=1)
  Clock Path Skew:        0.302ns (DCD - SCD - CPR)
    Destination Clock Delay (DCD):    1.223ns
    Source Clock Delay      (SCD):    0.921ns
    Clock Pessimism Removal (CPR):    -0.000ns
  Clock Uncertainty:      0.154ns  ((TSJ^2 + TIJ^2)^1/2 + DJ) / 2 + PE
    Total System Jitter     (TSJ):    0.071ns
    Total Input Jitter      (TIJ):    0.300ns
    Discrete Jitter          (DJ):    0.000ns
    Phase Error              (PE):    0.000ns
  Timing Exception:       False Path

    Location             Delay type                Incr(ns)  Path(ns)    Netlist Resource(s)
  -------------------------------------------------------------------    -------------------
                         (clock clk_fpga_0 rise edge)
                                                      0.000     0.000 r  
    PS7_X0Y0             PS7                          0.000     0.000 r  cnn_system_i/processing_system7_0/inst/PS7_i/FCLKCLK[0]
                         net (fo=1, routed)           0.310     0.310    cnn_system_i/processing_system7_0/inst/FCLK_CLK_unbuffered[0]
    BUFGCTRL_X0Y16       BUFG (Prop_bufg_I_O)         0.026     0.336 r  cnn_system_i/processing_system7_0/inst/buffer_fclk_clk_0.FCLK_CLK_0_BUFG/O
                         net (fo=8881, routed)        0.585     0.921    cnn_system_i/axi_smc/inst/clk_map/psr_aclk/U0/aclk
    SLICE_X28Y33         FDRE                                         r  cnn_system_i/axi_smc/inst/clk_map/psr_aclk/U0/ACTIVE_LOW_BSR_OUT_DFF[0].FDRE_BSR_N/C
  -------------------------------------------------------------------    -------------------
    SLICE_X28Y33         FDRE (Prop_fdre_C_Q)         0.141     1.062 r  cnn_system_i/axi_smc/inst/clk_map/psr_aclk/U0/ACTIVE_LOW_BSR_OUT_DFF[0].FDRE_BSR_N/Q
                         net (fo=5, routed)           0.361     1.422    cnn_system_i/axi_smc/inst/s00_entry_pipeline/s00_si_converter/inst/xpm_cdc_async_rst_inst/src_arst
    SLICE_X21Y34         LUT1 (Prop_lut1_I0_O)        0.045     1.467 f  cnn_system_i/axi_smc/inst/s00_entry_pipeline/s00_si_converter/inst/xpm_cdc_async_rst_inst/arststages_ff[2]_i_1/O
                         net (fo=3, routed)           0.171     1.639    cnn_system_i/axi_smc/inst/s00_entry_pipeline/s00_si_converter/inst/xpm_cdc_async_rst_inst/reset_pol
    SLICE_X21Y33         FDCE                                         f  cnn_system_i/axi_smc/inst/s00_entry_pipeline/s00_si_converter/inst/xpm_cdc_async_rst_inst/arststages_ff_reg[1]/CLR
  -------------------------------------------------------------------    -------------------

                         (clock clk_fpga_0 rise edge)
                                                      0.000     0.000 r  
    PS7_X0Y0             PS7                          0.000     0.000 r  cnn_system_i/processing_system7_0/inst/PS7_i/FCLKCLK[0]
                         net (fo=1, routed)           0.337     0.337    cnn_system_i/processing_system7_0/inst/FCLK_CLK_unbuffered[0]
    BUFGCTRL_X0Y16       BUFG (Prop_bufg_I_O)         0.029     0.366 r  cnn_system_i/processing_system7_0/inst/buffer_fclk_clk_0.FCLK_CLK_0_BUFG/O
                         net (fo=8881, routed)        0.857     1.223    cnn_system_i/axi_smc/inst/s00_entry_pipeline/s00_si_converter/inst/xpm_cdc_async_rst_inst/dest_clk
    SLICE_X21Y33         FDCE                                         r  cnn_system_i/axi_smc/inst/s00_entry_pipeline/s00_si_converter/inst/xpm_cdc_async_rst_inst/arststages_ff_reg[1]/C

Slack:                    inf
  Source:                 cnn_system_i/axi_smc/inst/clk_map/psr_aclk/U0/ACTIVE_LOW_BSR_OUT_DFF[0].FDRE_BSR_N/C
                            (rising edge-triggered cell FDRE clocked by clk_fpga_0  {rise@0.000ns fall@5.000ns period=10.000ns})
  Destination:            cnn_system_i/axi_smc/inst/s00_entry_pipeline/s00_si_converter/inst/xpm_cdc_async_rst_inst/arststages_ff_reg[2]/CLR
                            (removal check against rising-edge clock clk_fpga_0  {rise@0.000ns fall@5.000ns period=10.000ns})
  Path Group:             (none)
  Path Type:              Removal (Min at Fast Process Corner)
  Data Path Delay:        0.718ns  (logic 0.186ns (25.902%)  route 0.532ns (74.098%))
  Logic Levels:           1  (LUT1=1)
  Clock Path Skew:        0.302ns (DCD - SCD - CPR)
    Destination Clock Delay (DCD):    1.223ns
    Source Clock Delay      (SCD):    0.921ns
    Clock Pessimism Removal (CPR):    -0.000ns
  Clock Uncertainty:      0.154ns  ((TSJ^2 + TIJ^2)^1/2 + DJ) / 2 + PE
    Total System Jitter     (TSJ):    0.071ns
    Total Input Jitter      (TIJ):    0.300ns
    Discrete Jitter          (DJ):    0.000ns
    Phase Error              (PE):    0.000ns
  Timing Exception:       False Path

    Location             Delay type                Incr(ns)  Path(ns)    Netlist Resource(s)
  -------------------------------------------------------------------    -------------------
                         (clock clk_fpga_0 rise edge)
                                                      0.000     0.000 r  
    PS7_X0Y0             PS7                          0.000     0.000 r  cnn_system_i/processing_system7_0/inst/PS7_i/FCLKCLK[0]
                         net (fo=1, routed)           0.310     0.310    cnn_system_i/processing_system7_0/inst/FCLK_CLK_unbuffered[0]
    BUFGCTRL_X0Y16       BUFG (Prop_bufg_I_O)         0.026     0.336 r  cnn_system_i/processing_system7_0/inst/buffer_fclk_clk_0.FCLK_CLK_0_BUFG/O
                         net (fo=8881, routed)        0.585     0.921    cnn_system_i/axi_smc/inst/clk_map/psr_aclk/U0/aclk
    SLICE_X28Y33         FDRE                                         r  cnn_system_i/axi_smc/inst/clk_map/psr_aclk/U0/ACTIVE_LOW_BSR_OUT_DFF[0].FDRE_BSR_N/C
  -------------------------------------------------------------------    -------------------
    SLICE_X28Y33         FDRE (Prop_fdre_C_Q)         0.141     1.062 r  cnn_system_i/axi_smc/inst/clk_map/psr_aclk/U0/ACTIVE_LOW_BSR_OUT_DFF[0].FDRE_BSR_N/Q
                         net (fo=5, routed)           0.361     1.422    cnn_system_i/axi_smc/inst/s00_entry_pipeline/s00_si_converter/inst/xpm_cdc_async_rst_inst/src_arst
    SLICE_X21Y34         LUT1 (Prop_lut1_I0_O)        0.045     1.467 f  cnn_system_i/axi_smc/inst/s00_entry_pipeline/s00_si_converter/inst/xpm_cdc_async_rst_inst/arststages_ff[2]_i_1/O
                         net (fo=3, routed)           0.171     1.639    cnn_system_i/axi_smc/inst/s00_entry_pipeline/s00_si_converter/inst/xpm_cdc_async_rst_inst/reset_pol
    SLICE_X21Y33         FDCE                                         f  cnn_system_i/axi_smc/inst/s00_entry_pipeline/s00_si_converter/inst/xpm_cdc_async_rst_inst/arststages_ff_reg[2]/CLR
  -------------------------------------------------------------------    -------------------

                         (clock clk_fpga_0 rise edge)
                                                      0.000     0.000 r  
    PS7_X0Y0             PS7                          0.000     0.000 r  cnn_system_i/processing_system7_0/inst/PS7_i/FCLKCLK[0]
                         net (fo=1, routed)           0.337     0.337    cnn_system_i/processing_system7_0/inst/FCLK_CLK_unbuffered[0]
    BUFGCTRL_X0Y16       BUFG (Prop_bufg_I_O)         0.029     0.366 r  cnn_system_i/processing_system7_0/inst/buffer_fclk_clk_0.FCLK_CLK_0_BUFG/O
                         net (fo=8881, routed)        0.857     1.223    cnn_system_i/axi_smc/inst/s00_entry_pipeline/s00_si_converter/inst/xpm_cdc_async_rst_inst/dest_clk
    SLICE_X21Y33         FDCE                                         r  cnn_system_i/axi_smc/inst/s00_entry_pipeline/s00_si_converter/inst/xpm_cdc_async_rst_inst/arststages_ff_reg[2]/C

Slack:                    inf
  Source:                 cnn_system_i/rst_ps7_0_100M/U0/ACTIVE_LOW_PR_OUT_DFF[0].FDRE_PER_N/C
                            (rising edge-triggered cell FDRE clocked by clk_fpga_0  {rise@0.000ns fall@5.000ns period=10.000ns})
  Destination:            cnn_system_i/axi_dma_0/U0/I_RST_MODULE/REG_HRD_RST/GENERATE_LEVEL_P_S_CDC.SINGLE_BIT.CROSS_PLEVEL_IN2SCNDRY_IN_cdc_to/D
                            (rising edge-triggered cell FDRE clocked by clk_fpga_0  {rise@0.000ns fall@5.000ns period=10.000ns})
  Path Group:             (none)
  Path Type:              Hold (Min at Fast Process Corner)
  Data Path Delay:        0.761ns  (logic 0.164ns (21.539%)  route 0.597ns (78.461%))
  Logic Levels:           0  
  Clock Path Skew:        0.300ns (DCD - SCD - CPR)
    Destination Clock Delay (DCD):    1.188ns
    Source Clock Delay      (SCD):    0.888ns
    Clock Pessimism Removal (CPR):    -0.000ns
  Clock Uncertainty:      0.154ns  ((TSJ^2 + TIJ^2)^1/2 + DJ) / 2 + PE
    Total System Jitter     (TSJ):    0.071ns
    Total Input Jitter      (TIJ):    0.300ns
    Discrete Jitter          (DJ):    0.000ns
    Phase Error              (PE):    0.000ns
  Timing Exception:       False Path

    Location             Delay type                Incr(ns)  Path(ns)    Netlist Resource(s)
  -------------------------------------------------------------------    -------------------
                         (clock clk_fpga_0 rise edge)
                                                      0.000     0.000 r  
    PS7_X0Y0             PS7                          0.000     0.000 r  cnn_system_i/processing_system7_0/inst/PS7_i/FCLKCLK[0]
                         net (fo=1, routed)           0.310     0.310    cnn_system_i/processing_system7_0/inst/FCLK_CLK_unbuffered[0]
    BUFGCTRL_X0Y16       BUFG (Prop_bufg_I_O)         0.026     0.336 r  cnn_system_i/processing_system7_0/inst/buffer_fclk_clk_0.FCLK_CLK_0_BUFG/O
                         net (fo=8881, routed)        0.552     0.888    cnn_system_i/rst_ps7_0_100M/U0/slowest_sync_clk
    SLICE_X46Y85         FDRE                                         r  cnn_system_i/rst_ps7_0_100M/U0/ACTIVE_LOW_PR_OUT_DFF[0].FDRE_PER_N/C
  -------------------------------------------------------------------    -------------------
    SLICE_X46Y85         FDRE (Prop_fdre_C_Q)         0.164     1.052 r  cnn_system_i/rst_ps7_0_100M/U0/ACTIVE_LOW_PR_OUT_DFF[0].FDRE_PER_N/Q
                         net (fo=60, routed)          0.597     1.649    cnn_system_i/axi_dma_0/U0/I_RST_MODULE/REG_HRD_RST/axi_resetn
    SLICE_X41Y60         FDRE                                         r  cnn_system_i/axi_dma_0/U0/I_RST_MODULE/REG_HRD_RST/GENERATE_LEVEL_P_S_CDC.SINGLE_BIT.CROSS_PLEVEL_IN2SCNDRY_IN_cdc_to/D
  -------------------------------------------------------------------    -------------------

                         (clock clk_fpga_0 rise edge)
                                                      0.000     0.000 r  
    PS7_X0Y0             PS7                          0.000     0.000 r  cnn_system_i/processing_system7_0/inst/PS7_i/FCLKCLK[0]
                         net (fo=1, routed)           0.337     0.337    cnn_system_i/processing_system7_0/inst/FCLK_CLK_unbuffered[0]
    BUFGCTRL_X0Y16       BUFG (Prop_bufg_I_O)         0.029     0.366 r  cnn_system_i/processing_system7_0/inst/buffer_fclk_clk_0.FCLK_CLK_0_BUFG/O
                         net (fo=8881, routed)        0.822     1.188    cnn_system_i/axi_dma_0/U0/I_RST_MODULE/REG_HRD_RST/s_axi_lite_aclk
    SLICE_X41Y60         FDRE                                         r  cnn_system_i/axi_dma_0/U0/I_RST_MODULE/REG_HRD_RST/GENERATE_LEVEL_P_S_CDC.SINGLE_BIT.CROSS_PLEVEL_IN2SCNDRY_IN_cdc_to/C

Slack:                    inf
  Source:                 cnn_system_i/axi_smc/inst/clk_map/psr_aclk/U0/ACTIVE_LOW_BSR_OUT_DFF[0].FDRE_BSR_N/C
                            (rising edge-triggered cell FDRE clocked by clk_fpga_0  {rise@0.000ns fall@5.000ns period=10.000ns})
  Destination:            cnn_system_i/axi_smc/inst/s00_nodes/s00_ar_node/inst/s_sc_xpm_cdc_async_rst_inst/arststages_ff_reg[0]/CLR
                            (removal check against rising-edge clock clk_fpga_0  {rise@0.000ns fall@5.000ns period=10.000ns})
  Path Group:             (none)
  Path Type:              Removal (Min at Fast Process Corner)
  Data Path Delay:        0.741ns  (logic 0.192ns (25.895%)  route 0.549ns (74.105%))
  Logic Levels:           1  (LUT1=1)
  Clock Path Skew:        0.303ns (DCD - SCD - CPR)
    Destination Clock Delay (DCD):    1.224ns
    Source Clock Delay      (SCD):    0.921ns
    Clock Pessimism Removal (CPR):    -0.000ns
  Clock Uncertainty:      0.154ns  ((TSJ^2 + TIJ^2)^1/2 + DJ) / 2 + PE
    Total System Jitter     (TSJ):    0.071ns
    Total Input Jitter      (TIJ):    0.300ns
    Discrete Jitter          (DJ):    0.000ns
    Phase Error              (PE):    0.000ns
  Timing Exception:       False Path

    Location             Delay type                Incr(ns)  Path(ns)    Netlist Resource(s)
  -------------------------------------------------------------------    -------------------
                         (clock clk_fpga_0 rise edge)
                                                      0.000     0.000 r  
    PS7_X0Y0             PS7                          0.000     0.000 r  cnn_system_i/processing_system7_0/inst/PS7_i/FCLKCLK[0]
                         net (fo=1, routed)           0.310     0.310    cnn_system_i/processing_system7_0/inst/FCLK_CLK_unbuffered[0]
    BUFGCTRL_X0Y16       BUFG (Prop_bufg_I_O)         0.026     0.336 r  cnn_system_i/processing_system7_0/inst/buffer_fclk_clk_0.FCLK_CLK_0_BUFG/O
                         net (fo=8881, routed)        0.585     0.921    cnn_system_i/axi_smc/inst/clk_map/psr_aclk/U0/aclk
    SLICE_X28Y33         FDRE                                         r  cnn_system_i/axi_smc/inst/clk_map/psr_aclk/U0/ACTIVE_LOW_BSR_OUT_DFF[0].FDRE_BSR_N/C
  -------------------------------------------------------------------    -------------------
    SLICE_X28Y33         FDRE (Prop_fdre_C_Q)         0.141     1.062 r  cnn_system_i/axi_smc/inst/clk_map/psr_aclk/U0/ACTIVE_LOW_BSR_OUT_DFF[0].FDRE_BSR_N/Q
                         net (fo=5, routed)           0.361     1.422    cnn_system_i/axi_smc/inst/s00_nodes/s00_ar_node/inst/s_sc_xpm_cdc_async_rst_inst/src_arst
    SLICE_X21Y34         LUT1 (Prop_lut1_I0_O)        0.051     1.473 f  cnn_system_i/axi_smc/inst/s00_nodes/s00_ar_node/inst/s_sc_xpm_cdc_async_rst_inst/arststages_ff[2]_i_1/O
                         net (fo=3, routed)           0.189     1.662    cnn_system_i/axi_smc/inst/s00_nodes/s00_ar_node/inst/s_sc_xpm_cdc_async_rst_inst/reset_pol
    SLICE_X21Y34         FDCE                                         f  cnn_system_i/axi_smc/inst/s00_nodes/s00_ar_node/inst/s_sc_xpm_cdc_async_rst_inst/arststages_ff_reg[0]/CLR
  -------------------------------------------------------------------    -------------------

                         (clock clk_fpga_0 rise edge)
                                                      0.000     0.000 r  
    PS7_X0Y0             PS7                          0.000     0.000 r  cnn_system_i/processing_system7_0/inst/PS7_i/FCLKCLK[0]
                         net (fo=1, routed)           0.337     0.337    cnn_system_i/processing_system7_0/inst/FCLK_CLK_unbuffered[0]
    BUFGCTRL_X0Y16       BUFG (Prop_bufg_I_O)         0.029     0.366 r  cnn_system_i/processing_system7_0/inst/buffer_fclk_clk_0.FCLK_CLK_0_BUFG/O
                         net (fo=8881, routed)        0.858     1.224    cnn_system_i/axi_smc/inst/s00_nodes/s00_ar_node/inst/s_sc_xpm_cdc_async_rst_inst/dest_clk
    SLICE_X21Y34         FDCE                                         r  cnn_system_i/axi_smc/inst/s00_nodes/s00_ar_node/inst/s_sc_xpm_cdc_async_rst_inst/arststages_ff_reg[0]/C

Slack:                    inf
  Source:                 cnn_system_i/axi_smc/inst/clk_map/psr_aclk/U0/ACTIVE_LOW_BSR_OUT_DFF[0].FDRE_BSR_N/C
                            (rising edge-triggered cell FDRE clocked by clk_fpga_0  {rise@0.000ns fall@5.000ns period=10.000ns})
  Destination:            cnn_system_i/axi_smc/inst/s00_nodes/s00_ar_node/inst/s_sc_xpm_cdc_async_rst_inst/arststages_ff_reg[1]/CLR
                            (removal check against rising-edge clock clk_fpga_0  {rise@0.000ns fall@5.000ns period=10.000ns})
  Path Group:             (none)
  Path Type:              Removal (Min at Fast Process Corner)
  Data Path Delay:        0.741ns  (logic 0.192ns (25.895%)  route 0.549ns (74.105%))
  Logic Levels:           1  (LUT1=1)
  Clock Path Skew:        0.303ns (DCD - SCD - CPR)
    Destination Clock Delay (DCD):    1.224ns
    Source Clock Delay      (SCD):    0.921ns
    Clock Pessimism Removal (CPR):    -0.000ns
  Clock Uncertainty:      0.154ns  ((TSJ^2 + TIJ^2)^1/2 + DJ) / 2 + PE
    Total System Jitter     (TSJ):    0.071ns
    Total Input Jitter      (TIJ):    0.300ns
    Discrete Jitter          (DJ):    0.000ns
    Phase Error              (PE):    0.000ns
  Timing Exception:       False Path

    Location             Delay type                Incr(ns)  Path(ns)    Netlist Resource(s)
  -------------------------------------------------------------------    -------------------
                         (clock clk_fpga_0 rise edge)
                                                      0.000     0.000 r  
    PS7_X0Y0             PS7                          0.000     0.000 r  cnn_system_i/processing_system7_0/inst/PS7_i/FCLKCLK[0]
                         net (fo=1, routed)           0.310     0.310    cnn_system_i/processing_system7_0/inst/FCLK_CLK_unbuffered[0]
    BUFGCTRL_X0Y16       BUFG (Prop_bufg_I_O)         0.026     0.336 r  cnn_system_i/processing_system7_0/inst/buffer_fclk_clk_0.FCLK_CLK_0_BUFG/O
                         net (fo=8881, routed)        0.585     0.921    cnn_system_i/axi_smc/inst/clk_map/psr_aclk/U0/aclk
    SLICE_X28Y33         FDRE                                         r  cnn_system_i/axi_smc/inst/clk_map/psr_aclk/U0/ACTIVE_LOW_BSR_OUT_DFF[0].FDRE_BSR_N/C
  -------------------------------------------------------------------    -------------------
    SLICE_X28Y33         FDRE (Prop_fdre_C_Q)         0.141     1.062 r  cnn_system_i/axi_smc/inst/clk_map/psr_aclk/U0/ACTIVE_LOW_BSR_OUT_DFF[0].FDRE_BSR_N/Q
                         net (fo=5, routed)           0.361     1.422    cnn_system_i/axi_smc/inst/s00_nodes/s00_ar_node/inst/s_sc_xpm_cdc_async_rst_inst/src_arst
    SLICE_X21Y34         LUT1 (Prop_lut1_I0_O)        0.051     1.473 f  cnn_system_i/axi_smc/inst/s00_nodes/s00_ar_node/inst/s_sc_xpm_cdc_async_rst_inst/arststages_ff[2]_i_1/O
                         net (fo=3, routed)           0.189     1.662    cnn_system_i/axi_smc/inst/s00_nodes/s00_ar_node/inst/s_sc_xpm_cdc_async_rst_inst/reset_pol
    SLICE_X21Y34         FDCE                                         f  cnn_system_i/axi_smc/inst/s00_nodes/s00_ar_node/inst/s_sc_xpm_cdc_async_rst_inst/arststages_ff_reg[1]/CLR
  -------------------------------------------------------------------    -------------------

                         (clock clk_fpga_0 rise edge)
                                                      0.000     0.000 r  
    PS7_X0Y0             PS7                          0.000     0.000 r  cnn_system_i/processing_system7_0/inst/PS7_i/FCLKCLK[0]
                         net (fo=1, routed)           0.337     0.337    cnn_system_i/processing_system7_0/inst/FCLK_CLK_unbuffered[0]
    BUFGCTRL_X0Y16       BUFG (Prop_bufg_I_O)         0.029     0.366 r  cnn_system_i/processing_system7_0/inst/buffer_fclk_clk_0.FCLK_CLK_0_BUFG/O
                         net (fo=8881, routed)        0.858     1.224    cnn_system_i/axi_smc/inst/s00_nodes/s00_ar_node/inst/s_sc_xpm_cdc_async_rst_inst/dest_clk
    SLICE_X21Y34         FDCE                                         r  cnn_system_i/axi_smc/inst/s00_nodes/s00_ar_node/inst/s_sc_xpm_cdc_async_rst_inst/arststages_ff_reg[1]/C

Slack:                    inf
  Source:                 cnn_system_i/axi_smc/inst/clk_map/psr_aclk/U0/ACTIVE_LOW_BSR_OUT_DFF[0].FDRE_BSR_N/C
                            (rising edge-triggered cell FDRE clocked by clk_fpga_0  {rise@0.000ns fall@5.000ns period=10.000ns})
  Destination:            cnn_system_i/axi_smc/inst/s00_nodes/s00_ar_node/inst/s_sc_xpm_cdc_async_rst_inst/arststages_ff_reg[2]/CLR
                            (removal check against rising-edge clock clk_fpga_0  {rise@0.000ns fall@5.000ns period=10.000ns})
  Path Group:             (none)
  Path Type:              Removal (Min at Fast Process Corner)
  Data Path Delay:        0.741ns  (logic 0.192ns (25.895%)  route 0.549ns (74.105%))
  Logic Levels:           1  (LUT1=1)
  Clock Path Skew:        0.303ns (DCD - SCD - CPR)
    Destination Clock Delay (DCD):    1.224ns
    Source Clock Delay      (SCD):    0.921ns
    Clock Pessimism Removal (CPR):    -0.000ns
  Clock Uncertainty:      0.154ns  ((TSJ^2 + TIJ^2)^1/2 + DJ) / 2 + PE
    Total System Jitter     (TSJ):    0.071ns
    Total Input Jitter      (TIJ):    0.300ns
    Discrete Jitter          (DJ):    0.000ns
    Phase Error              (PE):    0.000ns
  Timing Exception:       False Path

    Location             Delay type                Incr(ns)  Path(ns)    Netlist Resource(s)
  -------------------------------------------------------------------    -------------------
                         (clock clk_fpga_0 rise edge)
                                                      0.000     0.000 r  
    PS7_X0Y0             PS7                          0.000     0.000 r  cnn_system_i/processing_system7_0/inst/PS7_i/FCLKCLK[0]
                         net (fo=1, routed)           0.310     0.310    cnn_system_i/processing_system7_0/inst/FCLK_CLK_unbuffered[0]
    BUFGCTRL_X0Y16       BUFG (Prop_bufg_I_O)         0.026     0.336 r  cnn_system_i/processing_system7_0/inst/buffer_fclk_clk_0.FCLK_CLK_0_BUFG/O
                         net (fo=8881, routed)        0.585     0.921    cnn_system_i/axi_smc/inst/clk_map/psr_aclk/U0/aclk
    SLICE_X28Y33         FDRE                                         r  cnn_system_i/axi_smc/inst/clk_map/psr_aclk/U0/ACTIVE_LOW_BSR_OUT_DFF[0].FDRE_BSR_N/C
  -------------------------------------------------------------------    -------------------
    SLICE_X28Y33         FDRE (Prop_fdre_C_Q)         0.141     1.062 r  cnn_system_i/axi_smc/inst/clk_map/psr_aclk/U0/ACTIVE_LOW_BSR_OUT_DFF[0].FDRE_BSR_N/Q
                         net (fo=5, routed)           0.361     1.422    cnn_system_i/axi_smc/inst/s00_nodes/s00_ar_node/inst/s_sc_xpm_cdc_async_rst_inst/src_arst
    SLICE_X21Y34         LUT1 (Prop_lut1_I0_O)        0.051     1.473 f  cnn_system_i/axi_smc/inst/s00_nodes/s00_ar_node/inst/s_sc_xpm_cdc_async_rst_inst/arststages_ff[2]_i_1/O
                         net (fo=3, routed)           0.189     1.662    cnn_system_i/axi_smc/inst/s00_nodes/s00_ar_node/inst/s_sc_xpm_cdc_async_rst_inst/reset_pol
    SLICE_X21Y34         FDCE                                         f  cnn_system_i/axi_smc/inst/s00_nodes/s00_ar_node/inst/s_sc_xpm_cdc_async_rst_inst/arststages_ff_reg[2]/CLR
  -------------------------------------------------------------------    -------------------

                         (clock clk_fpga_0 rise edge)
                                                      0.000     0.000 r  
    PS7_X0Y0             PS7                          0.000     0.000 r  cnn_system_i/processing_system7_0/inst/PS7_i/FCLKCLK[0]
                         net (fo=1, routed)           0.337     0.337    cnn_system_i/processing_system7_0/inst/FCLK_CLK_unbuffered[0]
    BUFGCTRL_X0Y16       BUFG (Prop_bufg_I_O)         0.029     0.366 r  cnn_system_i/processing_system7_0/inst/buffer_fclk_clk_0.FCLK_CLK_0_BUFG/O
                         net (fo=8881, routed)        0.858     1.224    cnn_system_i/axi_smc/inst/s00_nodes/s00_ar_node/inst/s_sc_xpm_cdc_async_rst_inst/dest_clk
    SLICE_X21Y34         FDCE                                         r  cnn_system_i/axi_smc/inst/s00_nodes/s00_ar_node/inst/s_sc_xpm_cdc_async_rst_inst/arststages_ff_reg[2]/C

Slack:                    inf
  Source:                 cnn_system_i/axi_smc_1/inst/clk_map/psr_aclk/U0/ACTIVE_LOW_BSR_OUT_DFF[0].FDRE_BSR_N/C
                            (rising edge-triggered cell FDRE clocked by clk_fpga_0  {rise@0.000ns fall@5.000ns period=10.000ns})
  Destination:            cnn_system_i/axi_smc_1/inst/s00_nodes/s00_b_node/inst/s_sc_xpm_cdc_async_rst_inst/arststages_ff_reg[0]/CLR
                            (removal check against rising-edge clock clk_fpga_0  {rise@0.000ns fall@5.000ns period=10.000ns})
  Path Group:             (none)
  Path Type:              Removal (Min at Fast Process Corner)
  Data Path Delay:        0.767ns  (logic 0.186ns (24.260%)  route 0.581ns (75.740%))
  Logic Levels:           1  (LUT1=1)
  Clock Path Skew:        0.291ns (DCD - SCD - CPR)
    Destination Clock Delay (DCD):    1.190ns
    Source Clock Delay      (SCD):    0.899ns
    Clock Pessimism Removal (CPR):    -0.000ns
  Clock Uncertainty:      0.154ns  ((TSJ^2 + TIJ^2)^1/2 + DJ) / 2 + PE
    Total System Jitter     (TSJ):    0.071ns
    Total Input Jitter      (TIJ):    0.300ns
    Discrete Jitter          (DJ):    0.000ns
    Phase Error              (PE):    0.000ns
  Timing Exception:       False Path

    Location             Delay type                Incr(ns)  Path(ns)    Netlist Resource(s)
  -------------------------------------------------------------------    -------------------
                         (clock clk_fpga_0 rise edge)
                                                      0.000     0.000 r  
    PS7_X0Y0             PS7                          0.000     0.000 r  cnn_system_i/processing_system7_0/inst/PS7_i/FCLKCLK[0]
                         net (fo=1, routed)           0.310     0.310    cnn_system_i/processing_system7_0/inst/FCLK_CLK_unbuffered[0]
    BUFGCTRL_X0Y16       BUFG (Prop_bufg_I_O)         0.026     0.336 r  cnn_system_i/processing_system7_0/inst/buffer_fclk_clk_0.FCLK_CLK_0_BUFG/O
                         net (fo=8881, routed)        0.563     0.899    cnn_system_i/axi_smc_1/inst/clk_map/psr_aclk/U0/aclk
    SLICE_X44Y48         FDRE                                         r  cnn_system_i/axi_smc_1/inst/clk_map/psr_aclk/U0/ACTIVE_LOW_BSR_OUT_DFF[0].FDRE_BSR_N/C
  -------------------------------------------------------------------    -------------------
    SLICE_X44Y48         FDRE (Prop_fdre_C_Q)         0.141     1.040 r  cnn_system_i/axi_smc_1/inst/clk_map/psr_aclk/U0/ACTIVE_LOW_BSR_OUT_DFF[0].FDRE_BSR_N/Q
                         net (fo=6, routed)           0.424     1.464    cnn_system_i/axi_smc_1/inst/s00_nodes/s00_b_node/inst/s_sc_xpm_cdc_async_rst_inst/src_arst
    SLICE_X41Y55         LUT1 (Prop_lut1_I0_O)        0.045     1.509 f  cnn_system_i/axi_smc_1/inst/s00_nodes/s00_b_node/inst/s_sc_xpm_cdc_async_rst_inst/arststages_ff[2]_i_1/O
                         net (fo=3, routed)           0.156     1.665    cnn_system_i/axi_smc_1/inst/s00_nodes/s00_b_node/inst/s_sc_xpm_cdc_async_rst_inst/reset_pol
    SLICE_X43Y55         FDCE                                         f  cnn_system_i/axi_smc_1/inst/s00_nodes/s00_b_node/inst/s_sc_xpm_cdc_async_rst_inst/arststages_ff_reg[0]/CLR
  -------------------------------------------------------------------    -------------------

                         (clock clk_fpga_0 rise edge)
                                                      0.000     0.000 r  
    PS7_X0Y0             PS7                          0.000     0.000 r  cnn_system_i/processing_system7_0/inst/PS7_i/FCLKCLK[0]
                         net (fo=1, routed)           0.337     0.337    cnn_system_i/processing_system7_0/inst/FCLK_CLK_unbuffered[0]
    BUFGCTRL_X0Y16       BUFG (Prop_bufg_I_O)         0.029     0.366 r  cnn_system_i/processing_system7_0/inst/buffer_fclk_clk_0.FCLK_CLK_0_BUFG/O
                         net (fo=8881, routed)        0.824     1.190    cnn_system_i/axi_smc_1/inst/s00_nodes/s00_b_node/inst/s_sc_xpm_cdc_async_rst_inst/dest_clk
    SLICE_X43Y55         FDCE                                         r  cnn_system_i/axi_smc_1/inst/s00_nodes/s00_b_node/inst/s_sc_xpm_cdc_async_rst_inst/arststages_ff_reg[0]/C

Slack:                    inf
  Source:                 cnn_system_i/axi_smc_1/inst/clk_map/psr_aclk/U0/ACTIVE_LOW_BSR_OUT_DFF[0].FDRE_BSR_N/C
                            (rising edge-triggered cell FDRE clocked by clk_fpga_0  {rise@0.000ns fall@5.000ns period=10.000ns})
  Destination:            cnn_system_i/axi_smc_1/inst/s00_nodes/s00_b_node/inst/s_sc_xpm_cdc_async_rst_inst/arststages_ff_reg[1]/CLR
                            (removal check against rising-edge clock clk_fpga_0  {rise@0.000ns fall@5.000ns period=10.000ns})
  Path Group:             (none)
  Path Type:              Removal (Min at Fast Process Corner)
  Data Path Delay:        0.767ns  (logic 0.186ns (24.260%)  route 0.581ns (75.740%))
  Logic Levels:           1  (LUT1=1)
  Clock Path Skew:        0.291ns (DCD - SCD - CPR)
    Destination Clock Delay (DCD):    1.190ns
    Source Clock Delay      (SCD):    0.899ns
    Clock Pessimism Removal (CPR):    -0.000ns
  Clock Uncertainty:      0.154ns  ((TSJ^2 + TIJ^2)^1/2 + DJ) / 2 + PE
    Total System Jitter     (TSJ):    0.071ns
    Total Input Jitter      (TIJ):    0.300ns
    Discrete Jitter          (DJ):    0.000ns
    Phase Error              (PE):    0.000ns
  Timing Exception:       False Path

    Location             Delay type                Incr(ns)  Path(ns)    Netlist Resource(s)
  -------------------------------------------------------------------    -------------------
                         (clock clk_fpga_0 rise edge)
                                                      0.000     0.000 r  
    PS7_X0Y0             PS7                          0.000     0.000 r  cnn_system_i/processing_system7_0/inst/PS7_i/FCLKCLK[0]
                         net (fo=1, routed)           0.310     0.310    cnn_system_i/processing_system7_0/inst/FCLK_CLK_unbuffered[0]
    BUFGCTRL_X0Y16       BUFG (Prop_bufg_I_O)         0.026     0.336 r  cnn_system_i/processing_system7_0/inst/buffer_fclk_clk_0.FCLK_CLK_0_BUFG/O
                         net (fo=8881, routed)        0.563     0.899    cnn_system_i/axi_smc_1/inst/clk_map/psr_aclk/U0/aclk
    SLICE_X44Y48         FDRE                                         r  cnn_system_i/axi_smc_1/inst/clk_map/psr_aclk/U0/ACTIVE_LOW_BSR_OUT_DFF[0].FDRE_BSR_N/C
  -------------------------------------------------------------------    -------------------
    SLICE_X44Y48         FDRE (Prop_fdre_C_Q)         0.141     1.040 r  cnn_system_i/axi_smc_1/inst/clk_map/psr_aclk/U0/ACTIVE_LOW_BSR_OUT_DFF[0].FDRE_BSR_N/Q
                         net (fo=6, routed)           0.424     1.464    cnn_system_i/axi_smc_1/inst/s00_nodes/s00_b_node/inst/s_sc_xpm_cdc_async_rst_inst/src_arst
    SLICE_X41Y55         LUT1 (Prop_lut1_I0_O)        0.045     1.509 f  cnn_system_i/axi_smc_1/inst/s00_nodes/s00_b_node/inst/s_sc_xpm_cdc_async_rst_inst/arststages_ff[2]_i_1/O
                         net (fo=3, routed)           0.156     1.665    cnn_system_i/axi_smc_1/inst/s00_nodes/s00_b_node/inst/s_sc_xpm_cdc_async_rst_inst/reset_pol
    SLICE_X43Y55         FDCE                                         f  cnn_system_i/axi_smc_1/inst/s00_nodes/s00_b_node/inst/s_sc_xpm_cdc_async_rst_inst/arststages_ff_reg[1]/CLR
  -------------------------------------------------------------------    -------------------

                         (clock clk_fpga_0 rise edge)
                                                      0.000     0.000 r  
    PS7_X0Y0             PS7                          0.000     0.000 r  cnn_system_i/processing_system7_0/inst/PS7_i/FCLKCLK[0]
                         net (fo=1, routed)           0.337     0.337    cnn_system_i/processing_system7_0/inst/FCLK_CLK_unbuffered[0]
    BUFGCTRL_X0Y16       BUFG (Prop_bufg_I_O)         0.029     0.366 r  cnn_system_i/processing_system7_0/inst/buffer_fclk_clk_0.FCLK_CLK_0_BUFG/O
                         net (fo=8881, routed)        0.824     1.190    cnn_system_i/axi_smc_1/inst/s00_nodes/s00_b_node/inst/s_sc_xpm_cdc_async_rst_inst/dest_clk
    SLICE_X43Y55         FDCE                                         r  cnn_system_i/axi_smc_1/inst/s00_nodes/s00_b_node/inst/s_sc_xpm_cdc_async_rst_inst/arststages_ff_reg[1]/C

Slack:                    inf
  Source:                 cnn_system_i/axi_smc_1/inst/clk_map/psr_aclk/U0/ACTIVE_LOW_BSR_OUT_DFF[0].FDRE_BSR_N/C
                            (rising edge-triggered cell FDRE clocked by clk_fpga_0  {rise@0.000ns fall@5.000ns period=10.000ns})
  Destination:            cnn_system_i/axi_smc_1/inst/s00_nodes/s00_b_node/inst/s_sc_xpm_cdc_async_rst_inst/arststages_ff_reg[2]/CLR
                            (removal check against rising-edge clock clk_fpga_0  {rise@0.000ns fall@5.000ns period=10.000ns})
  Path Group:             (none)
  Path Type:              Removal (Min at Fast Process Corner)
  Data Path Delay:        0.767ns  (logic 0.186ns (24.260%)  route 0.581ns (75.740%))
  Logic Levels:           1  (LUT1=1)
  Clock Path Skew:        0.291ns (DCD - SCD - CPR)
    Destination Clock Delay (DCD):    1.190ns
    Source Clock Delay      (SCD):    0.899ns
    Clock Pessimism Removal (CPR):    -0.000ns
  Clock Uncertainty:      0.154ns  ((TSJ^2 + TIJ^2)^1/2 + DJ) / 2 + PE
    Total System Jitter     (TSJ):    0.071ns
    Total Input Jitter      (TIJ):    0.300ns
    Discrete Jitter          (DJ):    0.000ns
    Phase Error              (PE):    0.000ns
  Timing Exception:       False Path

    Location             Delay type                Incr(ns)  Path(ns)    Netlist Resource(s)
  -------------------------------------------------------------------    -------------------
                         (clock clk_fpga_0 rise edge)
                                                      0.000     0.000 r  
    PS7_X0Y0             PS7                          0.000     0.000 r  cnn_system_i/processing_system7_0/inst/PS7_i/FCLKCLK[0]
                         net (fo=1, routed)           0.310     0.310    cnn_system_i/processing_system7_0/inst/FCLK_CLK_unbuffered[0]
    BUFGCTRL_X0Y16       BUFG (Prop_bufg_I_O)         0.026     0.336 r  cnn_system_i/processing_system7_0/inst/buffer_fclk_clk_0.FCLK_CLK_0_BUFG/O
                         net (fo=8881, routed)        0.563     0.899    cnn_system_i/axi_smc_1/inst/clk_map/psr_aclk/U0/aclk
    SLICE_X44Y48         FDRE                                         r  cnn_system_i/axi_smc_1/inst/clk_map/psr_aclk/U0/ACTIVE_LOW_BSR_OUT_DFF[0].FDRE_BSR_N/C
  -------------------------------------------------------------------    -------------------
    SLICE_X44Y48         FDRE (Prop_fdre_C_Q)         0.141     1.040 r  cnn_system_i/axi_smc_1/inst/clk_map/psr_aclk/U0/ACTIVE_LOW_BSR_OUT_DFF[0].FDRE_BSR_N/Q
                         net (fo=6, routed)           0.424     1.464    cnn_system_i/axi_smc_1/inst/s00_nodes/s00_b_node/inst/s_sc_xpm_cdc_async_rst_inst/src_arst
    SLICE_X41Y55         LUT1 (Prop_lut1_I0_O)        0.045     1.509 f  cnn_system_i/axi_smc_1/inst/s00_nodes/s00_b_node/inst/s_sc_xpm_cdc_async_rst_inst/arststages_ff[2]_i_1/O
                         net (fo=3, routed)           0.156     1.665    cnn_system_i/axi_smc_1/inst/s00_nodes/s00_b_node/inst/s_sc_xpm_cdc_async_rst_inst/reset_pol
    SLICE_X43Y55         FDCE                                         f  cnn_system_i/axi_smc_1/inst/s00_nodes/s00_b_node/inst/s_sc_xpm_cdc_async_rst_inst/arststages_ff_reg[2]/CLR
  -------------------------------------------------------------------    -------------------

                         (clock clk_fpga_0 rise edge)
                                                      0.000     0.000 r  
    PS7_X0Y0             PS7                          0.000     0.000 r  cnn_system_i/processing_system7_0/inst/PS7_i/FCLKCLK[0]
                         net (fo=1, routed)           0.337     0.337    cnn_system_i/processing_system7_0/inst/FCLK_CLK_unbuffered[0]
    BUFGCTRL_X0Y16       BUFG (Prop_bufg_I_O)         0.029     0.366 r  cnn_system_i/processing_system7_0/inst/buffer_fclk_clk_0.FCLK_CLK_0_BUFG/O
                         net (fo=8881, routed)        0.824     1.190    cnn_system_i/axi_smc_1/inst/s00_nodes/s00_b_node/inst/s_sc_xpm_cdc_async_rst_inst/dest_clk
    SLICE_X43Y55         FDCE                                         r  cnn_system_i/axi_smc_1/inst/s00_nodes/s00_b_node/inst/s_sc_xpm_cdc_async_rst_inst/arststages_ff_reg[2]/C

Slack:                    inf
  Source:                 cnn_system_i/axi_smc_1/inst/clk_map/psr_aclk/U0/ACTIVE_LOW_BSR_OUT_DFF[0].FDRE_BSR_N/C
                            (rising edge-triggered cell FDRE clocked by clk_fpga_0  {rise@0.000ns fall@5.000ns period=10.000ns})
  Destination:            cnn_system_i/axi_smc_1/inst/s00_nodes/s00_w_node/inst/s_sc_xpm_cdc_async_rst_inst/arststages_ff_reg[0]/CLR
                            (removal check against rising-edge clock clk_fpga_0  {rise@0.000ns fall@5.000ns period=10.000ns})
  Path Group:             (none)
  Path Type:              Removal (Min at Fast Process Corner)
  Data Path Delay:        0.782ns  (logic 0.185ns (23.671%)  route 0.597ns (76.329%))
  Logic Levels:           1  (LUT1=1)
  Clock Path Skew:        0.291ns (DCD - SCD - CPR)
    Destination Clock Delay (DCD):    1.190ns
    Source Clock Delay      (SCD):    0.899ns
    Clock Pessimism Removal (CPR):    -0.000ns
  Clock Uncertainty:      0.154ns  ((TSJ^2 + TIJ^2)^1/2 + DJ) / 2 + PE
    Total System Jitter     (TSJ):    0.071ns
    Total Input Jitter      (TIJ):    0.300ns
    Discrete Jitter          (DJ):    0.000ns
    Phase Error              (PE):    0.000ns
  Timing Exception:       False Path

    Location             Delay type                Incr(ns)  Path(ns)    Netlist Resource(s)
  -------------------------------------------------------------------    -------------------
                         (clock clk_fpga_0 rise edge)
                                                      0.000     0.000 r  
    PS7_X0Y0             PS7                          0.000     0.000 r  cnn_system_i/processing_system7_0/inst/PS7_i/FCLKCLK[0]
                         net (fo=1, routed)           0.310     0.310    cnn_system_i/processing_system7_0/inst/FCLK_CLK_unbuffered[0]
    BUFGCTRL_X0Y16       BUFG (Prop_bufg_I_O)         0.026     0.336 r  cnn_system_i/processing_system7_0/inst/buffer_fclk_clk_0.FCLK_CLK_0_BUFG/O
                         net (fo=8881, routed)        0.563     0.899    cnn_system_i/axi_smc_1/inst/clk_map/psr_aclk/U0/aclk
    SLICE_X44Y48         FDRE                                         r  cnn_system_i/axi_smc_1/inst/clk_map/psr_aclk/U0/ACTIVE_LOW_BSR_OUT_DFF[0].FDRE_BSR_N/C
  -------------------------------------------------------------------    -------------------
    SLICE_X44Y48         FDRE (Prop_fdre_C_Q)         0.141     1.040 r  cnn_system_i/axi_smc_1/inst/clk_map/psr_aclk/U0/ACTIVE_LOW_BSR_OUT_DFF[0].FDRE_BSR_N/Q
                         net (fo=6, routed)           0.424     1.464    cnn_system_i/axi_smc_1/inst/s00_nodes/s00_w_node/inst/s_sc_xpm_cdc_async_rst_inst/src_arst
    SLICE_X41Y55         LUT1 (Prop_lut1_I0_O)        0.044     1.508 f  cnn_system_i/axi_smc_1/inst/s00_nodes/s00_w_node/inst/s_sc_xpm_cdc_async_rst_inst/arststages_ff[2]_i_1/O
                         net (fo=3, routed)           0.172     1.680    cnn_system_i/axi_smc_1/inst/s00_nodes/s00_w_node/inst/s_sc_xpm_cdc_async_rst_inst/reset_pol
    SLICE_X41Y55         FDCE                                         f  cnn_system_i/axi_smc_1/inst/s00_nodes/s00_w_node/inst/s_sc_xpm_cdc_async_rst_inst/arststages_ff_reg[0]/CLR
  -------------------------------------------------------------------    -------------------

                         (clock clk_fpga_0 rise edge)
                                                      0.000     0.000 r  
    PS7_X0Y0             PS7                          0.000     0.000 r  cnn_system_i/processing_system7_0/inst/PS7_i/FCLKCLK[0]
                         net (fo=1, routed)           0.337     0.337    cnn_system_i/processing_system7_0/inst/FCLK_CLK_unbuffered[0]
    BUFGCTRL_X0Y16       BUFG (Prop_bufg_I_O)         0.029     0.366 r  cnn_system_i/processing_system7_0/inst/buffer_fclk_clk_0.FCLK_CLK_0_BUFG/O
                         net (fo=8881, routed)        0.824     1.190    cnn_system_i/axi_smc_1/inst/s00_nodes/s00_w_node/inst/s_sc_xpm_cdc_async_rst_inst/dest_clk
    SLICE_X41Y55         FDCE                                         r  cnn_system_i/axi_smc_1/inst/s00_nodes/s00_w_node/inst/s_sc_xpm_cdc_async_rst_inst/arststages_ff_reg[0]/C

Slack:                    inf
  Source:                 cnn_system_i/axi_smc_1/inst/clk_map/psr_aclk/U0/ACTIVE_LOW_BSR_OUT_DFF[0].FDRE_BSR_N/C
                            (rising edge-triggered cell FDRE clocked by clk_fpga_0  {rise@0.000ns fall@5.000ns period=10.000ns})
  Destination:            cnn_system_i/axi_smc_1/inst/s00_nodes/s00_w_node/inst/s_sc_xpm_cdc_async_rst_inst/arststages_ff_reg[1]/CLR
                            (removal check against rising-edge clock clk_fpga_0  {rise@0.000ns fall@5.000ns period=10.000ns})
  Path Group:             (none)
  Path Type:              Removal (Min at Fast Process Corner)
  Data Path Delay:        0.782ns  (logic 0.185ns (23.671%)  route 0.597ns (76.329%))
  Logic Levels:           1  (LUT1=1)
  Clock Path Skew:        0.291ns (DCD - SCD - CPR)
    Destination Clock Delay (DCD):    1.190ns
    Source Clock Delay      (SCD):    0.899ns
    Clock Pessimism Removal (CPR):    -0.000ns
  Clock Uncertainty:      0.154ns  ((TSJ^2 + TIJ^2)^1/2 + DJ) / 2 + PE
    Total System Jitter     (TSJ):    0.071ns
    Total Input Jitter      (TIJ):    0.300ns
    Discrete Jitter          (DJ):    0.000ns
    Phase Error              (PE):    0.000ns
  Timing Exception:       False Path

    Location             Delay type                Incr(ns)  Path(ns)    Netlist Resource(s)
  -------------------------------------------------------------------    -------------------
                         (clock clk_fpga_0 rise edge)
                                                      0.000     0.000 r  
    PS7_X0Y0             PS7                          0.000     0.000 r  cnn_system_i/processing_system7_0/inst/PS7_i/FCLKCLK[0]
                         net (fo=1, routed)           0.310     0.310    cnn_system_i/processing_system7_0/inst/FCLK_CLK_unbuffered[0]
    BUFGCTRL_X0Y16       BUFG (Prop_bufg_I_O)         0.026     0.336 r  cnn_system_i/processing_system7_0/inst/buffer_fclk_clk_0.FCLK_CLK_0_BUFG/O
                         net (fo=8881, routed)        0.563     0.899    cnn_system_i/axi_smc_1/inst/clk_map/psr_aclk/U0/aclk
    SLICE_X44Y48         FDRE                                         r  cnn_system_i/axi_smc_1/inst/clk_map/psr_aclk/U0/ACTIVE_LOW_BSR_OUT_DFF[0].FDRE_BSR_N/C
  -------------------------------------------------------------------    -------------------
    SLICE_X44Y48         FDRE (Prop_fdre_C_Q)         0.141     1.040 r  cnn_system_i/axi_smc_1/inst/clk_map/psr_aclk/U0/ACTIVE_LOW_BSR_OUT_DFF[0].FDRE_BSR_N/Q
                         net (fo=6, routed)           0.424     1.464    cnn_system_i/axi_smc_1/inst/s00_nodes/s00_w_node/inst/s_sc_xpm_cdc_async_rst_inst/src_arst
    SLICE_X41Y55         LUT1 (Prop_lut1_I0_O)        0.044     1.508 f  cnn_system_i/axi_smc_1/inst/s00_nodes/s00_w_node/inst/s_sc_xpm_cdc_async_rst_inst/arststages_ff[2]_i_1/O
                         net (fo=3, routed)           0.172     1.680    cnn_system_i/axi_smc_1/inst/s00_nodes/s00_w_node/inst/s_sc_xpm_cdc_async_rst_inst/reset_pol
    SLICE_X41Y55         FDCE                                         f  cnn_system_i/axi_smc_1/inst/s00_nodes/s00_w_node/inst/s_sc_xpm_cdc_async_rst_inst/arststages_ff_reg[1]/CLR
  -------------------------------------------------------------------    -------------------

                         (clock clk_fpga_0 rise edge)
                                                      0.000     0.000 r  
    PS7_X0Y0             PS7                          0.000     0.000 r  cnn_system_i/processing_system7_0/inst/PS7_i/FCLKCLK[0]
                         net (fo=1, routed)           0.337     0.337    cnn_system_i/processing_system7_0/inst/FCLK_CLK_unbuffered[0]
    BUFGCTRL_X0Y16       BUFG (Prop_bufg_I_O)         0.029     0.366 r  cnn_system_i/processing_system7_0/inst/buffer_fclk_clk_0.FCLK_CLK_0_BUFG/O
                         net (fo=8881, routed)        0.824     1.190    cnn_system_i/axi_smc_1/inst/s00_nodes/s00_w_node/inst/s_sc_xpm_cdc_async_rst_inst/dest_clk
    SLICE_X41Y55         FDCE                                         r  cnn_system_i/axi_smc_1/inst/s00_nodes/s00_w_node/inst/s_sc_xpm_cdc_async_rst_inst/arststages_ff_reg[1]/C

Slack:                    inf
  Source:                 cnn_system_i/axi_smc_1/inst/clk_map/psr_aclk/U0/ACTIVE_LOW_BSR_OUT_DFF[0].FDRE_BSR_N/C
                            (rising edge-triggered cell FDRE clocked by clk_fpga_0  {rise@0.000ns fall@5.000ns period=10.000ns})
  Destination:            cnn_system_i/axi_smc_1/inst/s00_nodes/s00_w_node/inst/s_sc_xpm_cdc_async_rst_inst/arststages_ff_reg[2]/CLR
                            (removal check against rising-edge clock clk_fpga_0  {rise@0.000ns fall@5.000ns period=10.000ns})
  Path Group:             (none)
  Path Type:              Removal (Min at Fast Process Corner)
  Data Path Delay:        0.782ns  (logic 0.185ns (23.671%)  route 0.597ns (76.329%))
  Logic Levels:           1  (LUT1=1)
  Clock Path Skew:        0.291ns (DCD - SCD - CPR)
    Destination Clock Delay (DCD):    1.190ns
    Source Clock Delay      (SCD):    0.899ns
    Clock Pessimism Removal (CPR):    -0.000ns
  Clock Uncertainty:      0.154ns  ((TSJ^2 + TIJ^2)^1/2 + DJ) / 2 + PE
    Total System Jitter     (TSJ):    0.071ns
    Total Input Jitter      (TIJ):    0.300ns
    Discrete Jitter          (DJ):    0.000ns
    Phase Error              (PE):    0.000ns
  Timing Exception:       False Path

    Location             Delay type                Incr(ns)  Path(ns)    Netlist Resource(s)
  -------------------------------------------------------------------    -------------------
                         (clock clk_fpga_0 rise edge)
                                                      0.000     0.000 r  
    PS7_X0Y0             PS7                          0.000     0.000 r  cnn_system_i/processing_system7_0/inst/PS7_i/FCLKCLK[0]
                         net (fo=1, routed)           0.310     0.310    cnn_system_i/processing_system7_0/inst/FCLK_CLK_unbuffered[0]
    BUFGCTRL_X0Y16       BUFG (Prop_bufg_I_O)         0.026     0.336 r  cnn_system_i/processing_system7_0/inst/buffer_fclk_clk_0.FCLK_CLK_0_BUFG/O
                         net (fo=8881, routed)        0.563     0.899    cnn_system_i/axi_smc_1/inst/clk_map/psr_aclk/U0/aclk
    SLICE_X44Y48         FDRE                                         r  cnn_system_i/axi_smc_1/inst/clk_map/psr_aclk/U0/ACTIVE_LOW_BSR_OUT_DFF[0].FDRE_BSR_N/C
  -------------------------------------------------------------------    -------------------
    SLICE_X44Y48         FDRE (Prop_fdre_C_Q)         0.141     1.040 r  cnn_system_i/axi_smc_1/inst/clk_map/psr_aclk/U0/ACTIVE_LOW_BSR_OUT_DFF[0].FDRE_BSR_N/Q
                         net (fo=6, routed)           0.424     1.464    cnn_system_i/axi_smc_1/inst/s00_nodes/s00_w_node/inst/s_sc_xpm_cdc_async_rst_inst/src_arst
    SLICE_X41Y55         LUT1 (Prop_lut1_I0_O)        0.044     1.508 f  cnn_system_i/axi_smc_1/inst/s00_nodes/s00_w_node/inst/s_sc_xpm_cdc_async_rst_inst/arststages_ff[2]_i_1/O
                         net (fo=3, routed)           0.172     1.680    cnn_system_i/axi_smc_1/inst/s00_nodes/s00_w_node/inst/s_sc_xpm_cdc_async_rst_inst/reset_pol
    SLICE_X41Y55         FDCE                                         f  cnn_system_i/axi_smc_1/inst/s00_nodes/s00_w_node/inst/s_sc_xpm_cdc_async_rst_inst/arststages_ff_reg[2]/CLR
  -------------------------------------------------------------------    -------------------

                         (clock clk_fpga_0 rise edge)
                                                      0.000     0.000 r  
    PS7_X0Y0             PS7                          0.000     0.000 r  cnn_system_i/processing_system7_0/inst/PS7_i/FCLKCLK[0]
                         net (fo=1, routed)           0.337     0.337    cnn_system_i/processing_system7_0/inst/FCLK_CLK_unbuffered[0]
    BUFGCTRL_X0Y16       BUFG (Prop_bufg_I_O)         0.029     0.366 r  cnn_system_i/processing_system7_0/inst/buffer_fclk_clk_0.FCLK_CLK_0_BUFG/O
                         net (fo=8881, routed)        0.824     1.190    cnn_system_i/axi_smc_1/inst/s00_nodes/s00_w_node/inst/s_sc_xpm_cdc_async_rst_inst/dest_clk
    SLICE_X41Y55         FDCE                                         r  cnn_system_i/axi_smc_1/inst/s00_nodes/s00_w_node/inst/s_sc_xpm_cdc_async_rst_inst/arststages_ff_reg[2]/C

Slack:                    inf
  Source:                 cnn_system_i/rst_ps7_0_100M/U0/ACTIVE_LOW_PR_OUT_DFF[0].FDRE_PER_N/C
                            (rising edge-triggered cell FDRE clocked by clk_fpga_0  {rise@0.000ns fall@5.000ns period=10.000ns})
  Destination:            cnn_system_i/axi_dma_0/U0/I_RST_MODULE/REG_HRD_RST_OUT/GENERATE_LEVEL_P_S_CDC.SINGLE_BIT.CROSS_PLEVEL_IN2SCNDRY_IN_cdc_to/D
                            (rising edge-triggered cell FDRE clocked by clk_fpga_0  {rise@0.000ns fall@5.000ns period=10.000ns})
  Path Group:             (none)
  Path Type:              Hold (Min at Fast Process Corner)
  Data Path Delay:        0.949ns  (logic 0.164ns (17.276%)  route 0.785ns (82.724%))
  Logic Levels:           0  
  Clock Path Skew:        0.302ns (DCD - SCD - CPR)
    Destination Clock Delay (DCD):    1.190ns
    Source Clock Delay      (SCD):    0.888ns
    Clock Pessimism Removal (CPR):    -0.000ns
  Clock Uncertainty:      0.154ns  ((TSJ^2 + TIJ^2)^1/2 + DJ) / 2 + PE
    Total System Jitter     (TSJ):    0.071ns
    Total Input Jitter      (TIJ):    0.300ns
    Discrete Jitter          (DJ):    0.000ns
    Phase Error              (PE):    0.000ns
  Timing Exception:       False Path

    Location             Delay type                Incr(ns)  Path(ns)    Netlist Resource(s)
  -------------------------------------------------------------------    -------------------
                         (clock clk_fpga_0 rise edge)
                                                      0.000     0.000 r  
    PS7_X0Y0             PS7                          0.000     0.000 r  cnn_system_i/processing_system7_0/inst/PS7_i/FCLKCLK[0]
                         net (fo=1, routed)           0.310     0.310    cnn_system_i/processing_system7_0/inst/FCLK_CLK_unbuffered[0]
    BUFGCTRL_X0Y16       BUFG (Prop_bufg_I_O)         0.026     0.336 r  cnn_system_i/processing_system7_0/inst/buffer_fclk_clk_0.FCLK_CLK_0_BUFG/O
                         net (fo=8881, routed)        0.552     0.888    cnn_system_i/rst_ps7_0_100M/U0/slowest_sync_clk
    SLICE_X46Y85         FDRE                                         r  cnn_system_i/rst_ps7_0_100M/U0/ACTIVE_LOW_PR_OUT_DFF[0].FDRE_PER_N/C
  -------------------------------------------------------------------    -------------------
    SLICE_X46Y85         FDRE (Prop_fdre_C_Q)         0.164     1.052 r  cnn_system_i/rst_ps7_0_100M/U0/ACTIVE_LOW_PR_OUT_DFF[0].FDRE_PER_N/Q
                         net (fo=60, routed)          0.785     1.837    cnn_system_i/axi_dma_0/U0/I_RST_MODULE/REG_HRD_RST_OUT/axi_resetn
    SLICE_X40Y93         FDRE                                         r  cnn_system_i/axi_dma_0/U0/I_RST_MODULE/REG_HRD_RST_OUT/GENERATE_LEVEL_P_S_CDC.SINGLE_BIT.CROSS_PLEVEL_IN2SCNDRY_IN_cdc_to/D
  -------------------------------------------------------------------    -------------------

                         (clock clk_fpga_0 rise edge)
                                                      0.000     0.000 r  
    PS7_X0Y0             PS7                          0.000     0.000 r  cnn_system_i/processing_system7_0/inst/PS7_i/FCLKCLK[0]
                         net (fo=1, routed)           0.337     0.337    cnn_system_i/processing_system7_0/inst/FCLK_CLK_unbuffered[0]
    BUFGCTRL_X0Y16       BUFG (Prop_bufg_I_O)         0.029     0.366 r  cnn_system_i/processing_system7_0/inst/buffer_fclk_clk_0.FCLK_CLK_0_BUFG/O
                         net (fo=8881, routed)        0.824     1.190    cnn_system_i/axi_dma_0/U0/I_RST_MODULE/REG_HRD_RST_OUT/s_axi_lite_aclk
    SLICE_X40Y93         FDRE                                         r  cnn_system_i/axi_dma_0/U0/I_RST_MODULE/REG_HRD_RST_OUT/GENERATE_LEVEL_P_S_CDC.SINGLE_BIT.CROSS_PLEVEL_IN2SCNDRY_IN_cdc_to/C





