Copyright 1986-2020 Xilinx, Inc. All Rights Reserved.
---------------------------------------------------------------------------------------------------------------------------------------------------------------
| Tool Version : Vivado v.2020.2 (win64) Build 3064766 Wed Nov 18 09:12:45 MST 2020
| Date         : Wed Sep  2 19:47:09 2026
| Host         : duyu running 64-bit major release  (build 9200)
| Command      : report_timing_summary -delay_type max -max_paths 20 -report_unconstrained -file D:/Xilinx/zynq7020/cnn/reports/impl_timing_summary_fcpipe.rpt
| Design       : axis_cnn_mnist
| Device       : 7z020-clg400
| Speed File   : -2  PRODUCTION 1.12 2019-11-22
---------------------------------------------------------------------------------------------------------------------------------------------------------------

Timing Summary Report

------------------------------------------------------------------------------------------------
| Timer Settings
| --------------
------------------------------------------------------------------------------------------------

  Enable Multi Corner Analysis               :  Yes
  Enable Pessimism Removal                   :  Yes
  Pessimism Removal Resolution               :  Nearest Common Node
  Enable Input Delay Default Clock           :  No
  Enable Preset / Clear Arcs                 :  No
  Disable Flight Delays                      :  No
  Ignore I/O Paths                           :  No
  Timing Early Launch at Borrowing Latches   :  No
  Borrow Time for Max Delay Exceptions       :  Yes
  Merge Timing Exceptions                    :  Yes

  Corner  Analyze    Analyze    
  Name    Max Paths  Min Paths  
  ------  ---------  ---------  
  Slow    Yes        Yes        
  Fast    Yes        Yes        



check_timing report

Table of Contents
-----------------
1. checking no_clock (0)
2. checking constant_clock (0)
3. checking pulse_width_clock (0)
4. checking unconstrained_internal_endpoints (0)
5. checking no_input_delay (11)
6. checking no_output_delay (7)
7. checking multiple_clock (0)
8. checking generated_clocks (0)
9. checking loops (0)
10. checking partial_input_delay (0)
11. checking partial_output_delay (0)
12. checking latch_loops (0)

1. checking no_clock (0)
------------------------
 There are 0 register/latch pins with no clock.


2. checking constant_clock (0)
------------------------------
 There are 0 register/latch pins with constant_clock.


3. checking pulse_width_clock (0)
---------------------------------
 There are 0 register/latch pins which need pulse_width check


4. checking unconstrained_internal_endpoints (0)
------------------------------------------------
 There are 0 pins that are not constrained for maximum delay.

 There are 0 pins that are not constrained for maximum delay due to constant clock.


5. checking no_input_delay (11)
-------------------------------
 There are 11 input ports with no input delay specified. (HIGH)

 There are 0 input ports with no input delay but user has a false path constraint.


6. checking no_output_delay (7)
-------------------------------
 There are 7 ports with no output delay specified. (HIGH)

 There are 0 ports with no output delay but user has a false path constraint

 There are 0 ports with no output delay but with a timing clock defined on it or propagating through it


7. checking multiple_clock (0)
------------------------------
 There are 0 register/latch pins with multiple clocks.


8. checking generated_clocks (0)
--------------------------------
 There are 0 generated clocks that are not connected to a clock source.


9. checking loops (0)
---------------------
 There are 0 combinational loops in the design.


10. checking partial_input_delay (0)
------------------------------------
 There are 0 input ports with partial input delay specified.


11. checking partial_output_delay (0)
-------------------------------------
 There are 0 ports with partial output delay specified.


12. checking latch_loops (0)
----------------------------
 There are 0 combinational latch loops in the design through latch input



------------------------------------------------------------------------------------------------
| Design Timing Summary
| ---------------------
------------------------------------------------------------------------------------------------

    WNS(ns)      TNS(ns)  TNS Failing Endpoints  TNS Total Endpoints     WPWS(ns)     TPWS(ns)  TPWS Failing Endpoints  TPWS Total Endpoints  
    -------      -------  ---------------------  -------------------     --------     --------  ----------------------  --------------------  
     -0.463      -17.810                    103                37137        3.870        0.000                       0                  7274  


Timing constraints are not met.


------------------------------------------------------------------------------------------------
| Clock Summary
| -------------
------------------------------------------------------------------------------------------------

Clock  Waveform(ns)       Period(ns)      Frequency(MHz)
-----  ------------       ----------      --------------
aclk   {0.000 5.000}      10.000          100.000         


------------------------------------------------------------------------------------------------
| Intra Clock Table
| -----------------
------------------------------------------------------------------------------------------------

Clock             WNS(ns)      TNS(ns)  TNS Failing Endpoints  TNS Total Endpoints     WPWS(ns)     TPWS(ns)  TPWS Failing Endpoints  TPWS Total Endpoints  
-----             -------      -------  ---------------------  -------------------     --------     --------  ----------------------  --------------------  
aclk               -0.463      -17.810                    103                37137        3.870        0.000                       0                  7274  


------------------------------------------------------------------------------------------------
| Inter Clock Table
| -----------------
------------------------------------------------------------------------------------------------

From Clock    To Clock          WNS(ns)      TNS(ns)  TNS Failing Endpoints  TNS Total Endpoints  
----------    --------          -------      -------  ---------------------  -------------------  


------------------------------------------------------------------------------------------------
| Other Path Groups Table
| -----------------------
------------------------------------------------------------------------------------------------

Path Group    From Clock    To Clock          WNS(ns)      TNS(ns)  TNS Failing Endpoints  TNS Total Endpoints  
----------    ----------    --------          -------      -------  ---------------------  -------------------  


------------------------------------------------------------------------------------------------
| User Ignored Path Table
| -----------------------
------------------------------------------------------------------------------------------------

Path Group    From Clock    To Clock    
----------    ----------    --------    


------------------------------------------------------------------------------------------------
| Unconstrained Path Table
| ------------------------
------------------------------------------------------------------------------------------------

Path Group    From Clock    To Clock    
----------    ----------    --------    
(none)        aclk                        
(none)                      aclk          


------------------------------------------------------------------------------------------------
| Timing Details
| --------------
------------------------------------------------------------------------------------------------


---------------------------------------------------------------------------------------------------
From Clock:  aclk
  To Clock:  aclk

Setup :          103  Failing Endpoints,  Worst Slack       -0.463ns,  Total Violation      -17.810ns
Hold  :           NA  Failing Endpoints,  Worst Slack           NA  ,  Total Violation           NA
PW    :            0  Failing Endpoints,  Worst Slack        3.870ns,  Total Violation        0.000ns
---------------------------------------------------------------------------------------------------


Max Delay Paths
--------------------------------------------------------------------------------------
Slack (VIOLATED) :        -0.463ns  (required time - arrival time)
  Source:                 u_conv2/u_calc/calc_state_reg[0]_rep_replica_1/C
                            (rising edge-triggered cell FDRE clocked by aclk  {rise@0.000ns fall@5.000ns period=10.000ns})
  Destination:            u_conv2/u_calc/stg1_mult_sum_reg[2][2][21]/D
                            (rising edge-triggered cell FDRE clocked by aclk  {rise@0.000ns fall@5.000ns period=10.000ns})
  Path Group:             aclk
  Path Type:              Setup (Max at Slow Process Corner)
  Requirement:            10.000ns  (aclk rise@10.000ns - aclk rise@0.000ns)
  Data Path Delay:        10.301ns  (logic 5.295ns (51.404%)  route 5.006ns (48.596%))
  Logic Levels:           10  (CARRY4=6 DSP48E1=1 LUT1=1 LUT3=2)
  Clock Path Skew:        -0.186ns (DCD - SCD + CPR)
    Destination Clock Delay (DCD):    3.853ns = ( 13.853 - 10.000 ) 
    Source Clock Delay      (SCD):    4.360ns
    Clock Pessimism Removal (CPR):    0.322ns
  Clock Uncertainty:      0.035ns  ((TSJ^2 + TIJ^2)^1/2 + DJ) / 2 + PE
    Total System Jitter     (TSJ):    0.071ns
    Total Input Jitter      (TIJ):    0.000ns
    Discrete Jitter          (DJ):    0.000ns
    Phase Error              (PE):    0.000ns

    Location             Delay type                Incr(ns)  Path(ns)    Netlist Resource(s)
  -------------------------------------------------------------------    -------------------
                         (clock aclk rise edge)       0.000     0.000 r  
    U7                                                0.000     0.000 r  aclk (IN)
                         net (fo=0)                   0.000     0.000    aclk
    U7                   IBUF (Prop_ibuf_I_O)         0.990     0.990 r  aclk_IBUF_inst/O
                         net (fo=1, routed)           1.843     2.833    aclk_IBUF
    BUFGCTRL_X0Y0        BUFG (Prop_bufg_I_O)         0.085     2.918 r  aclk_IBUF_BUFG_inst/O
                         net (fo=7275, routed)        1.442     4.360    u_conv2/u_calc/aclk_IBUF_BUFG
    SLICE_X63Y23         FDRE                                         r  u_conv2/u_calc/calc_state_reg[0]_rep_replica_1/C
  -------------------------------------------------------------------    -------------------
    SLICE_X63Y23         FDRE (Prop_fdre_C_Q)         0.379     4.739 f  u_conv2/u_calc/calc_state_reg[0]_rep_replica_1/Q
                         net (fo=8, routed)           0.550     5.290    u_conv2/u_calc/calc_state_reg[0]_rep_0_repN_1
    SLICE_X63Y15         LUT1 (Prop_lut1_I0_O)        0.105     5.395 r  u_conv2/u_calc/p_0_out__15_i_1/O
                         net (fo=4, routed)           1.451     6.846    u_conv2/u_calc/p_0_out__15_i_1_n_0
    DSP48_X1Y6           DSP48E1 (Prop_dsp48e1_B[2]_P[5])
                                                      3.076     9.922 r  u_conv2/u_calc/p_0_out__87/P[5]
                         net (fo=3, routed)           1.066    10.988    u_conv2/u_calc/p_0_out__87_n_100
    SLICE_X33Y12         LUT3 (Prop_lut3_I2_O)        0.105    11.093 r  u_conv2/u_calc/stg1_mult_sum[2][2][11]_i_30/O
                         net (fo=1, routed)           0.625    11.718    u_conv2_n_1497
    SLICE_X34Y13         CARRY4 (Prop_carry4_DI[2]_CO[3])
                                                      0.334    12.052 r  u_calc/stg1_mult_sum_reg[2][2][11]_i_12/CO[3]
                         net (fo=1, routed)           0.000    12.052    u_calc/stg1_mult_sum_reg[2][2][11]_i_12_n_0
    SLICE_X34Y14         CARRY4 (Prop_carry4_CI_CO[3])
                                                      0.100    12.152 r  u_calc/stg1_mult_sum_reg[2][2][15]_i_12/CO[3]
                         net (fo=1, routed)           0.000    12.152    u_calc/stg1_mult_sum_reg[2][2][15]_i_12_n_0
    SLICE_X34Y15         CARRY4 (Prop_carry4_CI_CO[3])
                                                      0.100    12.252 r  u_calc/stg1_mult_sum_reg[2][2][19]_i_12/CO[3]
                         net (fo=1, routed)           0.000    12.252    u_calc/stg1_mult_sum_reg[2][2][19]_i_12_n_0
    SLICE_X34Y16         CARRY4 (Prop_carry4_CI_O[1])
                                                      0.257    12.509 r  u_calc/stg1_mult_sum_reg[2][2][23]_i_14/O[1]
                         net (fo=3, routed)           0.634    13.143    u_calc/stg1_mult_sum_reg[2][2][23]_i_14_n_6
    SLICE_X28Y17         LUT3 (Prop_lut3_I2_O)        0.245    13.388 r  u_calc/stg1_mult_sum[2][2][19]_i_3/O
                         net (fo=1, routed)           0.679    14.067    u_calc/stg1_mult_sum[2][2][19]_i_3_n_0
    SLICE_X35Y17         CARRY4 (Prop_carry4_DI[2]_CO[3])
                                                      0.329    14.396 r  u_calc/stg1_mult_sum_reg[2][2][19]_i_1/CO[3]
                         net (fo=1, routed)           0.000    14.396    u_conv2/u_calc/stg1_mult_sum_reg[2][2][23]_0[0]
    SLICE_X35Y18         CARRY4 (Prop_carry4_CI_O[1])
                                                      0.265    14.661 r  u_conv2/u_calc/stg1_mult_sum_reg[2][2][23]_i_1/O[1]
                         net (fo=1, routed)           0.000    14.661    u_conv2/u_calc/stg1_mult_sum_reg[2][2][23]_i_1_n_6
    SLICE_X35Y18         FDRE                                         r  u_conv2/u_calc/stg1_mult_sum_reg[2][2][21]/D
  -------------------------------------------------------------------    -------------------

                         (clock aclk rise edge)      10.000    10.000 r  
    U7                                                0.000    10.000 r  aclk (IN)
                         net (fo=0)                   0.000    10.000    aclk
    U7                   IBUF (Prop_ibuf_I_O)         0.859    10.859 r  aclk_IBUF_inst/O
                         net (fo=1, routed)           1.673    12.532    aclk_IBUF
    BUFGCTRL_X0Y0        BUFG (Prop_bufg_I_O)         0.077    12.609 r  aclk_IBUF_BUFG_inst/O
                         net (fo=7275, routed)        1.244    13.853    u_conv2/u_calc/aclk_IBUF_BUFG
    SLICE_X35Y18         FDRE                                         r  u_conv2/u_calc/stg1_mult_sum_reg[2][2][21]/C
                         clock pessimism              0.322    14.174    
                         clock uncertainty           -0.035    14.139    
    SLICE_X35Y18         FDRE (Setup_fdre_C_D)        0.059    14.198    u_conv2/u_calc/stg1_mult_sum_reg[2][2][21]
  -------------------------------------------------------------------
                         required time                         14.198    
                         arrival time                         -14.661    
  -------------------------------------------------------------------
                         slack                                 -0.463    

Slack (VIOLATED) :        -0.458ns  (required time - arrival time)
  Source:                 u_conv2/u_calc/calc_state_reg[0]_rep_replica_1/C
                            (rising edge-triggered cell FDRE clocked by aclk  {rise@0.000ns fall@5.000ns period=10.000ns})
  Destination:            u_conv2/u_calc/stg1_mult_sum_reg[2][2][23]/D
                            (rising edge-triggered cell FDRE clocked by aclk  {rise@0.000ns fall@5.000ns period=10.000ns})
  Path Group:             aclk
  Path Type:              Setup (Max at Slow Process Corner)
  Requirement:            10.000ns  (aclk rise@10.000ns - aclk rise@0.000ns)
  Data Path Delay:        10.296ns  (logic 5.290ns (51.380%)  route 5.006ns (48.620%))
  Logic Levels:           10  (CARRY4=6 DSP48E1=1 LUT1=1 LUT3=2)
  Clock Path Skew:        -0.186ns (DCD - SCD + CPR)
    Destination Clock Delay (DCD):    3.853ns = ( 13.853 - 10.000 ) 
    Source Clock Delay      (SCD):    4.360ns
    Clock Pessimism Removal (CPR):    0.322ns
  Clock Uncertainty:      0.035ns  ((TSJ^2 + TIJ^2)^1/2 + DJ) / 2 + PE
    Total System Jitter     (TSJ):    0.071ns
    Total Input Jitter      (TIJ):    0.000ns
    Discrete Jitter          (DJ):    0.000ns
    Phase Error              (PE):    0.000ns

    Location             Delay type                Incr(ns)  Path(ns)    Netlist Resource(s)
  -------------------------------------------------------------------    -------------------
                         (clock aclk rise edge)       0.000     0.000 r  
    U7                                                0.000     0.000 r  aclk (IN)
                         net (fo=0)                   0.000     0.000    aclk
    U7                   IBUF (Prop_ibuf_I_O)         0.990     0.990 r  aclk_IBUF_inst/O
                         net (fo=1, routed)           1.843     2.833    aclk_IBUF
    BUFGCTRL_X0Y0        BUFG (Prop_bufg_I_O)         0.085     2.918 r  aclk_IBUF_BUFG_inst/O
                         net (fo=7275, routed)        1.442     4.360    u_conv2/u_calc/aclk_IBUF_BUFG
    SLICE_X63Y23         FDRE                                         r  u_conv2/u_calc/calc_state_reg[0]_rep_replica_1/C
  -------------------------------------------------------------------    -------------------
    SLICE_X63Y23         FDRE (Prop_fdre_C_Q)         0.379     4.739 f  u_conv2/u_calc/calc_state_reg[0]_rep_replica_1/Q
                         net (fo=8, routed)           0.550     5.290    u_conv2/u_calc/calc_state_reg[0]_rep_0_repN_1
    SLICE_X63Y15         LUT1 (Prop_lut1_I0_O)        0.105     5.395 r  u_conv2/u_calc/p_0_out__15_i_1/O
                         net (fo=4, routed)           1.451     6.846    u_conv2/u_calc/p_0_out__15_i_1_n_0
    DSP48_X1Y6           DSP48E1 (Prop_dsp48e1_B[2]_P[5])
                                                      3.076     9.922 r  u_conv2/u_calc/p_0_out__87/P[5]
                         net (fo=3, routed)           1.066    10.988    u_conv2/u_calc/p_0_out__87_n_100
    SLICE_X33Y12         LUT3 (Prop_lut3_I2_O)        0.105    11.093 r  u_conv2/u_calc/stg1_mult_sum[2][2][11]_i_30/O
                         net (fo=1, routed)           0.625    11.718    u_conv2_n_1497
    SLICE_X34Y13         CARRY4 (Prop_carry4_DI[2]_CO[3])
                                                      0.334    12.052 r  u_calc/stg1_mult_sum_reg[2][2][11]_i_12/CO[3]
                         net (fo=1, routed)           0.000    12.052    u_calc/stg1_mult_sum_reg[2][2][11]_i_12_n_0
    SLICE_X34Y14         CARRY4 (Prop_carry4_CI_CO[3])
                                                      0.100    12.152 r  u_calc/stg1_mult_sum_reg[2][2][15]_i_12/CO[3]
                         net (fo=1, routed)           0.000    12.152    u_calc/stg1_mult_sum_reg[2][2][15]_i_12_n_0
    SLICE_X34Y15         CARRY4 (Prop_carry4_CI_CO[3])
                                                      0.100    12.252 r  u_calc/stg1_mult_sum_reg[2][2][19]_i_12/CO[3]
                         net (fo=1, routed)           0.000    12.252    u_calc/stg1_mult_sum_reg[2][2][19]_i_12_n_0
    SLICE_X34Y16         CARRY4 (Prop_carry4_CI_O[1])
                                                      0.257    12.509 r  u_calc/stg1_mult_sum_reg[2][2][23]_i_14/O[1]
                         net (fo=3, routed)           0.634    13.143    u_calc/stg1_mult_sum_reg[2][2][23]_i_14_n_6
    SLICE_X28Y17         LUT3 (Prop_lut3_I2_O)        0.245    13.388 r  u_calc/stg1_mult_sum[2][2][19]_i_3/O
                         net (fo=1, routed)           0.679    14.067    u_calc/stg1_mult_sum[2][2][19]_i_3_n_0
    SLICE_X35Y17         CARRY4 (Prop_carry4_DI[2]_CO[3])
                                                      0.329    14.396 r  u_calc/stg1_mult_sum_reg[2][2][19]_i_1/CO[3]
                         net (fo=1, routed)           0.000    14.396    u_conv2/u_calc/stg1_mult_sum_reg[2][2][23]_0[0]
    SLICE_X35Y18         CARRY4 (Prop_carry4_CI_O[3])
                                                      0.260    14.656 r  u_conv2/u_calc/stg1_mult_sum_reg[2][2][23]_i_1/O[3]
                         net (fo=1, routed)           0.000    14.656    u_conv2/u_calc/stg1_mult_sum_reg[2][2][23]_i_1_n_4
    SLICE_X35Y18         FDRE                                         r  u_conv2/u_calc/stg1_mult_sum_reg[2][2][23]/D
  -------------------------------------------------------------------    -------------------

                         (clock aclk rise edge)      10.000    10.000 r  
    U7                                                0.000    10.000 r  aclk (IN)
                         net (fo=0)                   0.000    10.000    aclk
    U7                   IBUF (Prop_ibuf_I_O)         0.859    10.859 r  aclk_IBUF_inst/O
                         net (fo=1, routed)           1.673    12.532    aclk_IBUF
    BUFGCTRL_X0Y0        BUFG (Prop_bufg_I_O)         0.077    12.609 r  aclk_IBUF_BUFG_inst/O
                         net (fo=7275, routed)        1.244    13.853    u_conv2/u_calc/aclk_IBUF_BUFG
    SLICE_X35Y18         FDRE                                         r  u_conv2/u_calc/stg1_mult_sum_reg[2][2][23]/C
                         clock pessimism              0.322    14.174    
                         clock uncertainty           -0.035    14.139    
    SLICE_X35Y18         FDRE (Setup_fdre_C_D)        0.059    14.198    u_conv2/u_calc/stg1_mult_sum_reg[2][2][23]
  -------------------------------------------------------------------
                         required time                         14.198    
                         arrival time                         -14.656    
  -------------------------------------------------------------------
                         slack                                 -0.458    

Slack (VIOLATED) :        -0.398ns  (required time - arrival time)
  Source:                 u_conv2/u_calc/calc_state_reg[0]_rep_replica_1/C
                            (rising edge-triggered cell FDRE clocked by aclk  {rise@0.000ns fall@5.000ns period=10.000ns})
  Destination:            u_conv2/u_calc/stg1_mult_sum_reg[2][2][22]/D
                            (rising edge-triggered cell FDRE clocked by aclk  {rise@0.000ns fall@5.000ns period=10.000ns})
  Path Group:             aclk
  Path Type:              Setup (Max at Slow Process Corner)
  Requirement:            10.000ns  (aclk rise@10.000ns - aclk rise@0.000ns)
  Data Path Delay:        10.236ns  (logic 5.230ns (51.095%)  route 5.006ns (48.905%))
  Logic Levels:           10  (CARRY4=6 DSP48E1=1 LUT1=1 LUT3=2)
  Clock Path Skew:        -0.186ns (DCD - SCD + CPR)
    Destination Clock Delay (DCD):    3.853ns = ( 13.853 - 10.000 ) 
    Source Clock Delay      (SCD):    4.360ns
    Clock Pessimism Removal (CPR):    0.322ns
  Clock Uncertainty:      0.035ns  ((TSJ^2 + TIJ^2)^1/2 + DJ) / 2 + PE
    Total System Jitter     (TSJ):    0.071ns
    Total Input Jitter      (TIJ):    0.000ns
    Discrete Jitter          (DJ):    0.000ns
    Phase Error              (PE):    0.000ns

    Location             Delay type                Incr(ns)  Path(ns)    Netlist Resource(s)
  -------------------------------------------------------------------    -------------------
                         (clock aclk rise edge)       0.000     0.000 r  
    U7                                                0.000     0.000 r  aclk (IN)
                         net (fo=0)                   0.000     0.000    aclk
    U7                   IBUF (Prop_ibuf_I_O)         0.990     0.990 r  aclk_IBUF_inst/O
                         net (fo=1, routed)           1.843     2.833    aclk_IBUF
    BUFGCTRL_X0Y0        BUFG (Prop_bufg_I_O)         0.085     2.918 r  aclk_IBUF_BUFG_inst/O
                         net (fo=7275, routed)        1.442     4.360    u_conv2/u_calc/aclk_IBUF_BUFG
    SLICE_X63Y23         FDRE                                         r  u_conv2/u_calc/calc_state_reg[0]_rep_replica_1/C
  -------------------------------------------------------------------    -------------------
    SLICE_X63Y23         FDRE (Prop_fdre_C_Q)         0.379     4.739 f  u_conv2/u_calc/calc_state_reg[0]_rep_replica_1/Q
                         net (fo=8, routed)           0.550     5.290    u_conv2/u_calc/calc_state_reg[0]_rep_0_repN_1
    SLICE_X63Y15         LUT1 (Prop_lut1_I0_O)        0.105     5.395 r  u_conv2/u_calc/p_0_out__15_i_1/O
                         net (fo=4, routed)           1.451     6.846    u_conv2/u_calc/p_0_out__15_i_1_n_0
    DSP48_X1Y6           DSP48E1 (Prop_dsp48e1_B[2]_P[5])
                                                      3.076     9.922 r  u_conv2/u_calc/p_0_out__87/P[5]
                         net (fo=3, routed)           1.066    10.988    u_conv2/u_calc/p_0_out__87_n_100
    SLICE_X33Y12         LUT3 (Prop_lut3_I2_O)        0.105    11.093 r  u_conv2/u_calc/stg1_mult_sum[2][2][11]_i_30/O
                         net (fo=1, routed)           0.625    11.718    u_conv2_n_1497
    SLICE_X34Y13         CARRY4 (Prop_carry4_DI[2]_CO[3])
                                                      0.334    12.052 r  u_calc/stg1_mult_sum_reg[2][2][11]_i_12/CO[3]
                         net (fo=1, routed)           0.000    12.052    u_calc/stg1_mult_sum_reg[2][2][11]_i_12_n_0
    SLICE_X34Y14         CARRY4 (Prop_carry4_CI_CO[3])
                                                      0.100    12.152 r  u_calc/stg1_mult_sum_reg[2][2][15]_i_12/CO[3]
                         net (fo=1, routed)           0.000    12.152    u_calc/stg1_mult_sum_reg[2][2][15]_i_12_n_0
    SLICE_X34Y15         CARRY4 (Prop_carry4_CI_CO[3])
                                                      0.100    12.252 r  u_calc/stg1_mult_sum_reg[2][2][19]_i_12/CO[3]
                         net (fo=1, routed)           0.000    12.252    u_calc/stg1_mult_sum_reg[2][2][19]_i_12_n_0
    SLICE_X34Y16         CARRY4 (Prop_carry4_CI_O[1])
                                                      0.257    12.509 r  u_calc/stg1_mult_sum_reg[2][2][23]_i_14/O[1]
                         net (fo=3, routed)           0.634    13.143    u_calc/stg1_mult_sum_reg[2][2][23]_i_14_n_6
    SLICE_X28Y17         LUT3 (Prop_lut3_I2_O)        0.245    13.388 r  u_calc/stg1_mult_sum[2][2][19]_i_3/O
                         net (fo=1, routed)           0.679    14.067    u_calc/stg1_mult_sum[2][2][19]_i_3_n_0
    SLICE_X35Y17         CARRY4 (Prop_carry4_DI[2]_CO[3])
                                                      0.329    14.396 r  u_calc/stg1_mult_sum_reg[2][2][19]_i_1/CO[3]
                         net (fo=1, routed)           0.000    14.396    u_conv2/u_calc/stg1_mult_sum_reg[2][2][23]_0[0]
    SLICE_X35Y18         CARRY4 (Prop_carry4_CI_O[2])
                                                      0.200    14.596 r  u_conv2/u_calc/stg1_mult_sum_reg[2][2][23]_i_1/O[2]
                         net (fo=1, routed)           0.000    14.596    u_conv2/u_calc/stg1_mult_sum_reg[2][2][23]_i_1_n_5
    SLICE_X35Y18         FDRE                                         r  u_conv2/u_calc/stg1_mult_sum_reg[2][2][22]/D
  -------------------------------------------------------------------    -------------------

                         (clock aclk rise edge)      10.000    10.000 r  
    U7                                                0.000    10.000 r  aclk (IN)
                         net (fo=0)                   0.000    10.000    aclk
    U7                   IBUF (Prop_ibuf_I_O)         0.859    10.859 r  aclk_IBUF_inst/O
                         net (fo=1, routed)           1.673    12.532    aclk_IBUF
    BUFGCTRL_X0Y0        BUFG (Prop_bufg_I_O)         0.077    12.609 r  aclk_IBUF_BUFG_inst/O
                         net (fo=7275, routed)        1.244    13.853    u_conv2/u_calc/aclk_IBUF_BUFG
    SLICE_X35Y18         FDRE                                         r  u_conv2/u_calc/stg1_mult_sum_reg[2][2][22]/C
                         clock pessimism              0.322    14.174    
                         clock uncertainty           -0.035    14.139    
    SLICE_X35Y18         FDRE (Setup_fdre_C_D)        0.059    14.198    u_conv2/u_calc/stg1_mult_sum_reg[2][2][22]
  -------------------------------------------------------------------
                         required time                         14.198    
                         arrival time                         -14.596    
  -------------------------------------------------------------------
                         slack                                 -0.398    

Slack (VIOLATED) :        -0.379ns  (required time - arrival time)
  Source:                 u_conv2/u_calc/calc_state_reg[0]_rep_replica_1/C
                            (rising edge-triggered cell FDRE clocked by aclk  {rise@0.000ns fall@5.000ns period=10.000ns})
  Destination:            u_conv2/u_calc/stg1_mult_sum_reg[2][2][20]/D
                            (rising edge-triggered cell FDRE clocked by aclk  {rise@0.000ns fall@5.000ns period=10.000ns})
  Path Group:             aclk
  Path Type:              Setup (Max at Slow Process Corner)
  Requirement:            10.000ns  (aclk rise@10.000ns - aclk rise@0.000ns)
  Data Path Delay:        10.217ns  (logic 5.211ns (51.004%)  route 5.006ns (48.996%))
  Logic Levels:           10  (CARRY4=6 DSP48E1=1 LUT1=1 LUT3=2)
  Clock Path Skew:        -0.186ns (DCD - SCD + CPR)
    Destination Clock Delay (DCD):    3.853ns = ( 13.853 - 10.000 ) 
    Source Clock Delay      (SCD):    4.360ns
    Clock Pessimism Removal (CPR):    0.322ns
  Clock Uncertainty:      0.035ns  ((TSJ^2 + TIJ^2)^1/2 + DJ) / 2 + PE
    Total System Jitter     (TSJ):    0.071ns
    Total Input Jitter      (TIJ):    0.000ns
    Discrete Jitter          (DJ):    0.000ns
    Phase Error              (PE):    0.000ns

    Location             Delay type                Incr(ns)  Path(ns)    Netlist Resource(s)
  -------------------------------------------------------------------    -------------------
                         (clock aclk rise edge)       0.000     0.000 r  
    U7                                                0.000     0.000 r  aclk (IN)
                         net (fo=0)                   0.000     0.000    aclk
    U7                   IBUF (Prop_ibuf_I_O)         0.990     0.990 r  aclk_IBUF_inst/O
                         net (fo=1, routed)           1.843     2.833    aclk_IBUF
    BUFGCTRL_X0Y0        BUFG (Prop_bufg_I_O)         0.085     2.918 r  aclk_IBUF_BUFG_inst/O
                         net (fo=7275, routed)        1.442     4.360    u_conv2/u_calc/aclk_IBUF_BUFG
    SLICE_X63Y23         FDRE                                         r  u_conv2/u_calc/calc_state_reg[0]_rep_replica_1/C
  -------------------------------------------------------------------    -------------------
    SLICE_X63Y23         FDRE (Prop_fdre_C_Q)         0.379     4.739 f  u_conv2/u_calc/calc_state_reg[0]_rep_replica_1/Q
                         net (fo=8, routed)           0.550     5.290    u_conv2/u_calc/calc_state_reg[0]_rep_0_repN_1
    SLICE_X63Y15         LUT1 (Prop_lut1_I0_O)        0.105     5.395 r  u_conv2/u_calc/p_0_out__15_i_1/O
                         net (fo=4, routed)           1.451     6.846    u_conv2/u_calc/p_0_out__15_i_1_n_0
    DSP48_X1Y6           DSP48E1 (Prop_dsp48e1_B[2]_P[5])
                                                      3.076     9.922 r  u_conv2/u_calc/p_0_out__87/P[5]
                         net (fo=3, routed)           1.066    10.988    u_conv2/u_calc/p_0_out__87_n_100
    SLICE_X33Y12         LUT3 (Prop_lut3_I2_O)        0.105    11.093 r  u_conv2/u_calc/stg1_mult_sum[2][2][11]_i_30/O
                         net (fo=1, routed)           0.625    11.718    u_conv2_n_1497
    SLICE_X34Y13         CARRY4 (Prop_carry4_DI[2]_CO[3])
                                                      0.334    12.052 r  u_calc/stg1_mult_sum_reg[2][2][11]_i_12/CO[3]
                         net (fo=1, routed)           0.000    12.052    u_calc/stg1_mult_sum_reg[2][2][11]_i_12_n_0
    SLICE_X34Y14         CARRY4 (Prop_carry4_CI_CO[3])
                                                      0.100    12.152 r  u_calc/stg1_mult_sum_reg[2][2][15]_i_12/CO[3]
                         net (fo=1, routed)           0.000    12.152    u_calc/stg1_mult_sum_reg[2][2][15]_i_12_n_0
    SLICE_X34Y15         CARRY4 (Prop_carry4_CI_CO[3])
                                                      0.100    12.252 r  u_calc/stg1_mult_sum_reg[2][2][19]_i_12/CO[3]
                         net (fo=1, routed)           0.000    12.252    u_calc/stg1_mult_sum_reg[2][2][19]_i_12_n_0
    SLICE_X34Y16         CARRY4 (Prop_carry4_CI_O[1])
                                                      0.257    12.509 r  u_calc/stg1_mult_sum_reg[2][2][23]_i_14/O[1]
                         net (fo=3, routed)           0.634    13.143    u_calc/stg1_mult_sum_reg[2][2][23]_i_14_n_6
    SLICE_X28Y17         LUT3 (Prop_lut3_I2_O)        0.245    13.388 r  u_calc/stg1_mult_sum[2][2][19]_i_3/O
                         net (fo=1, routed)           0.679    14.067    u_calc/stg1_mult_sum[2][2][19]_i_3_n_0
    SLICE_X35Y17         CARRY4 (Prop_carry4_DI[2]_CO[3])
                                                      0.329    14.396 r  u_calc/stg1_mult_sum_reg[2][2][19]_i_1/CO[3]
                         net (fo=1, routed)           0.000    14.396    u_conv2/u_calc/stg1_mult_sum_reg[2][2][23]_0[0]
    SLICE_X35Y18         CARRY4 (Prop_carry4_CI_O[0])
                                                      0.181    14.577 r  u_conv2/u_calc/stg1_mult_sum_reg[2][2][23]_i_1/O[0]
                         net (fo=1, routed)           0.000    14.577    u_conv2/u_calc/stg1_mult_sum_reg[2][2][23]_i_1_n_7
    SLICE_X35Y18         FDRE                                         r  u_conv2/u_calc/stg1_mult_sum_reg[2][2][20]/D
  -------------------------------------------------------------------    -------------------

                         (clock aclk rise edge)      10.000    10.000 r  
    U7                                                0.000    10.000 r  aclk (IN)
                         net (fo=0)                   0.000    10.000    aclk
    U7                   IBUF (Prop_ibuf_I_O)         0.859    10.859 r  aclk_IBUF_inst/O
                         net (fo=1, routed)           1.673    12.532    aclk_IBUF
    BUFGCTRL_X0Y0        BUFG (Prop_bufg_I_O)         0.077    12.609 r  aclk_IBUF_BUFG_inst/O
                         net (fo=7275, routed)        1.244    13.853    u_conv2/u_calc/aclk_IBUF_BUFG
    SLICE_X35Y18         FDRE                                         r  u_conv2/u_calc/stg1_mult_sum_reg[2][2][20]/C
                         clock pessimism              0.322    14.174    
                         clock uncertainty           -0.035    14.139    
    SLICE_X35Y18         FDRE (Setup_fdre_C_D)        0.059    14.198    u_conv2/u_calc/stg1_mult_sum_reg[2][2][20]
  -------------------------------------------------------------------
                         required time                         14.198    
                         arrival time                         -14.577    
  -------------------------------------------------------------------
                         slack                                 -0.379    

Slack (VIOLATED) :        -0.372ns  (required time - arrival time)
  Source:                 u_conv2/u_calc/calc_state_reg[0]_rep__0/C
                            (rising edge-triggered cell FDRE clocked by aclk  {rise@0.000ns fall@5.000ns period=10.000ns})
  Destination:            u_conv2/u_calc/stg1_mult_sum_reg[0][1][23]/D
                            (rising edge-triggered cell FDRE clocked by aclk  {rise@0.000ns fall@5.000ns period=10.000ns})
  Path Group:             aclk
  Path Type:              Setup (Max at Slow Process Corner)
  Requirement:            10.000ns  (aclk rise@10.000ns - aclk rise@0.000ns)
  Data Path Delay:        10.334ns  (logic 5.519ns (53.405%)  route 4.815ns (46.595%))
  Logic Levels:           9  (CARRY4=4 DSP48E1=1 LUT1=1 LUT3=2 LUT4=1)
  Clock Path Skew:        -0.103ns (DCD - SCD + CPR)
    Destination Clock Delay (DCD):    3.959ns = ( 13.959 - 10.000 ) 
    Source Clock Delay      (SCD):    4.371ns
    Clock Pessimism Removal (CPR):    0.310ns
  Clock Uncertainty:      0.035ns  ((TSJ^2 + TIJ^2)^1/2 + DJ) / 2 + PE
    Total System Jitter     (TSJ):    0.071ns
    Total Input Jitter      (TIJ):    0.000ns
    Discrete Jitter          (DJ):    0.000ns
    Phase Error              (PE):    0.000ns

    Location             Delay type                Incr(ns)  Path(ns)    Netlist Resource(s)
  -------------------------------------------------------------------    -------------------
                         (clock aclk rise edge)       0.000     0.000 r  
    U7                                                0.000     0.000 r  aclk (IN)
                         net (fo=0)                   0.000     0.000    aclk
    U7                   IBUF (Prop_ibuf_I_O)         0.990     0.990 r  aclk_IBUF_inst/O
                         net (fo=1, routed)           1.843     2.833    aclk_IBUF
    BUFGCTRL_X0Y0        BUFG (Prop_bufg_I_O)         0.085     2.918 r  aclk_IBUF_BUFG_inst/O
                         net (fo=7275, routed)        1.453     4.371    u_conv2/u_calc/aclk_IBUF_BUFG
    SLICE_X60Y35         FDRE                                         r  u_conv2/u_calc/calc_state_reg[0]_rep__0/C
  -------------------------------------------------------------------    -------------------
    SLICE_X60Y35         FDRE (Prop_fdre_C_Q)         0.379     4.750 f  u_conv2/u_calc/calc_state_reg[0]_rep__0/Q
                         net (fo=13, routed)          0.630     5.380    u_conv2/u_calc_n_23
    SLICE_X61Y45         LUT1 (Prop_lut1_I0_O)        0.105     5.485 r  u_conv2/g1_b7_rep__0_rep/O
                         net (fo=10, routed)          1.392     6.877    u_conv2/u_calc/p_0_out__4_2[0]
    DSP48_X4Y22          DSP48E1 (Prop_dsp48e1_B[2]_P[11])
                                                      3.076     9.953 r  u_conv2/u_calc/p_0_out/P[11]
                         net (fo=2, routed)           0.994    10.947    u_conv2/u_calc/p_0_out_n_94
    SLICE_X99Y52         LUT3 (Prop_lut3_I0_O)        0.123    11.070 r  u_conv2/u_calc/stg1_mult_sum[0][1][19]_i_16/O
                         net (fo=2, routed)           0.668    11.738    u_conv2/u_calc/p_0_out_5[0]
    SLICE_X99Y53         LUT4 (Prop_lut4_I3_O)        0.274    12.012 r  u_conv2/u_calc/stg1_mult_sum[0][1][19]_i_20/O
                         net (fo=1, routed)           0.000    12.012    u_conv2_n_482
    SLICE_X99Y53         CARRY4 (Prop_carry4_S[0]_CO[3])
                                                      0.440    12.452 r  u_calc/stg1_mult_sum_reg[0][1][19]_i_10/CO[3]
                         net (fo=1, routed)           0.000    12.452    u_calc/stg1_mult_sum_reg[0][1][19]_i_10_n_0
    SLICE_X99Y54         CARRY4 (Prop_carry4_CI_O[0])
                                                      0.181    12.633 r  u_calc/stg1_mult_sum_reg[0][1][23]_i_13/O[0]
                         net (fo=3, routed)           0.712    13.345    u_calc/stg1_mult_sum_reg[0][1][23]_i_13_n_7
    SLICE_X98Y54         LUT3 (Prop_lut3_I0_O)        0.249    13.594 r  u_calc/stg1_mult_sum[0][1][19]_i_4/O
                         net (fo=1, routed)           0.420    14.014    u_calc/stg1_mult_sum[0][1][19]_i_4_n_0
    SLICE_X98Y52         CARRY4 (Prop_carry4_DI[1]_CO[3])
                                                      0.430    14.444 r  u_calc/stg1_mult_sum_reg[0][1][19]_i_1/CO[3]
                         net (fo=1, routed)           0.000    14.444    u_conv2/u_calc/stg1_mult_sum_reg[0][1][23]_0[0]
    SLICE_X98Y53         CARRY4 (Prop_carry4_CI_O[3])
                                                      0.262    14.706 r  u_conv2/u_calc/stg1_mult_sum_reg[0][1][23]_i_2/O[3]
                         net (fo=1, routed)           0.000    14.706    u_conv2/u_calc/stg1_mult_sum_reg[0][1][23]_i_2_n_4
    SLICE_X98Y53         FDRE                                         r  u_conv2/u_calc/stg1_mult_sum_reg[0][1][23]/D
  -------------------------------------------------------------------    -------------------

                         (clock aclk rise edge)      10.000    10.000 r  
    U7                                                0.000    10.000 r  aclk (IN)
                         net (fo=0)                   0.000    10.000    aclk
    U7                   IBUF (Prop_ibuf_I_O)         0.859    10.859 r  aclk_IBUF_inst/O
                         net (fo=1, routed)           1.673    12.532    aclk_IBUF
    BUFGCTRL_X0Y0        BUFG (Prop_bufg_I_O)         0.077    12.609 r  aclk_IBUF_BUFG_inst/O
                         net (fo=7275, routed)        1.350    13.959    u_conv2/u_calc/aclk_IBUF_BUFG
    SLICE_X98Y53         FDRE                                         r  u_conv2/u_calc/stg1_mult_sum_reg[0][1][23]/C
                         clock pessimism              0.310    14.269    
                         clock uncertainty           -0.035    14.233    
    SLICE_X98Y53         FDRE (Setup_fdre_C_D)        0.101    14.334    u_conv2/u_calc/stg1_mult_sum_reg[0][1][23]
  -------------------------------------------------------------------
                         required time                         14.334    
                         arrival time                         -14.706    
  -------------------------------------------------------------------
                         slack                                 -0.372    

Slack (VIOLATED) :        -0.371ns  (required time - arrival time)
  Source:                 u_conv2/u_calc/calc_state_reg[0]_rep__0/C
                            (rising edge-triggered cell FDRE clocked by aclk  {rise@0.000ns fall@5.000ns period=10.000ns})
  Destination:            u_conv2/u_calc/stg1_mult_sum_reg[3][3][21]/D
                            (rising edge-triggered cell FDRE clocked by aclk  {rise@0.000ns fall@5.000ns period=10.000ns})
  Path Group:             aclk
  Path Type:              Setup (Max at Slow Process Corner)
  Requirement:            10.000ns  (aclk rise@10.000ns - aclk rise@0.000ns)
  Data Path Delay:        10.267ns  (logic 5.609ns (54.630%)  route 4.658ns (45.370%))
  Logic Levels:           10  (CARRY4=5 DSP48E1=1 LUT1=1 LUT3=2 LUT4=1)
  Clock Path Skew:        -0.127ns (DCD - SCD + CPR)
    Destination Clock Delay (DCD):    3.923ns = ( 13.923 - 10.000 ) 
    Source Clock Delay      (SCD):    4.371ns
    Clock Pessimism Removal (CPR):    0.322ns
  Clock Uncertainty:      0.035ns  ((TSJ^2 + TIJ^2)^1/2 + DJ) / 2 + PE
    Total System Jitter     (TSJ):    0.071ns
    Total Input Jitter      (TIJ):    0.000ns
    Discrete Jitter          (DJ):    0.000ns
    Phase Error              (PE):    0.000ns

    Location             Delay type                Incr(ns)  Path(ns)    Netlist Resource(s)
  -------------------------------------------------------------------    -------------------
                         (clock aclk rise edge)       0.000     0.000 r  
    U7                                                0.000     0.000 r  aclk (IN)
                         net (fo=0)                   0.000     0.000    aclk
    U7                   IBUF (Prop_ibuf_I_O)         0.990     0.990 r  aclk_IBUF_inst/O
                         net (fo=1, routed)           1.843     2.833    aclk_IBUF
    BUFGCTRL_X0Y0        BUFG (Prop_bufg_I_O)         0.085     2.918 r  aclk_IBUF_BUFG_inst/O
                         net (fo=7275, routed)        1.453     4.371    u_conv2/u_calc/aclk_IBUF_BUFG
    SLICE_X60Y35         FDRE                                         r  u_conv2/u_calc/calc_state_reg[0]_rep__0/C
  -------------------------------------------------------------------    -------------------
    SLICE_X60Y35         FDRE (Prop_fdre_C_Q)         0.379     4.750 f  u_conv2/u_calc/calc_state_reg[0]_rep__0/Q
                         net (fo=13, routed)          0.435     5.186    u_conv2/u_calc_n_23
    SLICE_X61Y32         LUT1 (Prop_lut1_I0_O)        0.105     5.291 r  u_conv2/g1_b7_rep__10/O
                         net (fo=7, routed)           1.722     7.012    u_conv2/u_calc/p_0_out__126_0[0]
    DSP48_X0Y8           DSP48E1 (Prop_dsp48e1_B[0]_P[7])
                                                      3.076    10.088 r  u_conv2/u_calc/p_0_out__125/P[7]
                         net (fo=2, routed)           0.875    10.964    u_conv2/u_calc/p_0_out__125_n_98
    SLICE_X15Y17         LUT3 (Prop_lut3_I1_O)        0.124    11.088 r  u_conv2/u_calc/stg1_mult_sum[3][3][15]_i_16/O
                         net (fo=2, routed)           0.668    11.756    u_conv2/u_calc/p_0_out__127_4[0]
    SLICE_X15Y18         LUT4 (Prop_lut4_I3_O)        0.274    12.030 r  u_conv2/u_calc/stg1_mult_sum[3][3][15]_i_20/O
                         net (fo=1, routed)           0.000    12.030    u_conv2_n_2197
    SLICE_X15Y18         CARRY4 (Prop_carry4_S[0]_CO[3])
                                                      0.440    12.470 r  u_calc/stg1_mult_sum_reg[3][3][15]_i_10/CO[3]
                         net (fo=1, routed)           0.000    12.470    u_calc/stg1_mult_sum_reg[3][3][15]_i_10_n_0
    SLICE_X15Y19         CARRY4 (Prop_carry4_CI_O[0])
                                                      0.181    12.651 r  u_calc/stg1_mult_sum_reg[3][3][19]_i_10/O[0]
                         net (fo=3, routed)           0.690    13.341    u_calc/stg1_mult_sum_reg[3][3][19]_i_10_n_7
    SLICE_X14Y20         LUT3 (Prop_lut3_I0_O)        0.249    13.590 r  u_calc/stg1_mult_sum[3][3][15]_i_4/O
                         net (fo=1, routed)           0.268    13.858    u_calc/stg1_mult_sum[3][3][15]_i_4_n_0
    SLICE_X17Y20         CARRY4 (Prop_carry4_DI[1]_CO[3])
                                                      0.418    14.276 r  u_calc/stg1_mult_sum_reg[3][3][15]_i_1/CO[3]
                         net (fo=1, routed)           0.000    14.276    u_calc/stg1_mult_sum_reg[3][3][15]_i_1_n_0
    SLICE_X17Y21         CARRY4 (Prop_carry4_CI_CO[3])
                                                      0.098    14.374 r  u_calc/stg1_mult_sum_reg[3][3][19]_i_1/CO[3]
                         net (fo=1, routed)           0.000    14.374    u_conv2/u_calc/stg1_mult_sum_reg[3][3][23]_0[0]
    SLICE_X17Y22         CARRY4 (Prop_carry4_CI_O[1])
                                                      0.265    14.639 r  u_conv2/u_calc/stg1_mult_sum_reg[3][3][23]_i_1/O[1]
                         net (fo=1, routed)           0.000    14.639    u_conv2/u_calc/stg1_mult_sum_reg[3][3][23]_i_1_n_6
    SLICE_X17Y22         FDRE                                         r  u_conv2/u_calc/stg1_mult_sum_reg[3][3][21]/D
  -------------------------------------------------------------------    -------------------

                         (clock aclk rise edge)      10.000    10.000 r  
    U7                                                0.000    10.000 r  aclk (IN)
                         net (fo=0)                   0.000    10.000    aclk
    U7                   IBUF (Prop_ibuf_I_O)         0.859    10.859 r  aclk_IBUF_inst/O
                         net (fo=1, routed)           1.673    12.532    aclk_IBUF
    BUFGCTRL_X0Y0        BUFG (Prop_bufg_I_O)         0.077    12.609 r  aclk_IBUF_BUFG_inst/O
                         net (fo=7275, routed)        1.314    13.923    u_conv2/u_calc/aclk_IBUF_BUFG
    SLICE_X17Y22         FDRE                                         r  u_conv2/u_calc/stg1_mult_sum_reg[3][3][21]/C
                         clock pessimism              0.322    14.244    
                         clock uncertainty           -0.035    14.209    
    SLICE_X17Y22         FDRE (Setup_fdre_C_D)        0.059    14.268    u_conv2/u_calc/stg1_mult_sum_reg[3][3][21]
  -------------------------------------------------------------------
                         required time                         14.268    
                         arrival time                         -14.639    
  -------------------------------------------------------------------
                         slack                                 -0.371    

Slack (VIOLATED) :        -0.367ns  (required time - arrival time)
  Source:                 u_conv2/u_calc/calc_state_reg[0]_rep__0/C
                            (rising edge-triggered cell FDRE clocked by aclk  {rise@0.000ns fall@5.000ns period=10.000ns})
  Destination:            u_conv2/u_calc/stg1_mult_sum_reg[0][1][21]/D
                            (rising edge-triggered cell FDRE clocked by aclk  {rise@0.000ns fall@5.000ns period=10.000ns})
  Path Group:             aclk
  Path Type:              Setup (Max at Slow Process Corner)
  Requirement:            10.000ns  (aclk rise@10.000ns - aclk rise@0.000ns)
  Data Path Delay:        10.329ns  (logic 5.514ns (53.382%)  route 4.815ns (46.618%))
  Logic Levels:           9  (CARRY4=4 DSP48E1=1 LUT1=1 LUT3=2 LUT4=1)
  Clock Path Skew:        -0.103ns (DCD - SCD + CPR)
    Destination Clock Delay (DCD):    3.959ns = ( 13.959 - 10.000 ) 
    Source Clock Delay      (SCD):    4.371ns
    Clock Pessimism Removal (CPR):    0.310ns
  Clock Uncertainty:      0.035ns  ((TSJ^2 + TIJ^2)^1/2 + DJ) / 2 + PE
    Total System Jitter     (TSJ):    0.071ns
    Total Input Jitter      (TIJ):    0.000ns
    Discrete Jitter          (DJ):    0.000ns
    Phase Error              (PE):    0.000ns

    Location             Delay type                Incr(ns)  Path(ns)    Netlist Resource(s)
  -------------------------------------------------------------------    -------------------
                         (clock aclk rise edge)       0.000     0.000 r  
    U7                                                0.000     0.000 r  aclk (IN)
                         net (fo=0)                   0.000     0.000    aclk
    U7                   IBUF (Prop_ibuf_I_O)         0.990     0.990 r  aclk_IBUF_inst/O
                         net (fo=1, routed)           1.843     2.833    aclk_IBUF
    BUFGCTRL_X0Y0        BUFG (Prop_bufg_I_O)         0.085     2.918 r  aclk_IBUF_BUFG_inst/O
                         net (fo=7275, routed)        1.453     4.371    u_conv2/u_calc/aclk_IBUF_BUFG
    SLICE_X60Y35         FDRE                                         r  u_conv2/u_calc/calc_state_reg[0]_rep__0/C
  -------------------------------------------------------------------    -------------------
    SLICE_X60Y35         FDRE (Prop_fdre_C_Q)         0.379     4.750 f  u_conv2/u_calc/calc_state_reg[0]_rep__0/Q
                         net (fo=13, routed)          0.630     5.380    u_conv2/u_calc_n_23
    SLICE_X61Y45         LUT1 (Prop_lut1_I0_O)        0.105     5.485 r  u_conv2/g1_b7_rep__0_rep/O
                         net (fo=10, routed)          1.392     6.877    u_conv2/u_calc/p_0_out__4_2[0]
    DSP48_X4Y22          DSP48E1 (Prop_dsp48e1_B[2]_P[11])
                                                      3.076     9.953 r  u_conv2/u_calc/p_0_out/P[11]
                         net (fo=2, routed)           0.994    10.947    u_conv2/u_calc/p_0_out_n_94
    SLICE_X99Y52         LUT3 (Prop_lut3_I0_O)        0.123    11.070 r  u_conv2/u_calc/stg1_mult_sum[0][1][19]_i_16/O
                         net (fo=2, routed)           0.668    11.738    u_conv2/u_calc/p_0_out_5[0]
    SLICE_X99Y53         LUT4 (Prop_lut4_I3_O)        0.274    12.012 r  u_conv2/u_calc/stg1_mult_sum[0][1][19]_i_20/O
                         net (fo=1, routed)           0.000    12.012    u_conv2_n_482
    SLICE_X99Y53         CARRY4 (Prop_carry4_S[0]_CO[3])
                                                      0.440    12.452 r  u_calc/stg1_mult_sum_reg[0][1][19]_i_10/CO[3]
                         net (fo=1, routed)           0.000    12.452    u_calc/stg1_mult_sum_reg[0][1][19]_i_10_n_0
    SLICE_X99Y54         CARRY4 (Prop_carry4_CI_O[0])
                                                      0.181    12.633 r  u_calc/stg1_mult_sum_reg[0][1][23]_i_13/O[0]
                         net (fo=3, routed)           0.712    13.345    u_calc/stg1_mult_sum_reg[0][1][23]_i_13_n_7
    SLICE_X98Y54         LUT3 (Prop_lut3_I0_O)        0.249    13.594 r  u_calc/stg1_mult_sum[0][1][19]_i_4/O
                         net (fo=1, routed)           0.420    14.014    u_calc/stg1_mult_sum[0][1][19]_i_4_n_0
    SLICE_X98Y52         CARRY4 (Prop_carry4_DI[1]_CO[3])
                                                      0.430    14.444 r  u_calc/stg1_mult_sum_reg[0][1][19]_i_1/CO[3]
                         net (fo=1, routed)           0.000    14.444    u_conv2/u_calc/stg1_mult_sum_reg[0][1][23]_0[0]
    SLICE_X98Y53         CARRY4 (Prop_carry4_CI_O[1])
                                                      0.257    14.701 r  u_conv2/u_calc/stg1_mult_sum_reg[0][1][23]_i_2/O[1]
                         net (fo=1, routed)           0.000    14.701    u_conv2/u_calc/stg1_mult_sum_reg[0][1][23]_i_2_n_6
    SLICE_X98Y53         FDRE                                         r  u_conv2/u_calc/stg1_mult_sum_reg[0][1][21]/D
  -------------------------------------------------------------------    -------------------

                         (clock aclk rise edge)      10.000    10.000 r  
    U7                                                0.000    10.000 r  aclk (IN)
                         net (fo=0)                   0.000    10.000    aclk
    U7                   IBUF (Prop_ibuf_I_O)         0.859    10.859 r  aclk_IBUF_inst/O
                         net (fo=1, routed)           1.673    12.532    aclk_IBUF
    BUFGCTRL_X0Y0        BUFG (Prop_bufg_I_O)         0.077    12.609 r  aclk_IBUF_BUFG_inst/O
                         net (fo=7275, routed)        1.350    13.959    u_conv2/u_calc/aclk_IBUF_BUFG
    SLICE_X98Y53         FDRE                                         r  u_conv2/u_calc/stg1_mult_sum_reg[0][1][21]/C
                         clock pessimism              0.310    14.269    
                         clock uncertainty           -0.035    14.233    
    SLICE_X98Y53         FDRE (Setup_fdre_C_D)        0.101    14.334    u_conv2/u_calc/stg1_mult_sum_reg[0][1][21]
  -------------------------------------------------------------------
                         required time                         14.334    
                         arrival time                         -14.701    
  -------------------------------------------------------------------
                         slack                                 -0.367    

Slack (VIOLATED) :        -0.366ns  (required time - arrival time)
  Source:                 u_conv2/u_calc/calc_state_reg[0]_rep__0/C
                            (rising edge-triggered cell FDRE clocked by aclk  {rise@0.000ns fall@5.000ns period=10.000ns})
  Destination:            u_conv2/u_calc/stg1_mult_sum_reg[3][3][23]/D
                            (rising edge-triggered cell FDRE clocked by aclk  {rise@0.000ns fall@5.000ns period=10.000ns})
  Path Group:             aclk
  Path Type:              Setup (Max at Slow Process Corner)
  Requirement:            10.000ns  (aclk rise@10.000ns - aclk rise@0.000ns)
  Data Path Delay:        10.262ns  (logic 5.604ns (54.608%)  route 4.658ns (45.392%))
  Logic Levels:           10  (CARRY4=5 DSP48E1=1 LUT1=1 LUT3=2 LUT4=1)
  Clock Path Skew:        -0.127ns (DCD - SCD + CPR)
    Destination Clock Delay (DCD):    3.923ns = ( 13.923 - 10.000 ) 
    Source Clock Delay      (SCD):    4.371ns
    Clock Pessimism Removal (CPR):    0.322ns
  Clock Uncertainty:      0.035ns  ((TSJ^2 + TIJ^2)^1/2 + DJ) / 2 + PE
    Total System Jitter     (TSJ):    0.071ns
    Total Input Jitter      (TIJ):    0.000ns
    Discrete Jitter          (DJ):    0.000ns
    Phase Error              (PE):    0.000ns

    Location             Delay type                Incr(ns)  Path(ns)    Netlist Resource(s)
  -------------------------------------------------------------------    -------------------
                         (clock aclk rise edge)       0.000     0.000 r  
    U7                                                0.000     0.000 r  aclk (IN)
                         net (fo=0)                   0.000     0.000    aclk
    U7                   IBUF (Prop_ibuf_I_O)         0.990     0.990 r  aclk_IBUF_inst/O
                         net (fo=1, routed)           1.843     2.833    aclk_IBUF
    BUFGCTRL_X0Y0        BUFG (Prop_bufg_I_O)         0.085     2.918 r  aclk_IBUF_BUFG_inst/O
                         net (fo=7275, routed)        1.453     4.371    u_conv2/u_calc/aclk_IBUF_BUFG
    SLICE_X60Y35         FDRE                                         r  u_conv2/u_calc/calc_state_reg[0]_rep__0/C
  -------------------------------------------------------------------    -------------------
    SLICE_X60Y35         FDRE (Prop_fdre_C_Q)         0.379     4.750 f  u_conv2/u_calc/calc_state_reg[0]_rep__0/Q
                         net (fo=13, routed)          0.435     5.186    u_conv2/u_calc_n_23
    SLICE_X61Y32         LUT1 (Prop_lut1_I0_O)        0.105     5.291 r  u_conv2/g1_b7_rep__10/O
                         net (fo=7, routed)           1.722     7.012    u_conv2/u_calc/p_0_out__126_0[0]
    DSP48_X0Y8           DSP48E1 (Prop_dsp48e1_B[0]_P[7])
                                                      3.076    10.088 r  u_conv2/u_calc/p_0_out__125/P[7]
                         net (fo=2, routed)           0.875    10.964    u_conv2/u_calc/p_0_out__125_n_98
    SLICE_X15Y17         LUT3 (Prop_lut3_I1_O)        0.124    11.088 r  u_conv2/u_calc/stg1_mult_sum[3][3][15]_i_16/O
                         net (fo=2, routed)           0.668    11.756    u_conv2/u_calc/p_0_out__127_4[0]
    SLICE_X15Y18         LUT4 (Prop_lut4_I3_O)        0.274    12.030 r  u_conv2/u_calc/stg1_mult_sum[3][3][15]_i_20/O
                         net (fo=1, routed)           0.000    12.030    u_conv2_n_2197
    SLICE_X15Y18         CARRY4 (Prop_carry4_S[0]_CO[3])
                                                      0.440    12.470 r  u_calc/stg1_mult_sum_reg[3][3][15]_i_10/CO[3]
                         net (fo=1, routed)           0.000    12.470    u_calc/stg1_mult_sum_reg[3][3][15]_i_10_n_0
    SLICE_X15Y19         CARRY4 (Prop_carry4_CI_O[0])
                                                      0.181    12.651 r  u_calc/stg1_mult_sum_reg[3][3][19]_i_10/O[0]
                         net (fo=3, routed)           0.690    13.341    u_calc/stg1_mult_sum_reg[3][3][19]_i_10_n_7
    SLICE_X14Y20         LUT3 (Prop_lut3_I0_O)        0.249    13.590 r  u_calc/stg1_mult_sum[3][3][15]_i_4/O
                         net (fo=1, routed)           0.268    13.858    u_calc/stg1_mult_sum[3][3][15]_i_4_n_0
    SLICE_X17Y20         CARRY4 (Prop_carry4_DI[1]_CO[3])
                                                      0.418    14.276 r  u_calc/stg1_mult_sum_reg[3][3][15]_i_1/CO[3]
                         net (fo=1, routed)           0.000    14.276    u_calc/stg1_mult_sum_reg[3][3][15]_i_1_n_0
    SLICE_X17Y21         CARRY4 (Prop_carry4_CI_CO[3])
                                                      0.098    14.374 r  u_calc/stg1_mult_sum_reg[3][3][19]_i_1/CO[3]
                         net (fo=1, routed)           0.000    14.374    u_conv2/u_calc/stg1_mult_sum_reg[3][3][23]_0[0]
    SLICE_X17Y22         CARRY4 (Prop_carry4_CI_O[3])
                                                      0.260    14.634 r  u_conv2/u_calc/stg1_mult_sum_reg[3][3][23]_i_1/O[3]
                         net (fo=1, routed)           0.000    14.634    u_conv2/u_calc/stg1_mult_sum_reg[3][3][23]_i_1_n_4
    SLICE_X17Y22         FDRE                                         r  u_conv2/u_calc/stg1_mult_sum_reg[3][3][23]/D
  -------------------------------------------------------------------    -------------------

                         (clock aclk rise edge)      10.000    10.000 r  
    U7                                                0.000    10.000 r  aclk (IN)
                         net (fo=0)                   0.000    10.000    aclk
    U7                   IBUF (Prop_ibuf_I_O)         0.859    10.859 r  aclk_IBUF_inst/O
                         net (fo=1, routed)           1.673    12.532    aclk_IBUF
    BUFGCTRL_X0Y0        BUFG (Prop_bufg_I_O)         0.077    12.609 r  aclk_IBUF_BUFG_inst/O
                         net (fo=7275, routed)        1.314    13.923    u_conv2/u_calc/aclk_IBUF_BUFG
    SLICE_X17Y22         FDRE                                         r  u_conv2/u_calc/stg1_mult_sum_reg[3][3][23]/C
                         clock pessimism              0.322    14.244    
                         clock uncertainty           -0.035    14.209    
    SLICE_X17Y22         FDRE (Setup_fdre_C_D)        0.059    14.268    u_conv2/u_calc/stg1_mult_sum_reg[3][3][23]
  -------------------------------------------------------------------
                         required time                         14.268    
                         arrival time                         -14.634    
  -------------------------------------------------------------------
                         slack                                 -0.366    

Slack (VIOLATED) :        -0.339ns  (required time - arrival time)
  Source:                 u_conv2/u_calc/calc_state_reg[0]_rep__0/C
                            (rising edge-triggered cell FDRE clocked by aclk  {rise@0.000ns fall@5.000ns period=10.000ns})
  Destination:            u_conv2/u_calc/stg1_mult_sum_reg[3][2][21]/D
                            (rising edge-triggered cell FDRE clocked by aclk  {rise@0.000ns fall@5.000ns period=10.000ns})
  Path Group:             aclk
  Path Type:              Setup (Max at Slow Process Corner)
  Requirement:            10.000ns  (aclk rise@10.000ns - aclk rise@0.000ns)
  Data Path Delay:        10.361ns  (logic 5.591ns (53.962%)  route 4.770ns (46.038%))
  Logic Levels:           12  (CARRY4=7 DSP48E1=1 LUT1=1 LUT3=2 LUT4=1)
  Clock Path Skew:        -0.002ns (DCD - SCD + CPR)
    Destination Clock Delay (DCD):    3.964ns = ( 13.964 - 10.000 ) 
    Source Clock Delay      (SCD):    4.371ns
    Clock Pessimism Removal (CPR):    0.406ns
  Clock Uncertainty:      0.035ns  ((TSJ^2 + TIJ^2)^1/2 + DJ) / 2 + PE
    Total System Jitter     (TSJ):    0.071ns
    Total Input Jitter      (TIJ):    0.000ns
    Discrete Jitter          (DJ):    0.000ns
    Phase Error              (PE):    0.000ns

    Location             Delay type                Incr(ns)  Path(ns)    Netlist Resource(s)
  -------------------------------------------------------------------    -------------------
                         (clock aclk rise edge)       0.000     0.000 r  
    U7                                                0.000     0.000 r  aclk (IN)
                         net (fo=0)                   0.000     0.000    aclk
    U7                   IBUF (Prop_ibuf_I_O)         0.990     0.990 r  aclk_IBUF_inst/O
                         net (fo=1, routed)           1.843     2.833    aclk_IBUF
    BUFGCTRL_X0Y0        BUFG (Prop_bufg_I_O)         0.085     2.918 r  aclk_IBUF_BUFG_inst/O
                         net (fo=7275, routed)        1.453     4.371    u_conv2/u_calc/aclk_IBUF_BUFG
    SLICE_X60Y35         FDRE                                         r  u_conv2/u_calc/calc_state_reg[0]_rep__0/C
  -------------------------------------------------------------------    -------------------
    SLICE_X60Y35         FDRE (Prop_fdre_C_Q)         0.379     4.750 f  u_conv2/u_calc/calc_state_reg[0]_rep__0/Q
                         net (fo=13, routed)          0.208     4.958    u_conv2/u_calc_n_23
    SLICE_X61Y35         LUT1 (Prop_lut1_I0_O)        0.105     5.063 r  u_conv2/g1_b7_rep_rep__7/O
                         net (fo=9, routed)           1.461     6.524    u_conv2/u_calc/p_0_out__120_1[0]
    DSP48_X4Y13          DSP48E1 (Prop_dsp48e1_B[6]_P[2])
                                                      3.076     9.600 r  u_conv2/u_calc/p_0_out__120/P[2]
                         net (fo=2, routed)           1.059    10.659    u_conv2/u_calc/p_0_out__120_n_103
    SLICE_X102Y20        LUT3 (Prop_lut3_I1_O)        0.127    10.786 r  u_conv2/u_calc/stg1_mult_sum[3][2][7]_i_19/O
                         net (fo=2, routed)           0.581    11.367    u_conv2/u_calc/p_0_out__119_1[2]
    SLICE_X102Y20        LUT4 (Prop_lut4_I3_O)        0.268    11.635 r  u_conv2/u_calc/stg1_mult_sum[3][2][7]_i_22/O
                         net (fo=1, routed)           0.000    11.635    u_conv2_n_2033
    SLICE_X102Y20        CARRY4 (Prop_carry4_S[3]_CO[3])
                                                      0.314    11.949 r  u_calc/stg1_mult_sum_reg[3][2][7]_i_11/CO[3]
                         net (fo=1, routed)           0.000    11.949    u_calc/stg1_mult_sum_reg[3][2][7]_i_11_n_0
    SLICE_X102Y21        CARRY4 (Prop_carry4_CI_CO[3])
                                                      0.100    12.049 r  u_calc/stg1_mult_sum_reg[3][2][11]_i_11/CO[3]
                         net (fo=1, routed)           0.000    12.049    u_calc/stg1_mult_sum_reg[3][2][11]_i_11_n_0
    SLICE_X102Y22        CARRY4 (Prop_carry4_CI_O[2])
                                                      0.199    12.248 r  u_calc/stg1_mult_sum_reg[3][2][15]_i_11/O[2]
                         net (fo=3, routed)           0.780    13.028    u_calc/stg1_mult_sum_reg[3][2][15]_i_11_n_5
    SLICE_X103Y12        LUT3 (Prop_lut3_I1_O)        0.244    13.272 r  u_calc/stg1_mult_sum[3][2][11]_i_2/O
                         net (fo=1, routed)           0.681    13.953    u_calc/stg1_mult_sum[3][2][11]_i_2_n_0
    SLICE_X101Y16        CARRY4 (Prop_carry4_DI[3]_CO[3])
                                                      0.318    14.271 r  u_calc/stg1_mult_sum_reg[3][2][11]_i_1/CO[3]
                         net (fo=1, routed)           0.000    14.271    u_calc/stg1_mult_sum_reg[3][2][11]_i_1_n_0
    SLICE_X101Y17        CARRY4 (Prop_carry4_CI_CO[3])
                                                      0.098    14.369 r  u_calc/stg1_mult_sum_reg[3][2][15]_i_1/CO[3]
                         net (fo=1, routed)           0.000    14.369    u_calc/stg1_mult_sum_reg[3][2][15]_i_1_n_0
    SLICE_X101Y18        CARRY4 (Prop_carry4_CI_CO[3])
                                                      0.098    14.467 r  u_calc/stg1_mult_sum_reg[3][2][19]_i_1/CO[3]
                         net (fo=1, routed)           0.000    14.467    u_conv2/u_calc/stg1_mult_sum_reg[3][2][23]_0[0]
    SLICE_X101Y19        CARRY4 (Prop_carry4_CI_O[1])
                                                      0.265    14.732 r  u_conv2/u_calc/stg1_mult_sum_reg[3][2][23]_i_1/O[1]
                         net (fo=1, routed)           0.000    14.732    u_conv2/u_calc/stg1_mult_sum_reg[3][2][23]_i_1_n_6
    SLICE_X101Y19        FDRE                                         r  u_conv2/u_calc/stg1_mult_sum_reg[3][2][21]/D
  -------------------------------------------------------------------    -------------------

                         (clock aclk rise edge)      10.000    10.000 r  
    U7                                                0.000    10.000 r  aclk (IN)
                         net (fo=0)                   0.000    10.000    aclk
    U7                   IBUF (Prop_ibuf_I_O)         0.859    10.859 r  aclk_IBUF_inst/O
                         net (fo=1, routed)           1.673    12.532    aclk_IBUF
    BUFGCTRL_X0Y0        BUFG (Prop_bufg_I_O)         0.077    12.609 r  aclk_IBUF_BUFG_inst/O
                         net (fo=7275, routed)        1.355    13.964    u_conv2/u_calc/aclk_IBUF_BUFG
    SLICE_X101Y19        FDRE                                         r  u_conv2/u_calc/stg1_mult_sum_reg[3][2][21]/C
                         clock pessimism              0.406    14.369    
                         clock uncertainty           -0.035    14.334    
    SLICE_X101Y19        FDRE (Setup_fdre_C_D)        0.059    14.393    u_conv2/u_calc/stg1_mult_sum_reg[3][2][21]
  -------------------------------------------------------------------
                         required time                         14.393    
                         arrival time                         -14.732    
  -------------------------------------------------------------------
                         slack                                 -0.339    

Slack (VIOLATED) :        -0.334ns  (required time - arrival time)
  Source:                 u_conv2/u_calc/calc_state_reg[0]_rep__0/C
                            (rising edge-triggered cell FDRE clocked by aclk  {rise@0.000ns fall@5.000ns period=10.000ns})
  Destination:            u_conv2/u_calc/stg1_mult_sum_reg[3][2][23]/D
                            (rising edge-triggered cell FDRE clocked by aclk  {rise@0.000ns fall@5.000ns period=10.000ns})
  Path Group:             aclk
  Path Type:              Setup (Max at Slow Process Corner)
  Requirement:            10.000ns  (aclk rise@10.000ns - aclk rise@0.000ns)
  Data Path Delay:        10.356ns  (logic 5.586ns (53.940%)  route 4.770ns (46.060%))
  Logic Levels:           12  (CARRY4=7 DSP48E1=1 LUT1=1 LUT3=2 LUT4=1)
  Clock Path Skew:        -0.002ns (DCD - SCD + CPR)
    Destination Clock Delay (DCD):    3.964ns = ( 13.964 - 10.000 ) 
    Source Clock Delay      (SCD):    4.371ns
    Clock Pessimism Removal (CPR):    0.406ns
  Clock Uncertainty:      0.035ns  ((TSJ^2 + TIJ^2)^1/2 + DJ) / 2 + PE
    Total System Jitter     (TSJ):    0.071ns
    Total Input Jitter      (TIJ):    0.000ns
    Discrete Jitter          (DJ):    0.000ns
    Phase Error              (PE):    0.000ns

    Location             Delay type                Incr(ns)  Path(ns)    Netlist Resource(s)
  -------------------------------------------------------------------    -------------------
                         (clock aclk rise edge)       0.000     0.000 r  
    U7                                                0.000     0.000 r  aclk (IN)
                         net (fo=0)                   0.000     0.000    aclk
    U7                   IBUF (Prop_ibuf_I_O)         0.990     0.990 r  aclk_IBUF_inst/O
                         net (fo=1, routed)           1.843     2.833    aclk_IBUF
    BUFGCTRL_X0Y0        BUFG (Prop_bufg_I_O)         0.085     2.918 r  aclk_IBUF_BUFG_inst/O
                         net (fo=7275, routed)        1.453     4.371    u_conv2/u_calc/aclk_IBUF_BUFG
    SLICE_X60Y35         FDRE                                         r  u_conv2/u_calc/calc_state_reg[0]_rep__0/C
  -------------------------------------------------------------------    -------------------
    SLICE_X60Y35         FDRE (Prop_fdre_C_Q)         0.379     4.750 f  u_conv2/u_calc/calc_state_reg[0]_rep__0/Q
                         net (fo=13, routed)          0.208     4.958    u_conv2/u_calc_n_23
    SLICE_X61Y35         LUT1 (Prop_lut1_I0_O)        0.105     5.063 r  u_conv2/g1_b7_rep_rep__7/O
                         net (fo=9, routed)           1.461     6.524    u_conv2/u_calc/p_0_out__120_1[0]
    DSP48_X4Y13          DSP48E1 (Prop_dsp48e1_B[6]_P[2])
                                                      3.076     9.600 r  u_conv2/u_calc/p_0_out__120/P[2]
                         net (fo=2, routed)           1.059    10.659    u_conv2/u_calc/p_0_out__120_n_103
    SLICE_X102Y20        LUT3 (Prop_lut3_I1_O)        0.127    10.786 r  u_conv2/u_calc/stg1_mult_sum[3][2][7]_i_19/O
                         net (fo=2, routed)           0.581    11.367    u_conv2/u_calc/p_0_out__119_1[2]
    SLICE_X102Y20        LUT4 (Prop_lut4_I3_O)        0.268    11.635 r  u_conv2/u_calc/stg1_mult_sum[3][2][7]_i_22/O
                         net (fo=1, routed)           0.000    11.635    u_conv2_n_2033
    SLICE_X102Y20        CARRY4 (Prop_carry4_S[3]_CO[3])
                                                      0.314    11.949 r  u_calc/stg1_mult_sum_reg[3][2][7]_i_11/CO[3]
                         net (fo=1, routed)           0.000    11.949    u_calc/stg1_mult_sum_reg[3][2][7]_i_11_n_0
    SLICE_X102Y21        CARRY4 (Prop_carry4_CI_CO[3])
                                                      0.100    12.049 r  u_calc/stg1_mult_sum_reg[3][2][11]_i_11/CO[3]
                         net (fo=1, routed)           0.000    12.049    u_calc/stg1_mult_sum_reg[3][2][11]_i_11_n_0
    SLICE_X102Y22        CARRY4 (Prop_carry4_CI_O[2])
                                                      0.199    12.248 r  u_calc/stg1_mult_sum_reg[3][2][15]_i_11/O[2]
                         net (fo=3, routed)           0.780    13.028    u_calc/stg1_mult_sum_reg[3][2][15]_i_11_n_5
    SLICE_X103Y12        LUT3 (Prop_lut3_I1_O)        0.244    13.272 r  u_calc/stg1_mult_sum[3][2][11]_i_2/O
                         net (fo=1, routed)           0.681    13.953    u_calc/stg1_mult_sum[3][2][11]_i_2_n_0
    SLICE_X101Y16        CARRY4 (Prop_carry4_DI[3]_CO[3])
                                                      0.318    14.271 r  u_calc/stg1_mult_sum_reg[3][2][11]_i_1/CO[3]
                         net (fo=1, routed)           0.000    14.271    u_calc/stg1_mult_sum_reg[3][2][11]_i_1_n_0
    SLICE_X101Y17        CARRY4 (Prop_carry4_CI_CO[3])
                                                      0.098    14.369 r  u_calc/stg1_mult_sum_reg[3][2][15]_i_1/CO[3]
                         net (fo=1, routed)           0.000    14.369    u_calc/stg1_mult_sum_reg[3][2][15]_i_1_n_0
    SLICE_X101Y18        CARRY4 (Prop_carry4_CI_CO[3])
                                                      0.098    14.467 r  u_calc/stg1_mult_sum_reg[3][2][19]_i_1/CO[3]
                         net (fo=1, routed)           0.000    14.467    u_conv2/u_calc/stg1_mult_sum_reg[3][2][23]_0[0]
    SLICE_X101Y19        CARRY4 (Prop_carry4_CI_O[3])
                                                      0.260    14.727 r  u_conv2/u_calc/stg1_mult_sum_reg[3][2][23]_i_1/O[3]
                         net (fo=1, routed)           0.000    14.727    u_conv2/u_calc/stg1_mult_sum_reg[3][2][23]_i_1_n_4
    SLICE_X101Y19        FDRE                                         r  u_conv2/u_calc/stg1_mult_sum_reg[3][2][23]/D
  -------------------------------------------------------------------    -------------------

                         (clock aclk rise edge)      10.000    10.000 r  
    U7                                                0.000    10.000 r  aclk (IN)
                         net (fo=0)                   0.000    10.000    aclk
    U7                   IBUF (Prop_ibuf_I_O)         0.859    10.859 r  aclk_IBUF_inst/O
                         net (fo=1, routed)           1.673    12.532    aclk_IBUF
    BUFGCTRL_X0Y0        BUFG (Prop_bufg_I_O)         0.077    12.609 r  aclk_IBUF_BUFG_inst/O
                         net (fo=7275, routed)        1.355    13.964    u_conv2/u_calc/aclk_IBUF_BUFG
    SLICE_X101Y19        FDRE                                         r  u_conv2/u_calc/stg1_mult_sum_reg[3][2][23]/C
                         clock pessimism              0.406    14.369    
                         clock uncertainty           -0.035    14.334    
    SLICE_X101Y19        FDRE (Setup_fdre_C_D)        0.059    14.393    u_conv2/u_calc/stg1_mult_sum_reg[3][2][23]
  -------------------------------------------------------------------
                         required time                         14.393    
                         arrival time                         -14.727    
  -------------------------------------------------------------------
                         slack                                 -0.334    

Slack (VIOLATED) :        -0.333ns  (required time - arrival time)
  Source:                 u_conv2/u_calc/calc_state_reg[0]_rep__0/C
                            (rising edge-triggered cell FDRE clocked by aclk  {rise@0.000ns fall@5.000ns period=10.000ns})
  Destination:            u_conv2/u_calc/stg1_mult_sum_reg[1][0][21]/D
                            (rising edge-triggered cell FDRE clocked by aclk  {rise@0.000ns fall@5.000ns period=10.000ns})
  Path Group:             aclk
  Path Type:              Setup (Max at Slow Process Corner)
  Requirement:            10.000ns  (aclk rise@10.000ns - aclk rise@0.000ns)
  Data Path Delay:        10.236ns  (logic 5.463ns (53.373%)  route 4.773ns (46.627%))
  Logic Levels:           10  (CARRY4=5 DSP48E1=1 LUT1=1 LUT3=2 LUT4=1)
  Clock Path Skew:        -0.121ns (DCD - SCD + CPR)
    Destination Clock Delay (DCD):    3.941ns = ( 13.941 - 10.000 ) 
    Source Clock Delay      (SCD):    4.371ns
    Clock Pessimism Removal (CPR):    0.310ns
  Clock Uncertainty:      0.035ns  ((TSJ^2 + TIJ^2)^1/2 + DJ) / 2 + PE
    Total System Jitter     (TSJ):    0.071ns
    Total Input Jitter      (TIJ):    0.000ns
    Discrete Jitter          (DJ):    0.000ns
    Phase Error              (PE):    0.000ns

    Location             Delay type                Incr(ns)  Path(ns)    Netlist Resource(s)
  -------------------------------------------------------------------    -------------------
                         (clock aclk rise edge)       0.000     0.000 r  
    U7                                                0.000     0.000 r  aclk (IN)
                         net (fo=0)                   0.000     0.000    aclk
    U7                   IBUF (Prop_ibuf_I_O)         0.990     0.990 r  aclk_IBUF_inst/O
                         net (fo=1, routed)           1.843     2.833    aclk_IBUF
    BUFGCTRL_X0Y0        BUFG (Prop_bufg_I_O)         0.085     2.918 r  aclk_IBUF_BUFG_inst/O
                         net (fo=7275, routed)        1.453     4.371    u_conv2/u_calc/aclk_IBUF_BUFG
    SLICE_X60Y35         FDRE                                         r  u_conv2/u_calc/calc_state_reg[0]_rep__0/C
  -------------------------------------------------------------------    -------------------
    SLICE_X60Y35         FDRE (Prop_fdre_C_Q)         0.379     4.750 f  u_conv2/u_calc/calc_state_reg[0]_rep__0/Q
                         net (fo=13, routed)          0.565     5.315    u_conv2/u_calc_n_23
    SLICE_X63Y35         LUT1 (Prop_lut1_I0_O)        0.105     5.420 r  u_conv2/g1_b7_rep__0_rep__2/O
                         net (fo=10, routed)          1.445     6.865    u_conv2/u_calc/p_0_out__52_5[1]
    DSP48_X3Y21          DSP48E1 (Prop_dsp48e1_B[15]_P[10])
                                                      3.076     9.941 r  u_conv2/u_calc/p_0_out__70/P[10]
                         net (fo=2, routed)           1.177    11.118    u_conv2/u_calc/p_0_out__70_n_95
    SLICE_X94Y72         LUT3 (Prop_lut3_I2_O)        0.127    11.245 r  u_conv2/u_calc/stg1_mult_sum[1][0][15]_i_29/O
                         net (fo=2, routed)           0.542    11.787    u_conv2/u_calc/p_0_out__69_3[3]
    SLICE_X94Y72         LUT4 (Prop_lut4_I3_O)        0.268    12.055 r  u_conv2/u_calc/stg1_mult_sum[1][0][15]_i_33/O
                         net (fo=1, routed)           0.000    12.055    u_conv2_n_1230
    SLICE_X94Y72         CARRY4 (Prop_carry4_S[3]_CO[3])
                                                      0.314    12.369 r  u_calc/stg1_mult_sum_reg[1][0][15]_i_12/CO[3]
                         net (fo=1, routed)           0.000    12.369    u_calc/stg1_mult_sum_reg[1][0][15]_i_12_n_0
    SLICE_X94Y73         CARRY4 (Prop_carry4_CI_O[1])
                                                      0.257    12.626 r  u_calc/stg1_mult_sum_reg[1][0][19]_i_12/O[1]
                         net (fo=3, routed)           0.515    13.141    u_calc/stg1_mult_sum_reg[1][0][19]_i_12_n_6
    SLICE_X92Y73         LUT3 (Prop_lut3_I2_O)        0.245    13.386 r  u_calc/stg1_mult_sum[1][0][15]_i_3/O
                         net (fo=1, routed)           0.521    13.907    u_calc/stg1_mult_sum[1][0][15]_i_3_n_0
    SLICE_X93Y73         CARRY4 (Prop_carry4_DI[2]_CO[3])
                                                      0.329    14.236 r  u_calc/stg1_mult_sum_reg[1][0][15]_i_1/CO[3]
                         net (fo=1, routed)           0.000    14.236    u_calc/stg1_mult_sum_reg[1][0][15]_i_1_n_0
    SLICE_X93Y74         CARRY4 (Prop_carry4_CI_CO[3])
                                                      0.098    14.334 r  u_calc/stg1_mult_sum_reg[1][0][19]_i_1/CO[3]
                         net (fo=1, routed)           0.008    14.342    u_conv2/u_calc/stg1_mult_sum_reg[1][0][23]_1[0]
    SLICE_X93Y75         CARRY4 (Prop_carry4_CI_O[1])
                                                      0.265    14.607 r  u_conv2/u_calc/stg1_mult_sum_reg[1][0][23]_i_1/O[1]
                         net (fo=1, routed)           0.000    14.607    u_conv2/u_calc/stg1_mult_sum_reg[1][0][23]_i_1_n_6
    SLICE_X93Y75         FDRE                                         r  u_conv2/u_calc/stg1_mult_sum_reg[1][0][21]/D
  -------------------------------------------------------------------    -------------------

                         (clock aclk rise edge)      10.000    10.000 r  
    U7                                                0.000    10.000 r  aclk (IN)
                         net (fo=0)                   0.000    10.000    aclk
    U7                   IBUF (Prop_ibuf_I_O)         0.859    10.859 r  aclk_IBUF_inst/O
                         net (fo=1, routed)           1.673    12.532    aclk_IBUF
    BUFGCTRL_X0Y0        BUFG (Prop_bufg_I_O)         0.077    12.609 r  aclk_IBUF_BUFG_inst/O
                         net (fo=7275, routed)        1.332    13.941    u_conv2/u_calc/aclk_IBUF_BUFG
    SLICE_X93Y75         FDRE                                         r  u_conv2/u_calc/stg1_mult_sum_reg[1][0][21]/C
                         clock pessimism              0.310    14.251    
                         clock uncertainty           -0.035    14.215    
    SLICE_X93Y75         FDRE (Setup_fdre_C_D)        0.059    14.274    u_conv2/u_calc/stg1_mult_sum_reg[1][0][21]
  -------------------------------------------------------------------
                         required time                         14.274    
                         arrival time                         -14.607    
  -------------------------------------------------------------------
                         slack                                 -0.333    

Slack (VIOLATED) :        -0.328ns  (required time - arrival time)
  Source:                 u_conv2/u_calc/calc_state_reg[0]_rep__0/C
                            (rising edge-triggered cell FDRE clocked by aclk  {rise@0.000ns fall@5.000ns period=10.000ns})
  Destination:            u_conv2/u_calc/stg1_mult_sum_reg[1][0][23]/D
                            (rising edge-triggered cell FDRE clocked by aclk  {rise@0.000ns fall@5.000ns period=10.000ns})
  Path Group:             aclk
  Path Type:              Setup (Max at Slow Process Corner)
  Requirement:            10.000ns  (aclk rise@10.000ns - aclk rise@0.000ns)
  Data Path Delay:        10.231ns  (logic 5.458ns (53.350%)  route 4.773ns (46.650%))
  Logic Levels:           10  (CARRY4=5 DSP48E1=1 LUT1=1 LUT3=2 LUT4=1)
  Clock Path Skew:        -0.121ns (DCD - SCD + CPR)
    Destination Clock Delay (DCD):    3.941ns = ( 13.941 - 10.000 ) 
    Source Clock Delay      (SCD):    4.371ns
    Clock Pessimism Removal (CPR):    0.310ns
  Clock Uncertainty:      0.035ns  ((TSJ^2 + TIJ^2)^1/2 + DJ) / 2 + PE
    Total System Jitter     (TSJ):    0.071ns
    Total Input Jitter      (TIJ):    0.000ns
    Discrete Jitter          (DJ):    0.000ns
    Phase Error              (PE):    0.000ns

    Location             Delay type                Incr(ns)  Path(ns)    Netlist Resource(s)
  -------------------------------------------------------------------    -------------------
                         (clock aclk rise edge)       0.000     0.000 r  
    U7                                                0.000     0.000 r  aclk (IN)
                         net (fo=0)                   0.000     0.000    aclk
    U7                   IBUF (Prop_ibuf_I_O)         0.990     0.990 r  aclk_IBUF_inst/O
                         net (fo=1, routed)           1.843     2.833    aclk_IBUF
    BUFGCTRL_X0Y0        BUFG (Prop_bufg_I_O)         0.085     2.918 r  aclk_IBUF_BUFG_inst/O
                         net (fo=7275, routed)        1.453     4.371    u_conv2/u_calc/aclk_IBUF_BUFG
    SLICE_X60Y35         FDRE                                         r  u_conv2/u_calc/calc_state_reg[0]_rep__0/C
  -------------------------------------------------------------------    -------------------
    SLICE_X60Y35         FDRE (Prop_fdre_C_Q)         0.379     4.750 f  u_conv2/u_calc/calc_state_reg[0]_rep__0/Q
                         net (fo=13, routed)          0.565     5.315    u_conv2/u_calc_n_23
    SLICE_X63Y35         LUT1 (Prop_lut1_I0_O)        0.105     5.420 r  u_conv2/g1_b7_rep__0_rep__2/O
                         net (fo=10, routed)          1.445     6.865    u_conv2/u_calc/p_0_out__52_5[1]
    DSP48_X3Y21          DSP48E1 (Prop_dsp48e1_B[15]_P[10])
                                                      3.076     9.941 r  u_conv2/u_calc/p_0_out__70/P[10]
                         net (fo=2, routed)           1.177    11.118    u_conv2/u_calc/p_0_out__70_n_95
    SLICE_X94Y72         LUT3 (Prop_lut3_I2_O)        0.127    11.245 r  u_conv2/u_calc/stg1_mult_sum[1][0][15]_i_29/O
                         net (fo=2, routed)           0.542    11.787    u_conv2/u_calc/p_0_out__69_3[3]
    SLICE_X94Y72         LUT4 (Prop_lut4_I3_O)        0.268    12.055 r  u_conv2/u_calc/stg1_mult_sum[1][0][15]_i_33/O
                         net (fo=1, routed)           0.000    12.055    u_conv2_n_1230
    SLICE_X94Y72         CARRY4 (Prop_carry4_S[3]_CO[3])
                                                      0.314    12.369 r  u_calc/stg1_mult_sum_reg[1][0][15]_i_12/CO[3]
                         net (fo=1, routed)           0.000    12.369    u_calc/stg1_mult_sum_reg[1][0][15]_i_12_n_0
    SLICE_X94Y73         CARRY4 (Prop_carry4_CI_O[1])
                                                      0.257    12.626 r  u_calc/stg1_mult_sum_reg[1][0][19]_i_12/O[1]
                         net (fo=3, routed)           0.515    13.141    u_calc/stg1_mult_sum_reg[1][0][19]_i_12_n_6
    SLICE_X92Y73         LUT3 (Prop_lut3_I2_O)        0.245    13.386 r  u_calc/stg1_mult_sum[1][0][15]_i_3/O
                         net (fo=1, routed)           0.521    13.907    u_calc/stg1_mult_sum[1][0][15]_i_3_n_0
    SLICE_X93Y73         CARRY4 (Prop_carry4_DI[2]_CO[3])
                                                      0.329    14.236 r  u_calc/stg1_mult_sum_reg[1][0][15]_i_1/CO[3]
                         net (fo=1, routed)           0.000    14.236    u_calc/stg1_mult_sum_reg[1][0][15]_i_1_n_0
    SLICE_X93Y74         CARRY4 (Prop_carry4_CI_CO[3])
                                                      0.098    14.334 r  u_calc/stg1_mult_sum_reg[1][0][19]_i_1/CO[3]
                         net (fo=1, routed)           0.008    14.342    u_conv2/u_calc/stg1_mult_sum_reg[1][0][23]_1[0]
    SLICE_X93Y75         CARRY4 (Prop_carry4_CI_O[3])
                                                      0.260    14.602 r  u_conv2/u_calc/stg1_mult_sum_reg[1][0][23]_i_1/O[3]
                         net (fo=1, routed)           0.000    14.602    u_conv2/u_calc/stg1_mult_sum_reg[1][0][23]_i_1_n_4
    SLICE_X93Y75         FDRE                                         r  u_conv2/u_calc/stg1_mult_sum_reg[1][0][23]/D
  -------------------------------------------------------------------    -------------------

                         (clock aclk rise edge)      10.000    10.000 r  
    U7                                                0.000    10.000 r  aclk (IN)
                         net (fo=0)                   0.000    10.000    aclk
    U7                   IBUF (Prop_ibuf_I_O)         0.859    10.859 r  aclk_IBUF_inst/O
                         net (fo=1, routed)           1.673    12.532    aclk_IBUF
    BUFGCTRL_X0Y0        BUFG (Prop_bufg_I_O)         0.077    12.609 r  aclk_IBUF_BUFG_inst/O
                         net (fo=7275, routed)        1.332    13.941    u_conv2/u_calc/aclk_IBUF_BUFG
    SLICE_X93Y75         FDRE                                         r  u_conv2/u_calc/stg1_mult_sum_reg[1][0][23]/C
                         clock pessimism              0.310    14.251    
                         clock uncertainty           -0.035    14.215    
    SLICE_X93Y75         FDRE (Setup_fdre_C_D)        0.059    14.274    u_conv2/u_calc/stg1_mult_sum_reg[1][0][23]
  -------------------------------------------------------------------
                         required time                         14.274    
                         arrival time                         -14.602    
  -------------------------------------------------------------------
                         slack                                 -0.328    

Slack (VIOLATED) :        -0.309ns  (required time - arrival time)
  Source:                 u_conv2/u_calc/calc_state_reg[0]_rep__0/C
                            (rising edge-triggered cell FDRE clocked by aclk  {rise@0.000ns fall@5.000ns period=10.000ns})
  Destination:            u_conv2/u_calc/stg1_mult_sum_reg[0][1][22]/D
                            (rising edge-triggered cell FDRE clocked by aclk  {rise@0.000ns fall@5.000ns period=10.000ns})
  Path Group:             aclk
  Path Type:              Setup (Max at Slow Process Corner)
  Requirement:            10.000ns  (aclk rise@10.000ns - aclk rise@0.000ns)
  Data Path Delay:        10.271ns  (logic 5.456ns (53.119%)  route 4.815ns (46.881%))
  Logic Levels:           9  (CARRY4=4 DSP48E1=1 LUT1=1 LUT3=2 LUT4=1)
  Clock Path Skew:        -0.103ns (DCD - SCD + CPR)
    Destination Clock Delay (DCD):    3.959ns = ( 13.959 - 10.000 ) 
    Source Clock Delay      (SCD):    4.371ns
    Clock Pessimism Removal (CPR):    0.310ns
  Clock Uncertainty:      0.035ns  ((TSJ^2 + TIJ^2)^1/2 + DJ) / 2 + PE
    Total System Jitter     (TSJ):    0.071ns
    Total Input Jitter      (TIJ):    0.000ns
    Discrete Jitter          (DJ):    0.000ns
    Phase Error              (PE):    0.000ns

    Location             Delay type                Incr(ns)  Path(ns)    Netlist Resource(s)
  -------------------------------------------------------------------    -------------------
                         (clock aclk rise edge)       0.000     0.000 r  
    U7                                                0.000     0.000 r  aclk (IN)
                         net (fo=0)                   0.000     0.000    aclk
    U7                   IBUF (Prop_ibuf_I_O)         0.990     0.990 r  aclk_IBUF_inst/O
                         net (fo=1, routed)           1.843     2.833    aclk_IBUF
    BUFGCTRL_X0Y0        BUFG (Prop_bufg_I_O)         0.085     2.918 r  aclk_IBUF_BUFG_inst/O
                         net (fo=7275, routed)        1.453     4.371    u_conv2/u_calc/aclk_IBUF_BUFG
    SLICE_X60Y35         FDRE                                         r  u_conv2/u_calc/calc_state_reg[0]_rep__0/C
  -------------------------------------------------------------------    -------------------
    SLICE_X60Y35         FDRE (Prop_fdre_C_Q)         0.379     4.750 f  u_conv2/u_calc/calc_state_reg[0]_rep__0/Q
                         net (fo=13, routed)          0.630     5.380    u_conv2/u_calc_n_23
    SLICE_X61Y45         LUT1 (Prop_lut1_I0_O)        0.105     5.485 r  u_conv2/g1_b7_rep__0_rep/O
                         net (fo=10, routed)          1.392     6.877    u_conv2/u_calc/p_0_out__4_2[0]
    DSP48_X4Y22          DSP48E1 (Prop_dsp48e1_B[2]_P[11])
                                                      3.076     9.953 r  u_conv2/u_calc/p_0_out/P[11]
                         net (fo=2, routed)           0.994    10.947    u_conv2/u_calc/p_0_out_n_94
    SLICE_X99Y52         LUT3 (Prop_lut3_I0_O)        0.123    11.070 r  u_conv2/u_calc/stg1_mult_sum[0][1][19]_i_16/O
                         net (fo=2, routed)           0.668    11.738    u_conv2/u_calc/p_0_out_5[0]
    SLICE_X99Y53         LUT4 (Prop_lut4_I3_O)        0.274    12.012 r  u_conv2/u_calc/stg1_mult_sum[0][1][19]_i_20/O
                         net (fo=1, routed)           0.000    12.012    u_conv2_n_482
    SLICE_X99Y53         CARRY4 (Prop_carry4_S[0]_CO[3])
                                                      0.440    12.452 r  u_calc/stg1_mult_sum_reg[0][1][19]_i_10/CO[3]
                         net (fo=1, routed)           0.000    12.452    u_calc/stg1_mult_sum_reg[0][1][19]_i_10_n_0
    SLICE_X99Y54         CARRY4 (Prop_carry4_CI_O[0])
                                                      0.181    12.633 r  u_calc/stg1_mult_sum_reg[0][1][23]_i_13/O[0]
                         net (fo=3, routed)           0.712    13.345    u_calc/stg1_mult_sum_reg[0][1][23]_i_13_n_7
    SLICE_X98Y54         LUT3 (Prop_lut3_I0_O)        0.249    13.594 r  u_calc/stg1_mult_sum[0][1][19]_i_4/O
                         net (fo=1, routed)           0.420    14.014    u_calc/stg1_mult_sum[0][1][19]_i_4_n_0
    SLICE_X98Y52         CARRY4 (Prop_carry4_DI[1]_CO[3])
                                                      0.430    14.444 r  u_calc/stg1_mult_sum_reg[0][1][19]_i_1/CO[3]
                         net (fo=1, routed)           0.000    14.444    u_conv2/u_calc/stg1_mult_sum_reg[0][1][23]_0[0]
    SLICE_X98Y53         CARRY4 (Prop_carry4_CI_O[2])
                                                      0.199    14.643 r  u_conv2/u_calc/stg1_mult_sum_reg[0][1][23]_i_2/O[2]
                         net (fo=1, routed)           0.000    14.643    u_conv2/u_calc/stg1_mult_sum_reg[0][1][23]_i_2_n_5
    SLICE_X98Y53         FDRE                                         r  u_conv2/u_calc/stg1_mult_sum_reg[0][1][22]/D
  -------------------------------------------------------------------    -------------------

                         (clock aclk rise edge)      10.000    10.000 r  
    U7                                                0.000    10.000 r  aclk (IN)
                         net (fo=0)                   0.000    10.000    aclk
    U7                   IBUF (Prop_ibuf_I_O)         0.859    10.859 r  aclk_IBUF_inst/O
                         net (fo=1, routed)           1.673    12.532    aclk_IBUF
    BUFGCTRL_X0Y0        BUFG (Prop_bufg_I_O)         0.077    12.609 r  aclk_IBUF_BUFG_inst/O
                         net (fo=7275, routed)        1.350    13.959    u_conv2/u_calc/aclk_IBUF_BUFG
    SLICE_X98Y53         FDRE                                         r  u_conv2/u_calc/stg1_mult_sum_reg[0][1][22]/C
                         clock pessimism              0.310    14.269    
                         clock uncertainty           -0.035    14.233    
    SLICE_X98Y53         FDRE (Setup_fdre_C_D)        0.101    14.334    u_conv2/u_calc/stg1_mult_sum_reg[0][1][22]
  -------------------------------------------------------------------
                         required time                         14.334    
                         arrival time                         -14.643    
  -------------------------------------------------------------------
                         slack                                 -0.309    

Slack (VIOLATED) :        -0.306ns  (required time - arrival time)
  Source:                 u_conv2/u_calc/calc_state_reg[0]_rep__0/C
                            (rising edge-triggered cell FDRE clocked by aclk  {rise@0.000ns fall@5.000ns period=10.000ns})
  Destination:            u_conv2/u_calc/stg1_mult_sum_reg[3][3][22]/D
                            (rising edge-triggered cell FDRE clocked by aclk  {rise@0.000ns fall@5.000ns period=10.000ns})
  Path Group:             aclk
  Path Type:              Setup (Max at Slow Process Corner)
  Requirement:            10.000ns  (aclk rise@10.000ns - aclk rise@0.000ns)
  Data Path Delay:        10.202ns  (logic 5.544ns (54.341%)  route 4.658ns (45.659%))
  Logic Levels:           10  (CARRY4=5 DSP48E1=1 LUT1=1 LUT3=2 LUT4=1)
  Clock Path Skew:        -0.127ns (DCD - SCD + CPR)
    Destination Clock Delay (DCD):    3.923ns = ( 13.923 - 10.000 ) 
    Source Clock Delay      (SCD):    4.371ns
    Clock Pessimism Removal (CPR):    0.322ns
  Clock Uncertainty:      0.035ns  ((TSJ^2 + TIJ^2)^1/2 + DJ) / 2 + PE
    Total System Jitter     (TSJ):    0.071ns
    Total Input Jitter      (TIJ):    0.000ns
    Discrete Jitter          (DJ):    0.000ns
    Phase Error              (PE):    0.000ns

    Location             Delay type                Incr(ns)  Path(ns)    Netlist Resource(s)
  -------------------------------------------------------------------    -------------------
                         (clock aclk rise edge)       0.000     0.000 r  
    U7                                                0.000     0.000 r  aclk (IN)
                         net (fo=0)                   0.000     0.000    aclk
    U7                   IBUF (Prop_ibuf_I_O)         0.990     0.990 r  aclk_IBUF_inst/O
                         net (fo=1, routed)           1.843     2.833    aclk_IBUF
    BUFGCTRL_X0Y0        BUFG (Prop_bufg_I_O)         0.085     2.918 r  aclk_IBUF_BUFG_inst/O
                         net (fo=7275, routed)        1.453     4.371    u_conv2/u_calc/aclk_IBUF_BUFG
    SLICE_X60Y35         FDRE                                         r  u_conv2/u_calc/calc_state_reg[0]_rep__0/C
  -------------------------------------------------------------------    -------------------
    SLICE_X60Y35         FDRE (Prop_fdre_C_Q)         0.379     4.750 f  u_conv2/u_calc/calc_state_reg[0]_rep__0/Q
                         net (fo=13, routed)          0.435     5.186    u_conv2/u_calc_n_23
    SLICE_X61Y32         LUT1 (Prop_lut1_I0_O)        0.105     5.291 r  u_conv2/g1_b7_rep__10/O
                         net (fo=7, routed)           1.722     7.012    u_conv2/u_calc/p_0_out__126_0[0]
    DSP48_X0Y8           DSP48E1 (Prop_dsp48e1_B[0]_P[7])
                                                      3.076    10.088 r  u_conv2/u_calc/p_0_out__125/P[7]
                         net (fo=2, routed)           0.875    10.964    u_conv2/u_calc/p_0_out__125_n_98
    SLICE_X15Y17         LUT3 (Prop_lut3_I1_O)        0.124    11.088 r  u_conv2/u_calc/stg1_mult_sum[3][3][15]_i_16/O
                         net (fo=2, routed)           0.668    11.756    u_conv2/u_calc/p_0_out__127_4[0]
    SLICE_X15Y18         LUT4 (Prop_lut4_I3_O)        0.274    12.030 r  u_conv2/u_calc/stg1_mult_sum[3][3][15]_i_20/O
                         net (fo=1, routed)           0.000    12.030    u_conv2_n_2197
    SLICE_X15Y18         CARRY4 (Prop_carry4_S[0]_CO[3])
                                                      0.440    12.470 r  u_calc/stg1_mult_sum_reg[3][3][15]_i_10/CO[3]
                         net (fo=1, routed)           0.000    12.470    u_calc/stg1_mult_sum_reg[3][3][15]_i_10_n_0
    SLICE_X15Y19         CARRY4 (Prop_carry4_CI_O[0])
                                                      0.181    12.651 r  u_calc/stg1_mult_sum_reg[3][3][19]_i_10/O[0]
                         net (fo=3, routed)           0.690    13.341    u_calc/stg1_mult_sum_reg[3][3][19]_i_10_n_7
    SLICE_X14Y20         LUT3 (Prop_lut3_I0_O)        0.249    13.590 r  u_calc/stg1_mult_sum[3][3][15]_i_4/O
                         net (fo=1, routed)           0.268    13.858    u_calc/stg1_mult_sum[3][3][15]_i_4_n_0
    SLICE_X17Y20         CARRY4 (Prop_carry4_DI[1]_CO[3])
                                                      0.418    14.276 r  u_calc/stg1_mult_sum_reg[3][3][15]_i_1/CO[3]
                         net (fo=1, routed)           0.000    14.276    u_calc/stg1_mult_sum_reg[3][3][15]_i_1_n_0
    SLICE_X17Y21         CARRY4 (Prop_carry4_CI_CO[3])
                                                      0.098    14.374 r  u_calc/stg1_mult_sum_reg[3][3][19]_i_1/CO[3]
                         net (fo=1, routed)           0.000    14.374    u_conv2/u_calc/stg1_mult_sum_reg[3][3][23]_0[0]
    SLICE_X17Y22         CARRY4 (Prop_carry4_CI_O[2])
                                                      0.200    14.574 r  u_conv2/u_calc/stg1_mult_sum_reg[3][3][23]_i_1/O[2]
                         net (fo=1, routed)           0.000    14.574    u_conv2/u_calc/stg1_mult_sum_reg[3][3][23]_i_1_n_5
    SLICE_X17Y22         FDRE                                         r  u_conv2/u_calc/stg1_mult_sum_reg[3][3][22]/D
  -------------------------------------------------------------------    -------------------

                         (clock aclk rise edge)      10.000    10.000 r  
    U7                                                0.000    10.000 r  aclk (IN)
                         net (fo=0)                   0.000    10.000    aclk
    U7                   IBUF (Prop_ibuf_I_O)         0.859    10.859 r  aclk_IBUF_inst/O
                         net (fo=1, routed)           1.673    12.532    aclk_IBUF
    BUFGCTRL_X0Y0        BUFG (Prop_bufg_I_O)         0.077    12.609 r  aclk_IBUF_BUFG_inst/O
                         net (fo=7275, routed)        1.314    13.923    u_conv2/u_calc/aclk_IBUF_BUFG
    SLICE_X17Y22         FDRE                                         r  u_conv2/u_calc/stg1_mult_sum_reg[3][3][22]/C
                         clock pessimism              0.322    14.244    
                         clock uncertainty           -0.035    14.209    
    SLICE_X17Y22         FDRE (Setup_fdre_C_D)        0.059    14.268    u_conv2/u_calc/stg1_mult_sum_reg[3][3][22]
  -------------------------------------------------------------------
                         required time                         14.268    
                         arrival time                         -14.574    
  -------------------------------------------------------------------
                         slack                                 -0.306    

Slack (VIOLATED) :        -0.300ns  (required time - arrival time)
  Source:                 u_conv2/u_calc/calc_state_reg[0]_rep_replica_1/C
                            (rising edge-triggered cell FDRE clocked by aclk  {rise@0.000ns fall@5.000ns period=10.000ns})
  Destination:            u_conv2/u_calc/stg1_mult_sum_reg[2][2][17]/D
                            (rising edge-triggered cell FDRE clocked by aclk  {rise@0.000ns fall@5.000ns period=10.000ns})
  Path Group:             aclk
  Path Type:              Setup (Max at Slow Process Corner)
  Requirement:            10.000ns  (aclk rise@10.000ns - aclk rise@0.000ns)
  Data Path Delay:        10.139ns  (logic 5.299ns (52.264%)  route 4.840ns (47.736%))
  Logic Levels:           10  (CARRY4=6 DSP48E1=1 LUT1=1 LUT3=2)
  Clock Path Skew:        -0.185ns (DCD - SCD + CPR)
    Destination Clock Delay (DCD):    3.854ns = ( 13.854 - 10.000 ) 
    Source Clock Delay      (SCD):    4.360ns
    Clock Pessimism Removal (CPR):    0.322ns
  Clock Uncertainty:      0.035ns  ((TSJ^2 + TIJ^2)^1/2 + DJ) / 2 + PE
    Total System Jitter     (TSJ):    0.071ns
    Total Input Jitter      (TIJ):    0.000ns
    Discrete Jitter          (DJ):    0.000ns
    Phase Error              (PE):    0.000ns

    Location             Delay type                Incr(ns)  Path(ns)    Netlist Resource(s)
  -------------------------------------------------------------------    -------------------
                         (clock aclk rise edge)       0.000     0.000 r  
    U7                                                0.000     0.000 r  aclk (IN)
                         net (fo=0)                   0.000     0.000    aclk
    U7                   IBUF (Prop_ibuf_I_O)         0.990     0.990 r  aclk_IBUF_inst/O
                         net (fo=1, routed)           1.843     2.833    aclk_IBUF
    BUFGCTRL_X0Y0        BUFG (Prop_bufg_I_O)         0.085     2.918 r  aclk_IBUF_BUFG_inst/O
                         net (fo=7275, routed)        1.442     4.360    u_conv2/u_calc/aclk_IBUF_BUFG
    SLICE_X63Y23         FDRE                                         r  u_conv2/u_calc/calc_state_reg[0]_rep_replica_1/C
  -------------------------------------------------------------------    -------------------
    SLICE_X63Y23         FDRE (Prop_fdre_C_Q)         0.379     4.739 f  u_conv2/u_calc/calc_state_reg[0]_rep_replica_1/Q
                         net (fo=8, routed)           0.546     5.286    u_conv2/calc_state_reg[0]_rep_0_repN_1_alias
    SLICE_X63Y15         LUT1 (Prop_lut1_I0_O)        0.105     5.391 r  u_conv2/g1_b7__9/O
                         net (fo=5, routed)           1.468     6.859    u_conv2/u_calc/p_0_out__76_5[0]
    DSP48_X1Y7           DSP48E1 (Prop_dsp48e1_B[2]_P[1])
                                                      3.076     9.935 r  u_conv2/u_calc/p_0_out__80/P[1]
                         net (fo=3, routed)           0.879    10.814    u_conv2/u_calc/p_0_out__80_n_104
    SLICE_X28Y12         LUT3 (Prop_lut3_I0_O)        0.105    10.919 r  u_conv2/u_calc/stg1_mult_sum[2][2][7]_i_14/O
                         net (fo=1, routed)           0.488    11.407    u_conv2_n_1568
    SLICE_X29Y12         CARRY4 (Prop_carry4_DI[2]_CO[3])
                                                      0.329    11.736 r  u_calc/stg1_mult_sum_reg[2][2][7]_i_10/CO[3]
                         net (fo=1, routed)           0.000    11.736    u_calc/stg1_mult_sum_reg[2][2][7]_i_10_n_0
    SLICE_X29Y13         CARRY4 (Prop_carry4_CI_O[1])
                                                      0.265    12.001 r  u_calc/stg1_mult_sum_reg[2][2][11]_i_10/O[1]
                         net (fo=3, routed)           0.815    12.816    u_calc/stg1_mult_sum_reg[2][2][11]_i_10_n_6
    SLICE_X32Y13         LUT3 (Prop_lut3_I0_O)        0.250    13.066 r  u_calc/stg1_mult_sum[2][2][7]_i_3/O
                         net (fo=1, routed)           0.644    13.709    u_calc/stg1_mult_sum[2][2][7]_i_3_n_0
    SLICE_X35Y14         CARRY4 (Prop_carry4_DI[2]_CO[3])
                                                      0.329    14.038 r  u_calc/stg1_mult_sum_reg[2][2][7]_i_1/CO[3]
                         net (fo=1, routed)           0.000    14.038    u_calc/stg1_mult_sum_reg[2][2][7]_i_1_n_0
    SLICE_X35Y15         CARRY4 (Prop_carry4_CI_CO[3])
                                                      0.098    14.136 r  u_calc/stg1_mult_sum_reg[2][2][11]_i_1/CO[3]
                         net (fo=1, routed)           0.000    14.136    u_calc/stg1_mult_sum_reg[2][2][11]_i_1_n_0
    SLICE_X35Y16         CARRY4 (Prop_carry4_CI_CO[3])
                                                      0.098    14.234 r  u_calc/stg1_mult_sum_reg[2][2][15]_i_1/CO[3]
                         net (fo=1, routed)           0.000    14.234    u_calc/stg1_mult_sum_reg[2][2][15]_i_1_n_0
    SLICE_X35Y17         CARRY4 (Prop_carry4_CI_O[1])
                                                      0.265    14.499 r  u_calc/stg1_mult_sum_reg[2][2][19]_i_1/O[1]
                         net (fo=1, routed)           0.000    14.499    u_conv2/u_calc/stg1_mult_sum_reg[2][2][19]_0[17]
    SLICE_X35Y17         FDRE                                         r  u_conv2/u_calc/stg1_mult_sum_reg[2][2][17]/D
  -------------------------------------------------------------------    -------------------

                         (clock aclk rise edge)      10.000    10.000 r  
    U7                                                0.000    10.000 r  aclk (IN)
                         net (fo=0)                   0.000    10.000    aclk
    U7                   IBUF (Prop_ibuf_I_O)         0.859    10.859 r  aclk_IBUF_inst/O
                         net (fo=1, routed)           1.673    12.532    aclk_IBUF
    BUFGCTRL_X0Y0        BUFG (Prop_bufg_I_O)         0.077    12.609 r  aclk_IBUF_BUFG_inst/O
                         net (fo=7275, routed)        1.245    13.854    u_conv2/u_calc/aclk_IBUF_BUFG
    SLICE_X35Y17         FDRE                                         r  u_conv2/u_calc/stg1_mult_sum_reg[2][2][17]/C
                         clock pessimism              0.322    14.175    
                         clock uncertainty           -0.035    14.140    
    SLICE_X35Y17         FDRE (Setup_fdre_C_D)        0.059    14.199    u_conv2/u_calc/stg1_mult_sum_reg[2][2][17]
  -------------------------------------------------------------------
                         required time                         14.199    
                         arrival time                         -14.499    
  -------------------------------------------------------------------
                         slack                                 -0.300    

Slack (VIOLATED) :        -0.295ns  (required time - arrival time)
  Source:                 u_conv2/u_calc/calc_state_reg[0]_rep_replica_1/C
                            (rising edge-triggered cell FDRE clocked by aclk  {rise@0.000ns fall@5.000ns period=10.000ns})
  Destination:            u_conv2/u_calc/stg1_mult_sum_reg[2][2][19]/D
                            (rising edge-triggered cell FDRE clocked by aclk  {rise@0.000ns fall@5.000ns period=10.000ns})
  Path Group:             aclk
  Path Type:              Setup (Max at Slow Process Corner)
  Requirement:            10.000ns  (aclk rise@10.000ns - aclk rise@0.000ns)
  Data Path Delay:        10.134ns  (logic 5.294ns (52.241%)  route 4.840ns (47.759%))
  Logic Levels:           10  (CARRY4=6 DSP48E1=1 LUT1=1 LUT3=2)
  Clock Path Skew:        -0.185ns (DCD - SCD + CPR)
    Destination Clock Delay (DCD):    3.854ns = ( 13.854 - 10.000 ) 
    Source Clock Delay      (SCD):    4.360ns
    Clock Pessimism Removal (CPR):    0.322ns
  Clock Uncertainty:      0.035ns  ((TSJ^2 + TIJ^2)^1/2 + DJ) / 2 + PE
    Total System Jitter     (TSJ):    0.071ns
    Total Input Jitter      (TIJ):    0.000ns
    Discrete Jitter          (DJ):    0.000ns
    Phase Error              (PE):    0.000ns

    Location             Delay type                Incr(ns)  Path(ns)    Netlist Resource(s)
  -------------------------------------------------------------------    -------------------
                         (clock aclk rise edge)       0.000     0.000 r  
    U7                                                0.000     0.000 r  aclk (IN)
                         net (fo=0)                   0.000     0.000    aclk
    U7                   IBUF (Prop_ibuf_I_O)         0.990     0.990 r  aclk_IBUF_inst/O
                         net (fo=1, routed)           1.843     2.833    aclk_IBUF
    BUFGCTRL_X0Y0        BUFG (Prop_bufg_I_O)         0.085     2.918 r  aclk_IBUF_BUFG_inst/O
                         net (fo=7275, routed)        1.442     4.360    u_conv2/u_calc/aclk_IBUF_BUFG
    SLICE_X63Y23         FDRE                                         r  u_conv2/u_calc/calc_state_reg[0]_rep_replica_1/C
  -------------------------------------------------------------------    -------------------
    SLICE_X63Y23         FDRE (Prop_fdre_C_Q)         0.379     4.739 f  u_conv2/u_calc/calc_state_reg[0]_rep_replica_1/Q
                         net (fo=8, routed)           0.546     5.286    u_conv2/calc_state_reg[0]_rep_0_repN_1_alias
    SLICE_X63Y15         LUT1 (Prop_lut1_I0_O)        0.105     5.391 r  u_conv2/g1_b7__9/O
                         net (fo=5, routed)           1.468     6.859    u_conv2/u_calc/p_0_out__76_5[0]
    DSP48_X1Y7           DSP48E1 (Prop_dsp48e1_B[2]_P[1])
                                                      3.076     9.935 r  u_conv2/u_calc/p_0_out__80/P[1]
                         net (fo=3, routed)           0.879    10.814    u_conv2/u_calc/p_0_out__80_n_104
    SLICE_X28Y12         LUT3 (Prop_lut3_I0_O)        0.105    10.919 r  u_conv2/u_calc/stg1_mult_sum[2][2][7]_i_14/O
                         net (fo=1, routed)           0.488    11.407    u_conv2_n_1568
    SLICE_X29Y12         CARRY4 (Prop_carry4_DI[2]_CO[3])
                                                      0.329    11.736 r  u_calc/stg1_mult_sum_reg[2][2][7]_i_10/CO[3]
                         net (fo=1, routed)           0.000    11.736    u_calc/stg1_mult_sum_reg[2][2][7]_i_10_n_0
    SLICE_X29Y13         CARRY4 (Prop_carry4_CI_O[1])
                                                      0.265    12.001 r  u_calc/stg1_mult_sum_reg[2][2][11]_i_10/O[1]
                         net (fo=3, routed)           0.815    12.816    u_calc/stg1_mult_sum_reg[2][2][11]_i_10_n_6
    SLICE_X32Y13         LUT3 (Prop_lut3_I0_O)        0.250    13.066 r  u_calc/stg1_mult_sum[2][2][7]_i_3/O
                         net (fo=1, routed)           0.644    13.709    u_calc/stg1_mult_sum[2][2][7]_i_3_n_0
    SLICE_X35Y14         CARRY4 (Prop_carry4_DI[2]_CO[3])
                                                      0.329    14.038 r  u_calc/stg1_mult_sum_reg[2][2][7]_i_1/CO[3]
                         net (fo=1, routed)           0.000    14.038    u_calc/stg1_mult_sum_reg[2][2][7]_i_1_n_0
    SLICE_X35Y15         CARRY4 (Prop_carry4_CI_CO[3])
                                                      0.098    14.136 r  u_calc/stg1_mult_sum_reg[2][2][11]_i_1/CO[3]
                         net (fo=1, routed)           0.000    14.136    u_calc/stg1_mult_sum_reg[2][2][11]_i_1_n_0
    SLICE_X35Y16         CARRY4 (Prop_carry4_CI_CO[3])
                                                      0.098    14.234 r  u_calc/stg1_mult_sum_reg[2][2][15]_i_1/CO[3]
                         net (fo=1, routed)           0.000    14.234    u_calc/stg1_mult_sum_reg[2][2][15]_i_1_n_0
    SLICE_X35Y17         CARRY4 (Prop_carry4_CI_O[3])
                                                      0.260    14.494 r  u_calc/stg1_mult_sum_reg[2][2][19]_i_1/O[3]
                         net (fo=1, routed)           0.000    14.494    u_conv2/u_calc/stg1_mult_sum_reg[2][2][19]_0[19]
    SLICE_X35Y17         FDRE                                         r  u_conv2/u_calc/stg1_mult_sum_reg[2][2][19]/D
  -------------------------------------------------------------------    -------------------

                         (clock aclk rise edge)      10.000    10.000 r  
    U7                                                0.000    10.000 r  aclk (IN)
                         net (fo=0)                   0.000    10.000    aclk
    U7                   IBUF (Prop_ibuf_I_O)         0.859    10.859 r  aclk_IBUF_inst/O
                         net (fo=1, routed)           1.673    12.532    aclk_IBUF
    BUFGCTRL_X0Y0        BUFG (Prop_bufg_I_O)         0.077    12.609 r  aclk_IBUF_BUFG_inst/O
                         net (fo=7275, routed)        1.245    13.854    u_conv2/u_calc/aclk_IBUF_BUFG
    SLICE_X35Y17         FDRE                                         r  u_conv2/u_calc/stg1_mult_sum_reg[2][2][19]/C
                         clock pessimism              0.322    14.175    
                         clock uncertainty           -0.035    14.140    
    SLICE_X35Y17         FDRE (Setup_fdre_C_D)        0.059    14.199    u_conv2/u_calc/stg1_mult_sum_reg[2][2][19]
  -------------------------------------------------------------------
                         required time                         14.199    
                         arrival time                         -14.494    
  -------------------------------------------------------------------
                         slack                                 -0.295    

Slack (VIOLATED) :        -0.288ns  (required time - arrival time)
  Source:                 u_conv2/u_calc/calc_state_reg[0]_rep__0/C
                            (rising edge-triggered cell FDRE clocked by aclk  {rise@0.000ns fall@5.000ns period=10.000ns})
  Destination:            u_conv2/u_calc/stg1_mult_sum_reg[0][1][20]/D
                            (rising edge-triggered cell FDRE clocked by aclk  {rise@0.000ns fall@5.000ns period=10.000ns})
  Path Group:             aclk
  Path Type:              Setup (Max at Slow Process Corner)
  Requirement:            10.000ns  (aclk rise@10.000ns - aclk rise@0.000ns)
  Data Path Delay:        10.250ns  (logic 5.435ns (53.023%)  route 4.815ns (46.977%))
  Logic Levels:           9  (CARRY4=4 DSP48E1=1 LUT1=1 LUT3=2 LUT4=1)
  Clock Path Skew:        -0.103ns (DCD - SCD + CPR)
    Destination Clock Delay (DCD):    3.959ns = ( 13.959 - 10.000 ) 
    Source Clock Delay      (SCD):    4.371ns
    Clock Pessimism Removal (CPR):    0.310ns
  Clock Uncertainty:      0.035ns  ((TSJ^2 + TIJ^2)^1/2 + DJ) / 2 + PE
    Total System Jitter     (TSJ):    0.071ns
    Total Input Jitter      (TIJ):    0.000ns
    Discrete Jitter          (DJ):    0.000ns
    Phase Error              (PE):    0.000ns

    Location             Delay type                Incr(ns)  Path(ns)    Netlist Resource(s)
  -------------------------------------------------------------------    -------------------
                         (clock aclk rise edge)       0.000     0.000 r  
    U7                                                0.000     0.000 r  aclk (IN)
                         net (fo=0)                   0.000     0.000    aclk
    U7                   IBUF (Prop_ibuf_I_O)         0.990     0.990 r  aclk_IBUF_inst/O
                         net (fo=1, routed)           1.843     2.833    aclk_IBUF
    BUFGCTRL_X0Y0        BUFG (Prop_bufg_I_O)         0.085     2.918 r  aclk_IBUF_BUFG_inst/O
                         net (fo=7275, routed)        1.453     4.371    u_conv2/u_calc/aclk_IBUF_BUFG
    SLICE_X60Y35         FDRE                                         r  u_conv2/u_calc/calc_state_reg[0]_rep__0/C
  -------------------------------------------------------------------    -------------------
    SLICE_X60Y35         FDRE (Prop_fdre_C_Q)         0.379     4.750 f  u_conv2/u_calc/calc_state_reg[0]_rep__0/Q
                         net (fo=13, routed)          0.630     5.380    u_conv2/u_calc_n_23
    SLICE_X61Y45         LUT1 (Prop_lut1_I0_O)        0.105     5.485 r  u_conv2/g1_b7_rep__0_rep/O
                         net (fo=10, routed)          1.392     6.877    u_conv2/u_calc/p_0_out__4_2[0]
    DSP48_X4Y22          DSP48E1 (Prop_dsp48e1_B[2]_P[11])
                                                      3.076     9.953 r  u_conv2/u_calc/p_0_out/P[11]
                         net (fo=2, routed)           0.994    10.947    u_conv2/u_calc/p_0_out_n_94
    SLICE_X99Y52         LUT3 (Prop_lut3_I0_O)        0.123    11.070 r  u_conv2/u_calc/stg1_mult_sum[0][1][19]_i_16/O
                         net (fo=2, routed)           0.668    11.738    u_conv2/u_calc/p_0_out_5[0]
    SLICE_X99Y53         LUT4 (Prop_lut4_I3_O)        0.274    12.012 r  u_conv2/u_calc/stg1_mult_sum[0][1][19]_i_20/O
                         net (fo=1, routed)           0.000    12.012    u_conv2_n_482
    SLICE_X99Y53         CARRY4 (Prop_carry4_S[0]_CO[3])
                                                      0.440    12.452 r  u_calc/stg1_mult_sum_reg[0][1][19]_i_10/CO[3]
                         net (fo=1, routed)           0.000    12.452    u_calc/stg1_mult_sum_reg[0][1][19]_i_10_n_0
    SLICE_X99Y54         CARRY4 (Prop_carry4_CI_O[0])
                                                      0.181    12.633 r  u_calc/stg1_mult_sum_reg[0][1][23]_i_13/O[0]
                         net (fo=3, routed)           0.712    13.345    u_calc/stg1_mult_sum_reg[0][1][23]_i_13_n_7
    SLICE_X98Y54         LUT3 (Prop_lut3_I0_O)        0.249    13.594 r  u_calc/stg1_mult_sum[0][1][19]_i_4/O
                         net (fo=1, routed)           0.420    14.014    u_calc/stg1_mult_sum[0][1][19]_i_4_n_0
    SLICE_X98Y52         CARRY4 (Prop_carry4_DI[1]_CO[3])
                                                      0.430    14.444 r  u_calc/stg1_mult_sum_reg[0][1][19]_i_1/CO[3]
                         net (fo=1, routed)           0.000    14.444    u_conv2/u_calc/stg1_mult_sum_reg[0][1][23]_0[0]
    SLICE_X98Y53         CARRY4 (Prop_carry4_CI_O[0])
                                                      0.178    14.622 r  u_conv2/u_calc/stg1_mult_sum_reg[0][1][23]_i_2/O[0]
                         net (fo=1, routed)           0.000    14.622    u_conv2/u_calc/stg1_mult_sum_reg[0][1][23]_i_2_n_7
    SLICE_X98Y53         FDRE                                         r  u_conv2/u_calc/stg1_mult_sum_reg[0][1][20]/D
  -------------------------------------------------------------------    -------------------

                         (clock aclk rise edge)      10.000    10.000 r  
    U7                                                0.000    10.000 r  aclk (IN)
                         net (fo=0)                   0.000    10.000    aclk
    U7                   IBUF (Prop_ibuf_I_O)         0.859    10.859 r  aclk_IBUF_inst/O
                         net (fo=1, routed)           1.673    12.532    aclk_IBUF
    BUFGCTRL_X0Y0        BUFG (Prop_bufg_I_O)         0.077    12.609 r  aclk_IBUF_BUFG_inst/O
                         net (fo=7275, routed)        1.350    13.959    u_conv2/u_calc/aclk_IBUF_BUFG
    SLICE_X98Y53         FDRE                                         r  u_conv2/u_calc/stg1_mult_sum_reg[0][1][20]/C
                         clock pessimism              0.310    14.269    
                         clock uncertainty           -0.035    14.233    
    SLICE_X98Y53         FDRE (Setup_fdre_C_D)        0.101    14.334    u_conv2/u_calc/stg1_mult_sum_reg[0][1][20]
  -------------------------------------------------------------------
                         required time                         14.334    
                         arrival time                         -14.622    
  -------------------------------------------------------------------
                         slack                                 -0.288    

Slack (VIOLATED) :        -0.287ns  (required time - arrival time)
  Source:                 u_conv2/u_calc/calc_state_reg[0]_rep__0/C
                            (rising edge-triggered cell FDRE clocked by aclk  {rise@0.000ns fall@5.000ns period=10.000ns})
  Destination:            u_conv2/u_calc/stg1_mult_sum_reg[3][3][20]/D
                            (rising edge-triggered cell FDRE clocked by aclk  {rise@0.000ns fall@5.000ns period=10.000ns})
  Path Group:             aclk
  Path Type:              Setup (Max at Slow Process Corner)
  Requirement:            10.000ns  (aclk rise@10.000ns - aclk rise@0.000ns)
  Data Path Delay:        10.183ns  (logic 5.525ns (54.255%)  route 4.658ns (45.745%))
  Logic Levels:           10  (CARRY4=5 DSP48E1=1 LUT1=1 LUT3=2 LUT4=1)
  Clock Path Skew:        -0.127ns (DCD - SCD + CPR)
    Destination Clock Delay (DCD):    3.923ns = ( 13.923 - 10.000 ) 
    Source Clock Delay      (SCD):    4.371ns
    Clock Pessimism Removal (CPR):    0.322ns
  Clock Uncertainty:      0.035ns  ((TSJ^2 + TIJ^2)^1/2 + DJ) / 2 + PE
    Total System Jitter     (TSJ):    0.071ns
    Total Input Jitter      (TIJ):    0.000ns
    Discrete Jitter          (DJ):    0.000ns
    Phase Error              (PE):    0.000ns

    Location             Delay type                Incr(ns)  Path(ns)    Netlist Resource(s)
  -------------------------------------------------------------------    -------------------
                         (clock aclk rise edge)       0.000     0.000 r  
    U7                                                0.000     0.000 r  aclk (IN)
                         net (fo=0)                   0.000     0.000    aclk
    U7                   IBUF (Prop_ibuf_I_O)         0.990     0.990 r  aclk_IBUF_inst/O
                         net (fo=1, routed)           1.843     2.833    aclk_IBUF
    BUFGCTRL_X0Y0        BUFG (Prop_bufg_I_O)         0.085     2.918 r  aclk_IBUF_BUFG_inst/O
                         net (fo=7275, routed)        1.453     4.371    u_conv2/u_calc/aclk_IBUF_BUFG
    SLICE_X60Y35         FDRE                                         r  u_conv2/u_calc/calc_state_reg[0]_rep__0/C
  -------------------------------------------------------------------    -------------------
    SLICE_X60Y35         FDRE (Prop_fdre_C_Q)         0.379     4.750 f  u_conv2/u_calc/calc_state_reg[0]_rep__0/Q
                         net (fo=13, routed)          0.435     5.186    u_conv2/u_calc_n_23
    SLICE_X61Y32         LUT1 (Prop_lut1_I0_O)        0.105     5.291 r  u_conv2/g1_b7_rep__10/O
                         net (fo=7, routed)           1.722     7.012    u_conv2/u_calc/p_0_out__126_0[0]
    DSP48_X0Y8           DSP48E1 (Prop_dsp48e1_B[0]_P[7])
                                                      3.076    10.088 r  u_conv2/u_calc/p_0_out__125/P[7]
                         net (fo=2, routed)           0.875    10.964    u_conv2/u_calc/p_0_out__125_n_98
    SLICE_X15Y17         LUT3 (Prop_lut3_I1_O)        0.124    11.088 r  u_conv2/u_calc/stg1_mult_sum[3][3][15]_i_16/O
                         net (fo=2, routed)           0.668    11.756    u_conv2/u_calc/p_0_out__127_4[0]
    SLICE_X15Y18         LUT4 (Prop_lut4_I3_O)        0.274    12.030 r  u_conv2/u_calc/stg1_mult_sum[3][3][15]_i_20/O
                         net (fo=1, routed)           0.000    12.030    u_conv2_n_2197
    SLICE_X15Y18         CARRY4 (Prop_carry4_S[0]_CO[3])
                                                      0.440    12.470 r  u_calc/stg1_mult_sum_reg[3][3][15]_i_10/CO[3]
                         net (fo=1, routed)           0.000    12.470    u_calc/stg1_mult_sum_reg[3][3][15]_i_10_n_0
    SLICE_X15Y19         CARRY4 (Prop_carry4_CI_O[0])
                                                      0.181    12.651 r  u_calc/stg1_mult_sum_reg[3][3][19]_i_10/O[0]
                         net (fo=3, routed)           0.690    13.341    u_calc/stg1_mult_sum_reg[3][3][19]_i_10_n_7
    SLICE_X14Y20         LUT3 (Prop_lut3_I0_O)        0.249    13.590 r  u_calc/stg1_mult_sum[3][3][15]_i_4/O
                         net (fo=1, routed)           0.268    13.858    u_calc/stg1_mult_sum[3][3][15]_i_4_n_0
    SLICE_X17Y20         CARRY4 (Prop_carry4_DI[1]_CO[3])
                                                      0.418    14.276 r  u_calc/stg1_mult_sum_reg[3][3][15]_i_1/CO[3]
                         net (fo=1, routed)           0.000    14.276    u_calc/stg1_mult_sum_reg[3][3][15]_i_1_n_0
    SLICE_X17Y21         CARRY4 (Prop_carry4_CI_CO[3])
                                                      0.098    14.374 r  u_calc/stg1_mult_sum_reg[3][3][19]_i_1/CO[3]
                         net (fo=1, routed)           0.000    14.374    u_conv2/u_calc/stg1_mult_sum_reg[3][3][23]_0[0]
    SLICE_X17Y22         CARRY4 (Prop_carry4_CI_O[0])
                                                      0.181    14.555 r  u_conv2/u_calc/stg1_mult_sum_reg[3][3][23]_i_1/O[0]
                         net (fo=1, routed)           0.000    14.555    u_conv2/u_calc/stg1_mult_sum_reg[3][3][23]_i_1_n_7
    SLICE_X17Y22         FDRE                                         r  u_conv2/u_calc/stg1_mult_sum_reg[3][3][20]/D
  -------------------------------------------------------------------    -------------------

                         (clock aclk rise edge)      10.000    10.000 r  
    U7                                                0.000    10.000 r  aclk (IN)
                         net (fo=0)                   0.000    10.000    aclk
    U7                   IBUF (Prop_ibuf_I_O)         0.859    10.859 r  aclk_IBUF_inst/O
                         net (fo=1, routed)           1.673    12.532    aclk_IBUF
    BUFGCTRL_X0Y0        BUFG (Prop_bufg_I_O)         0.077    12.609 r  aclk_IBUF_BUFG_inst/O
                         net (fo=7275, routed)        1.314    13.923    u_conv2/u_calc/aclk_IBUF_BUFG
    SLICE_X17Y22         FDRE                                         r  u_conv2/u_calc/stg1_mult_sum_reg[3][3][20]/C
                         clock pessimism              0.322    14.244    
                         clock uncertainty           -0.035    14.209    
    SLICE_X17Y22         FDRE (Setup_fdre_C_D)        0.059    14.268    u_conv2/u_calc/stg1_mult_sum_reg[3][3][20]
  -------------------------------------------------------------------
                         required time                         14.268    
                         arrival time                         -14.555    
  -------------------------------------------------------------------
                         slack                                 -0.287    

Slack (VIOLATED) :        -0.274ns  (required time - arrival time)
  Source:                 u_conv2/u_calc/calc_state_reg[0]_rep_replica_5/C
                            (rising edge-triggered cell FDRE clocked by aclk  {rise@0.000ns fall@5.000ns period=10.000ns})
  Destination:            u_conv2/u_calc/stg1_mult_sum_reg[2][1][21]/D
                            (rising edge-triggered cell FDRE clocked by aclk  {rise@0.000ns fall@5.000ns period=10.000ns})
  Path Group:             aclk
  Path Type:              Setup (Max at Slow Process Corner)
  Requirement:            10.000ns  (aclk rise@10.000ns - aclk rise@0.000ns)
  Data Path Delay:        10.209ns  (logic 5.400ns (52.896%)  route 4.809ns (47.104%))
  Logic Levels:           11  (CARRY4=7 DSP48E1=1 LUT1=1 LUT3=1 LUT6=1)
  Clock Path Skew:        -0.089ns (DCD - SCD + CPR)
    Destination Clock Delay (DCD):    3.900ns = ( 13.900 - 10.000 ) 
    Source Clock Delay      (SCD):    4.310ns
    Clock Pessimism Removal (CPR):    0.322ns
  Clock Uncertainty:      0.035ns  ((TSJ^2 + TIJ^2)^1/2 + DJ) / 2 + PE
    Total System Jitter     (TSJ):    0.071ns
    Total Input Jitter      (TIJ):    0.000ns
    Discrete Jitter          (DJ):    0.000ns
    Phase Error              (PE):    0.000ns

    Location             Delay type                Incr(ns)  Path(ns)    Netlist Resource(s)
  -------------------------------------------------------------------    -------------------
                         (clock aclk rise edge)       0.000     0.000 r  
    U7                                                0.000     0.000 r  aclk (IN)
                         net (fo=0)                   0.000     0.000    aclk
    U7                   IBUF (Prop_ibuf_I_O)         0.990     0.990 r  aclk_IBUF_inst/O
                         net (fo=1, routed)           1.843     2.833    aclk_IBUF
    BUFGCTRL_X0Y0        BUFG (Prop_bufg_I_O)         0.085     2.918 r  aclk_IBUF_BUFG_inst/O
                         net (fo=7275, routed)        1.392     4.310    u_conv2/u_calc/aclk_IBUF_BUFG
    SLICE_X35Y27         FDRE                                         r  u_conv2/u_calc/calc_state_reg[0]_rep_replica_5/C
  -------------------------------------------------------------------    -------------------
    SLICE_X35Y27         FDRE (Prop_fdre_C_Q)         0.379     4.689 f  u_conv2/u_calc/calc_state_reg[0]_rep_replica_5/Q
                         net (fo=29, routed)          0.430     5.120    u_conv2/calc_state_reg[0]_rep_0_repN_5_alias
    SLICE_X37Y27         LUT1 (Prop_lut1_I0_O)        0.105     5.225 r  u_conv2/g1_b4__12/O
                         net (fo=4, routed)           1.589     6.814    u_conv2/u_calc/p_0_out__71_5[0]
    DSP48_X3Y10          DSP48E1 (Prop_dsp48e1_B[5]_P[1])
                                                      3.076     9.890 r  u_conv2/u_calc/p_0_out__77/P[1]
                         net (fo=3, routed)           1.126    11.016    u_conv2/u_calc/p_0_out__77_n_104
    SLICE_X80Y24         LUT3 (Prop_lut3_I1_O)        0.105    11.121 r  u_conv2/u_calc/stg1_mult_sum[2][1][7]_i_28/O
                         net (fo=1, routed)           0.429    11.550    u_conv2_n_1373
    SLICE_X81Y24         CARRY4 (Prop_carry4_DI[2]_CO[3])
                                                      0.329    11.879 r  u_calc/stg1_mult_sum_reg[2][1][7]_i_12/CO[3]
                         net (fo=1, routed)           0.008    11.887    u_calc/stg1_mult_sum_reg[2][1][7]_i_12_n_0
    SLICE_X81Y25         CARRY4 (Prop_carry4_CI_CO[3])
                                                      0.098    11.985 r  u_calc/stg1_mult_sum_reg[2][1][11]_i_12/CO[3]
                         net (fo=1, routed)           0.000    11.985    u_calc/stg1_mult_sum_reg[2][1][11]_i_12_n_0
    SLICE_X81Y26         CARRY4 (Prop_carry4_CI_CO[3])
                                                      0.098    12.083 r  u_calc/stg1_mult_sum_reg[2][1][15]_i_12/CO[3]
                         net (fo=1, routed)           0.000    12.083    u_calc/stg1_mult_sum_reg[2][1][15]_i_12_n_0
    SLICE_X81Y27         CARRY4 (Prop_carry4_CI_O[1])
                                                      0.265    12.348 r  u_calc/stg1_mult_sum_reg[2][1][19]_i_12/O[1]
                         net (fo=3, routed)           1.226    13.574    u_calc/stg1_mult_sum_reg[2][1][19]_i_12_n_6
    SLICE_X60Y26         LUT6 (Prop_lut6_I0_O)        0.250    13.824 r  u_calc/stg1_mult_sum[2][1][15]_i_7/O
                         net (fo=1, routed)           0.000    13.824    u_calc/stg1_mult_sum[2][1][15]_i_7_n_0
    SLICE_X60Y26         CARRY4 (Prop_carry4_S[2]_CO[3])
                                                      0.332    14.156 r  u_calc/stg1_mult_sum_reg[2][1][15]_i_1/CO[3]
                         net (fo=1, routed)           0.000    14.156    u_calc/stg1_mult_sum_reg[2][1][15]_i_1_n_0
    SLICE_X60Y27         CARRY4 (Prop_carry4_CI_CO[3])
                                                      0.098    14.254 r  u_calc/stg1_mult_sum_reg[2][1][19]_i_1/CO[3]
                         net (fo=1, routed)           0.000    14.254    u_conv2/u_calc/stg1_mult_sum_reg[2][1][23]_0[0]
    SLICE_X60Y28         CARRY4 (Prop_carry4_CI_O[1])
                                                      0.265    14.519 r  u_conv2/u_calc/stg1_mult_sum_reg[2][1][23]_i_1/O[1]
                         net (fo=1, routed)           0.000    14.519    u_conv2/u_calc/stg1_mult_sum_reg[2][1][23]_i_1_n_6
    SLICE_X60Y28         FDRE                                         r  u_conv2/u_calc/stg1_mult_sum_reg[2][1][21]/D
  -------------------------------------------------------------------    -------------------

                         (clock aclk rise edge)      10.000    10.000 r  
    U7                                                0.000    10.000 r  aclk (IN)
                         net (fo=0)                   0.000    10.000    aclk
    U7                   IBUF (Prop_ibuf_I_O)         0.859    10.859 r  aclk_IBUF_inst/O
                         net (fo=1, routed)           1.673    12.532    aclk_IBUF
    BUFGCTRL_X0Y0        BUFG (Prop_bufg_I_O)         0.077    12.609 r  aclk_IBUF_BUFG_inst/O
                         net (fo=7275, routed)        1.291    13.900    u_conv2/u_calc/aclk_IBUF_BUFG
    SLICE_X60Y28         FDRE                                         r  u_conv2/u_calc/stg1_mult_sum_reg[2][1][21]/C
                         clock pessimism              0.322    14.221    
                         clock uncertainty           -0.035    14.186    
    SLICE_X60Y28         FDRE (Setup_fdre_C_D)        0.059    14.245    u_conv2/u_calc/stg1_mult_sum_reg[2][1][21]
  -------------------------------------------------------------------
                         required time                         14.245    
                         arrival time                         -14.519    
  -------------------------------------------------------------------
                         slack                                 -0.274    

Slack (VIOLATED) :        -0.274ns  (required time - arrival time)
  Source:                 u_conv2/u_calc/calc_state_reg[0]_rep__0/C
                            (rising edge-triggered cell FDRE clocked by aclk  {rise@0.000ns fall@5.000ns period=10.000ns})
  Destination:            u_conv2/u_calc/stg1_mult_sum_reg[3][2][22]/D
                            (rising edge-triggered cell FDRE clocked by aclk  {rise@0.000ns fall@5.000ns period=10.000ns})
  Path Group:             aclk
  Path Type:              Setup (Max at Slow Process Corner)
  Requirement:            10.000ns  (aclk rise@10.000ns - aclk rise@0.000ns)
  Data Path Delay:        10.296ns  (logic 5.526ns (53.672%)  route 4.770ns (46.328%))
  Logic Levels:           12  (CARRY4=7 DSP48E1=1 LUT1=1 LUT3=2 LUT4=1)
  Clock Path Skew:        -0.002ns (DCD - SCD + CPR)
    Destination Clock Delay (DCD):    3.964ns = ( 13.964 - 10.000 ) 
    Source Clock Delay      (SCD):    4.371ns
    Clock Pessimism Removal (CPR):    0.406ns
  Clock Uncertainty:      0.035ns  ((TSJ^2 + TIJ^2)^1/2 + DJ) / 2 + PE
    Total System Jitter     (TSJ):    0.071ns
    Total Input Jitter      (TIJ):    0.000ns
    Discrete Jitter          (DJ):    0.000ns
    Phase Error              (PE):    0.000ns

    Location             Delay type                Incr(ns)  Path(ns)    Netlist Resource(s)
  -------------------------------------------------------------------    -------------------
                         (clock aclk rise edge)       0.000     0.000 r  
    U7                                                0.000     0.000 r  aclk (IN)
                         net (fo=0)                   0.000     0.000    aclk
    U7                   IBUF (Prop_ibuf_I_O)         0.990     0.990 r  aclk_IBUF_inst/O
                         net (fo=1, routed)           1.843     2.833    aclk_IBUF
    BUFGCTRL_X0Y0        BUFG (Prop_bufg_I_O)         0.085     2.918 r  aclk_IBUF_BUFG_inst/O
                         net (fo=7275, routed)        1.453     4.371    u_conv2/u_calc/aclk_IBUF_BUFG
    SLICE_X60Y35         FDRE                                         r  u_conv2/u_calc/calc_state_reg[0]_rep__0/C
  -------------------------------------------------------------------    -------------------
    SLICE_X60Y35         FDRE (Prop_fdre_C_Q)         0.379     4.750 f  u_conv2/u_calc/calc_state_reg[0]_rep__0/Q
                         net (fo=13, routed)          0.208     4.958    u_conv2/u_calc_n_23
    SLICE_X61Y35         LUT1 (Prop_lut1_I0_O)        0.105     5.063 r  u_conv2/g1_b7_rep_rep__7/O
                         net (fo=9, routed)           1.461     6.524    u_conv2/u_calc/p_0_out__120_1[0]
    DSP48_X4Y13          DSP48E1 (Prop_dsp48e1_B[6]_P[2])
                                                      3.076     9.600 r  u_conv2/u_calc/p_0_out__120/P[2]
                         net (fo=2, routed)           1.059    10.659    u_conv2/u_calc/p_0_out__120_n_103
    SLICE_X102Y20        LUT3 (Prop_lut3_I1_O)        0.127    10.786 r  u_conv2/u_calc/stg1_mult_sum[3][2][7]_i_19/O
                         net (fo=2, routed)           0.581    11.367    u_conv2/u_calc/p_0_out__119_1[2]
    SLICE_X102Y20        LUT4 (Prop_lut4_I3_O)        0.268    11.635 r  u_conv2/u_calc/stg1_mult_sum[3][2][7]_i_22/O
                         net (fo=1, routed)           0.000    11.635    u_conv2_n_2033
    SLICE_X102Y20        CARRY4 (Prop_carry4_S[3]_CO[3])
                                                      0.314    11.949 r  u_calc/stg1_mult_sum_reg[3][2][7]_i_11/CO[3]
                         net (fo=1, routed)           0.000    11.949    u_calc/stg1_mult_sum_reg[3][2][7]_i_11_n_0
    SLICE_X102Y21        CARRY4 (Prop_carry4_CI_CO[3])
                                                      0.100    12.049 r  u_calc/stg1_mult_sum_reg[3][2][11]_i_11/CO[3]
                         net (fo=1, routed)           0.000    12.049    u_calc/stg1_mult_sum_reg[3][2][11]_i_11_n_0
    SLICE_X102Y22        CARRY4 (Prop_carry4_CI_O[2])
                                                      0.199    12.248 r  u_calc/stg1_mult_sum_reg[3][2][15]_i_11/O[2]
                         net (fo=3, routed)           0.780    13.028    u_calc/stg1_mult_sum_reg[3][2][15]_i_11_n_5
    SLICE_X103Y12        LUT3 (Prop_lut3_I1_O)        0.244    13.272 r  u_calc/stg1_mult_sum[3][2][11]_i_2/O
                         net (fo=1, routed)           0.681    13.953    u_calc/stg1_mult_sum[3][2][11]_i_2_n_0
    SLICE_X101Y16        CARRY4 (Prop_carry4_DI[3]_CO[3])
                                                      0.318    14.271 r  u_calc/stg1_mult_sum_reg[3][2][11]_i_1/CO[3]
                         net (fo=1, routed)           0.000    14.271    u_calc/stg1_mult_sum_reg[3][2][11]_i_1_n_0
    SLICE_X101Y17        CARRY4 (Prop_carry4_CI_CO[3])
                                                      0.098    14.369 r  u_calc/stg1_mult_sum_reg[3][2][15]_i_1/CO[3]
                         net (fo=1, routed)           0.000    14.369    u_calc/stg1_mult_sum_reg[3][2][15]_i_1_n_0
    SLICE_X101Y18        CARRY4 (Prop_carry4_CI_CO[3])
                                                      0.098    14.467 r  u_calc/stg1_mult_sum_reg[3][2][19]_i_1/CO[3]
                         net (fo=1, routed)           0.000    14.467    u_conv2/u_calc/stg1_mult_sum_reg[3][2][23]_0[0]
    SLICE_X101Y19        CARRY4 (Prop_carry4_CI_O[2])
                                                      0.200    14.667 r  u_conv2/u_calc/stg1_mult_sum_reg[3][2][23]_i_1/O[2]
                         net (fo=1, routed)           0.000    14.667    u_conv2/u_calc/stg1_mult_sum_reg[3][2][23]_i_1_n_5
    SLICE_X101Y19        FDRE                                         r  u_conv2/u_calc/stg1_mult_sum_reg[3][2][22]/D
  -------------------------------------------------------------------    -------------------

                         (clock aclk rise edge)      10.000    10.000 r  
    U7                                                0.000    10.000 r  aclk (IN)
                         net (fo=0)                   0.000    10.000    aclk
    U7                   IBUF (Prop_ibuf_I_O)         0.859    10.859 r  aclk_IBUF_inst/O
                         net (fo=1, routed)           1.673    12.532    aclk_IBUF
    BUFGCTRL_X0Y0        BUFG (Prop_bufg_I_O)         0.077    12.609 r  aclk_IBUF_BUFG_inst/O
                         net (fo=7275, routed)        1.355    13.964    u_conv2/u_calc/aclk_IBUF_BUFG
    SLICE_X101Y19        FDRE                                         r  u_conv2/u_calc/stg1_mult_sum_reg[3][2][22]/C
                         clock pessimism              0.406    14.369    
                         clock uncertainty           -0.035    14.334    
    SLICE_X101Y19        FDRE (Setup_fdre_C_D)        0.059    14.393    u_conv2/u_calc/stg1_mult_sum_reg[3][2][22]
  -------------------------------------------------------------------
                         required time                         14.393    
                         arrival time                         -14.667    
  -------------------------------------------------------------------
                         slack                                 -0.274    





Pulse Width Checks
--------------------------------------------------------------------------------------
Clock Name:         aclk
Waveform(ns):       { 0.000 5.000 }
Period(ns):         10.000
Sources:            { aclk }

Check Type        Corner  Lib Pin      Reference Pin  Required(ns)  Actual(ns)  Slack(ns)  Location      Pin
Min Period        n/a     DSP48E1/CLK  n/a            3.272         10.000      6.728      DSP48_X2Y46   u_fc/product_s1_reg[0]/CLK
Min Period        n/a     DSP48E1/CLK  n/a            3.272         10.000      6.728      DSP48_X2Y44   u_fc/product_s1_reg[2]/CLK
Min Period        n/a     DSP48E1/CLK  n/a            3.272         10.000      6.728      DSP48_X3Y44   u_fc/product_s1_reg[4]/CLK
Min Period        n/a     DSP48E1/CLK  n/a            3.272         10.000      6.728      DSP48_X3Y42   u_fc/product_s1_reg[6]/CLK
Min Period        n/a     DSP48E1/CLK  n/a            1.816         10.000      8.184      DSP48_X2Y28   u_conv2/u_calc/p_0_out__104/CLK
Min Period        n/a     DSP48E1/CLK  n/a            1.816         10.000      8.184      DSP48_X4Y15   u_conv2/u_calc/p_0_out__113/CLK
Min Period        n/a     DSP48E1/CLK  n/a            1.816         10.000      8.184      DSP48_X4Y11   u_conv2/u_calc/p_0_out__122/CLK
Min Period        n/a     DSP48E1/CLK  n/a            1.816         10.000      8.184      DSP48_X1Y11   u_conv2/u_calc/p_0_out__131/CLK
Min Period        n/a     DSP48E1/CLK  n/a            1.816         10.000      8.184      DSP48_X2Y19   u_conv2/u_calc/p_0_out__140/CLK
Min Period        n/a     DSP48E1/CLK  n/a            1.816         10.000      8.184      DSP48_X1Y17   u_conv2/u_calc/p_0_out__21/CLK
Min Period        n/a     DSP48E1/CLK  n/a            1.816         10.000      8.184      DSP48_X4Y18   u_conv2/u_calc/p_0_out__4/CLK
Min Period        n/a     DSP48E1/CLK  n/a            1.816         10.000      8.184      DSP48_X0Y1    u_conv2/u_calc/p_0_out__49/CLK
Min Period        n/a     DSP48E1/CLK  n/a            1.816         10.000      8.184      DSP48_X0Y5    u_conv2/u_calc/p_0_out__58/CLK
Min Period        n/a     DSP48E1/CLK  n/a            1.816         10.000      8.184      DSP48_X3Y28   u_conv2/u_calc/p_0_out__67/CLK
Min Period        n/a     DSP48E1/CLK  n/a            1.816         10.000      8.184      DSP48_X3Y8    u_conv2/u_calc/p_0_out__76/CLK
Min Period        n/a     DSP48E1/CLK  n/a            1.816         10.000      8.184      DSP48_X2Y1    u_conv2/u_calc/p_0_out__85/CLK
Min Period        n/a     DSP48E1/CLK  n/a            1.816         10.000      8.184      DSP48_X2Y33   u_conv2/u_calc/p_0_out__94/CLK
Min Period        n/a     DSP48E1/CLK  n/a            1.816         10.000      8.184      DSP48_X2Y35   u_conv2/u_calc/p_0_out__105/CLK
Min Period        n/a     DSP48E1/CLK  n/a            1.816         10.000      8.184      DSP48_X4Y14   u_conv2/u_calc/p_0_out__114/CLK
Min Period        n/a     DSP48E1/CLK  n/a            1.816         10.000      8.184      DSP48_X3Y6    u_conv2/u_calc/p_0_out__123/CLK
Low Pulse Width   Slow    RAMD64E/CLK  n/a            1.130         5.000       3.870      SLICE_X22Y15  u_conv1/u_conv1_buf/buffer_reg_r10_0_63_3_5/RAMA/CLK
Low Pulse Width   Slow    RAMD64E/CLK  n/a            1.130         5.000       3.870      SLICE_X22Y15  u_conv1/u_conv1_buf/buffer_reg_r10_0_63_3_5/RAMB/CLK
Low Pulse Width   Slow    RAMD64E/CLK  n/a            1.130         5.000       3.870      SLICE_X22Y15  u_conv1/u_conv1_buf/buffer_reg_r10_0_63_3_5/RAMC/CLK
Low Pulse Width   Slow    RAMD64E/CLK  n/a            1.130         5.000       3.870      SLICE_X22Y15  u_conv1/u_conv1_buf/buffer_reg_r10_0_63_3_5/RAMD/CLK
Low Pulse Width   Slow    RAMD64E/CLK  n/a            1.130         5.000       3.870      SLICE_X26Y12  u_conv1/u_conv1_buf/buffer_reg_r10_0_63_6_6/DP/CLK
Low Pulse Width   Slow    RAMD64E/CLK  n/a            1.130         5.000       3.870      SLICE_X26Y12  u_conv1/u_conv1_buf/buffer_reg_r10_0_63_6_6/SP/CLK
Low Pulse Width   Slow    RAMD64E/CLK  n/a            1.130         5.000       3.870      SLICE_X26Y12  u_conv1/u_conv1_buf/buffer_reg_r10_0_63_7_7/DP/CLK
Low Pulse Width   Slow    RAMD64E/CLK  n/a            1.130         5.000       3.870      SLICE_X26Y12  u_conv1/u_conv1_buf/buffer_reg_r10_0_63_7_7/SP/CLK
Low Pulse Width   Slow    RAMD64E/CLK  n/a            1.130         5.000       3.870      SLICE_X10Y19  u_conv1/u_conv1_buf/buffer_reg_r11_64_127_6_6/DP/CLK
Low Pulse Width   Slow    RAMD64E/CLK  n/a            1.130         5.000       3.870      SLICE_X10Y19  u_conv1/u_conv1_buf/buffer_reg_r11_64_127_6_6/SP/CLK
Low Pulse Width   Slow    RAMD64E/CLK  n/a            1.130         5.000       3.870      SLICE_X10Y19  u_conv1/u_conv1_buf/buffer_reg_r11_64_127_7_7/DP/CLK
Low Pulse Width   Slow    RAMD64E/CLK  n/a            1.130         5.000       3.870      SLICE_X10Y19  u_conv1/u_conv1_buf/buffer_reg_r11_64_127_7_7/SP/CLK
Low Pulse Width   Slow    RAMD64E/CLK  n/a            1.130         5.000       3.870      SLICE_X20Y17  u_conv1/u_conv1_buf/buffer_reg_r1_64_127_0_2/RAMA/CLK
Low Pulse Width   Slow    RAMD64E/CLK  n/a            1.130         5.000       3.870      SLICE_X20Y17  u_conv1/u_conv1_buf/buffer_reg_r1_64_127_0_2/RAMB/CLK
Low Pulse Width   Slow    RAMD64E/CLK  n/a            1.130         5.000       3.870      SLICE_X20Y17  u_conv1/u_conv1_buf/buffer_reg_r1_64_127_0_2/RAMC/CLK
Low Pulse Width   Slow    RAMD64E/CLK  n/a            1.130         5.000       3.870      SLICE_X20Y17  u_conv1/u_conv1_buf/buffer_reg_r1_64_127_0_2/RAMD/CLK
Low Pulse Width   Slow    RAMD64E/CLK  n/a            1.130         5.000       3.870      SLICE_X26Y13  u_conv1/u_conv1_buf/buffer_reg_r4_0_63_6_6/DP/CLK
Low Pulse Width   Slow    RAMD64E/CLK  n/a            1.130         5.000       3.870      SLICE_X26Y13  u_conv1/u_conv1_buf/buffer_reg_r4_0_63_6_6/SP/CLK
Low Pulse Width   Slow    RAMD64E/CLK  n/a            1.130         5.000       3.870      SLICE_X26Y13  u_conv1/u_conv1_buf/buffer_reg_r4_0_63_7_7/DP/CLK
Low Pulse Width   Slow    RAMD64E/CLK  n/a            1.130         5.000       3.870      SLICE_X26Y13  u_conv1/u_conv1_buf/buffer_reg_r4_0_63_7_7/SP/CLK
High Pulse Width  Slow    RAMD64E/CLK  n/a            1.130         5.000       3.870      SLICE_X22Y13  u_conv1/u_conv1_buf/buffer_reg_r10_0_63_0_2/RAMA/CLK
High Pulse Width  Slow    RAMD64E/CLK  n/a            1.130         5.000       3.870      SLICE_X22Y13  u_conv1/u_conv1_buf/buffer_reg_r10_0_63_0_2/RAMB/CLK
High Pulse Width  Slow    RAMD64E/CLK  n/a            1.130         5.000       3.870      SLICE_X22Y13  u_conv1/u_conv1_buf/buffer_reg_r10_0_63_0_2/RAMC/CLK
High Pulse Width  Slow    RAMD64E/CLK  n/a            1.130         5.000       3.870      SLICE_X22Y13  u_conv1/u_conv1_buf/buffer_reg_r10_0_63_0_2/RAMD/CLK
High Pulse Width  Slow    RAMD64E/CLK  n/a            1.130         5.000       3.870      SLICE_X22Y12  u_conv1/u_conv1_buf/buffer_reg_r10_64_127_0_2/RAMA/CLK
High Pulse Width  Slow    RAMD64E/CLK  n/a            1.130         5.000       3.870      SLICE_X22Y12  u_conv1/u_conv1_buf/buffer_reg_r10_64_127_0_2/RAMB/CLK
High Pulse Width  Slow    RAMD64E/CLK  n/a            1.130         5.000       3.870      SLICE_X22Y12  u_conv1/u_conv1_buf/buffer_reg_r10_64_127_0_2/RAMC/CLK
High Pulse Width  Slow    RAMD64E/CLK  n/a            1.130         5.000       3.870      SLICE_X22Y12  u_conv1/u_conv1_buf/buffer_reg_r10_64_127_0_2/RAMD/CLK
High Pulse Width  Slow    RAMD64E/CLK  n/a            1.130         5.000       3.870      SLICE_X16Y14  u_conv1/u_conv1_buf/buffer_reg_r3_0_63_0_2/RAMA/CLK
High Pulse Width  Slow    RAMD64E/CLK  n/a            1.130         5.000       3.870      SLICE_X16Y14  u_conv1/u_conv1_buf/buffer_reg_r3_0_63_0_2/RAMB/CLK
High Pulse Width  Slow    RAMD64E/CLK  n/a            1.130         5.000       3.870      SLICE_X16Y14  u_conv1/u_conv1_buf/buffer_reg_r3_0_63_0_2/RAMC/CLK
High Pulse Width  Slow    RAMD64E/CLK  n/a            1.130         5.000       3.870      SLICE_X16Y14  u_conv1/u_conv1_buf/buffer_reg_r3_0_63_0_2/RAMD/CLK
High Pulse Width  Slow    RAMD64E/CLK  n/a            1.130         5.000       3.870      SLICE_X12Y16  u_conv1/u_conv1_buf/buffer_reg_r3_0_63_3_5/RAMA/CLK
High Pulse Width  Slow    RAMD64E/CLK  n/a            1.130         5.000       3.870      SLICE_X12Y16  u_conv1/u_conv1_buf/buffer_reg_r3_0_63_3_5/RAMB/CLK
High Pulse Width  Slow    RAMD64E/CLK  n/a            1.130         5.000       3.870      SLICE_X12Y16  u_conv1/u_conv1_buf/buffer_reg_r3_0_63_3_5/RAMC/CLK
High Pulse Width  Slow    RAMD64E/CLK  n/a            1.130         5.000       3.870      SLICE_X12Y16  u_conv1/u_conv1_buf/buffer_reg_r3_0_63_3_5/RAMD/CLK
High Pulse Width  Slow    RAMD64E/CLK  n/a            1.130         5.000       3.870      SLICE_X14Y14  u_conv1/u_conv1_buf/buffer_reg_r3_64_127_0_2/RAMA/CLK
High Pulse Width  Slow    RAMD64E/CLK  n/a            1.130         5.000       3.870      SLICE_X14Y14  u_conv1/u_conv1_buf/buffer_reg_r3_64_127_0_2/RAMB/CLK
High Pulse Width  Slow    RAMD64E/CLK  n/a            1.130         5.000       3.870      SLICE_X14Y14  u_conv1/u_conv1_buf/buffer_reg_r3_64_127_0_2/RAMC/CLK
High Pulse Width  Slow    RAMD64E/CLK  n/a            1.130         5.000       3.870      SLICE_X14Y14  u_conv1/u_conv1_buf/buffer_reg_r3_64_127_0_2/RAMD/CLK



--------------------------------------------------------------------------------------
Path Group:  (none)
From Clock:  aclk
  To Clock:  

Max Delay             7 Endpoints
Min Delay             0 Endpoints
--------------------------------------------------------------------------------------


Max Delay Paths
--------------------------------------------------------------------------------------
Slack:                    inf
  Source:                 m_axis_tdata_reg_reg[3]/C
                            (rising edge-triggered cell FDRE clocked by aclk  {rise@0.000ns fall@5.000ns period=10.000ns})
  Destination:            m_axis_tdata[3]
                            (output port)
  Path Group:             (none)
  Path Type:              Max at Slow Process Corner
  Data Path Delay:        7.231ns  (logic 2.895ns (40.030%)  route 4.337ns (59.970%))
  Logic Levels:           1  (OBUF=1)
  Clock Uncertainty:      0.025ns  ((TSJ^2 + TIJ^2)^1/2 + DJ) / 2 + PE
    Total System Jitter     (TSJ):    0.050ns
    Total Input Jitter      (TIJ):    0.000ns
    Discrete Jitter          (DJ):    0.000ns
    Phase Error              (PE):    0.000ns

    Location             Delay type                Incr(ns)  Path(ns)    Netlist Resource(s)
  -------------------------------------------------------------------    -------------------
                         (clock aclk rise edge)       0.000     0.000 r  
    U7                                                0.000     0.000 r  aclk (IN)
                         net (fo=0)                   0.000     0.000    aclk
    U7                   IBUF (Prop_ibuf_I_O)         0.990     0.990 r  aclk_IBUF_inst/O
                         net (fo=1, routed)           1.843     2.833    aclk_IBUF
    BUFGCTRL_X0Y0        BUFG (Prop_bufg_I_O)         0.085     2.918 r  aclk_IBUF_BUFG_inst/O
                         net (fo=7275, routed)        1.367     4.285    aclk_IBUF_BUFG
    SLICE_X50Y79         FDRE                                         r  m_axis_tdata_reg_reg[3]/C
  -------------------------------------------------------------------    -------------------
    SLICE_X50Y79         FDRE (Prop_fdre_C_Q)         0.433     4.718 r  m_axis_tdata_reg_reg[3]/Q
                         net (fo=1, routed)           4.337     9.055    m_axis_tdata_OBUF[3]
    W8                   OBUF (Prop_obuf_I_O)         2.462    11.517 r  m_axis_tdata_OBUF[3]_inst/O
                         net (fo=0)                   0.000    11.517    m_axis_tdata[3]
    W8                                                                r  m_axis_tdata[3] (OUT)
  -------------------------------------------------------------------    -------------------

Slack:                    inf
  Source:                 m_axis_tdata_reg_reg[1]/C
                            (rising edge-triggered cell FDRE clocked by aclk  {rise@0.000ns fall@5.000ns period=10.000ns})
  Destination:            m_axis_tdata[1]
                            (output port)
  Path Group:             (none)
  Path Type:              Max at Slow Process Corner
  Data Path Delay:        7.201ns  (logic 2.843ns (39.487%)  route 4.357ns (60.513%))
  Logic Levels:           1  (OBUF=1)
  Clock Uncertainty:      0.025ns  ((TSJ^2 + TIJ^2)^1/2 + DJ) / 2 + PE
    Total System Jitter     (TSJ):    0.050ns
    Total Input Jitter      (TIJ):    0.000ns
    Discrete Jitter          (DJ):    0.000ns
    Phase Error              (PE):    0.000ns

    Location             Delay type                Incr(ns)  Path(ns)    Netlist Resource(s)
  -------------------------------------------------------------------    -------------------
                         (clock aclk rise edge)       0.000     0.000 r  
    U7                                                0.000     0.000 r  aclk (IN)
                         net (fo=0)                   0.000     0.000    aclk
    U7                   IBUF (Prop_ibuf_I_O)         0.990     0.990 r  aclk_IBUF_inst/O
                         net (fo=1, routed)           1.843     2.833    aclk_IBUF
    BUFGCTRL_X0Y0        BUFG (Prop_bufg_I_O)         0.085     2.918 r  aclk_IBUF_BUFG_inst/O
                         net (fo=7275, routed)        1.367     4.285    aclk_IBUF_BUFG
    SLICE_X50Y79         FDRE                                         r  m_axis_tdata_reg_reg[1]/C
  -------------------------------------------------------------------    -------------------
    SLICE_X50Y79         FDRE (Prop_fdre_C_Q)         0.433     4.718 r  m_axis_tdata_reg_reg[1]/Q
                         net (fo=1, routed)           4.357     9.076    m_axis_tdata_OBUF[1]
    W9                   OBUF (Prop_obuf_I_O)         2.410    11.486 r  m_axis_tdata_OBUF[1]_inst/O
                         net (fo=0)                   0.000    11.486    m_axis_tdata[1]
    W9                                                                r  m_axis_tdata[1] (OUT)
  -------------------------------------------------------------------    -------------------

Slack:                    inf
  Source:                 m_axis_tdata_reg_reg[2]/C
                            (rising edge-triggered cell FDRE clocked by aclk  {rise@0.000ns fall@5.000ns period=10.000ns})
  Destination:            m_axis_tdata[2]
                            (output port)
  Path Group:             (none)
  Path Type:              Max at Slow Process Corner
  Data Path Delay:        7.193ns  (logic 2.861ns (39.776%)  route 4.332ns (60.224%))
  Logic Levels:           1  (OBUF=1)
  Clock Uncertainty:      0.025ns  ((TSJ^2 + TIJ^2)^1/2 + DJ) / 2 + PE
    Total System Jitter     (TSJ):    0.050ns
    Total Input Jitter      (TIJ):    0.000ns
    Discrete Jitter          (DJ):    0.000ns
    Phase Error              (PE):    0.000ns

    Location             Delay type                Incr(ns)  Path(ns)    Netlist Resource(s)
  -------------------------------------------------------------------    -------------------
                         (clock aclk rise edge)       0.000     0.000 r  
    U7                                                0.000     0.000 r  aclk (IN)
                         net (fo=0)                   0.000     0.000    aclk
    U7                   IBUF (Prop_ibuf_I_O)         0.990     0.990 r  aclk_IBUF_inst/O
                         net (fo=1, routed)           1.843     2.833    aclk_IBUF
    BUFGCTRL_X0Y0        BUFG (Prop_bufg_I_O)         0.085     2.918 r  aclk_IBUF_BUFG_inst/O
                         net (fo=7275, routed)        1.367     4.285    aclk_IBUF_BUFG
    SLICE_X50Y79         FDRE                                         r  m_axis_tdata_reg_reg[2]/C
  -------------------------------------------------------------------    -------------------
    SLICE_X50Y79         FDRE (Prop_fdre_C_Q)         0.433     4.718 r  m_axis_tdata_reg_reg[2]/Q
                         net (fo=1, routed)           4.332     9.050    m_axis_tdata_OBUF[2]
    W10                  OBUF (Prop_obuf_I_O)         2.428    11.479 r  m_axis_tdata_OBUF[2]_inst/O
                         net (fo=0)                   0.000    11.479    m_axis_tdata[2]
    W10                                                               r  m_axis_tdata[2] (OUT)
  -------------------------------------------------------------------    -------------------

Slack:                    inf
  Source:                 m_axis_tdata_reg_reg[0]/C
                            (rising edge-triggered cell FDRE clocked by aclk  {rise@0.000ns fall@5.000ns period=10.000ns})
  Destination:            m_axis_tdata[0]
                            (output port)
  Path Group:             (none)
  Path Type:              Max at Slow Process Corner
  Data Path Delay:        6.857ns  (logic 2.867ns (41.816%)  route 3.990ns (58.184%))
  Logic Levels:           1  (OBUF=1)
  Clock Uncertainty:      0.025ns  ((TSJ^2 + TIJ^2)^1/2 + DJ) / 2 + PE
    Total System Jitter     (TSJ):    0.050ns
    Total Input Jitter      (TIJ):    0.000ns
    Discrete Jitter          (DJ):    0.000ns
    Phase Error              (PE):    0.000ns

    Location             Delay type                Incr(ns)  Path(ns)    Netlist Resource(s)
  -------------------------------------------------------------------    -------------------
                         (clock aclk rise edge)       0.000     0.000 r  
    U7                                                0.000     0.000 r  aclk (IN)
                         net (fo=0)                   0.000     0.000    aclk
    U7                   IBUF (Prop_ibuf_I_O)         0.990     0.990 r  aclk_IBUF_inst/O
                         net (fo=1, routed)           1.843     2.833    aclk_IBUF
    BUFGCTRL_X0Y0        BUFG (Prop_bufg_I_O)         0.085     2.918 r  aclk_IBUF_BUFG_inst/O
                         net (fo=7275, routed)        1.367     4.285    aclk_IBUF_BUFG
    SLICE_X50Y79         FDRE                                         r  m_axis_tdata_reg_reg[0]/C
  -------------------------------------------------------------------    -------------------
    SLICE_X50Y79         FDRE (Prop_fdre_C_Q)         0.433     4.718 r  m_axis_tdata_reg_reg[0]/Q
                         net (fo=1, routed)           3.990     8.708    m_axis_tdata_OBUF[0]
    U9                   OBUF (Prop_obuf_I_O)         2.434    11.142 r  m_axis_tdata_OBUF[0]_inst/O
                         net (fo=0)                   0.000    11.142    m_axis_tdata[0]
    U9                                                                r  m_axis_tdata[0] (OUT)
  -------------------------------------------------------------------    -------------------

Slack:                    inf
  Source:                 frame_busy_reg/C
                            (rising edge-triggered cell FDRE clocked by aclk  {rise@0.000ns fall@5.000ns period=10.000ns})
  Destination:            s_axis_tready
                            (output port)
  Path Group:             (none)
  Path Type:              Max at Slow Process Corner
  Data Path Delay:        5.542ns  (logic 3.114ns (56.192%)  route 2.428ns (43.808%))
  Logic Levels:           2  (LUT1=1 OBUF=1)
  Clock Uncertainty:      0.025ns  ((TSJ^2 + TIJ^2)^1/2 + DJ) / 2 + PE
    Total System Jitter     (TSJ):    0.050ns
    Total Input Jitter      (TIJ):    0.000ns
    Discrete Jitter          (DJ):    0.000ns
    Phase Error              (PE):    0.000ns

    Location             Delay type                Incr(ns)  Path(ns)    Netlist Resource(s)
  -------------------------------------------------------------------    -------------------
                         (clock aclk rise edge)       0.000     0.000 r  
    U7                                                0.000     0.000 r  aclk (IN)
                         net (fo=0)                   0.000     0.000    aclk
    U7                   IBUF (Prop_ibuf_I_O)         0.990     0.990 r  aclk_IBUF_inst/O
                         net (fo=1, routed)           1.843     2.833    aclk_IBUF
    BUFGCTRL_X0Y0        BUFG (Prop_bufg_I_O)         0.085     2.918 r  aclk_IBUF_BUFG_inst/O
                         net (fo=7275, routed)        1.549     4.467    aclk_IBUF_BUFG
    SLICE_X0Y13          FDRE                                         r  frame_busy_reg/C
  -------------------------------------------------------------------    -------------------
    SLICE_X0Y13          FDRE (Prop_fdre_C_Q)         0.433     4.900 f  frame_busy_reg/Q
                         net (fo=3, routed)           0.663     5.563    frame_busy_reg_n_0
    SLICE_X0Y13          LUT1 (Prop_lut1_I0_O)        0.119     5.682 r  s_axis_tready_OBUF_inst_i_1/O
                         net (fo=1, routed)           1.765     7.447    s_axis_tready_OBUF
    T9                   OBUF (Prop_obuf_I_O)         2.562    10.009 r  s_axis_tready_OBUF_inst/O
                         net (fo=0)                   0.000    10.009    s_axis_tready
    T9                                                                r  s_axis_tready (OUT)
  -------------------------------------------------------------------    -------------------

Slack:                    inf
  Source:                 m_axis_tvalid_reg_reg/C
                            (rising edge-triggered cell FDRE clocked by aclk  {rise@0.000ns fall@5.000ns period=10.000ns})
  Destination:            m_axis_tvalid
                            (output port)
  Path Group:             (none)
  Path Type:              Max at Slow Process Corner
  Data Path Delay:        4.588ns  (logic 2.834ns (61.785%)  route 1.753ns (38.215%))
  Logic Levels:           1  (OBUF=1)
  Clock Uncertainty:      0.025ns  ((TSJ^2 + TIJ^2)^1/2 + DJ) / 2 + PE
    Total System Jitter     (TSJ):    0.050ns
    Total Input Jitter      (TIJ):    0.000ns
    Discrete Jitter          (DJ):    0.000ns
    Phase Error              (PE):    0.000ns

    Location             Delay type                Incr(ns)  Path(ns)    Netlist Resource(s)
  -------------------------------------------------------------------    -------------------
                         (clock aclk rise edge)       0.000     0.000 r  
    U7                                                0.000     0.000 r  aclk (IN)
                         net (fo=0)                   0.000     0.000    aclk
    U7                   IBUF (Prop_ibuf_I_O)         0.990     0.990 r  aclk_IBUF_inst/O
                         net (fo=1, routed)           1.843     2.833    aclk_IBUF
    BUFGCTRL_X0Y0        BUFG (Prop_bufg_I_O)         0.085     2.918 r  aclk_IBUF_BUFG_inst/O
                         net (fo=7275, routed)        1.549     4.467    aclk_IBUF_BUFG
    SLICE_X0Y13          FDRE                                         r  m_axis_tvalid_reg_reg/C
  -------------------------------------------------------------------    -------------------
    SLICE_X0Y13          FDRE (Prop_fdre_C_Q)         0.433     4.900 r  m_axis_tvalid_reg_reg/Q
                         net (fo=4, routed)           1.753     6.654    m_axis_tlast_OBUF
    U10                  OBUF (Prop_obuf_I_O)         2.401     9.055 r  m_axis_tvalid_OBUF_inst/O
                         net (fo=0)                   0.000     9.055    m_axis_tvalid
    U10                                                               r  m_axis_tvalid (OUT)
  -------------------------------------------------------------------    -------------------

Slack:                    inf
  Source:                 m_axis_tvalid_reg_reg/C
                            (rising edge-triggered cell FDRE clocked by aclk  {rise@0.000ns fall@5.000ns period=10.000ns})
  Destination:            m_axis_tlast
                            (output port)
  Path Group:             (none)
  Path Type:              Max at Slow Process Corner
  Data Path Delay:        4.457ns  (logic 2.840ns (63.720%)  route 1.617ns (36.280%))
  Logic Levels:           1  (OBUF=1)
  Clock Uncertainty:      0.025ns  ((TSJ^2 + TIJ^2)^1/2 + DJ) / 2 + PE
    Total System Jitter     (TSJ):    0.050ns
    Total Input Jitter      (TIJ):    0.000ns
    Discrete Jitter          (DJ):    0.000ns
    Phase Error              (PE):    0.000ns

    Location             Delay type                Incr(ns)  Path(ns)    Netlist Resource(s)
  -------------------------------------------------------------------    -------------------
                         (clock aclk rise edge)       0.000     0.000 r  
    U7                                                0.000     0.000 r  aclk (IN)
                         net (fo=0)                   0.000     0.000    aclk
    U7                   IBUF (Prop_ibuf_I_O)         0.990     0.990 r  aclk_IBUF_inst/O
                         net (fo=1, routed)           1.843     2.833    aclk_IBUF
    BUFGCTRL_X0Y0        BUFG (Prop_bufg_I_O)         0.085     2.918 r  aclk_IBUF_BUFG_inst/O
                         net (fo=7275, routed)        1.549     4.467    aclk_IBUF_BUFG
    SLICE_X0Y13          FDRE                                         r  m_axis_tvalid_reg_reg/C
  -------------------------------------------------------------------    -------------------
    SLICE_X0Y13          FDRE (Prop_fdre_C_Q)         0.433     4.900 r  m_axis_tvalid_reg_reg/Q
                         net (fo=4, routed)           1.617     6.518    m_axis_tlast_OBUF
    Y7                   OBUF (Prop_obuf_I_O)         2.407     8.925 r  m_axis_tlast_OBUF_inst/O
                         net (fo=0)                   0.000     8.925    m_axis_tlast
    Y7                                                                r  m_axis_tlast (OUT)
  -------------------------------------------------------------------    -------------------





--------------------------------------------------------------------------------------
Path Group:  (none)
From Clock:  
  To Clock:  aclk

Max Delay          7514 Endpoints
Min Delay             0 Endpoints
--------------------------------------------------------------------------------------


Max Delay Paths
--------------------------------------------------------------------------------------
Slack:                    inf
  Source:                 aresetn
                            (input port)
  Destination:            u_fc/sum_s2_reg[0]/RSTB
                            (rising edge-triggered cell DSP48E1 clocked by aclk  {rise@0.000ns fall@5.000ns period=10.000ns})
  Path Group:             (none)
  Path Type:              Setup (Max at Slow Process Corner)
  Data Path Delay:        17.181ns  (logic 1.055ns (6.142%)  route 16.126ns (93.858%))
  Logic Levels:           2  (IBUF=1 LUT1=1)
  Clock Path Skew:        4.075ns (DCD - SCD + CPR)
    Destination Clock Delay (DCD):    4.075ns
    Source Clock Delay      (SCD):    0.000ns
    Clock Pessimism Removal (CPR):    0.000ns

    Location             Delay type                Incr(ns)  Path(ns)    Netlist Resource(s)
  -------------------------------------------------------------------    -------------------
    Y11                                               0.000     0.000 f  aresetn (IN)
                         net (fo=0)                   0.000     0.000    aresetn
    Y11                  IBUF (Prop_ibuf_I_O)         0.950     0.950 f  aresetn_IBUF_inst/O
                         net (fo=63, routed)          4.170     5.121    u_conv1/u_conv1_calc/aresetn_IBUF
    SLICE_X15Y45         LUT1 (Prop_lut1_I0_O)        0.105     5.226 r  u_conv1/u_conv1_calc/wr_ptr[7]_i_1/O
                         net (fo=2620, routed)       11.955    17.181    u_fc/p_0_in
    DSP48_X2Y47          DSP48E1                                      r  u_fc/sum_s2_reg[0]/RSTB
  -------------------------------------------------------------------    -------------------

                         (clock aclk rise edge)       0.000     0.000 r  
    U7                                                0.000     0.000 r  aclk (IN)
                         net (fo=0)                   0.000     0.000    aclk
    U7                   IBUF (Prop_ibuf_I_O)         0.859     0.859 r  aclk_IBUF_inst/O
                         net (fo=1, routed)           1.673     2.532    aclk_IBUF
    BUFGCTRL_X0Y0        BUFG (Prop_bufg_I_O)         0.077     2.609 r  aclk_IBUF_BUFG_inst/O
                         net (fo=7275, routed)        1.467     4.075    u_fc/aclk_IBUF_BUFG
    DSP48_X2Y47          DSP48E1                                      r  u_fc/sum_s2_reg[0]/CLK

Slack:                    inf
  Source:                 aresetn
                            (input port)
  Destination:            u_fc/sum_s2_reg[3]/RSTB
                            (rising edge-triggered cell DSP48E1 clocked by aclk  {rise@0.000ns fall@5.000ns period=10.000ns})
  Path Group:             (none)
  Path Type:              Setup (Max at Slow Process Corner)
  Data Path Delay:        17.067ns  (logic 1.055ns (6.183%)  route 16.012ns (93.817%))
  Logic Levels:           2  (IBUF=1 LUT1=1)
  Clock Path Skew:        4.191ns (DCD - SCD + CPR)
    Destination Clock Delay (DCD):    4.191ns
    Source Clock Delay      (SCD):    0.000ns
    Clock Pessimism Removal (CPR):    0.000ns

    Location             Delay type                Incr(ns)  Path(ns)    Netlist Resource(s)
  -------------------------------------------------------------------    -------------------
    Y11                                               0.000     0.000 f  aresetn (IN)
                         net (fo=0)                   0.000     0.000    aresetn
    Y11                  IBUF (Prop_ibuf_I_O)         0.950     0.950 f  aresetn_IBUF_inst/O
                         net (fo=63, routed)          4.170     5.121    u_conv1/u_conv1_calc/aresetn_IBUF
    SLICE_X15Y45         LUT1 (Prop_lut1_I0_O)        0.105     5.226 r  u_conv1/u_conv1_calc/wr_ptr[7]_i_1/O
                         net (fo=2620, routed)       11.842    17.067    u_fc/p_0_in
    DSP48_X3Y43          DSP48E1                                      r  u_fc/sum_s2_reg[3]/RSTB
  -------------------------------------------------------------------    -------------------

                         (clock aclk rise edge)       0.000     0.000 r  
    U7                                                0.000     0.000 r  aclk (IN)
                         net (fo=0)                   0.000     0.000    aclk
    U7                   IBUF (Prop_ibuf_I_O)         0.859     0.859 r  aclk_IBUF_inst/O
                         net (fo=1, routed)           1.673     2.532    aclk_IBUF
    BUFGCTRL_X0Y0        BUFG (Prop_bufg_I_O)         0.077     2.609 r  aclk_IBUF_BUFG_inst/O
                         net (fo=7275, routed)        1.583     4.191    u_fc/aclk_IBUF_BUFG
    DSP48_X3Y43          DSP48E1                                      r  u_fc/sum_s2_reg[3]/CLK

Slack:                    inf
  Source:                 aresetn
                            (input port)
  Destination:            u_fc/sum_s2_reg[0]/RSTP
                            (rising edge-triggered cell DSP48E1 clocked by aclk  {rise@0.000ns fall@5.000ns period=10.000ns})
  Path Group:             (none)
  Path Type:              Setup (Max at Slow Process Corner)
  Data Path Delay:        17.012ns  (logic 1.055ns (6.203%)  route 15.957ns (93.797%))
  Logic Levels:           2  (IBUF=1 LUT1=1)
  Clock Path Skew:        4.075ns (DCD - SCD + CPR)
    Destination Clock Delay (DCD):    4.075ns
    Source Clock Delay      (SCD):    0.000ns
    Clock Pessimism Removal (CPR):    0.000ns

    Location             Delay type                Incr(ns)  Path(ns)    Netlist Resource(s)
  -------------------------------------------------------------------    -------------------
    Y11                                               0.000     0.000 f  aresetn (IN)
                         net (fo=0)                   0.000     0.000    aresetn
    Y11                  IBUF (Prop_ibuf_I_O)         0.950     0.950 f  aresetn_IBUF_inst/O
                         net (fo=63, routed)          4.170     5.121    u_conv1/u_conv1_calc/aresetn_IBUF
    SLICE_X15Y45         LUT1 (Prop_lut1_I0_O)        0.105     5.226 r  u_conv1/u_conv1_calc/wr_ptr[7]_i_1/O
                         net (fo=2620, routed)       11.786    17.012    u_fc/p_0_in
    DSP48_X2Y47          DSP48E1                                      r  u_fc/sum_s2_reg[0]/RSTP
  -------------------------------------------------------------------    -------------------

                         (clock aclk rise edge)       0.000     0.000 r  
    U7                                                0.000     0.000 r  aclk (IN)
                         net (fo=0)                   0.000     0.000    aclk
    U7                   IBUF (Prop_ibuf_I_O)         0.859     0.859 r  aclk_IBUF_inst/O
                         net (fo=1, routed)           1.673     2.532    aclk_IBUF
    BUFGCTRL_X0Y0        BUFG (Prop_bufg_I_O)         0.077     2.609 r  aclk_IBUF_BUFG_inst/O
                         net (fo=7275, routed)        1.467     4.075    u_fc/aclk_IBUF_BUFG
    DSP48_X2Y47          DSP48E1                                      r  u_fc/sum_s2_reg[0]/CLK

Slack:                    inf
  Source:                 aresetn
                            (input port)
  Destination:            u_fc/product_s1_reg[0]/RSTB
                            (rising edge-triggered cell DSP48E1 clocked by aclk  {rise@0.000ns fall@5.000ns period=10.000ns})
  Path Group:             (none)
  Path Type:              Setup (Max at Slow Process Corner)
  Data Path Delay:        16.948ns  (logic 1.055ns (6.227%)  route 15.893ns (93.773%))
  Logic Levels:           2  (IBUF=1 LUT1=1)
  Clock Path Skew:        4.077ns (DCD - SCD + CPR)
    Destination Clock Delay (DCD):    4.077ns
    Source Clock Delay      (SCD):    0.000ns
    Clock Pessimism Removal (CPR):    0.000ns

    Location             Delay type                Incr(ns)  Path(ns)    Netlist Resource(s)
  -------------------------------------------------------------------    -------------------
    Y11                                               0.000     0.000 f  aresetn (IN)
                         net (fo=0)                   0.000     0.000    aresetn
    Y11                  IBUF (Prop_ibuf_I_O)         0.950     0.950 f  aresetn_IBUF_inst/O
                         net (fo=63, routed)          4.170     5.121    u_conv1/u_conv1_calc/aresetn_IBUF
    SLICE_X15Y45         LUT1 (Prop_lut1_I0_O)        0.105     5.226 r  u_conv1/u_conv1_calc/wr_ptr[7]_i_1/O
                         net (fo=2620, routed)       11.723    16.948    u_fc/p_0_in
    DSP48_X2Y46          DSP48E1                                      r  u_fc/product_s1_reg[0]/RSTB
  -------------------------------------------------------------------    -------------------

                         (clock aclk rise edge)       0.000     0.000 r  
    U7                                                0.000     0.000 r  aclk (IN)
                         net (fo=0)                   0.000     0.000    aclk
    U7                   IBUF (Prop_ibuf_I_O)         0.859     0.859 r  aclk_IBUF_inst/O
                         net (fo=1, routed)           1.673     2.532    aclk_IBUF
    BUFGCTRL_X0Y0        BUFG (Prop_bufg_I_O)         0.077     2.609 r  aclk_IBUF_BUFG_inst/O
                         net (fo=7275, routed)        1.469     4.077    u_fc/aclk_IBUF_BUFG
    DSP48_X2Y46          DSP48E1                                      r  u_fc/product_s1_reg[0]/CLK

Slack:                    inf
  Source:                 aresetn
                            (input port)
  Destination:            u_fc/sum_s2_reg[0]/RSTA
                            (rising edge-triggered cell DSP48E1 clocked by aclk  {rise@0.000ns fall@5.000ns period=10.000ns})
  Path Group:             (none)
  Path Type:              Setup (Max at Slow Process Corner)
  Data Path Delay:        16.948ns  (logic 1.055ns (6.227%)  route 15.893ns (93.773%))
  Logic Levels:           2  (IBUF=1 LUT1=1)
  Clock Path Skew:        4.075ns (DCD - SCD + CPR)
    Destination Clock Delay (DCD):    4.075ns
    Source Clock Delay      (SCD):    0.000ns
    Clock Pessimism Removal (CPR):    0.000ns

    Location             Delay type                Incr(ns)  Path(ns)    Netlist Resource(s)
  -------------------------------------------------------------------    -------------------
    Y11                                               0.000     0.000 f  aresetn (IN)
                         net (fo=0)                   0.000     0.000    aresetn
    Y11                  IBUF (Prop_ibuf_I_O)         0.950     0.950 f  aresetn_IBUF_inst/O
                         net (fo=63, routed)          4.170     5.121    u_conv1/u_conv1_calc/aresetn_IBUF
    SLICE_X15Y45         LUT1 (Prop_lut1_I0_O)        0.105     5.226 r  u_conv1/u_conv1_calc/wr_ptr[7]_i_1/O
                         net (fo=2620, routed)       11.723    16.948    u_fc/p_0_in
    DSP48_X2Y47          DSP48E1                                      r  u_fc/sum_s2_reg[0]/RSTA
  -------------------------------------------------------------------    -------------------

                         (clock aclk rise edge)       0.000     0.000 r  
    U7                                                0.000     0.000 r  aclk (IN)
                         net (fo=0)                   0.000     0.000    aclk
    U7                   IBUF (Prop_ibuf_I_O)         0.859     0.859 r  aclk_IBUF_inst/O
                         net (fo=1, routed)           1.673     2.532    aclk_IBUF
    BUFGCTRL_X0Y0        BUFG (Prop_bufg_I_O)         0.077     2.609 r  aclk_IBUF_BUFG_inst/O
                         net (fo=7275, routed)        1.467     4.075    u_fc/aclk_IBUF_BUFG
    DSP48_X2Y47          DSP48E1                                      r  u_fc/sum_s2_reg[0]/CLK

Slack:                    inf
  Source:                 aresetn
                            (input port)
  Destination:            u_fc/sum_s2_reg[3]/RSTP
                            (rising edge-triggered cell DSP48E1 clocked by aclk  {rise@0.000ns fall@5.000ns period=10.000ns})
  Path Group:             (none)
  Path Type:              Setup (Max at Slow Process Corner)
  Data Path Delay:        16.898ns  (logic 1.055ns (6.245%)  route 15.843ns (93.755%))
  Logic Levels:           2  (IBUF=1 LUT1=1)
  Clock Path Skew:        4.191ns (DCD - SCD + CPR)
    Destination Clock Delay (DCD):    4.191ns
    Source Clock Delay      (SCD):    0.000ns
    Clock Pessimism Removal (CPR):    0.000ns

    Location             Delay type                Incr(ns)  Path(ns)    Netlist Resource(s)
  -------------------------------------------------------------------    -------------------
    Y11                                               0.000     0.000 f  aresetn (IN)
                         net (fo=0)                   0.000     0.000    aresetn
    Y11                  IBUF (Prop_ibuf_I_O)         0.950     0.950 f  aresetn_IBUF_inst/O
                         net (fo=63, routed)          4.170     5.121    u_conv1/u_conv1_calc/aresetn_IBUF
    SLICE_X15Y45         LUT1 (Prop_lut1_I0_O)        0.105     5.226 r  u_conv1/u_conv1_calc/wr_ptr[7]_i_1/O
                         net (fo=2620, routed)       11.673    16.898    u_fc/p_0_in
    DSP48_X3Y43          DSP48E1                                      r  u_fc/sum_s2_reg[3]/RSTP
  -------------------------------------------------------------------    -------------------

                         (clock aclk rise edge)       0.000     0.000 r  
    U7                                                0.000     0.000 r  aclk (IN)
                         net (fo=0)                   0.000     0.000    aclk
    U7                   IBUF (Prop_ibuf_I_O)         0.859     0.859 r  aclk_IBUF_inst/O
                         net (fo=1, routed)           1.673     2.532    aclk_IBUF
    BUFGCTRL_X0Y0        BUFG (Prop_bufg_I_O)         0.077     2.609 r  aclk_IBUF_BUFG_inst/O
                         net (fo=7275, routed)        1.583     4.191    u_fc/aclk_IBUF_BUFG
    DSP48_X3Y43          DSP48E1                                      r  u_fc/sum_s2_reg[3]/CLK

Slack:                    inf
  Source:                 aresetn
                            (input port)
  Destination:            u_fc/sum_s2_reg[0]/RSTM
                            (rising edge-triggered cell DSP48E1 clocked by aclk  {rise@0.000ns fall@5.000ns period=10.000ns})
  Path Group:             (none)
  Path Type:              Setup (Max at Slow Process Corner)
  Data Path Delay:        16.893ns  (logic 1.055ns (6.247%)  route 15.838ns (93.753%))
  Logic Levels:           2  (IBUF=1 LUT1=1)
  Clock Path Skew:        4.075ns (DCD - SCD + CPR)
    Destination Clock Delay (DCD):    4.075ns
    Source Clock Delay      (SCD):    0.000ns
    Clock Pessimism Removal (CPR):    0.000ns

    Location             Delay type                Incr(ns)  Path(ns)    Netlist Resource(s)
  -------------------------------------------------------------------    -------------------
    Y11                                               0.000     0.000 f  aresetn (IN)
                         net (fo=0)                   0.000     0.000    aresetn
    Y11                  IBUF (Prop_ibuf_I_O)         0.950     0.950 f  aresetn_IBUF_inst/O
                         net (fo=63, routed)          4.170     5.121    u_conv1/u_conv1_calc/aresetn_IBUF
    SLICE_X15Y45         LUT1 (Prop_lut1_I0_O)        0.105     5.226 r  u_conv1/u_conv1_calc/wr_ptr[7]_i_1/O
                         net (fo=2620, routed)       11.667    16.893    u_fc/p_0_in
    DSP48_X2Y47          DSP48E1                                      r  u_fc/sum_s2_reg[0]/RSTM
  -------------------------------------------------------------------    -------------------

                         (clock aclk rise edge)       0.000     0.000 r  
    U7                                                0.000     0.000 r  aclk (IN)
                         net (fo=0)                   0.000     0.000    aclk
    U7                   IBUF (Prop_ibuf_I_O)         0.859     0.859 r  aclk_IBUF_inst/O
                         net (fo=1, routed)           1.673     2.532    aclk_IBUF
    BUFGCTRL_X0Y0        BUFG (Prop_bufg_I_O)         0.077     2.609 r  aclk_IBUF_BUFG_inst/O
                         net (fo=7275, routed)        1.467     4.075    u_fc/aclk_IBUF_BUFG
    DSP48_X2Y47          DSP48E1                                      r  u_fc/sum_s2_reg[0]/CLK

Slack:                    inf
  Source:                 aresetn
                            (input port)
  Destination:            u_fc/product_s1_reg[0]/RSTA
                            (rising edge-triggered cell DSP48E1 clocked by aclk  {rise@0.000ns fall@5.000ns period=10.000ns})
  Path Group:             (none)
  Path Type:              Setup (Max at Slow Process Corner)
  Data Path Delay:        16.819ns  (logic 1.055ns (6.274%)  route 15.764ns (93.726%))
  Logic Levels:           2  (IBUF=1 LUT1=1)
  Clock Path Skew:        4.077ns (DCD - SCD + CPR)
    Destination Clock Delay (DCD):    4.077ns
    Source Clock Delay      (SCD):    0.000ns
    Clock Pessimism Removal (CPR):    0.000ns

    Location             Delay type                Incr(ns)  Path(ns)    Netlist Resource(s)
  -------------------------------------------------------------------    -------------------
    Y11                                               0.000     0.000 f  aresetn (IN)
                         net (fo=0)                   0.000     0.000    aresetn
    Y11                  IBUF (Prop_ibuf_I_O)         0.950     0.950 f  aresetn_IBUF_inst/O
                         net (fo=63, routed)          4.170     5.121    u_conv1/u_conv1_calc/aresetn_IBUF
    SLICE_X15Y45         LUT1 (Prop_lut1_I0_O)        0.105     5.226 r  u_conv1/u_conv1_calc/wr_ptr[7]_i_1/O
                         net (fo=2620, routed)       11.593    16.819    u_fc/p_0_in
    DSP48_X2Y46          DSP48E1                                      r  u_fc/product_s1_reg[0]/RSTA
  -------------------------------------------------------------------    -------------------

                         (clock aclk rise edge)       0.000     0.000 r  
    U7                                                0.000     0.000 r  aclk (IN)
                         net (fo=0)                   0.000     0.000    aclk
    U7                   IBUF (Prop_ibuf_I_O)         0.859     0.859 r  aclk_IBUF_inst/O
                         net (fo=1, routed)           1.673     2.532    aclk_IBUF
    BUFGCTRL_X0Y0        BUFG (Prop_bufg_I_O)         0.077     2.609 r  aclk_IBUF_BUFG_inst/O
                         net (fo=7275, routed)        1.469     4.077    u_fc/aclk_IBUF_BUFG
    DSP48_X2Y46          DSP48E1                                      r  u_fc/product_s1_reg[0]/CLK

Slack:                    inf
  Source:                 aresetn
                            (input port)
  Destination:            u_fc/sum_s3_reg[1][0]/R
                            (rising edge-triggered cell FDRE clocked by aclk  {rise@0.000ns fall@5.000ns period=10.000ns})
  Path Group:             (none)
  Path Type:              Setup (Max at Slow Process Corner)
  Data Path Delay:        16.708ns  (logic 1.055ns (6.316%)  route 15.653ns (93.684%))
  Logic Levels:           2  (IBUF=1 LUT1=1)
  Clock Path Skew:        4.110ns (DCD - SCD + CPR)
    Destination Clock Delay (DCD):    4.110ns
    Source Clock Delay      (SCD):    0.000ns
    Clock Pessimism Removal (CPR):    0.000ns

    Location             Delay type                Incr(ns)  Path(ns)    Netlist Resource(s)
  -------------------------------------------------------------------    -------------------
    Y11                                               0.000     0.000 f  aresetn (IN)
                         net (fo=0)                   0.000     0.000    aresetn
    Y11                  IBUF (Prop_ibuf_I_O)         0.950     0.950 f  aresetn_IBUF_inst/O
                         net (fo=63, routed)          4.170     5.121    u_conv1/u_conv1_calc/aresetn_IBUF
    SLICE_X15Y45         LUT1 (Prop_lut1_I0_O)        0.105     5.226 r  u_conv1/u_conv1_calc/wr_ptr[7]_i_1/O
                         net (fo=2620, routed)       11.483    16.708    u_fc/p_0_in
    SLICE_X93Y109        FDRE                                         r  u_fc/sum_s3_reg[1][0]/R
  -------------------------------------------------------------------    -------------------

                         (clock aclk rise edge)       0.000     0.000 r  
    U7                                                0.000     0.000 r  aclk (IN)
                         net (fo=0)                   0.000     0.000    aclk
    U7                   IBUF (Prop_ibuf_I_O)         0.859     0.859 r  aclk_IBUF_inst/O
                         net (fo=1, routed)           1.673     2.532    aclk_IBUF
    BUFGCTRL_X0Y0        BUFG (Prop_bufg_I_O)         0.077     2.609 r  aclk_IBUF_BUFG_inst/O
                         net (fo=7275, routed)        1.501     4.110    u_fc/aclk_IBUF_BUFG
    SLICE_X93Y109        FDRE                                         r  u_fc/sum_s3_reg[1][0]/C

Slack:                    inf
  Source:                 aresetn
                            (input port)
  Destination:            u_fc/sum_s3_reg[1][1]/R
                            (rising edge-triggered cell FDRE clocked by aclk  {rise@0.000ns fall@5.000ns period=10.000ns})
  Path Group:             (none)
  Path Type:              Setup (Max at Slow Process Corner)
  Data Path Delay:        16.708ns  (logic 1.055ns (6.316%)  route 15.653ns (93.684%))
  Logic Levels:           2  (IBUF=1 LUT1=1)
  Clock Path Skew:        4.110ns (DCD - SCD + CPR)
    Destination Clock Delay (DCD):    4.110ns
    Source Clock Delay      (SCD):    0.000ns
    Clock Pessimism Removal (CPR):    0.000ns

    Location             Delay type                Incr(ns)  Path(ns)    Netlist Resource(s)
  -------------------------------------------------------------------    -------------------
    Y11                                               0.000     0.000 f  aresetn (IN)
                         net (fo=0)                   0.000     0.000    aresetn
    Y11                  IBUF (Prop_ibuf_I_O)         0.950     0.950 f  aresetn_IBUF_inst/O
                         net (fo=63, routed)          4.170     5.121    u_conv1/u_conv1_calc/aresetn_IBUF
    SLICE_X15Y45         LUT1 (Prop_lut1_I0_O)        0.105     5.226 r  u_conv1/u_conv1_calc/wr_ptr[7]_i_1/O
                         net (fo=2620, routed)       11.483    16.708    u_fc/p_0_in
    SLICE_X93Y109        FDRE                                         r  u_fc/sum_s3_reg[1][1]/R
  -------------------------------------------------------------------    -------------------

                         (clock aclk rise edge)       0.000     0.000 r  
    U7                                                0.000     0.000 r  aclk (IN)
                         net (fo=0)                   0.000     0.000    aclk
    U7                   IBUF (Prop_ibuf_I_O)         0.859     0.859 r  aclk_IBUF_inst/O
                         net (fo=1, routed)           1.673     2.532    aclk_IBUF
    BUFGCTRL_X0Y0        BUFG (Prop_bufg_I_O)         0.077     2.609 r  aclk_IBUF_BUFG_inst/O
                         net (fo=7275, routed)        1.501     4.110    u_fc/aclk_IBUF_BUFG
    SLICE_X93Y109        FDRE                                         r  u_fc/sum_s3_reg[1][1]/C

Slack:                    inf
  Source:                 aresetn
                            (input port)
  Destination:            u_fc/sum_s3_reg[1][2]/R
                            (rising edge-triggered cell FDRE clocked by aclk  {rise@0.000ns fall@5.000ns period=10.000ns})
  Path Group:             (none)
  Path Type:              Setup (Max at Slow Process Corner)
  Data Path Delay:        16.708ns  (logic 1.055ns (6.316%)  route 15.653ns (93.684%))
  Logic Levels:           2  (IBUF=1 LUT1=1)
  Clock Path Skew:        4.110ns (DCD - SCD + CPR)
    Destination Clock Delay (DCD):    4.110ns
    Source Clock Delay      (SCD):    0.000ns
    Clock Pessimism Removal (CPR):    0.000ns

    Location             Delay type                Incr(ns)  Path(ns)    Netlist Resource(s)
  -------------------------------------------------------------------    -------------------
    Y11                                               0.000     0.000 f  aresetn (IN)
                         net (fo=0)                   0.000     0.000    aresetn
    Y11                  IBUF (Prop_ibuf_I_O)         0.950     0.950 f  aresetn_IBUF_inst/O
                         net (fo=63, routed)          4.170     5.121    u_conv1/u_conv1_calc/aresetn_IBUF
    SLICE_X15Y45         LUT1 (Prop_lut1_I0_O)        0.105     5.226 r  u_conv1/u_conv1_calc/wr_ptr[7]_i_1/O
                         net (fo=2620, routed)       11.483    16.708    u_fc/p_0_in
    SLICE_X93Y109        FDRE                                         r  u_fc/sum_s3_reg[1][2]/R
  -------------------------------------------------------------------    -------------------

                         (clock aclk rise edge)       0.000     0.000 r  
    U7                                                0.000     0.000 r  aclk (IN)
                         net (fo=0)                   0.000     0.000    aclk
    U7                   IBUF (Prop_ibuf_I_O)         0.859     0.859 r  aclk_IBUF_inst/O
                         net (fo=1, routed)           1.673     2.532    aclk_IBUF
    BUFGCTRL_X0Y0        BUFG (Prop_bufg_I_O)         0.077     2.609 r  aclk_IBUF_BUFG_inst/O
                         net (fo=7275, routed)        1.501     4.110    u_fc/aclk_IBUF_BUFG
    SLICE_X93Y109        FDRE                                         r  u_fc/sum_s3_reg[1][2]/C

Slack:                    inf
  Source:                 aresetn
                            (input port)
  Destination:            u_fc/sum_s3_reg[1][3]/R
                            (rising edge-triggered cell FDRE clocked by aclk  {rise@0.000ns fall@5.000ns period=10.000ns})
  Path Group:             (none)
  Path Type:              Setup (Max at Slow Process Corner)
  Data Path Delay:        16.708ns  (logic 1.055ns (6.316%)  route 15.653ns (93.684%))
  Logic Levels:           2  (IBUF=1 LUT1=1)
  Clock Path Skew:        4.110ns (DCD - SCD + CPR)
    Destination Clock Delay (DCD):    4.110ns
    Source Clock Delay      (SCD):    0.000ns
    Clock Pessimism Removal (CPR):    0.000ns

    Location             Delay type                Incr(ns)  Path(ns)    Netlist Resource(s)
  -------------------------------------------------------------------    -------------------
    Y11                                               0.000     0.000 f  aresetn (IN)
                         net (fo=0)                   0.000     0.000    aresetn
    Y11                  IBUF (Prop_ibuf_I_O)         0.950     0.950 f  aresetn_IBUF_inst/O
                         net (fo=63, routed)          4.170     5.121    u_conv1/u_conv1_calc/aresetn_IBUF
    SLICE_X15Y45         LUT1 (Prop_lut1_I0_O)        0.105     5.226 r  u_conv1/u_conv1_calc/wr_ptr[7]_i_1/O
                         net (fo=2620, routed)       11.483    16.708    u_fc/p_0_in
    SLICE_X93Y109        FDRE                                         r  u_fc/sum_s3_reg[1][3]/R
  -------------------------------------------------------------------    -------------------

                         (clock aclk rise edge)       0.000     0.000 r  
    U7                                                0.000     0.000 r  aclk (IN)
                         net (fo=0)                   0.000     0.000    aclk
    U7                   IBUF (Prop_ibuf_I_O)         0.859     0.859 r  aclk_IBUF_inst/O
                         net (fo=1, routed)           1.673     2.532    aclk_IBUF
    BUFGCTRL_X0Y0        BUFG (Prop_bufg_I_O)         0.077     2.609 r  aclk_IBUF_BUFG_inst/O
                         net (fo=7275, routed)        1.501     4.110    u_fc/aclk_IBUF_BUFG
    SLICE_X93Y109        FDRE                                         r  u_fc/sum_s3_reg[1][3]/C

Slack:                    inf
  Source:                 aresetn
                            (input port)
  Destination:            u_fc/sum_s2_reg[1]/RSTB
                            (rising edge-triggered cell DSP48E1 clocked by aclk  {rise@0.000ns fall@5.000ns period=10.000ns})
  Path Group:             (none)
  Path Type:              Setup (Max at Slow Process Corner)
  Data Path Delay:        16.690ns  (logic 1.055ns (6.323%)  route 15.634ns (93.677%))
  Logic Levels:           2  (IBUF=1 LUT1=1)
  Clock Path Skew:        4.079ns (DCD - SCD + CPR)
    Destination Clock Delay (DCD):    4.079ns
    Source Clock Delay      (SCD):    0.000ns
    Clock Pessimism Removal (CPR):    0.000ns

    Location             Delay type                Incr(ns)  Path(ns)    Netlist Resource(s)
  -------------------------------------------------------------------    -------------------
    Y11                                               0.000     0.000 f  aresetn (IN)
                         net (fo=0)                   0.000     0.000    aresetn
    Y11                  IBUF (Prop_ibuf_I_O)         0.950     0.950 f  aresetn_IBUF_inst/O
                         net (fo=63, routed)          4.170     5.121    u_conv1/u_conv1_calc/aresetn_IBUF
    SLICE_X15Y45         LUT1 (Prop_lut1_I0_O)        0.105     5.226 r  u_conv1/u_conv1_calc/wr_ptr[7]_i_1/O
                         net (fo=2620, routed)       11.464    16.690    u_fc/p_0_in
    DSP48_X2Y45          DSP48E1                                      r  u_fc/sum_s2_reg[1]/RSTB
  -------------------------------------------------------------------    -------------------

                         (clock aclk rise edge)       0.000     0.000 r  
    U7                                                0.000     0.000 r  aclk (IN)
                         net (fo=0)                   0.000     0.000    aclk
    U7                   IBUF (Prop_ibuf_I_O)         0.859     0.859 r  aclk_IBUF_inst/O
                         net (fo=1, routed)           1.673     2.532    aclk_IBUF
    BUFGCTRL_X0Y0        BUFG (Prop_bufg_I_O)         0.077     2.609 r  aclk_IBUF_BUFG_inst/O
                         net (fo=7275, routed)        1.471     4.079    u_fc/aclk_IBUF_BUFG
    DSP48_X2Y45          DSP48E1                                      r  u_fc/sum_s2_reg[1]/CLK

Slack:                    inf
  Source:                 aresetn
                            (input port)
  Destination:            u_fc/sum_s3_reg[1][4]/R
                            (rising edge-triggered cell FDRE clocked by aclk  {rise@0.000ns fall@5.000ns period=10.000ns})
  Path Group:             (none)
  Path Type:              Setup (Max at Slow Process Corner)
  Data Path Delay:        16.676ns  (logic 1.055ns (6.328%)  route 15.621ns (93.672%))
  Logic Levels:           2  (IBUF=1 LUT1=1)
  Clock Path Skew:        4.109ns (DCD - SCD + CPR)
    Destination Clock Delay (DCD):    4.109ns
    Source Clock Delay      (SCD):    0.000ns
    Clock Pessimism Removal (CPR):    0.000ns

    Location             Delay type                Incr(ns)  Path(ns)    Netlist Resource(s)
  -------------------------------------------------------------------    -------------------
    Y11                                               0.000     0.000 f  aresetn (IN)
                         net (fo=0)                   0.000     0.000    aresetn
    Y11                  IBUF (Prop_ibuf_I_O)         0.950     0.950 f  aresetn_IBUF_inst/O
                         net (fo=63, routed)          4.170     5.121    u_conv1/u_conv1_calc/aresetn_IBUF
    SLICE_X15Y45         LUT1 (Prop_lut1_I0_O)        0.105     5.226 r  u_conv1/u_conv1_calc/wr_ptr[7]_i_1/O
                         net (fo=2620, routed)       11.450    16.676    u_fc/p_0_in
    SLICE_X93Y110        FDRE                                         r  u_fc/sum_s3_reg[1][4]/R
  -------------------------------------------------------------------    -------------------

                         (clock aclk rise edge)       0.000     0.000 r  
    U7                                                0.000     0.000 r  aclk (IN)
                         net (fo=0)                   0.000     0.000    aclk
    U7                   IBUF (Prop_ibuf_I_O)         0.859     0.859 r  aclk_IBUF_inst/O
                         net (fo=1, routed)           1.673     2.532    aclk_IBUF
    BUFGCTRL_X0Y0        BUFG (Prop_bufg_I_O)         0.077     2.609 r  aclk_IBUF_BUFG_inst/O
                         net (fo=7275, routed)        1.500     4.109    u_fc/aclk_IBUF_BUFG
    SLICE_X93Y110        FDRE                                         r  u_fc/sum_s3_reg[1][4]/C

Slack:                    inf
  Source:                 aresetn
                            (input port)
  Destination:            u_fc/sum_s3_reg[1][5]/R
                            (rising edge-triggered cell FDRE clocked by aclk  {rise@0.000ns fall@5.000ns period=10.000ns})
  Path Group:             (none)
  Path Type:              Setup (Max at Slow Process Corner)
  Data Path Delay:        16.676ns  (logic 1.055ns (6.328%)  route 15.621ns (93.672%))
  Logic Levels:           2  (IBUF=1 LUT1=1)
  Clock Path Skew:        4.109ns (DCD - SCD + CPR)
    Destination Clock Delay (DCD):    4.109ns
    Source Clock Delay      (SCD):    0.000ns
    Clock Pessimism Removal (CPR):    0.000ns

    Location             Delay type                Incr(ns)  Path(ns)    Netlist Resource(s)
  -------------------------------------------------------------------    -------------------
    Y11                                               0.000     0.000 f  aresetn (IN)
                         net (fo=0)                   0.000     0.000    aresetn
    Y11                  IBUF (Prop_ibuf_I_O)         0.950     0.950 f  aresetn_IBUF_inst/O
                         net (fo=63, routed)          4.170     5.121    u_conv1/u_conv1_calc/aresetn_IBUF
    SLICE_X15Y45         LUT1 (Prop_lut1_I0_O)        0.105     5.226 r  u_conv1/u_conv1_calc/wr_ptr[7]_i_1/O
                         net (fo=2620, routed)       11.450    16.676    u_fc/p_0_in
    SLICE_X93Y110        FDRE                                         r  u_fc/sum_s3_reg[1][5]/R
  -------------------------------------------------------------------    -------------------

                         (clock aclk rise edge)       0.000     0.000 r  
    U7                                                0.000     0.000 r  aclk (IN)
                         net (fo=0)                   0.000     0.000    aclk
    U7                   IBUF (Prop_ibuf_I_O)         0.859     0.859 r  aclk_IBUF_inst/O
                         net (fo=1, routed)           1.673     2.532    aclk_IBUF
    BUFGCTRL_X0Y0        BUFG (Prop_bufg_I_O)         0.077     2.609 r  aclk_IBUF_BUFG_inst/O
                         net (fo=7275, routed)        1.500     4.109    u_fc/aclk_IBUF_BUFG
    SLICE_X93Y110        FDRE                                         r  u_fc/sum_s3_reg[1][5]/C

Slack:                    inf
  Source:                 aresetn
                            (input port)
  Destination:            u_fc/sum_s3_reg[1][6]/R
                            (rising edge-triggered cell FDRE clocked by aclk  {rise@0.000ns fall@5.000ns period=10.000ns})
  Path Group:             (none)
  Path Type:              Setup (Max at Slow Process Corner)
  Data Path Delay:        16.676ns  (logic 1.055ns (6.328%)  route 15.621ns (93.672%))
  Logic Levels:           2  (IBUF=1 LUT1=1)
  Clock Path Skew:        4.109ns (DCD - SCD + CPR)
    Destination Clock Delay (DCD):    4.109ns
    Source Clock Delay      (SCD):    0.000ns
    Clock Pessimism Removal (CPR):    0.000ns

    Location             Delay type                Incr(ns)  Path(ns)    Netlist Resource(s)
  -------------------------------------------------------------------    -------------------
    Y11                                               0.000     0.000 f  aresetn (IN)
                         net (fo=0)                   0.000     0.000    aresetn
    Y11                  IBUF (Prop_ibuf_I_O)         0.950     0.950 f  aresetn_IBUF_inst/O
                         net (fo=63, routed)          4.170     5.121    u_conv1/u_conv1_calc/aresetn_IBUF
    SLICE_X15Y45         LUT1 (Prop_lut1_I0_O)        0.105     5.226 r  u_conv1/u_conv1_calc/wr_ptr[7]_i_1/O
                         net (fo=2620, routed)       11.450    16.676    u_fc/p_0_in
    SLICE_X93Y110        FDRE                                         r  u_fc/sum_s3_reg[1][6]/R
  -------------------------------------------------------------------    -------------------

                         (clock aclk rise edge)       0.000     0.000 r  
    U7                                                0.000     0.000 r  aclk (IN)
                         net (fo=0)                   0.000     0.000    aclk
    U7                   IBUF (Prop_ibuf_I_O)         0.859     0.859 r  aclk_IBUF_inst/O
                         net (fo=1, routed)           1.673     2.532    aclk_IBUF
    BUFGCTRL_X0Y0        BUFG (Prop_bufg_I_O)         0.077     2.609 r  aclk_IBUF_BUFG_inst/O
                         net (fo=7275, routed)        1.500     4.109    u_fc/aclk_IBUF_BUFG
    SLICE_X93Y110        FDRE                                         r  u_fc/sum_s3_reg[1][6]/C

Slack:                    inf
  Source:                 aresetn
                            (input port)
  Destination:            u_fc/sum_s3_reg[1][7]/R
                            (rising edge-triggered cell FDRE clocked by aclk  {rise@0.000ns fall@5.000ns period=10.000ns})
  Path Group:             (none)
  Path Type:              Setup (Max at Slow Process Corner)
  Data Path Delay:        16.676ns  (logic 1.055ns (6.328%)  route 15.621ns (93.672%))
  Logic Levels:           2  (IBUF=1 LUT1=1)
  Clock Path Skew:        4.109ns (DCD - SCD + CPR)
    Destination Clock Delay (DCD):    4.109ns
    Source Clock Delay      (SCD):    0.000ns
    Clock Pessimism Removal (CPR):    0.000ns

    Location             Delay type                Incr(ns)  Path(ns)    Netlist Resource(s)
  -------------------------------------------------------------------    -------------------
    Y11                                               0.000     0.000 f  aresetn (IN)
                         net (fo=0)                   0.000     0.000    aresetn
    Y11                  IBUF (Prop_ibuf_I_O)         0.950     0.950 f  aresetn_IBUF_inst/O
                         net (fo=63, routed)          4.170     5.121    u_conv1/u_conv1_calc/aresetn_IBUF
    SLICE_X15Y45         LUT1 (Prop_lut1_I0_O)        0.105     5.226 r  u_conv1/u_conv1_calc/wr_ptr[7]_i_1/O
                         net (fo=2620, routed)       11.450    16.676    u_fc/p_0_in
    SLICE_X93Y110        FDRE                                         r  u_fc/sum_s3_reg[1][7]/R
  -------------------------------------------------------------------    -------------------

                         (clock aclk rise edge)       0.000     0.000 r  
    U7                                                0.000     0.000 r  aclk (IN)
                         net (fo=0)                   0.000     0.000    aclk
    U7                   IBUF (Prop_ibuf_I_O)         0.859     0.859 r  aclk_IBUF_inst/O
                         net (fo=1, routed)           1.673     2.532    aclk_IBUF
    BUFGCTRL_X0Y0        BUFG (Prop_bufg_I_O)         0.077     2.609 r  aclk_IBUF_BUFG_inst/O
                         net (fo=7275, routed)        1.500     4.109    u_fc/aclk_IBUF_BUFG
    SLICE_X93Y110        FDRE                                         r  u_fc/sum_s3_reg[1][7]/C

Slack:                    inf
  Source:                 aresetn
                            (input port)
  Destination:            u_fc/product_s1_reg[0]/RSTP
                            (rising edge-triggered cell DSP48E1 clocked by aclk  {rise@0.000ns fall@5.000ns period=10.000ns})
  Path Group:             (none)
  Path Type:              Setup (Max at Slow Process Corner)
  Data Path Delay:        16.650ns  (logic 1.055ns (6.338%)  route 15.595ns (93.662%))
  Logic Levels:           2  (IBUF=1 LUT1=1)
  Clock Path Skew:        4.077ns (DCD - SCD + CPR)
    Destination Clock Delay (DCD):    4.077ns
    Source Clock Delay      (SCD):    0.000ns
    Clock Pessimism Removal (CPR):    0.000ns

    Location             Delay type                Incr(ns)  Path(ns)    Netlist Resource(s)
  -------------------------------------------------------------------    -------------------
    Y11                                               0.000     0.000 f  aresetn (IN)
                         net (fo=0)                   0.000     0.000    aresetn
    Y11                  IBUF (Prop_ibuf_I_O)         0.950     0.950 f  aresetn_IBUF_inst/O
                         net (fo=63, routed)          4.170     5.121    u_conv1/u_conv1_calc/aresetn_IBUF
    SLICE_X15Y45         LUT1 (Prop_lut1_I0_O)        0.105     5.226 r  u_conv1/u_conv1_calc/wr_ptr[7]_i_1/O
                         net (fo=2620, routed)       11.425    16.650    u_fc/p_0_in
    DSP48_X2Y46          DSP48E1                                      r  u_fc/product_s1_reg[0]/RSTP
  -------------------------------------------------------------------    -------------------

                         (clock aclk rise edge)       0.000     0.000 r  
    U7                                                0.000     0.000 r  aclk (IN)
                         net (fo=0)                   0.000     0.000    aclk
    U7                   IBUF (Prop_ibuf_I_O)         0.859     0.859 r  aclk_IBUF_inst/O
                         net (fo=1, routed)           1.673     2.532    aclk_IBUF
    BUFGCTRL_X0Y0        BUFG (Prop_bufg_I_O)         0.077     2.609 r  aclk_IBUF_BUFG_inst/O
                         net (fo=7275, routed)        1.469     4.077    u_fc/aclk_IBUF_BUFG
    DSP48_X2Y46          DSP48E1                                      r  u_fc/product_s1_reg[0]/CLK

Slack:                    inf
  Source:                 aresetn
                            (input port)
  Destination:            u_fc/product_s1_reg[6]/RSTA
                            (rising edge-triggered cell DSP48E1 clocked by aclk  {rise@0.000ns fall@5.000ns period=10.000ns})
  Path Group:             (none)
  Path Type:              Setup (Max at Slow Process Corner)
  Data Path Delay:        16.611ns  (logic 1.055ns (6.353%)  route 15.555ns (93.647%))
  Logic Levels:           2  (IBUF=1 LUT1=1)
  Clock Path Skew:        4.192ns (DCD - SCD + CPR)
    Destination Clock Delay (DCD):    4.192ns
    Source Clock Delay      (SCD):    0.000ns
    Clock Pessimism Removal (CPR):    0.000ns

    Location             Delay type                Incr(ns)  Path(ns)    Netlist Resource(s)
  -------------------------------------------------------------------    -------------------
    Y11                                               0.000     0.000 f  aresetn (IN)
                         net (fo=0)                   0.000     0.000    aresetn
    Y11                  IBUF (Prop_ibuf_I_O)         0.950     0.950 f  aresetn_IBUF_inst/O
                         net (fo=63, routed)          4.170     5.121    u_conv1/u_conv1_calc/aresetn_IBUF
    SLICE_X15Y45         LUT1 (Prop_lut1_I0_O)        0.105     5.226 r  u_conv1/u_conv1_calc/wr_ptr[7]_i_1/O
                         net (fo=2620, routed)       11.385    16.611    u_fc/p_0_in
    DSP48_X3Y42          DSP48E1                                      r  u_fc/product_s1_reg[6]/RSTA
  -------------------------------------------------------------------    -------------------

                         (clock aclk rise edge)       0.000     0.000 r  
    U7                                                0.000     0.000 r  aclk (IN)
                         net (fo=0)                   0.000     0.000    aclk
    U7                   IBUF (Prop_ibuf_I_O)         0.859     0.859 r  aclk_IBUF_inst/O
                         net (fo=1, routed)           1.673     2.532    aclk_IBUF
    BUFGCTRL_X0Y0        BUFG (Prop_bufg_I_O)         0.077     2.609 r  aclk_IBUF_BUFG_inst/O
                         net (fo=7275, routed)        1.584     4.192    u_fc/aclk_IBUF_BUFG
    DSP48_X3Y42          DSP48E1                                      r  u_fc/product_s1_reg[6]/CLK

Slack:                    inf
  Source:                 aresetn
                            (input port)
  Destination:            u_fc/sum_s3_reg[1][10]/R
                            (rising edge-triggered cell FDRE clocked by aclk  {rise@0.000ns fall@5.000ns period=10.000ns})
  Path Group:             (none)
  Path Type:              Setup (Max at Slow Process Corner)
  Data Path Delay:        16.572ns  (logic 1.055ns (6.368%)  route 15.517ns (93.632%))
  Logic Levels:           2  (IBUF=1 LUT1=1)
  Clock Path Skew:        4.108ns (DCD - SCD + CPR)
    Destination Clock Delay (DCD):    4.108ns
    Source Clock Delay      (SCD):    0.000ns
    Clock Pessimism Removal (CPR):    0.000ns

    Location             Delay type                Incr(ns)  Path(ns)    Netlist Resource(s)
  -------------------------------------------------------------------    -------------------
    Y11                                               0.000     0.000 f  aresetn (IN)
                         net (fo=0)                   0.000     0.000    aresetn
    Y11                  IBUF (Prop_ibuf_I_O)         0.950     0.950 f  aresetn_IBUF_inst/O
                         net (fo=63, routed)          4.170     5.121    u_conv1/u_conv1_calc/aresetn_IBUF
    SLICE_X15Y45         LUT1 (Prop_lut1_I0_O)        0.105     5.226 r  u_conv1/u_conv1_calc/wr_ptr[7]_i_1/O
                         net (fo=2620, routed)       11.346    16.572    u_fc/p_0_in
    SLICE_X93Y111        FDRE                                         r  u_fc/sum_s3_reg[1][10]/R
  -------------------------------------------------------------------    -------------------

                         (clock aclk rise edge)       0.000     0.000 r  
    U7                                                0.000     0.000 r  aclk (IN)
                         net (fo=0)                   0.000     0.000    aclk
    U7                   IBUF (Prop_ibuf_I_O)         0.859     0.859 r  aclk_IBUF_inst/O
                         net (fo=1, routed)           1.673     2.532    aclk_IBUF
    BUFGCTRL_X0Y0        BUFG (Prop_bufg_I_O)         0.077     2.609 r  aclk_IBUF_BUFG_inst/O
                         net (fo=7275, routed)        1.499     4.108    u_fc/aclk_IBUF_BUFG
    SLICE_X93Y111        FDRE                                         r  u_fc/sum_s3_reg[1][10]/C





