Copyright 1986-2020 Xilinx, Inc. All Rights Reserved.
--------------------------------------------------------------------------------------------------------------------------------------------------------------------------------------------------------
| Tool Version : Vivado v.2020.2 (win64) Build 3064766 Wed Nov 18 09:12:45 MST 2020
| Date         : Wed Sep  2 20:13:05 2026
| Host         : duyu running 64-bit major release  (build 9200)
| Command      : report_timing_summary -delay_type min_max -report_unconstrained -check_timing_verbose -max_paths 20 -input_pins -file D:/Xilinx/zynq7020/cnn/reports/impl_timing_summary_conv2pipe.rpt
| Design       : axis_cnn_mnist
| Device       : 7z020-clg400
| Speed File   : -2  PRODUCTION 1.12 2019-11-22
--------------------------------------------------------------------------------------------------------------------------------------------------------------------------------------------------------

Timing Summary Report

------------------------------------------------------------------------------------------------
| Timer Settings
| --------------
------------------------------------------------------------------------------------------------

  Enable Multi Corner Analysis               :  Yes
  Enable Pessimism Removal                   :  Yes
  Pessimism Removal Resolution               :  Nearest Common Node
  Enable Input Delay Default Clock           :  No
  Enable Preset / Clear Arcs                 :  No
  Disable Flight Delays                      :  No
  Ignore I/O Paths                           :  No
  Timing Early Launch at Borrowing Latches   :  No
  Borrow Time for Max Delay Exceptions       :  Yes
  Merge Timing Exceptions                    :  Yes

  Corner  Analyze    Analyze    
  Name    Max Paths  Min Paths  
  ------  ---------  ---------  
  Slow    Yes        Yes        
  Fast    Yes        Yes        



check_timing report

Table of Contents
-----------------
1. checking no_clock (0)
2. checking constant_clock (0)
3. checking pulse_width_clock (0)
4. checking unconstrained_internal_endpoints (0)
5. checking no_input_delay (11)
6. checking no_output_delay (7)
7. checking multiple_clock (0)
8. checking generated_clocks (0)
9. checking loops (0)
10. checking partial_input_delay (0)
11. checking partial_output_delay (0)
12. checking latch_loops (0)

1. checking no_clock (0)
------------------------
 There are 0 register/latch pins with no clock.


2. checking constant_clock (0)
------------------------------
 There are 0 register/latch pins with constant_clock.


3. checking pulse_width_clock (0)
---------------------------------
 There are 0 register/latch pins which need pulse_width check


4. checking unconstrained_internal_endpoints (0)
------------------------------------------------
 There are 0 pins that are not constrained for maximum delay.

 There are 0 pins that are not constrained for maximum delay due to constant clock.


5. checking no_input_delay (11)
-------------------------------
 There are 11 input ports with no input delay specified. (HIGH)

aresetn
m_axis_tready
s_axis_tdata[0]
s_axis_tdata[1]
s_axis_tdata[2]
s_axis_tdata[3]
s_axis_tdata[4]
s_axis_tdata[5]
s_axis_tdata[6]
s_axis_tdata[7]
s_axis_tvalid

 There are 0 input ports with no input delay but user has a false path constraint.


6. checking no_output_delay (7)
-------------------------------
 There are 7 ports with no output delay specified. (HIGH)

m_axis_tdata[0]
m_axis_tdata[1]
m_axis_tdata[2]
m_axis_tdata[3]
m_axis_tlast
m_axis_tvalid
s_axis_tready

 There are 0 ports with no output delay but user has a false path constraint

 There are 0 ports with no output delay but with a timing clock defined on it or propagating through it


7. checking multiple_clock (0)
------------------------------
 There are 0 register/latch pins with multiple clocks.


8. checking generated_clocks (0)
--------------------------------
 There are 0 generated clocks that are not connected to a clock source.


9. checking loops (0)
---------------------
 There are 0 combinational loops in the design.


10. checking partial_input_delay (0)
------------------------------------
 There are 0 input ports with partial input delay specified.


11. checking partial_output_delay (0)
-------------------------------------
 There are 0 ports with partial output delay specified.


12. checking latch_loops (0)
----------------------------
 There are 0 combinational latch loops in the design through latch input



------------------------------------------------------------------------------------------------
| Design Timing Summary
| ---------------------
------------------------------------------------------------------------------------------------

    WNS(ns)      TNS(ns)  TNS Failing Endpoints  TNS Total Endpoints      WHS(ns)      THS(ns)  THS Failing Endpoints  THS Total Endpoints     WPWS(ns)     TPWS(ns)  TPWS Failing Endpoints  TPWS Total Endpoints  
    -------      -------  ---------------------  -------------------      -------      -------  ---------------------  -------------------     --------     --------  ----------------------  --------------------  
      0.350        0.000                      0                38437        0.063        0.000                      0                38437        3.870        0.000                       0                  7213  


All user specified timing constraints are met.


------------------------------------------------------------------------------------------------
| Clock Summary
| -------------
------------------------------------------------------------------------------------------------

Clock  Waveform(ns)       Period(ns)      Frequency(MHz)
-----  ------------       ----------      --------------
aclk   {0.000 5.000}      10.000          100.000         


------------------------------------------------------------------------------------------------
| Intra Clock Table
| -----------------
------------------------------------------------------------------------------------------------

Clock             WNS(ns)      TNS(ns)  TNS Failing Endpoints  TNS Total Endpoints      WHS(ns)      THS(ns)  THS Failing Endpoints  THS Total Endpoints     WPWS(ns)     TPWS(ns)  TPWS Failing Endpoints  TPWS Total Endpoints  
-----             -------      -------  ---------------------  -------------------      -------      -------  ---------------------  -------------------     --------     --------  ----------------------  --------------------  
aclk                0.350        0.000                      0                38437        0.063        0.000                      0                38437        3.870        0.000                       0                  7213  


------------------------------------------------------------------------------------------------
| Inter Clock Table
| -----------------
------------------------------------------------------------------------------------------------

From Clock    To Clock          WNS(ns)      TNS(ns)  TNS Failing Endpoints  TNS Total Endpoints      WHS(ns)      THS(ns)  THS Failing Endpoints  THS Total Endpoints  
----------    --------          -------      -------  ---------------------  -------------------      -------      -------  ---------------------  -------------------  


------------------------------------------------------------------------------------------------
| Other Path Groups Table
| -----------------------
------------------------------------------------------------------------------------------------

Path Group    From Clock    To Clock          WNS(ns)      TNS(ns)  TNS Failing Endpoints  TNS Total Endpoints      WHS(ns)      THS(ns)  THS Failing Endpoints  THS Total Endpoints  
----------    ----------    --------          -------      -------  ---------------------  -------------------      -------      -------  ---------------------  -------------------  


------------------------------------------------------------------------------------------------
| User Ignored Path Table
| -----------------------
------------------------------------------------------------------------------------------------

Path Group    From Clock    To Clock    
----------    ----------    --------    


------------------------------------------------------------------------------------------------
| Unconstrained Path Table
| ------------------------
------------------------------------------------------------------------------------------------

Path Group    From Clock    To Clock    
----------    ----------    --------    
(none)        aclk                        
(none)                      aclk          


------------------------------------------------------------------------------------------------
| Timing Details
| --------------
------------------------------------------------------------------------------------------------


---------------------------------------------------------------------------------------------------
From Clock:  aclk
  To Clock:  aclk

Setup :            0  Failing Endpoints,  Worst Slack        0.350ns,  Total Violation        0.000ns
Hold  :            0  Failing Endpoints,  Worst Slack        0.063ns,  Total Violation        0.000ns
PW    :            0  Failing Endpoints,  Worst Slack        3.870ns,  Total Violation        0.000ns
---------------------------------------------------------------------------------------------------


Max Delay Paths
--------------------------------------------------------------------------------------
Slack (MET) :             0.350ns  (required time - arrival time)
  Source:                 u_conv2/u_calc/calc_state_reg_rep__0/C
                            (rising edge-triggered cell FDRE clocked by aclk  {rise@0.000ns fall@5.000ns period=10.000ns})
  Destination:            u_conv2/u_calc/product_s1_reg[2][1][4]/B[3]
                            (rising edge-triggered cell DSP48E1 clocked by aclk  {rise@0.000ns fall@5.000ns period=10.000ns})
  Path Group:             aclk
  Path Type:              Setup (Max at Slow Process Corner)
  Requirement:            10.000ns  (aclk rise@10.000ns - aclk rise@0.000ns)
  Data Path Delay:        6.687ns  (logic 0.379ns (5.668%)  route 6.308ns (94.332%))
  Logic Levels:           0  
  Clock Path Skew:        0.052ns (DCD - SCD + CPR)
    Destination Clock Delay (DCD):    4.051ns = ( 14.051 - 10.000 ) 
    Source Clock Delay      (SCD):    4.308ns
    Clock Pessimism Removal (CPR):    0.310ns
  Clock Uncertainty:      0.035ns  ((TSJ^2 + TIJ^2)^1/2 + DJ) / 2 + PE
    Total System Jitter     (TSJ):    0.071ns
    Total Input Jitter      (TIJ):    0.000ns
    Discrete Jitter          (DJ):    0.000ns
    Phase Error              (PE):    0.000ns

    Location             Delay type                Incr(ns)  Path(ns)    Netlist Resource(s)
  -------------------------------------------------------------------    -------------------
                         (clock aclk rise edge)       0.000     0.000 r  
    U7                                                0.000     0.000 r  aclk (IN)
                         net (fo=0)                   0.000     0.000    aclk
    U7                                                                r  aclk_IBUF_inst/I
    U7                   IBUF (Prop_ibuf_I_O)         0.990     0.990 r  aclk_IBUF_inst/O
                         net (fo=1, routed)           1.843     2.833    aclk_IBUF
    BUFGCTRL_X0Y0                                                     r  aclk_IBUF_BUFG_inst/I
    BUFGCTRL_X0Y0        BUFG (Prop_bufg_I_O)         0.085     2.918 r  aclk_IBUF_BUFG_inst/O
                         net (fo=7212, routed)        1.390     4.308    u_conv2/u_calc/aclk_IBUF_BUFG
    SLICE_X33Y60         FDRE                                         r  u_conv2/u_calc/calc_state_reg_rep__0/C
  -------------------------------------------------------------------    -------------------
    SLICE_X33Y60         FDRE (Prop_fdre_C_Q)         0.379     4.687 r  u_conv2/u_calc/calc_state_reg_rep__0/Q
                         net (fo=124, routed)         6.308    10.995    u_conv2/u_calc/gen_output_lane[2].gen_input_lane[1].pair23_0[0]
    DSP48_X3Y3           DSP48E1                                      r  u_conv2/u_calc/product_s1_reg[2][1][4]/B[3]
  -------------------------------------------------------------------    -------------------

                         (clock aclk rise edge)      10.000    10.000 r  
    U7                                                0.000    10.000 r  aclk (IN)
                         net (fo=0)                   0.000    10.000    aclk
    U7                                                                r  aclk_IBUF_inst/I
    U7                   IBUF (Prop_ibuf_I_O)         0.859    10.859 r  aclk_IBUF_inst/O
                         net (fo=1, routed)           1.673    12.532    aclk_IBUF
    BUFGCTRL_X0Y0                                                     r  aclk_IBUF_BUFG_inst/I
    BUFGCTRL_X0Y0        BUFG (Prop_bufg_I_O)         0.077    12.609 r  aclk_IBUF_BUFG_inst/O
                         net (fo=7212, routed)        1.442    14.051    u_conv2/u_calc/aclk_IBUF_BUFG
    DSP48_X3Y3           DSP48E1                                      r  u_conv2/u_calc/product_s1_reg[2][1][4]/CLK
                         clock pessimism              0.310    14.361    
                         clock uncertainty           -0.035    14.326    
    DSP48_X3Y3           DSP48E1 (Setup_dsp48e1_CLK_B[3])
                                                     -2.980    11.346    u_conv2/u_calc/product_s1_reg[2][1][4]
  -------------------------------------------------------------------
                         required time                         11.346    
                         arrival time                         -10.995    
  -------------------------------------------------------------------
                         slack                                  0.350    

Slack (MET) :             0.493ns  (required time - arrival time)
  Source:                 u_conv2/u_calc/calc_state_reg_rep__0/C
                            (rising edge-triggered cell FDRE clocked by aclk  {rise@0.000ns fall@5.000ns period=10.000ns})
  Destination:            u_conv2/u_calc/product_s1_reg[2][1][4]/B[0]
                            (rising edge-triggered cell DSP48E1 clocked by aclk  {rise@0.000ns fall@5.000ns period=10.000ns})
  Path Group:             aclk
  Path Type:              Setup (Max at Slow Process Corner)
  Requirement:            10.000ns  (aclk rise@10.000ns - aclk rise@0.000ns)
  Data Path Delay:        6.544ns  (logic 0.379ns (5.792%)  route 6.165ns (94.208%))
  Logic Levels:           0  
  Clock Path Skew:        0.052ns (DCD - SCD + CPR)
    Destination Clock Delay (DCD):    4.051ns = ( 14.051 - 10.000 ) 
    Source Clock Delay      (SCD):    4.308ns
    Clock Pessimism Removal (CPR):    0.310ns
  Clock Uncertainty:      0.035ns  ((TSJ^2 + TIJ^2)^1/2 + DJ) / 2 + PE
    Total System Jitter     (TSJ):    0.071ns
    Total Input Jitter      (TIJ):    0.000ns
    Discrete Jitter          (DJ):    0.000ns
    Phase Error              (PE):    0.000ns

    Location             Delay type                Incr(ns)  Path(ns)    Netlist Resource(s)
  -------------------------------------------------------------------    -------------------
                         (clock aclk rise edge)       0.000     0.000 r  
    U7                                                0.000     0.000 r  aclk (IN)
                         net (fo=0)                   0.000     0.000    aclk
    U7                                                                r  aclk_IBUF_inst/I
    U7                   IBUF (Prop_ibuf_I_O)         0.990     0.990 r  aclk_IBUF_inst/O
                         net (fo=1, routed)           1.843     2.833    aclk_IBUF
    BUFGCTRL_X0Y0                                                     r  aclk_IBUF_BUFG_inst/I
    BUFGCTRL_X0Y0        BUFG (Prop_bufg_I_O)         0.085     2.918 r  aclk_IBUF_BUFG_inst/O
                         net (fo=7212, routed)        1.390     4.308    u_conv2/u_calc/aclk_IBUF_BUFG
    SLICE_X33Y60         FDRE                                         r  u_conv2/u_calc/calc_state_reg_rep__0/C
  -------------------------------------------------------------------    -------------------
    SLICE_X33Y60         FDRE (Prop_fdre_C_Q)         0.379     4.687 r  u_conv2/u_calc/calc_state_reg_rep__0/Q
                         net (fo=124, routed)         6.165    10.853    u_conv2/u_calc/product_s1_reg[0][2][8]_0[0]
    DSP48_X3Y3           DSP48E1                                      r  u_conv2/u_calc/product_s1_reg[2][1][4]/B[0]
  -------------------------------------------------------------------    -------------------

                         (clock aclk rise edge)      10.000    10.000 r  
    U7                                                0.000    10.000 r  aclk (IN)
                         net (fo=0)                   0.000    10.000    aclk
    U7                                                                r  aclk_IBUF_inst/I
    U7                   IBUF (Prop_ibuf_I_O)         0.859    10.859 r  aclk_IBUF_inst/O
                         net (fo=1, routed)           1.673    12.532    aclk_IBUF
    BUFGCTRL_X0Y0                                                     r  aclk_IBUF_BUFG_inst/I
    BUFGCTRL_X0Y0        BUFG (Prop_bufg_I_O)         0.077    12.609 r  aclk_IBUF_BUFG_inst/O
                         net (fo=7212, routed)        1.442    14.051    u_conv2/u_calc/aclk_IBUF_BUFG
    DSP48_X3Y3           DSP48E1                                      r  u_conv2/u_calc/product_s1_reg[2][1][4]/CLK
                         clock pessimism              0.310    14.361    
                         clock uncertainty           -0.035    14.326    
    DSP48_X3Y3           DSP48E1 (Setup_dsp48e1_CLK_B[0])
                                                     -2.980    11.346    u_conv2/u_calc/product_s1_reg[2][1][4]
  -------------------------------------------------------------------
                         required time                         11.346    
                         arrival time                         -10.853    
  -------------------------------------------------------------------
                         slack                                  0.493    

Slack (MET) :             0.518ns  (required time - arrival time)
  Source:                 u_conv2/u_buf/win_row_reg[1]/C
                            (rising edge-triggered cell FDRE clocked by aclk  {rise@0.000ns fall@5.000ns period=10.000ns})
  Destination:            u_conv2/u_calc/gen_output_lane[1].gen_input_lane[1].pair45/A[10]
                            (rising edge-triggered cell DSP48E1 clocked by aclk  {rise@0.000ns fall@5.000ns period=10.000ns})
  Path Group:             aclk
  Path Type:              Setup (Max at Slow Process Corner)
  Requirement:            10.000ns  (aclk rise@10.000ns - aclk rise@0.000ns)
  Data Path Delay:        9.088ns  (logic 2.480ns (27.289%)  route 6.608ns (72.711%))
  Logic Levels:           8  (CARRY4=2 LUT3=2 LUT4=1 LUT5=1 LUT6=1 MUXF7=1)
  Clock Path Skew:        0.086ns (DCD - SCD + CPR)
    Destination Clock Delay (DCD):    4.055ns = ( 14.055 - 10.000 ) 
    Source Clock Delay      (SCD):    4.375ns
    Clock Pessimism Removal (CPR):    0.406ns
  Clock Uncertainty:      0.035ns  ((TSJ^2 + TIJ^2)^1/2 + DJ) / 2 + PE
    Total System Jitter     (TSJ):    0.071ns
    Total Input Jitter      (TIJ):    0.000ns
    Discrete Jitter          (DJ):    0.000ns
    Phase Error              (PE):    0.000ns

    Location             Delay type                Incr(ns)  Path(ns)    Netlist Resource(s)
  -------------------------------------------------------------------    -------------------
                         (clock aclk rise edge)       0.000     0.000 r  
    U7                                                0.000     0.000 r  aclk (IN)
                         net (fo=0)                   0.000     0.000    aclk
    U7                                                                r  aclk_IBUF_inst/I
    U7                   IBUF (Prop_ibuf_I_O)         0.990     0.990 r  aclk_IBUF_inst/O
                         net (fo=1, routed)           1.843     2.833    aclk_IBUF
    BUFGCTRL_X0Y0                                                     r  aclk_IBUF_BUFG_inst/I
    BUFGCTRL_X0Y0        BUFG (Prop_bufg_I_O)         0.085     2.918 r  aclk_IBUF_BUFG_inst/O
                         net (fo=7212, routed)        1.457     4.375    u_conv2/u_buf/aclk_IBUF_BUFG
    SLICE_X65Y38         FDRE                                         r  u_conv2/u_buf/win_row_reg[1]/C
  -------------------------------------------------------------------    -------------------
    SLICE_X65Y38         FDRE (Prop_fdre_C_Q)         0.379     4.754 r  u_conv2/u_buf/win_row_reg[1]/Q
                         net (fo=12, routed)          0.767     5.522    u_conv2/u_buf/win_row[1]
    SLICE_X64Y38                                                      r  u_conv2/u_buf/base_idx0__0_carry_i_6/I0
    SLICE_X64Y38         LUT4 (Prop_lut4_I0_O)        0.105     5.627 r  u_conv2/u_buf/base_idx0__0_carry_i_6/O
                         net (fo=1, routed)           0.000     5.627    u_conv2/u_buf/base_idx0__0_carry_i_6_n_0
    SLICE_X64Y38                                                      r  u_conv2/u_buf/base_idx0__0_carry/S[1]
    SLICE_X64Y38         CARRY4 (Prop_carry4_S[1]_O[2])
                                                      0.481     6.108 r  u_conv2/u_buf/base_idx0__0_carry/O[2]
                         net (fo=1, routed)           0.367     6.474    u_conv2/u_buf/base_idx0[4]
    SLICE_X63Y39                                                      r  u_conv2/u_buf/bank_A_reg_r8_0_63_0_2_i_1/S[0]
    SLICE_X63Y39         CARRY4 (Prop_carry4_S[0]_O[1])
                                                      0.596     7.070 r  u_conv2/u_buf/bank_A_reg_r8_0_63_0_2_i_1/O[1]
                         net (fo=330, routed)         0.477     7.547    u_conv2/u_calc/product_s1_reg[0][3][4]_i_13[1]
    SLICE_X63Y41                                                      r  u_conv2/u_calc/product_s1_reg[0][1][4]_i_37/I5
    SLICE_X63Y41         LUT6 (Prop_lut6_I5_O)        0.250     7.797 r  u_conv2/u_calc/product_s1_reg[0][1][4]_i_37/O
                         net (fo=2, routed)           0.860     8.657    u_conv2/u_calc/product_s1_reg[0][1][4]_i_37_n_0
    SLICE_X63Y41                                                      r  u_conv2/u_calc/product_s1_reg[0][1][4]_i_34/I1
    SLICE_X63Y41         LUT3 (Prop_lut3_I1_O)        0.115     8.772 r  u_conv2/u_calc/product_s1_reg[0][1][4]_i_34/O
                         net (fo=177, routed)         0.828     9.600    u_conv2/u_calc/bank_A_reg_r8_0_63_0_2_i_1_0[1]
    SLICE_X68Y45                                                      r  u_conv2/u_calc/gen_output_lane[0].gen_input_lane[1].pair45_i_34/I0
    SLICE_X68Y45         LUT3 (Prop_lut3_I0_O)        0.267     9.867 r  u_conv2/u_calc/gen_output_lane[0].gen_input_lane[1].pair45_i_34/O
                         net (fo=88, routed)          1.192    11.060    u_conv2/u_buf/gen_output_lane[0].gen_input_lane[0].pair45[1]
    SLICE_X59Y26                                                      r  u_conv2/u_buf/gen_output_lane[0].gen_input_lane[1].pair45_i_13/I1
    SLICE_X59Y26         LUT5 (Prop_lut5_I1_O)        0.105    11.165 r  u_conv2/u_buf/gen_output_lane[0].gen_input_lane[1].pair45_i_13/O
                         net (fo=1, routed)           0.000    11.165    u_conv2/u_buf/gen_output_lane[0].gen_input_lane[1].pair45_i_13_n_0
    SLICE_X59Y26                                                      r  u_conv2/u_buf/gen_output_lane[0].gen_input_lane[1].pair45_i_1/I1
    SLICE_X59Y26         MUXF7 (Prop_muxf7_I1_O)      0.182    11.347 r  u_conv2/u_buf/gen_output_lane[0].gen_input_lane[1].pair45_i_1/O
                         net (fo=4, routed)           2.117    13.463    u_conv2/u_calc/gen_output_lane[0].gen_input_lane[1].pair45_0[10]
    DSP48_X4Y2           DSP48E1                                      r  u_conv2/u_calc/gen_output_lane[1].gen_input_lane[1].pair45/A[10]
  -------------------------------------------------------------------    -------------------

                         (clock aclk rise edge)      10.000    10.000 r  
    U7                                                0.000    10.000 r  aclk (IN)
                         net (fo=0)                   0.000    10.000    aclk
    U7                                                                r  aclk_IBUF_inst/I
    U7                   IBUF (Prop_ibuf_I_O)         0.859    10.859 r  aclk_IBUF_inst/O
                         net (fo=1, routed)           1.673    12.532    aclk_IBUF
    BUFGCTRL_X0Y0                                                     r  aclk_IBUF_BUFG_inst/I
    BUFGCTRL_X0Y0        BUFG (Prop_bufg_I_O)         0.077    12.609 r  aclk_IBUF_BUFG_inst/O
                         net (fo=7212, routed)        1.446    14.055    u_conv2/u_calc/aclk_IBUF_BUFG
    DSP48_X4Y2           DSP48E1                                      r  u_conv2/u_calc/gen_output_lane[1].gen_input_lane[1].pair45/CLK
                         clock pessimism              0.406    14.461    
                         clock uncertainty           -0.035    14.426    
    DSP48_X4Y2           DSP48E1 (Setup_dsp48e1_CLK_A[10])
                                                     -0.444    13.982    u_conv2/u_calc/gen_output_lane[1].gen_input_lane[1].pair45
  -------------------------------------------------------------------
                         required time                         13.982    
                         arrival time                         -13.463    
  -------------------------------------------------------------------
                         slack                                  0.518    

Slack (MET) :             0.614ns  (required time - arrival time)
  Source:                 u_conv2/u_calc/calc_state_reg_rep__0/C
                            (rising edge-triggered cell FDRE clocked by aclk  {rise@0.000ns fall@5.000ns period=10.000ns})
  Destination:            u_conv2/u_calc/product_s1_reg[2][1][4]/B[5]
                            (rising edge-triggered cell DSP48E1 clocked by aclk  {rise@0.000ns fall@5.000ns period=10.000ns})
  Path Group:             aclk
  Path Type:              Setup (Max at Slow Process Corner)
  Requirement:            10.000ns  (aclk rise@10.000ns - aclk rise@0.000ns)
  Data Path Delay:        6.423ns  (logic 0.379ns (5.901%)  route 6.044ns (94.099%))
  Logic Levels:           0  
  Clock Path Skew:        0.052ns (DCD - SCD + CPR)
    Destination Clock Delay (DCD):    4.051ns = ( 14.051 - 10.000 ) 
    Source Clock Delay      (SCD):    4.308ns
    Clock Pessimism Removal (CPR):    0.310ns
  Clock Uncertainty:      0.035ns  ((TSJ^2 + TIJ^2)^1/2 + DJ) / 2 + PE
    Total System Jitter     (TSJ):    0.071ns
    Total Input Jitter      (TIJ):    0.000ns
    Discrete Jitter          (DJ):    0.000ns
    Phase Error              (PE):    0.000ns

    Location             Delay type                Incr(ns)  Path(ns)    Netlist Resource(s)
  -------------------------------------------------------------------    -------------------
                         (clock aclk rise edge)       0.000     0.000 r  
    U7                                                0.000     0.000 r  aclk (IN)
                         net (fo=0)                   0.000     0.000    aclk
    U7                                                                r  aclk_IBUF_inst/I
    U7                   IBUF (Prop_ibuf_I_O)         0.990     0.990 r  aclk_IBUF_inst/O
                         net (fo=1, routed)           1.843     2.833    aclk_IBUF
    BUFGCTRL_X0Y0                                                     r  aclk_IBUF_BUFG_inst/I
    BUFGCTRL_X0Y0        BUFG (Prop_bufg_I_O)         0.085     2.918 r  aclk_IBUF_BUFG_inst/O
                         net (fo=7212, routed)        1.390     4.308    u_conv2/u_calc/aclk_IBUF_BUFG
    SLICE_X33Y60         FDRE                                         r  u_conv2/u_calc/calc_state_reg_rep__0/C
  -------------------------------------------------------------------    -------------------
    SLICE_X33Y60         FDRE (Prop_fdre_C_Q)         0.379     4.687 r  u_conv2/u_calc/calc_state_reg_rep__0/Q
                         net (fo=124, routed)         6.044    10.732    u_conv2/u_calc/gen_output_lane[2].gen_input_lane[2].pair01_0[1]
    DSP48_X3Y3           DSP48E1                                      r  u_conv2/u_calc/product_s1_reg[2][1][4]/B[5]
  -------------------------------------------------------------------    -------------------

                         (clock aclk rise edge)      10.000    10.000 r  
    U7                                                0.000    10.000 r  aclk (IN)
                         net (fo=0)                   0.000    10.000    aclk
    U7                                                                r  aclk_IBUF_inst/I
    U7                   IBUF (Prop_ibuf_I_O)         0.859    10.859 r  aclk_IBUF_inst/O
                         net (fo=1, routed)           1.673    12.532    aclk_IBUF
    BUFGCTRL_X0Y0                                                     r  aclk_IBUF_BUFG_inst/I
    BUFGCTRL_X0Y0        BUFG (Prop_bufg_I_O)         0.077    12.609 r  aclk_IBUF_BUFG_inst/O
                         net (fo=7212, routed)        1.442    14.051    u_conv2/u_calc/aclk_IBUF_BUFG
    DSP48_X3Y3           DSP48E1                                      r  u_conv2/u_calc/product_s1_reg[2][1][4]/CLK
                         clock pessimism              0.310    14.361    
                         clock uncertainty           -0.035    14.326    
    DSP48_X3Y3           DSP48E1 (Setup_dsp48e1_CLK_B[5])
                                                     -2.980    11.346    u_conv2/u_calc/product_s1_reg[2][1][4]
  -------------------------------------------------------------------
                         required time                         11.346    
                         arrival time                         -10.732    
  -------------------------------------------------------------------
                         slack                                  0.614    

Slack (MET) :             0.614ns  (required time - arrival time)
  Source:                 u_conv2/u_calc/calc_state_reg_rep__0/C
                            (rising edge-triggered cell FDRE clocked by aclk  {rise@0.000ns fall@5.000ns period=10.000ns})
  Destination:            u_conv2/u_calc/product_s1_reg[2][1][4]/B[6]
                            (rising edge-triggered cell DSP48E1 clocked by aclk  {rise@0.000ns fall@5.000ns period=10.000ns})
  Path Group:             aclk
  Path Type:              Setup (Max at Slow Process Corner)
  Requirement:            10.000ns  (aclk rise@10.000ns - aclk rise@0.000ns)
  Data Path Delay:        6.423ns  (logic 0.379ns (5.901%)  route 6.044ns (94.099%))
  Logic Levels:           0  
  Clock Path Skew:        0.052ns (DCD - SCD + CPR)
    Destination Clock Delay (DCD):    4.051ns = ( 14.051 - 10.000 ) 
    Source Clock Delay      (SCD):    4.308ns
    Clock Pessimism Removal (CPR):    0.310ns
  Clock Uncertainty:      0.035ns  ((TSJ^2 + TIJ^2)^1/2 + DJ) / 2 + PE
    Total System Jitter     (TSJ):    0.071ns
    Total Input Jitter      (TIJ):    0.000ns
    Discrete Jitter          (DJ):    0.000ns
    Phase Error              (PE):    0.000ns

    Location             Delay type                Incr(ns)  Path(ns)    Netlist Resource(s)
  -------------------------------------------------------------------    -------------------
                         (clock aclk rise edge)       0.000     0.000 r  
    U7                                                0.000     0.000 r  aclk (IN)
                         net (fo=0)                   0.000     0.000    aclk
    U7                                                                r  aclk_IBUF_inst/I
    U7                   IBUF (Prop_ibuf_I_O)         0.990     0.990 r  aclk_IBUF_inst/O
                         net (fo=1, routed)           1.843     2.833    aclk_IBUF
    BUFGCTRL_X0Y0                                                     r  aclk_IBUF_BUFG_inst/I
    BUFGCTRL_X0Y0        BUFG (Prop_bufg_I_O)         0.085     2.918 r  aclk_IBUF_BUFG_inst/O
                         net (fo=7212, routed)        1.390     4.308    u_conv2/u_calc/aclk_IBUF_BUFG
    SLICE_X33Y60         FDRE                                         r  u_conv2/u_calc/calc_state_reg_rep__0/C
  -------------------------------------------------------------------    -------------------
    SLICE_X33Y60         FDRE (Prop_fdre_C_Q)         0.379     4.687 r  u_conv2/u_calc/calc_state_reg_rep__0/Q
                         net (fo=124, routed)         6.044    10.732    u_conv2/u_calc/product_s1_reg[0][2][8]_0[0]
    DSP48_X3Y3           DSP48E1                                      r  u_conv2/u_calc/product_s1_reg[2][1][4]/B[6]
  -------------------------------------------------------------------    -------------------

                         (clock aclk rise edge)      10.000    10.000 r  
    U7                                                0.000    10.000 r  aclk (IN)
                         net (fo=0)                   0.000    10.000    aclk
    U7                                                                r  aclk_IBUF_inst/I
    U7                   IBUF (Prop_ibuf_I_O)         0.859    10.859 r  aclk_IBUF_inst/O
                         net (fo=1, routed)           1.673    12.532    aclk_IBUF
    BUFGCTRL_X0Y0                                                     r  aclk_IBUF_BUFG_inst/I
    BUFGCTRL_X0Y0        BUFG (Prop_bufg_I_O)         0.077    12.609 r  aclk_IBUF_BUFG_inst/O
                         net (fo=7212, routed)        1.442    14.051    u_conv2/u_calc/aclk_IBUF_BUFG
    DSP48_X3Y3           DSP48E1                                      r  u_conv2/u_calc/product_s1_reg[2][1][4]/CLK
                         clock pessimism              0.310    14.361    
                         clock uncertainty           -0.035    14.326    
    DSP48_X3Y3           DSP48E1 (Setup_dsp48e1_CLK_B[6])
                                                     -2.980    11.346    u_conv2/u_calc/product_s1_reg[2][1][4]
  -------------------------------------------------------------------
                         required time                         11.346    
                         arrival time                         -10.732    
  -------------------------------------------------------------------
                         slack                                  0.614    

Slack (MET) :             0.618ns  (required time - arrival time)
  Source:                 u_conv2/u_buf/win_row_reg[1]/C
                            (rising edge-triggered cell FDRE clocked by aclk  {rise@0.000ns fall@5.000ns period=10.000ns})
  Destination:            u_conv2/u_calc/gen_output_lane[0].gen_input_lane[3].pair45/A[2]
                            (rising edge-triggered cell DSP48E1 clocked by aclk  {rise@0.000ns fall@5.000ns period=10.000ns})
  Path Group:             aclk
  Path Type:              Setup (Max at Slow Process Corner)
  Requirement:            10.000ns  (aclk rise@10.000ns - aclk rise@0.000ns)
  Data Path Delay:        8.986ns  (logic 2.308ns (25.686%)  route 6.678ns (74.314%))
  Logic Levels:           8  (CARRY4=2 LUT4=1 LUT5=2 LUT6=1 MUXF7=1 RAMD64E=1)
  Clock Path Skew:        0.083ns (DCD - SCD + CPR)
    Destination Clock Delay (DCD):    4.052ns = ( 14.052 - 10.000 ) 
    Source Clock Delay      (SCD):    4.375ns
    Clock Pessimism Removal (CPR):    0.406ns
  Clock Uncertainty:      0.035ns  ((TSJ^2 + TIJ^2)^1/2 + DJ) / 2 + PE
    Total System Jitter     (TSJ):    0.071ns
    Total Input Jitter      (TIJ):    0.000ns
    Discrete Jitter          (DJ):    0.000ns
    Phase Error              (PE):    0.000ns

    Location             Delay type                Incr(ns)  Path(ns)    Netlist Resource(s)
  -------------------------------------------------------------------    -------------------
                         (clock aclk rise edge)       0.000     0.000 r  
    U7                                                0.000     0.000 r  aclk (IN)
                         net (fo=0)                   0.000     0.000    aclk
    U7                                                                r  aclk_IBUF_inst/I
    U7                   IBUF (Prop_ibuf_I_O)         0.990     0.990 r  aclk_IBUF_inst/O
                         net (fo=1, routed)           1.843     2.833    aclk_IBUF
    BUFGCTRL_X0Y0                                                     r  aclk_IBUF_BUFG_inst/I
    BUFGCTRL_X0Y0        BUFG (Prop_bufg_I_O)         0.085     2.918 r  aclk_IBUF_BUFG_inst/O
                         net (fo=7212, routed)        1.457     4.375    u_conv2/u_buf/aclk_IBUF_BUFG
    SLICE_X65Y38         FDRE                                         r  u_conv2/u_buf/win_row_reg[1]/C
  -------------------------------------------------------------------    -------------------
    SLICE_X65Y38         FDRE (Prop_fdre_C_Q)         0.379     4.754 r  u_conv2/u_buf/win_row_reg[1]/Q
                         net (fo=12, routed)          0.767     5.522    u_conv2/u_buf/win_row[1]
    SLICE_X64Y38                                                      r  u_conv2/u_buf/base_idx0__0_carry_i_6/I0
    SLICE_X64Y38         LUT4 (Prop_lut4_I0_O)        0.105     5.627 r  u_conv2/u_buf/base_idx0__0_carry_i_6/O
                         net (fo=1, routed)           0.000     5.627    u_conv2/u_buf/base_idx0__0_carry_i_6_n_0
    SLICE_X64Y38                                                      r  u_conv2/u_buf/base_idx0__0_carry/S[1]
    SLICE_X64Y38         CARRY4 (Prop_carry4_S[1]_O[2])
                                                      0.481     6.108 r  u_conv2/u_buf/base_idx0__0_carry/O[2]
                         net (fo=1, routed)           0.367     6.474    u_conv2/u_buf/base_idx0[4]
    SLICE_X63Y39                                                      r  u_conv2/u_buf/bank_A_reg_r8_0_63_0_2_i_1/S[0]
    SLICE_X63Y39         CARRY4 (Prop_carry4_S[0]_O[1])
                                                      0.596     7.070 r  u_conv2/u_buf/bank_A_reg_r8_0_63_0_2_i_1/O[1]
                         net (fo=330, routed)         0.670     7.740    u_conv2/u_buf/win_row_reg[1]_0[1]
    SLICE_X59Y40                                                      r  u_conv2/u_buf/bank_A_reg_r3_0_63_0_2_i_7/I0
    SLICE_X59Y40         LUT6 (Prop_lut6_I0_O)        0.250     7.990 r  u_conv2/u_buf/bank_A_reg_r3_0_63_0_2_i_7/O
                         net (fo=4, routed)           0.715     8.706    u_conv2/u_buf/bank_A_reg_r3_0_63_0_2_i_7_n_0
    SLICE_X55Y50                                                      r  u_conv2/u_buf/bank_A_reg_r3_0_63_36_38_i_1/I0
    SLICE_X55Y50         LUT5 (Prop_lut5_I0_O)        0.105     8.811 r  u_conv2/u_buf/bank_A_reg_r3_0_63_36_38_i_1/O
                         net (fo=72, routed)          1.143     9.954    u_conv2/u_buf/bank_B_reg_r3_128_191_36_38/ADDRC5
    SLICE_X50Y67                                                      r  u_conv2/u_buf/bank_B_reg_r3_128_191_36_38/RAMC/RADR5
    SLICE_X50Y67         RAMD64E (Prop_ramd64e_RADR5_O)
                                                      0.105    10.059 r  u_conv2/u_buf/bank_B_reg_r3_128_191_36_38/RAMC/O
                         net (fo=1, routed)           1.278    11.337    u_conv2/u_buf/bank_B_reg_r3_128_191_36_38_n_2
    SLICE_X55Y52                                                      r  u_conv2/u_buf/gen_output_lane[0].gen_input_lane[3].pair45_i_29/I0
    SLICE_X55Y52         LUT5 (Prop_lut5_I0_O)        0.105    11.442 r  u_conv2/u_buf/gen_output_lane[0].gen_input_lane[3].pair45_i_29/O
                         net (fo=1, routed)           0.000    11.442    u_conv2/u_buf/gen_output_lane[0].gen_input_lane[3].pair45_i_29_n_0
    SLICE_X55Y52                                                      r  u_conv2/u_buf/gen_output_lane[0].gen_input_lane[3].pair45_i_9/I1
    SLICE_X55Y52         MUXF7 (Prop_muxf7_I1_O)      0.182    11.624 r  u_conv2/u_buf/gen_output_lane[0].gen_input_lane[3].pair45_i_9/O
                         net (fo=4, routed)           1.737    13.361    u_conv2/u_calc/gen_output_lane[0].gen_input_lane[3].pair45_1[2]
    DSP48_X3Y18          DSP48E1                                      r  u_conv2/u_calc/gen_output_lane[0].gen_input_lane[3].pair45/A[2]
  -------------------------------------------------------------------    -------------------

                         (clock aclk rise edge)      10.000    10.000 r  
    U7                                                0.000    10.000 r  aclk (IN)
                         net (fo=0)                   0.000    10.000    aclk
    U7                                                                r  aclk_IBUF_inst/I
    U7                   IBUF (Prop_ibuf_I_O)         0.859    10.859 r  aclk_IBUF_inst/O
                         net (fo=1, routed)           1.673    12.532    aclk_IBUF
    BUFGCTRL_X0Y0                                                     r  aclk_IBUF_BUFG_inst/I
    BUFGCTRL_X0Y0        BUFG (Prop_bufg_I_O)         0.077    12.609 r  aclk_IBUF_BUFG_inst/O
                         net (fo=7212, routed)        1.443    14.052    u_conv2/u_calc/aclk_IBUF_BUFG
    DSP48_X3Y18          DSP48E1                                      r  u_conv2/u_calc/gen_output_lane[0].gen_input_lane[3].pair45/CLK
                         clock pessimism              0.406    14.458    
                         clock uncertainty           -0.035    14.423    
    DSP48_X3Y18          DSP48E1 (Setup_dsp48e1_CLK_A[2])
                                                     -0.444    13.979    u_conv2/u_calc/gen_output_lane[0].gen_input_lane[3].pair45
  -------------------------------------------------------------------
                         required time                         13.979    
                         arrival time                         -13.361    
  -------------------------------------------------------------------
                         slack                                  0.618    

Slack (MET) :             0.631ns  (required time - arrival time)
  Source:                 u_conv2/u_buf/win_row_reg[1]/C
                            (rising edge-triggered cell FDRE clocked by aclk  {rise@0.000ns fall@5.000ns period=10.000ns})
  Destination:            u_conv2/u_calc/gen_output_lane[1].gen_input_lane[0].pair45/A[7]
                            (rising edge-triggered cell DSP48E1 clocked by aclk  {rise@0.000ns fall@5.000ns period=10.000ns})
  Path Group:             aclk
  Path Type:              Setup (Max at Slow Process Corner)
  Requirement:            10.000ns  (aclk rise@10.000ns - aclk rise@0.000ns)
  Data Path Delay:        8.788ns  (logic 2.471ns (28.119%)  route 6.317ns (71.881%))
  Logic Levels:           8  (CARRY4=2 LUT3=2 LUT4=1 LUT5=1 LUT6=1 MUXF7=1)
  Clock Path Skew:        -0.113ns (DCD - SCD + CPR)
    Destination Clock Delay (DCD):    3.941ns = ( 13.941 - 10.000 ) 
    Source Clock Delay      (SCD):    4.375ns
    Clock Pessimism Removal (CPR):    0.322ns
  Clock Uncertainty:      0.035ns  ((TSJ^2 + TIJ^2)^1/2 + DJ) / 2 + PE
    Total System Jitter     (TSJ):    0.071ns
    Total Input Jitter      (TIJ):    0.000ns
    Discrete Jitter          (DJ):    0.000ns
    Phase Error              (PE):    0.000ns

    Location             Delay type                Incr(ns)  Path(ns)    Netlist Resource(s)
  -------------------------------------------------------------------    -------------------
                         (clock aclk rise edge)       0.000     0.000 r  
    U7                                                0.000     0.000 r  aclk (IN)
                         net (fo=0)                   0.000     0.000    aclk
    U7                                                                r  aclk_IBUF_inst/I
    U7                   IBUF (Prop_ibuf_I_O)         0.990     0.990 r  aclk_IBUF_inst/O
                         net (fo=1, routed)           1.843     2.833    aclk_IBUF
    BUFGCTRL_X0Y0                                                     r  aclk_IBUF_BUFG_inst/I
    BUFGCTRL_X0Y0        BUFG (Prop_bufg_I_O)         0.085     2.918 r  aclk_IBUF_BUFG_inst/O
                         net (fo=7212, routed)        1.457     4.375    u_conv2/u_buf/aclk_IBUF_BUFG
    SLICE_X65Y38         FDRE                                         r  u_conv2/u_buf/win_row_reg[1]/C
  -------------------------------------------------------------------    -------------------
    SLICE_X65Y38         FDRE (Prop_fdre_C_Q)         0.379     4.754 r  u_conv2/u_buf/win_row_reg[1]/Q
                         net (fo=12, routed)          0.767     5.522    u_conv2/u_buf/win_row[1]
    SLICE_X64Y38                                                      r  u_conv2/u_buf/base_idx0__0_carry_i_6/I0
    SLICE_X64Y38         LUT4 (Prop_lut4_I0_O)        0.105     5.627 r  u_conv2/u_buf/base_idx0__0_carry_i_6/O
                         net (fo=1, routed)           0.000     5.627    u_conv2/u_buf/base_idx0__0_carry_i_6_n_0
    SLICE_X64Y38                                                      r  u_conv2/u_buf/base_idx0__0_carry/S[1]
    SLICE_X64Y38         CARRY4 (Prop_carry4_S[1]_O[2])
                                                      0.481     6.108 r  u_conv2/u_buf/base_idx0__0_carry/O[2]
                         net (fo=1, routed)           0.367     6.474    u_conv2/u_buf/base_idx0[4]
    SLICE_X63Y39                                                      r  u_conv2/u_buf/bank_A_reg_r8_0_63_0_2_i_1/S[0]
    SLICE_X63Y39         CARRY4 (Prop_carry4_S[0]_O[1])
                                                      0.596     7.070 r  u_conv2/u_buf/bank_A_reg_r8_0_63_0_2_i_1/O[1]
                         net (fo=330, routed)         0.477     7.547    u_conv2/u_calc/product_s1_reg[0][3][4]_i_13[1]
    SLICE_X63Y41                                                      r  u_conv2/u_calc/product_s1_reg[0][1][4]_i_37/I5
    SLICE_X63Y41         LUT6 (Prop_lut6_I5_O)        0.250     7.797 r  u_conv2/u_calc/product_s1_reg[0][1][4]_i_37/O
                         net (fo=2, routed)           0.860     8.657    u_conv2/u_calc/product_s1_reg[0][1][4]_i_37_n_0
    SLICE_X63Y41                                                      r  u_conv2/u_calc/product_s1_reg[0][1][4]_i_34/I1
    SLICE_X63Y41         LUT3 (Prop_lut3_I1_O)        0.115     8.772 r  u_conv2/u_calc/product_s1_reg[0][1][4]_i_34/O
                         net (fo=177, routed)         0.828     9.600    u_conv2/u_calc/bank_A_reg_r8_0_63_0_2_i_1_0[1]
    SLICE_X68Y45                                                      r  u_conv2/u_calc/gen_output_lane[0].gen_input_lane[1].pair45_i_34/I0
    SLICE_X68Y45         LUT3 (Prop_lut3_I0_O)        0.267     9.867 r  u_conv2/u_calc/gen_output_lane[0].gen_input_lane[1].pair45_i_34/O
                         net (fo=88, routed)          1.829    11.696    u_conv2/u_buf/gen_output_lane[0].gen_input_lane[0].pair45[1]
    SLICE_X32Y25                                                      r  u_conv2/u_buf/gen_output_lane[0].gen_input_lane[0].pair45_i_18/I1
    SLICE_X32Y25         LUT5 (Prop_lut5_I1_O)        0.105    11.801 r  u_conv2/u_buf/gen_output_lane[0].gen_input_lane[0].pair45_i_18/O
                         net (fo=1, routed)           0.000    11.801    u_conv2/u_buf/data_out_50[7]
    SLICE_X32Y25                                                      r  u_conv2/u_buf/gen_output_lane[0].gen_input_lane[0].pair45_i_4/I0
    SLICE_X32Y25         MUXF7 (Prop_muxf7_I0_O)      0.173    11.974 r  u_conv2/u_buf/gen_output_lane[0].gen_input_lane[0].pair45_i_4/O
                         net (fo=4, routed)           1.189    13.163    u_conv2/u_calc/gen_output_lane[0].gen_input_lane[0].pair45_0[7]
    DSP48_X2Y3           DSP48E1                                      r  u_conv2/u_calc/gen_output_lane[1].gen_input_lane[0].pair45/A[7]
  -------------------------------------------------------------------    -------------------

                         (clock aclk rise edge)      10.000    10.000 r  
    U7                                                0.000    10.000 r  aclk (IN)
                         net (fo=0)                   0.000    10.000    aclk
    U7                                                                r  aclk_IBUF_inst/I
    U7                   IBUF (Prop_ibuf_I_O)         0.859    10.859 r  aclk_IBUF_inst/O
                         net (fo=1, routed)           1.673    12.532    aclk_IBUF
    BUFGCTRL_X0Y0                                                     r  aclk_IBUF_BUFG_inst/I
    BUFGCTRL_X0Y0        BUFG (Prop_bufg_I_O)         0.077    12.609 r  aclk_IBUF_BUFG_inst/O
                         net (fo=7212, routed)        1.332    13.941    u_conv2/u_calc/aclk_IBUF_BUFG
    DSP48_X2Y3           DSP48E1                                      r  u_conv2/u_calc/gen_output_lane[1].gen_input_lane[0].pair45/CLK
                         clock pessimism              0.322    14.263    
                         clock uncertainty           -0.035    14.228    
    DSP48_X2Y3           DSP48E1 (Setup_dsp48e1_CLK_A[7])
                                                     -0.433    13.795    u_conv2/u_calc/gen_output_lane[1].gen_input_lane[0].pair45
  -------------------------------------------------------------------
                         required time                         13.795    
                         arrival time                         -13.163    
  -------------------------------------------------------------------
                         slack                                  0.631    

Slack (MET) :             0.636ns  (required time - arrival time)
  Source:                 u_conv2/u_calc/calc_state_reg_rep__0/C
                            (rising edge-triggered cell FDRE clocked by aclk  {rise@0.000ns fall@5.000ns period=10.000ns})
  Destination:            u_conv2/u_calc/product_s1_reg[2][1][4]/B[7]
                            (rising edge-triggered cell DSP48E1 clocked by aclk  {rise@0.000ns fall@5.000ns period=10.000ns})
  Path Group:             aclk
  Path Type:              Setup (Max at Slow Process Corner)
  Requirement:            10.000ns  (aclk rise@10.000ns - aclk rise@0.000ns)
  Data Path Delay:        6.401ns  (logic 0.379ns (5.921%)  route 6.022ns (94.079%))
  Logic Levels:           0  
  Clock Path Skew:        0.052ns (DCD - SCD + CPR)
    Destination Clock Delay (DCD):    4.051ns = ( 14.051 - 10.000 ) 
    Source Clock Delay      (SCD):    4.308ns
    Clock Pessimism Removal (CPR):    0.310ns
  Clock Uncertainty:      0.035ns  ((TSJ^2 + TIJ^2)^1/2 + DJ) / 2 + PE
    Total System Jitter     (TSJ):    0.071ns
    Total Input Jitter      (TIJ):    0.000ns
    Discrete Jitter          (DJ):    0.000ns
    Phase Error              (PE):    0.000ns

    Location             Delay type                Incr(ns)  Path(ns)    Netlist Resource(s)
  -------------------------------------------------------------------    -------------------
                         (clock aclk rise edge)       0.000     0.000 r  
    U7                                                0.000     0.000 r  aclk (IN)
                         net (fo=0)                   0.000     0.000    aclk
    U7                                                                r  aclk_IBUF_inst/I
    U7                   IBUF (Prop_ibuf_I_O)         0.990     0.990 r  aclk_IBUF_inst/O
                         net (fo=1, routed)           1.843     2.833    aclk_IBUF
    BUFGCTRL_X0Y0                                                     r  aclk_IBUF_BUFG_inst/I
    BUFGCTRL_X0Y0        BUFG (Prop_bufg_I_O)         0.085     2.918 r  aclk_IBUF_BUFG_inst/O
                         net (fo=7212, routed)        1.390     4.308    u_conv2/u_calc/aclk_IBUF_BUFG
    SLICE_X33Y60         FDRE                                         r  u_conv2/u_calc/calc_state_reg_rep__0/C
  -------------------------------------------------------------------    -------------------
    SLICE_X33Y60         FDRE (Prop_fdre_C_Q)         0.379     4.687 r  u_conv2/u_calc/calc_state_reg_rep__0/Q
                         net (fo=124, routed)         6.022    10.710    u_conv2/u_calc/product_s1_reg[0][2][8]_0[0]
    DSP48_X3Y3           DSP48E1                                      r  u_conv2/u_calc/product_s1_reg[2][1][4]/B[7]
  -------------------------------------------------------------------    -------------------

                         (clock aclk rise edge)      10.000    10.000 r  
    U7                                                0.000    10.000 r  aclk (IN)
                         net (fo=0)                   0.000    10.000    aclk
    U7                                                                r  aclk_IBUF_inst/I
    U7                   IBUF (Prop_ibuf_I_O)         0.859    10.859 r  aclk_IBUF_inst/O
                         net (fo=1, routed)           1.673    12.532    aclk_IBUF
    BUFGCTRL_X0Y0                                                     r  aclk_IBUF_BUFG_inst/I
    BUFGCTRL_X0Y0        BUFG (Prop_bufg_I_O)         0.077    12.609 r  aclk_IBUF_BUFG_inst/O
                         net (fo=7212, routed)        1.442    14.051    u_conv2/u_calc/aclk_IBUF_BUFG
    DSP48_X3Y3           DSP48E1                                      r  u_conv2/u_calc/product_s1_reg[2][1][4]/CLK
                         clock pessimism              0.310    14.361    
                         clock uncertainty           -0.035    14.326    
    DSP48_X3Y3           DSP48E1 (Setup_dsp48e1_CLK_B[7])
                                                     -2.980    11.346    u_conv2/u_calc/product_s1_reg[2][1][4]
  -------------------------------------------------------------------
                         required time                         11.346    
                         arrival time                         -10.710    
  -------------------------------------------------------------------
                         slack                                  0.636    

Slack (MET) :             0.656ns  (required time - arrival time)
  Source:                 u_conv2/u_buf/win_row_reg[1]/C
                            (rising edge-triggered cell FDRE clocked by aclk  {rise@0.000ns fall@5.000ns period=10.000ns})
  Destination:            u_conv2/u_calc/gen_output_lane[3].gen_input_lane[0].pair45/A[7]
                            (rising edge-triggered cell DSP48E1 clocked by aclk  {rise@0.000ns fall@5.000ns period=10.000ns})
  Path Group:             aclk
  Path Type:              Setup (Max at Slow Process Corner)
  Requirement:            10.000ns  (aclk rise@10.000ns - aclk rise@0.000ns)
  Data Path Delay:        8.834ns  (logic 2.471ns (27.972%)  route 6.363ns (72.028%))
  Logic Levels:           8  (CARRY4=2 LUT3=2 LUT4=1 LUT5=1 LUT6=1 MUXF7=1)
  Clock Path Skew:        -0.042ns (DCD - SCD + CPR)
    Destination Clock Delay (DCD):    4.012ns = ( 14.012 - 10.000 ) 
    Source Clock Delay      (SCD):    4.375ns
    Clock Pessimism Removal (CPR):    0.322ns
  Clock Uncertainty:      0.035ns  ((TSJ^2 + TIJ^2)^1/2 + DJ) / 2 + PE
    Total System Jitter     (TSJ):    0.071ns
    Total Input Jitter      (TIJ):    0.000ns
    Discrete Jitter          (DJ):    0.000ns
    Phase Error              (PE):    0.000ns

    Location             Delay type                Incr(ns)  Path(ns)    Netlist Resource(s)
  -------------------------------------------------------------------    -------------------
                         (clock aclk rise edge)       0.000     0.000 r  
    U7                                                0.000     0.000 r  aclk (IN)
                         net (fo=0)                   0.000     0.000    aclk
    U7                                                                r  aclk_IBUF_inst/I
    U7                   IBUF (Prop_ibuf_I_O)         0.990     0.990 r  aclk_IBUF_inst/O
                         net (fo=1, routed)           1.843     2.833    aclk_IBUF
    BUFGCTRL_X0Y0                                                     r  aclk_IBUF_BUFG_inst/I
    BUFGCTRL_X0Y0        BUFG (Prop_bufg_I_O)         0.085     2.918 r  aclk_IBUF_BUFG_inst/O
                         net (fo=7212, routed)        1.457     4.375    u_conv2/u_buf/aclk_IBUF_BUFG
    SLICE_X65Y38         FDRE                                         r  u_conv2/u_buf/win_row_reg[1]/C
  -------------------------------------------------------------------    -------------------
    SLICE_X65Y38         FDRE (Prop_fdre_C_Q)         0.379     4.754 r  u_conv2/u_buf/win_row_reg[1]/Q
                         net (fo=12, routed)          0.767     5.522    u_conv2/u_buf/win_row[1]
    SLICE_X64Y38                                                      r  u_conv2/u_buf/base_idx0__0_carry_i_6/I0
    SLICE_X64Y38         LUT4 (Prop_lut4_I0_O)        0.105     5.627 r  u_conv2/u_buf/base_idx0__0_carry_i_6/O
                         net (fo=1, routed)           0.000     5.627    u_conv2/u_buf/base_idx0__0_carry_i_6_n_0
    SLICE_X64Y38                                                      r  u_conv2/u_buf/base_idx0__0_carry/S[1]
    SLICE_X64Y38         CARRY4 (Prop_carry4_S[1]_O[2])
                                                      0.481     6.108 r  u_conv2/u_buf/base_idx0__0_carry/O[2]
                         net (fo=1, routed)           0.367     6.474    u_conv2/u_buf/base_idx0[4]
    SLICE_X63Y39                                                      r  u_conv2/u_buf/bank_A_reg_r8_0_63_0_2_i_1/S[0]
    SLICE_X63Y39         CARRY4 (Prop_carry4_S[0]_O[1])
                                                      0.596     7.070 r  u_conv2/u_buf/bank_A_reg_r8_0_63_0_2_i_1/O[1]
                         net (fo=330, routed)         0.477     7.547    u_conv2/u_calc/product_s1_reg[0][3][4]_i_13[1]
    SLICE_X63Y41                                                      r  u_conv2/u_calc/product_s1_reg[0][1][4]_i_37/I5
    SLICE_X63Y41         LUT6 (Prop_lut6_I5_O)        0.250     7.797 r  u_conv2/u_calc/product_s1_reg[0][1][4]_i_37/O
                         net (fo=2, routed)           0.860     8.657    u_conv2/u_calc/product_s1_reg[0][1][4]_i_37_n_0
    SLICE_X63Y41                                                      r  u_conv2/u_calc/product_s1_reg[0][1][4]_i_34/I1
    SLICE_X63Y41         LUT3 (Prop_lut3_I1_O)        0.115     8.772 r  u_conv2/u_calc/product_s1_reg[0][1][4]_i_34/O
                         net (fo=177, routed)         0.828     9.600    u_conv2/u_calc/bank_A_reg_r8_0_63_0_2_i_1_0[1]
    SLICE_X68Y45                                                      r  u_conv2/u_calc/gen_output_lane[0].gen_input_lane[1].pair45_i_34/I0
    SLICE_X68Y45         LUT3 (Prop_lut3_I0_O)        0.267     9.867 r  u_conv2/u_calc/gen_output_lane[0].gen_input_lane[1].pair45_i_34/O
                         net (fo=88, routed)          1.829    11.696    u_conv2/u_buf/gen_output_lane[0].gen_input_lane[0].pair45[1]
    SLICE_X32Y25                                                      r  u_conv2/u_buf/gen_output_lane[0].gen_input_lane[0].pair45_i_18/I1
    SLICE_X32Y25         LUT5 (Prop_lut5_I1_O)        0.105    11.801 r  u_conv2/u_buf/gen_output_lane[0].gen_input_lane[0].pair45_i_18/O
                         net (fo=1, routed)           0.000    11.801    u_conv2/u_buf/data_out_50[7]
    SLICE_X32Y25                                                      r  u_conv2/u_buf/gen_output_lane[0].gen_input_lane[0].pair45_i_4/I0
    SLICE_X32Y25         MUXF7 (Prop_muxf7_I0_O)      0.173    11.974 r  u_conv2/u_buf/gen_output_lane[0].gen_input_lane[0].pair45_i_4/O
                         net (fo=4, routed)           1.236    13.209    u_conv2/u_calc/gen_output_lane[0].gen_input_lane[0].pair45_0[7]
    DSP48_X1Y3           DSP48E1                                      r  u_conv2/u_calc/gen_output_lane[3].gen_input_lane[0].pair45/A[7]
  -------------------------------------------------------------------    -------------------

                         (clock aclk rise edge)      10.000    10.000 r  
    U7                                                0.000    10.000 r  aclk (IN)
                         net (fo=0)                   0.000    10.000    aclk
    U7                                                                r  aclk_IBUF_inst/I
    U7                   IBUF (Prop_ibuf_I_O)         0.859    10.859 r  aclk_IBUF_inst/O
                         net (fo=1, routed)           1.673    12.532    aclk_IBUF
    BUFGCTRL_X0Y0                                                     r  aclk_IBUF_BUFG_inst/I
    BUFGCTRL_X0Y0        BUFG (Prop_bufg_I_O)         0.077    12.609 r  aclk_IBUF_BUFG_inst/O
                         net (fo=7212, routed)        1.403    14.012    u_conv2/u_calc/aclk_IBUF_BUFG
    DSP48_X1Y3           DSP48E1                                      r  u_conv2/u_calc/gen_output_lane[3].gen_input_lane[0].pair45/CLK
                         clock pessimism              0.322    14.334    
                         clock uncertainty           -0.035    14.299    
    DSP48_X1Y3           DSP48E1 (Setup_dsp48e1_CLK_A[7])
                                                     -0.433    13.866    u_conv2/u_calc/gen_output_lane[3].gen_input_lane[0].pair45
  -------------------------------------------------------------------
                         required time                         13.866    
                         arrival time                         -13.209    
  -------------------------------------------------------------------
                         slack                                  0.656    

Slack (MET) :             0.706ns  (required time - arrival time)
  Source:                 u_conv2/u_buf/win_row_reg[1]/C
                            (rising edge-triggered cell FDRE clocked by aclk  {rise@0.000ns fall@5.000ns period=10.000ns})
  Destination:            u_conv2/u_calc/gen_output_lane[2].gen_input_lane[1].pair45/A[10]
                            (rising edge-triggered cell DSP48E1 clocked by aclk  {rise@0.000ns fall@5.000ns period=10.000ns})
  Path Group:             aclk
  Path Type:              Setup (Max at Slow Process Corner)
  Requirement:            10.000ns  (aclk rise@10.000ns - aclk rise@0.000ns)
  Data Path Delay:        8.897ns  (logic 2.480ns (27.873%)  route 6.417ns (72.127%))
  Logic Levels:           8  (CARRY4=2 LUT3=2 LUT4=1 LUT5=1 LUT6=1 MUXF7=1)
  Clock Path Skew:        0.083ns (DCD - SCD + CPR)
    Destination Clock Delay (DCD):    4.052ns = ( 14.052 - 10.000 ) 
    Source Clock Delay      (SCD):    4.375ns
    Clock Pessimism Removal (CPR):    0.406ns
  Clock Uncertainty:      0.035ns  ((TSJ^2 + TIJ^2)^1/2 + DJ) / 2 + PE
    Total System Jitter     (TSJ):    0.071ns
    Total Input Jitter      (TIJ):    0.000ns
    Discrete Jitter          (DJ):    0.000ns
    Phase Error              (PE):    0.000ns

    Location             Delay type                Incr(ns)  Path(ns)    Netlist Resource(s)
  -------------------------------------------------------------------    -------------------
                         (clock aclk rise edge)       0.000     0.000 r  
    U7                                                0.000     0.000 r  aclk (IN)
                         net (fo=0)                   0.000     0.000    aclk
    U7                                                                r  aclk_IBUF_inst/I
    U7                   IBUF (Prop_ibuf_I_O)         0.990     0.990 r  aclk_IBUF_inst/O
                         net (fo=1, routed)           1.843     2.833    aclk_IBUF
    BUFGCTRL_X0Y0                                                     r  aclk_IBUF_BUFG_inst/I
    BUFGCTRL_X0Y0        BUFG (Prop_bufg_I_O)         0.085     2.918 r  aclk_IBUF_BUFG_inst/O
                         net (fo=7212, routed)        1.457     4.375    u_conv2/u_buf/aclk_IBUF_BUFG
    SLICE_X65Y38         FDRE                                         r  u_conv2/u_buf/win_row_reg[1]/C
  -------------------------------------------------------------------    -------------------
    SLICE_X65Y38         FDRE (Prop_fdre_C_Q)         0.379     4.754 r  u_conv2/u_buf/win_row_reg[1]/Q
                         net (fo=12, routed)          0.767     5.522    u_conv2/u_buf/win_row[1]
    SLICE_X64Y38                                                      r  u_conv2/u_buf/base_idx0__0_carry_i_6/I0
    SLICE_X64Y38         LUT4 (Prop_lut4_I0_O)        0.105     5.627 r  u_conv2/u_buf/base_idx0__0_carry_i_6/O
                         net (fo=1, routed)           0.000     5.627    u_conv2/u_buf/base_idx0__0_carry_i_6_n_0
    SLICE_X64Y38                                                      r  u_conv2/u_buf/base_idx0__0_carry/S[1]
    SLICE_X64Y38         CARRY4 (Prop_carry4_S[1]_O[2])
                                                      0.481     6.108 r  u_conv2/u_buf/base_idx0__0_carry/O[2]
                         net (fo=1, routed)           0.367     6.474    u_conv2/u_buf/base_idx0[4]
    SLICE_X63Y39                                                      r  u_conv2/u_buf/bank_A_reg_r8_0_63_0_2_i_1/S[0]
    SLICE_X63Y39         CARRY4 (Prop_carry4_S[0]_O[1])
                                                      0.596     7.070 r  u_conv2/u_buf/bank_A_reg_r8_0_63_0_2_i_1/O[1]
                         net (fo=330, routed)         0.477     7.547    u_conv2/u_calc/product_s1_reg[0][3][4]_i_13[1]
    SLICE_X63Y41                                                      r  u_conv2/u_calc/product_s1_reg[0][1][4]_i_37/I5
    SLICE_X63Y41         LUT6 (Prop_lut6_I5_O)        0.250     7.797 r  u_conv2/u_calc/product_s1_reg[0][1][4]_i_37/O
                         net (fo=2, routed)           0.860     8.657    u_conv2/u_calc/product_s1_reg[0][1][4]_i_37_n_0
    SLICE_X63Y41                                                      r  u_conv2/u_calc/product_s1_reg[0][1][4]_i_34/I1
    SLICE_X63Y41         LUT3 (Prop_lut3_I1_O)        0.115     8.772 r  u_conv2/u_calc/product_s1_reg[0][1][4]_i_34/O
                         net (fo=177, routed)         0.828     9.600    u_conv2/u_calc/bank_A_reg_r8_0_63_0_2_i_1_0[1]
    SLICE_X68Y45                                                      r  u_conv2/u_calc/gen_output_lane[0].gen_input_lane[1].pair45_i_34/I0
    SLICE_X68Y45         LUT3 (Prop_lut3_I0_O)        0.267     9.867 r  u_conv2/u_calc/gen_output_lane[0].gen_input_lane[1].pair45_i_34/O
                         net (fo=88, routed)          1.192    11.060    u_conv2/u_buf/gen_output_lane[0].gen_input_lane[0].pair45[1]
    SLICE_X59Y26                                                      r  u_conv2/u_buf/gen_output_lane[0].gen_input_lane[1].pair45_i_13/I1
    SLICE_X59Y26         LUT5 (Prop_lut5_I1_O)        0.105    11.165 r  u_conv2/u_buf/gen_output_lane[0].gen_input_lane[1].pair45_i_13/O
                         net (fo=1, routed)           0.000    11.165    u_conv2/u_buf/gen_output_lane[0].gen_input_lane[1].pair45_i_13_n_0
    SLICE_X59Y26                                                      r  u_conv2/u_buf/gen_output_lane[0].gen_input_lane[1].pair45_i_1/I1
    SLICE_X59Y26         MUXF7 (Prop_muxf7_I1_O)      0.182    11.347 r  u_conv2/u_buf/gen_output_lane[0].gen_input_lane[1].pair45_i_1/O
                         net (fo=4, routed)           1.926    13.273    u_conv2/u_calc/gen_output_lane[0].gen_input_lane[1].pair45_0[10]
    DSP48_X3Y2           DSP48E1                                      r  u_conv2/u_calc/gen_output_lane[2].gen_input_lane[1].pair45/A[10]
  -------------------------------------------------------------------    -------------------

                         (clock aclk rise edge)      10.000    10.000 r  
    U7                                                0.000    10.000 r  aclk (IN)
                         net (fo=0)                   0.000    10.000    aclk
    U7                                                                r  aclk_IBUF_inst/I
    U7                   IBUF (Prop_ibuf_I_O)         0.859    10.859 r  aclk_IBUF_inst/O
                         net (fo=1, routed)           1.673    12.532    aclk_IBUF
    BUFGCTRL_X0Y0                                                     r  aclk_IBUF_BUFG_inst/I
    BUFGCTRL_X0Y0        BUFG (Prop_bufg_I_O)         0.077    12.609 r  aclk_IBUF_BUFG_inst/O
                         net (fo=7212, routed)        1.443    14.052    u_conv2/u_calc/aclk_IBUF_BUFG
    DSP48_X3Y2           DSP48E1                                      r  u_conv2/u_calc/gen_output_lane[2].gen_input_lane[1].pair45/CLK
                         clock pessimism              0.406    14.458    
                         clock uncertainty           -0.035    14.423    
    DSP48_X3Y2           DSP48E1 (Setup_dsp48e1_CLK_A[10])
                                                     -0.444    13.979    u_conv2/u_calc/gen_output_lane[2].gen_input_lane[1].pair45
  -------------------------------------------------------------------
                         required time                         13.979    
                         arrival time                         -13.273    
  -------------------------------------------------------------------
                         slack                                  0.706    

Slack (MET) :             0.745ns  (required time - arrival time)
  Source:                 u_conv2/u_buf/win_row_reg[1]/C
                            (rising edge-triggered cell FDRE clocked by aclk  {rise@0.000ns fall@5.000ns period=10.000ns})
  Destination:            u_conv2/u_calc/gen_output_lane[3].gen_input_lane[0].pair45/A[4]
                            (rising edge-triggered cell DSP48E1 clocked by aclk  {rise@0.000ns fall@5.000ns period=10.000ns})
  Path Group:             aclk
  Path Type:              Setup (Max at Slow Process Corner)
  Requirement:            10.000ns  (aclk rise@10.000ns - aclk rise@0.000ns)
  Data Path Delay:        8.736ns  (logic 2.504ns (28.662%)  route 6.232ns (71.338%))
  Logic Levels:           8  (CARRY4=2 LUT3=2 LUT4=1 LUT5=1 LUT6=1 MUXF7=1)
  Clock Path Skew:        -0.042ns (DCD - SCD + CPR)
    Destination Clock Delay (DCD):    4.012ns = ( 14.012 - 10.000 ) 
    Source Clock Delay      (SCD):    4.375ns
    Clock Pessimism Removal (CPR):    0.322ns
  Clock Uncertainty:      0.035ns  ((TSJ^2 + TIJ^2)^1/2 + DJ) / 2 + PE
    Total System Jitter     (TSJ):    0.071ns
    Total Input Jitter      (TIJ):    0.000ns
    Discrete Jitter          (DJ):    0.000ns
    Phase Error              (PE):    0.000ns

    Location             Delay type                Incr(ns)  Path(ns)    Netlist Resource(s)
  -------------------------------------------------------------------    -------------------
                         (clock aclk rise edge)       0.000     0.000 r  
    U7                                                0.000     0.000 r  aclk (IN)
                         net (fo=0)                   0.000     0.000    aclk
    U7                                                                r  aclk_IBUF_inst/I
    U7                   IBUF (Prop_ibuf_I_O)         0.990     0.990 r  aclk_IBUF_inst/O
                         net (fo=1, routed)           1.843     2.833    aclk_IBUF
    BUFGCTRL_X0Y0                                                     r  aclk_IBUF_BUFG_inst/I
    BUFGCTRL_X0Y0        BUFG (Prop_bufg_I_O)         0.085     2.918 r  aclk_IBUF_BUFG_inst/O
                         net (fo=7212, routed)        1.457     4.375    u_conv2/u_buf/aclk_IBUF_BUFG
    SLICE_X65Y38         FDRE                                         r  u_conv2/u_buf/win_row_reg[1]/C
  -------------------------------------------------------------------    -------------------
    SLICE_X65Y38         FDRE (Prop_fdre_C_Q)         0.379     4.754 r  u_conv2/u_buf/win_row_reg[1]/Q
                         net (fo=12, routed)          0.767     5.522    u_conv2/u_buf/win_row[1]
    SLICE_X64Y38                                                      r  u_conv2/u_buf/base_idx0__0_carry_i_6/I0
    SLICE_X64Y38         LUT4 (Prop_lut4_I0_O)        0.105     5.627 r  u_conv2/u_buf/base_idx0__0_carry_i_6/O
                         net (fo=1, routed)           0.000     5.627    u_conv2/u_buf/base_idx0__0_carry_i_6_n_0
    SLICE_X64Y38                                                      r  u_conv2/u_buf/base_idx0__0_carry/S[1]
    SLICE_X64Y38         CARRY4 (Prop_carry4_S[1]_O[2])
                                                      0.481     6.108 r  u_conv2/u_buf/base_idx0__0_carry/O[2]
                         net (fo=1, routed)           0.367     6.474    u_conv2/u_buf/base_idx0[4]
    SLICE_X63Y39                                                      r  u_conv2/u_buf/bank_A_reg_r8_0_63_0_2_i_1/S[0]
    SLICE_X63Y39         CARRY4 (Prop_carry4_S[0]_O[1])
                                                      0.596     7.070 r  u_conv2/u_buf/bank_A_reg_r8_0_63_0_2_i_1/O[1]
                         net (fo=330, routed)         0.477     7.547    u_conv2/u_calc/product_s1_reg[0][3][4]_i_13[1]
    SLICE_X63Y41                                                      r  u_conv2/u_calc/product_s1_reg[0][1][4]_i_37/I5
    SLICE_X63Y41         LUT6 (Prop_lut6_I5_O)        0.250     7.797 r  u_conv2/u_calc/product_s1_reg[0][1][4]_i_37/O
                         net (fo=2, routed)           0.860     8.657    u_conv2/u_calc/product_s1_reg[0][1][4]_i_37_n_0
    SLICE_X63Y41                                                      r  u_conv2/u_calc/product_s1_reg[0][1][4]_i_34/I1
    SLICE_X63Y41         LUT3 (Prop_lut3_I1_O)        0.115     8.772 r  u_conv2/u_calc/product_s1_reg[0][1][4]_i_34/O
                         net (fo=177, routed)         0.828     9.600    u_conv2/u_calc/bank_A_reg_r8_0_63_0_2_i_1_0[1]
    SLICE_X68Y45                                                      r  u_conv2/u_calc/gen_output_lane[0].gen_input_lane[1].pair45_i_34/I0
    SLICE_X68Y45         LUT3 (Prop_lut3_I0_O)        0.267     9.867 r  u_conv2/u_calc/gen_output_lane[0].gen_input_lane[1].pair45_i_34/O
                         net (fo=88, routed)          1.683    11.550    u_conv2/u_buf/gen_output_lane[0].gen_input_lane[0].pair45[1]
    SLICE_X35Y22                                                      r  u_conv2/u_buf/gen_output_lane[0].gen_input_lane[0].pair45_i_25/I1
    SLICE_X35Y22         LUT5 (Prop_lut5_I1_O)        0.105    11.655 r  u_conv2/u_buf/gen_output_lane[0].gen_input_lane[0].pair45_i_25/O
                         net (fo=1, routed)           0.000    11.655    u_conv2/u_buf/gen_output_lane[0].gen_input_lane[0].pair45_i_25_n_0
    SLICE_X35Y22                                                      r  u_conv2/u_buf/gen_output_lane[0].gen_input_lane[0].pair45_i_7/I1
    SLICE_X35Y22         MUXF7 (Prop_muxf7_I1_O)      0.206    11.861 r  u_conv2/u_buf/gen_output_lane[0].gen_input_lane[0].pair45_i_7/O
                         net (fo=4, routed)           1.251    13.112    u_conv2/u_calc/gen_output_lane[0].gen_input_lane[0].pair45_0[4]
    DSP48_X1Y3           DSP48E1                                      r  u_conv2/u_calc/gen_output_lane[3].gen_input_lane[0].pair45/A[4]
  -------------------------------------------------------------------    -------------------

                         (clock aclk rise edge)      10.000    10.000 r  
    U7                                                0.000    10.000 r  aclk (IN)
                         net (fo=0)                   0.000    10.000    aclk
    U7                                                                r  aclk_IBUF_inst/I
    U7                   IBUF (Prop_ibuf_I_O)         0.859    10.859 r  aclk_IBUF_inst/O
                         net (fo=1, routed)           1.673    12.532    aclk_IBUF
    BUFGCTRL_X0Y0                                                     r  aclk_IBUF_BUFG_inst/I
    BUFGCTRL_X0Y0        BUFG (Prop_bufg_I_O)         0.077    12.609 r  aclk_IBUF_BUFG_inst/O
                         net (fo=7212, routed)        1.403    14.012    u_conv2/u_calc/aclk_IBUF_BUFG
    DSP48_X1Y3           DSP48E1                                      r  u_conv2/u_calc/gen_output_lane[3].gen_input_lane[0].pair45/CLK
                         clock pessimism              0.322    14.334    
                         clock uncertainty           -0.035    14.299    
    DSP48_X1Y3           DSP48E1 (Setup_dsp48e1_CLK_A[4])
                                                     -0.442    13.857    u_conv2/u_calc/gen_output_lane[3].gen_input_lane[0].pair45
  -------------------------------------------------------------------
                         required time                         13.857    
                         arrival time                         -13.112    
  -------------------------------------------------------------------
                         slack                                  0.745    

Slack (MET) :             0.763ns  (required time - arrival time)
  Source:                 u_conv2/u_calc/calc_state_reg_rep__0/C
                            (rising edge-triggered cell FDRE clocked by aclk  {rise@0.000ns fall@5.000ns period=10.000ns})
  Destination:            u_conv2/u_calc/product_s1_reg[2][1][4]/B[11]
                            (rising edge-triggered cell DSP48E1 clocked by aclk  {rise@0.000ns fall@5.000ns period=10.000ns})
  Path Group:             aclk
  Path Type:              Setup (Max at Slow Process Corner)
  Requirement:            10.000ns  (aclk rise@10.000ns - aclk rise@0.000ns)
  Data Path Delay:        6.274ns  (logic 0.379ns (6.041%)  route 5.895ns (93.959%))
  Logic Levels:           0  
  Clock Path Skew:        0.052ns (DCD - SCD + CPR)
    Destination Clock Delay (DCD):    4.051ns = ( 14.051 - 10.000 ) 
    Source Clock Delay      (SCD):    4.308ns
    Clock Pessimism Removal (CPR):    0.310ns
  Clock Uncertainty:      0.035ns  ((TSJ^2 + TIJ^2)^1/2 + DJ) / 2 + PE
    Total System Jitter     (TSJ):    0.071ns
    Total Input Jitter      (TIJ):    0.000ns
    Discrete Jitter          (DJ):    0.000ns
    Phase Error              (PE):    0.000ns

    Location             Delay type                Incr(ns)  Path(ns)    Netlist Resource(s)
  -------------------------------------------------------------------    -------------------
                         (clock aclk rise edge)       0.000     0.000 r  
    U7                                                0.000     0.000 r  aclk (IN)
                         net (fo=0)                   0.000     0.000    aclk
    U7                                                                r  aclk_IBUF_inst/I
    U7                   IBUF (Prop_ibuf_I_O)         0.990     0.990 r  aclk_IBUF_inst/O
                         net (fo=1, routed)           1.843     2.833    aclk_IBUF
    BUFGCTRL_X0Y0                                                     r  aclk_IBUF_BUFG_inst/I
    BUFGCTRL_X0Y0        BUFG (Prop_bufg_I_O)         0.085     2.918 r  aclk_IBUF_BUFG_inst/O
                         net (fo=7212, routed)        1.390     4.308    u_conv2/u_calc/aclk_IBUF_BUFG
    SLICE_X33Y60         FDRE                                         r  u_conv2/u_calc/calc_state_reg_rep__0/C
  -------------------------------------------------------------------    -------------------
    SLICE_X33Y60         FDRE (Prop_fdre_C_Q)         0.379     4.687 r  u_conv2/u_calc/calc_state_reg_rep__0/Q
                         net (fo=124, routed)         5.895    10.582    u_conv2/u_calc/product_s1_reg[0][2][8]_0[0]
    DSP48_X3Y3           DSP48E1                                      r  u_conv2/u_calc/product_s1_reg[2][1][4]/B[11]
  -------------------------------------------------------------------    -------------------

                         (clock aclk rise edge)      10.000    10.000 r  
    U7                                                0.000    10.000 r  aclk (IN)
                         net (fo=0)                   0.000    10.000    aclk
    U7                                                                r  aclk_IBUF_inst/I
    U7                   IBUF (Prop_ibuf_I_O)         0.859    10.859 r  aclk_IBUF_inst/O
                         net (fo=1, routed)           1.673    12.532    aclk_IBUF
    BUFGCTRL_X0Y0                                                     r  aclk_IBUF_BUFG_inst/I
    BUFGCTRL_X0Y0        BUFG (Prop_bufg_I_O)         0.077    12.609 r  aclk_IBUF_BUFG_inst/O
                         net (fo=7212, routed)        1.442    14.051    u_conv2/u_calc/aclk_IBUF_BUFG
    DSP48_X3Y3           DSP48E1                                      r  u_conv2/u_calc/product_s1_reg[2][1][4]/CLK
                         clock pessimism              0.310    14.361    
                         clock uncertainty           -0.035    14.326    
    DSP48_X3Y3           DSP48E1 (Setup_dsp48e1_CLK_B[11])
                                                     -2.980    11.346    u_conv2/u_calc/product_s1_reg[2][1][4]
  -------------------------------------------------------------------
                         required time                         11.346    
                         arrival time                         -10.582    
  -------------------------------------------------------------------
                         slack                                  0.763    

Slack (MET) :             0.767ns  (required time - arrival time)
  Source:                 u_conv2/u_calc/calc_state_reg_rep__0/C
                            (rising edge-triggered cell FDRE clocked by aclk  {rise@0.000ns fall@5.000ns period=10.000ns})
  Destination:            u_conv2/u_calc/product_s1_reg[2][1][4]/B[4]
                            (rising edge-triggered cell DSP48E1 clocked by aclk  {rise@0.000ns fall@5.000ns period=10.000ns})
  Path Group:             aclk
  Path Type:              Setup (Max at Slow Process Corner)
  Requirement:            10.000ns  (aclk rise@10.000ns - aclk rise@0.000ns)
  Data Path Delay:        6.271ns  (logic 0.379ns (6.044%)  route 5.892ns (93.956%))
  Logic Levels:           0  
  Clock Path Skew:        0.052ns (DCD - SCD + CPR)
    Destination Clock Delay (DCD):    4.051ns = ( 14.051 - 10.000 ) 
    Source Clock Delay      (SCD):    4.308ns
    Clock Pessimism Removal (CPR):    0.310ns
  Clock Uncertainty:      0.035ns  ((TSJ^2 + TIJ^2)^1/2 + DJ) / 2 + PE
    Total System Jitter     (TSJ):    0.071ns
    Total Input Jitter      (TIJ):    0.000ns
    Discrete Jitter          (DJ):    0.000ns
    Phase Error              (PE):    0.000ns

    Location             Delay type                Incr(ns)  Path(ns)    Netlist Resource(s)
  -------------------------------------------------------------------    -------------------
                         (clock aclk rise edge)       0.000     0.000 r  
    U7                                                0.000     0.000 r  aclk (IN)
                         net (fo=0)                   0.000     0.000    aclk
    U7                                                                r  aclk_IBUF_inst/I
    U7                   IBUF (Prop_ibuf_I_O)         0.990     0.990 r  aclk_IBUF_inst/O
                         net (fo=1, routed)           1.843     2.833    aclk_IBUF
    BUFGCTRL_X0Y0                                                     r  aclk_IBUF_BUFG_inst/I
    BUFGCTRL_X0Y0        BUFG (Prop_bufg_I_O)         0.085     2.918 r  aclk_IBUF_BUFG_inst/O
                         net (fo=7212, routed)        1.390     4.308    u_conv2/u_calc/aclk_IBUF_BUFG
    SLICE_X33Y60         FDRE                                         r  u_conv2/u_calc/calc_state_reg_rep__0/C
  -------------------------------------------------------------------    -------------------
    SLICE_X33Y60         FDRE (Prop_fdre_C_Q)         0.379     4.687 r  u_conv2/u_calc/calc_state_reg_rep__0/Q
                         net (fo=124, routed)         5.892    10.579    u_conv2/u_calc/calc_state_reg_rep__0_0[0]
    DSP48_X3Y3           DSP48E1                                      r  u_conv2/u_calc/product_s1_reg[2][1][4]/B[4]
  -------------------------------------------------------------------    -------------------

                         (clock aclk rise edge)      10.000    10.000 r  
    U7                                                0.000    10.000 r  aclk (IN)
                         net (fo=0)                   0.000    10.000    aclk
    U7                                                                r  aclk_IBUF_inst/I
    U7                   IBUF (Prop_ibuf_I_O)         0.859    10.859 r  aclk_IBUF_inst/O
                         net (fo=1, routed)           1.673    12.532    aclk_IBUF
    BUFGCTRL_X0Y0                                                     r  aclk_IBUF_BUFG_inst/I
    BUFGCTRL_X0Y0        BUFG (Prop_bufg_I_O)         0.077    12.609 r  aclk_IBUF_BUFG_inst/O
                         net (fo=7212, routed)        1.442    14.051    u_conv2/u_calc/aclk_IBUF_BUFG
    DSP48_X3Y3           DSP48E1                                      r  u_conv2/u_calc/product_s1_reg[2][1][4]/CLK
                         clock pessimism              0.310    14.361    
                         clock uncertainty           -0.035    14.326    
    DSP48_X3Y3           DSP48E1 (Setup_dsp48e1_CLK_B[4])
                                                     -2.980    11.346    u_conv2/u_calc/product_s1_reg[2][1][4]
  -------------------------------------------------------------------
                         required time                         11.346    
                         arrival time                         -10.579    
  -------------------------------------------------------------------
                         slack                                  0.767    

Slack (MET) :             0.847ns  (required time - arrival time)
  Source:                 u_conv2/u_buf/win_row_reg[1]/C
                            (rising edge-triggered cell FDRE clocked by aclk  {rise@0.000ns fall@5.000ns period=10.000ns})
  Destination:            u_conv2/u_calc/gen_output_lane[3].gen_input_lane[0].pair45/A[3]
                            (rising edge-triggered cell DSP48E1 clocked by aclk  {rise@0.000ns fall@5.000ns period=10.000ns})
  Path Group:             aclk
  Path Type:              Setup (Max at Slow Process Corner)
  Requirement:            10.000ns  (aclk rise@10.000ns - aclk rise@0.000ns)
  Data Path Delay:        8.632ns  (logic 2.480ns (28.732%)  route 6.152ns (71.268%))
  Logic Levels:           8  (CARRY4=2 LUT3=2 LUT4=1 LUT5=1 LUT6=1 MUXF7=1)
  Clock Path Skew:        -0.042ns (DCD - SCD + CPR)
    Destination Clock Delay (DCD):    4.012ns = ( 14.012 - 10.000 ) 
    Source Clock Delay      (SCD):    4.375ns
    Clock Pessimism Removal (CPR):    0.322ns
  Clock Uncertainty:      0.035ns  ((TSJ^2 + TIJ^2)^1/2 + DJ) / 2 + PE
    Total System Jitter     (TSJ):    0.071ns
    Total Input Jitter      (TIJ):    0.000ns
    Discrete Jitter          (DJ):    0.000ns
    Phase Error              (PE):    0.000ns

    Location             Delay type                Incr(ns)  Path(ns)    Netlist Resource(s)
  -------------------------------------------------------------------    -------------------
                         (clock aclk rise edge)       0.000     0.000 r  
    U7                                                0.000     0.000 r  aclk (IN)
                         net (fo=0)                   0.000     0.000    aclk
    U7                                                                r  aclk_IBUF_inst/I
    U7                   IBUF (Prop_ibuf_I_O)         0.990     0.990 r  aclk_IBUF_inst/O
                         net (fo=1, routed)           1.843     2.833    aclk_IBUF
    BUFGCTRL_X0Y0                                                     r  aclk_IBUF_BUFG_inst/I
    BUFGCTRL_X0Y0        BUFG (Prop_bufg_I_O)         0.085     2.918 r  aclk_IBUF_BUFG_inst/O
                         net (fo=7212, routed)        1.457     4.375    u_conv2/u_buf/aclk_IBUF_BUFG
    SLICE_X65Y38         FDRE                                         r  u_conv2/u_buf/win_row_reg[1]/C
  -------------------------------------------------------------------    -------------------
    SLICE_X65Y38         FDRE (Prop_fdre_C_Q)         0.379     4.754 r  u_conv2/u_buf/win_row_reg[1]/Q
                         net (fo=12, routed)          0.767     5.522    u_conv2/u_buf/win_row[1]
    SLICE_X64Y38                                                      r  u_conv2/u_buf/base_idx0__0_carry_i_6/I0
    SLICE_X64Y38         LUT4 (Prop_lut4_I0_O)        0.105     5.627 r  u_conv2/u_buf/base_idx0__0_carry_i_6/O
                         net (fo=1, routed)           0.000     5.627    u_conv2/u_buf/base_idx0__0_carry_i_6_n_0
    SLICE_X64Y38                                                      r  u_conv2/u_buf/base_idx0__0_carry/S[1]
    SLICE_X64Y38         CARRY4 (Prop_carry4_S[1]_O[2])
                                                      0.481     6.108 r  u_conv2/u_buf/base_idx0__0_carry/O[2]
                         net (fo=1, routed)           0.367     6.474    u_conv2/u_buf/base_idx0[4]
    SLICE_X63Y39                                                      r  u_conv2/u_buf/bank_A_reg_r8_0_63_0_2_i_1/S[0]
    SLICE_X63Y39         CARRY4 (Prop_carry4_S[0]_O[1])
                                                      0.596     7.070 r  u_conv2/u_buf/bank_A_reg_r8_0_63_0_2_i_1/O[1]
                         net (fo=330, routed)         0.477     7.547    u_conv2/u_calc/product_s1_reg[0][3][4]_i_13[1]
    SLICE_X63Y41                                                      r  u_conv2/u_calc/product_s1_reg[0][1][4]_i_37/I5
    SLICE_X63Y41         LUT6 (Prop_lut6_I5_O)        0.250     7.797 r  u_conv2/u_calc/product_s1_reg[0][1][4]_i_37/O
                         net (fo=2, routed)           0.860     8.657    u_conv2/u_calc/product_s1_reg[0][1][4]_i_37_n_0
    SLICE_X63Y41                                                      r  u_conv2/u_calc/product_s1_reg[0][1][4]_i_34/I1
    SLICE_X63Y41         LUT3 (Prop_lut3_I1_O)        0.115     8.772 r  u_conv2/u_calc/product_s1_reg[0][1][4]_i_34/O
                         net (fo=177, routed)         0.828     9.600    u_conv2/u_calc/bank_A_reg_r8_0_63_0_2_i_1_0[1]
    SLICE_X68Y45                                                      r  u_conv2/u_calc/gen_output_lane[0].gen_input_lane[1].pair45_i_34/I0
    SLICE_X68Y45         LUT3 (Prop_lut3_I0_O)        0.267     9.867 r  u_conv2/u_calc/gen_output_lane[0].gen_input_lane[1].pair45_i_34/O
                         net (fo=88, routed)          1.563    11.430    u_conv2/u_buf/gen_output_lane[0].gen_input_lane[0].pair45[1]
    SLICE_X35Y21                                                      r  u_conv2/u_buf/gen_output_lane[0].gen_input_lane[0].pair45_i_27/I1
    SLICE_X35Y21         LUT5 (Prop_lut5_I1_O)        0.105    11.535 r  u_conv2/u_buf/gen_output_lane[0].gen_input_lane[0].pair45_i_27/O
                         net (fo=1, routed)           0.000    11.535    u_conv2/u_buf/gen_output_lane[0].gen_input_lane[0].pair45_i_27_n_0
    SLICE_X35Y21                                                      r  u_conv2/u_buf/gen_output_lane[0].gen_input_lane[0].pair45_i_8/I1
    SLICE_X35Y21         MUXF7 (Prop_muxf7_I1_O)      0.182    11.717 r  u_conv2/u_buf/gen_output_lane[0].gen_input_lane[0].pair45_i_8/O
                         net (fo=4, routed)           1.290    13.007    u_conv2/u_calc/gen_output_lane[0].gen_input_lane[0].pair45_0[3]
    DSP48_X1Y3           DSP48E1                                      r  u_conv2/u_calc/gen_output_lane[3].gen_input_lane[0].pair45/A[3]
  -------------------------------------------------------------------    -------------------

                         (clock aclk rise edge)      10.000    10.000 r  
    U7                                                0.000    10.000 r  aclk (IN)
                         net (fo=0)                   0.000    10.000    aclk
    U7                                                                r  aclk_IBUF_inst/I
    U7                   IBUF (Prop_ibuf_I_O)         0.859    10.859 r  aclk_IBUF_inst/O
                         net (fo=1, routed)           1.673    12.532    aclk_IBUF
    BUFGCTRL_X0Y0                                                     r  aclk_IBUF_BUFG_inst/I
    BUFGCTRL_X0Y0        BUFG (Prop_bufg_I_O)         0.077    12.609 r  aclk_IBUF_BUFG_inst/O
                         net (fo=7212, routed)        1.403    14.012    u_conv2/u_calc/aclk_IBUF_BUFG
    DSP48_X1Y3           DSP48E1                                      r  u_conv2/u_calc/gen_output_lane[3].gen_input_lane[0].pair45/CLK
                         clock pessimism              0.322    14.334    
                         clock uncertainty           -0.035    14.299    
    DSP48_X1Y3           DSP48E1 (Setup_dsp48e1_CLK_A[3])
                                                     -0.444    13.855    u_conv2/u_calc/gen_output_lane[3].gen_input_lane[0].pair45
  -------------------------------------------------------------------
                         required time                         13.855    
                         arrival time                         -13.007    
  -------------------------------------------------------------------
                         slack                                  0.847    

Slack (MET) :             0.881ns  (required time - arrival time)
  Source:                 u_conv2/u_calc/calc_state_reg_rep__0/C
                            (rising edge-triggered cell FDRE clocked by aclk  {rise@0.000ns fall@5.000ns period=10.000ns})
  Destination:            u_conv2/u_calc/product_s1_reg[2][1][4]/B[15]
                            (rising edge-triggered cell DSP48E1 clocked by aclk  {rise@0.000ns fall@5.000ns period=10.000ns})
  Path Group:             aclk
  Path Type:              Setup (Max at Slow Process Corner)
  Requirement:            10.000ns  (aclk rise@10.000ns - aclk rise@0.000ns)
  Data Path Delay:        6.156ns  (logic 0.379ns (6.157%)  route 5.777ns (93.843%))
  Logic Levels:           0  
  Clock Path Skew:        0.052ns (DCD - SCD + CPR)
    Destination Clock Delay (DCD):    4.051ns = ( 14.051 - 10.000 ) 
    Source Clock Delay      (SCD):    4.308ns
    Clock Pessimism Removal (CPR):    0.310ns
  Clock Uncertainty:      0.035ns  ((TSJ^2 + TIJ^2)^1/2 + DJ) / 2 + PE
    Total System Jitter     (TSJ):    0.071ns
    Total Input Jitter      (TIJ):    0.000ns
    Discrete Jitter          (DJ):    0.000ns
    Phase Error              (PE):    0.000ns

    Location             Delay type                Incr(ns)  Path(ns)    Netlist Resource(s)
  -------------------------------------------------------------------    -------------------
                         (clock aclk rise edge)       0.000     0.000 r  
    U7                                                0.000     0.000 r  aclk (IN)
                         net (fo=0)                   0.000     0.000    aclk
    U7                                                                r  aclk_IBUF_inst/I
    U7                   IBUF (Prop_ibuf_I_O)         0.990     0.990 r  aclk_IBUF_inst/O
                         net (fo=1, routed)           1.843     2.833    aclk_IBUF
    BUFGCTRL_X0Y0                                                     r  aclk_IBUF_BUFG_inst/I
    BUFGCTRL_X0Y0        BUFG (Prop_bufg_I_O)         0.085     2.918 r  aclk_IBUF_BUFG_inst/O
                         net (fo=7212, routed)        1.390     4.308    u_conv2/u_calc/aclk_IBUF_BUFG
    SLICE_X33Y60         FDRE                                         r  u_conv2/u_calc/calc_state_reg_rep__0/C
  -------------------------------------------------------------------    -------------------
    SLICE_X33Y60         FDRE (Prop_fdre_C_Q)         0.379     4.687 r  u_conv2/u_calc/calc_state_reg_rep__0/Q
                         net (fo=124, routed)         5.777    10.464    u_conv2/u_calc/product_s1_reg[0][2][8]_0[0]
    DSP48_X3Y3           DSP48E1                                      r  u_conv2/u_calc/product_s1_reg[2][1][4]/B[15]
  -------------------------------------------------------------------    -------------------

                         (clock aclk rise edge)      10.000    10.000 r  
    U7                                                0.000    10.000 r  aclk (IN)
                         net (fo=0)                   0.000    10.000    aclk
    U7                                                                r  aclk_IBUF_inst/I
    U7                   IBUF (Prop_ibuf_I_O)         0.859    10.859 r  aclk_IBUF_inst/O
                         net (fo=1, routed)           1.673    12.532    aclk_IBUF
    BUFGCTRL_X0Y0                                                     r  aclk_IBUF_BUFG_inst/I
    BUFGCTRL_X0Y0        BUFG (Prop_bufg_I_O)         0.077    12.609 r  aclk_IBUF_BUFG_inst/O
                         net (fo=7212, routed)        1.442    14.051    u_conv2/u_calc/aclk_IBUF_BUFG
    DSP48_X3Y3           DSP48E1                                      r  u_conv2/u_calc/product_s1_reg[2][1][4]/CLK
                         clock pessimism              0.310    14.361    
                         clock uncertainty           -0.035    14.326    
    DSP48_X3Y3           DSP48E1 (Setup_dsp48e1_CLK_B[15])
                                                     -2.980    11.346    u_conv2/u_calc/product_s1_reg[2][1][4]
  -------------------------------------------------------------------
                         required time                         11.346    
                         arrival time                         -10.464    
  -------------------------------------------------------------------
                         slack                                  0.881    

Slack (MET) :             0.881ns  (required time - arrival time)
  Source:                 u_conv2/u_calc/calc_state_reg_rep__0/C
                            (rising edge-triggered cell FDRE clocked by aclk  {rise@0.000ns fall@5.000ns period=10.000ns})
  Destination:            u_conv2/u_calc/product_s1_reg[2][1][4]/B[8]
                            (rising edge-triggered cell DSP48E1 clocked by aclk  {rise@0.000ns fall@5.000ns period=10.000ns})
  Path Group:             aclk
  Path Type:              Setup (Max at Slow Process Corner)
  Requirement:            10.000ns  (aclk rise@10.000ns - aclk rise@0.000ns)
  Data Path Delay:        6.156ns  (logic 0.379ns (6.157%)  route 5.777ns (93.843%))
  Logic Levels:           0  
  Clock Path Skew:        0.052ns (DCD - SCD + CPR)
    Destination Clock Delay (DCD):    4.051ns = ( 14.051 - 10.000 ) 
    Source Clock Delay      (SCD):    4.308ns
    Clock Pessimism Removal (CPR):    0.310ns
  Clock Uncertainty:      0.035ns  ((TSJ^2 + TIJ^2)^1/2 + DJ) / 2 + PE
    Total System Jitter     (TSJ):    0.071ns
    Total Input Jitter      (TIJ):    0.000ns
    Discrete Jitter          (DJ):    0.000ns
    Phase Error              (PE):    0.000ns

    Location             Delay type                Incr(ns)  Path(ns)    Netlist Resource(s)
  -------------------------------------------------------------------    -------------------
                         (clock aclk rise edge)       0.000     0.000 r  
    U7                                                0.000     0.000 r  aclk (IN)
                         net (fo=0)                   0.000     0.000    aclk
    U7                                                                r  aclk_IBUF_inst/I
    U7                   IBUF (Prop_ibuf_I_O)         0.990     0.990 r  aclk_IBUF_inst/O
                         net (fo=1, routed)           1.843     2.833    aclk_IBUF
    BUFGCTRL_X0Y0                                                     r  aclk_IBUF_BUFG_inst/I
    BUFGCTRL_X0Y0        BUFG (Prop_bufg_I_O)         0.085     2.918 r  aclk_IBUF_BUFG_inst/O
                         net (fo=7212, routed)        1.390     4.308    u_conv2/u_calc/aclk_IBUF_BUFG
    SLICE_X33Y60         FDRE                                         r  u_conv2/u_calc/calc_state_reg_rep__0/C
  -------------------------------------------------------------------    -------------------
    SLICE_X33Y60         FDRE (Prop_fdre_C_Q)         0.379     4.687 r  u_conv2/u_calc/calc_state_reg_rep__0/Q
                         net (fo=124, routed)         5.777    10.464    u_conv2/u_calc/product_s1_reg[0][2][8]_0[0]
    DSP48_X3Y3           DSP48E1                                      r  u_conv2/u_calc/product_s1_reg[2][1][4]/B[8]
  -------------------------------------------------------------------    -------------------

                         (clock aclk rise edge)      10.000    10.000 r  
    U7                                                0.000    10.000 r  aclk (IN)
                         net (fo=0)                   0.000    10.000    aclk
    U7                                                                r  aclk_IBUF_inst/I
    U7                   IBUF (Prop_ibuf_I_O)         0.859    10.859 r  aclk_IBUF_inst/O
                         net (fo=1, routed)           1.673    12.532    aclk_IBUF
    BUFGCTRL_X0Y0                                                     r  aclk_IBUF_BUFG_inst/I
    BUFGCTRL_X0Y0        BUFG (Prop_bufg_I_O)         0.077    12.609 r  aclk_IBUF_BUFG_inst/O
                         net (fo=7212, routed)        1.442    14.051    u_conv2/u_calc/aclk_IBUF_BUFG
    DSP48_X3Y3           DSP48E1                                      r  u_conv2/u_calc/product_s1_reg[2][1][4]/CLK
                         clock pessimism              0.310    14.361    
                         clock uncertainty           -0.035    14.326    
    DSP48_X3Y3           DSP48E1 (Setup_dsp48e1_CLK_B[8])
                                                     -2.980    11.346    u_conv2/u_calc/product_s1_reg[2][1][4]
  -------------------------------------------------------------------
                         required time                         11.346    
                         arrival time                         -10.464    
  -------------------------------------------------------------------
                         slack                                  0.881    

Slack (MET) :             0.883ns  (required time - arrival time)
  Source:                 u_conv2/u_buf/win_row_reg[1]/C
                            (rising edge-triggered cell FDRE clocked by aclk  {rise@0.000ns fall@5.000ns period=10.000ns})
  Destination:            u_conv2/u_calc/gen_output_lane[2].gen_input_lane[3].pair45/A[2]
                            (rising edge-triggered cell DSP48E1 clocked by aclk  {rise@0.000ns fall@5.000ns period=10.000ns})
  Path Group:             aclk
  Path Type:              Setup (Max at Slow Process Corner)
  Requirement:            10.000ns  (aclk rise@10.000ns - aclk rise@0.000ns)
  Data Path Delay:        8.606ns  (logic 2.308ns (26.817%)  route 6.298ns (73.183%))
  Logic Levels:           8  (CARRY4=2 LUT4=1 LUT5=2 LUT6=1 MUXF7=1 RAMD64E=1)
  Clock Path Skew:        -0.031ns (DCD - SCD + CPR)
    Destination Clock Delay (DCD):    4.034ns = ( 14.034 - 10.000 ) 
    Source Clock Delay      (SCD):    4.375ns
    Clock Pessimism Removal (CPR):    0.310ns
  Clock Uncertainty:      0.035ns  ((TSJ^2 + TIJ^2)^1/2 + DJ) / 2 + PE
    Total System Jitter     (TSJ):    0.071ns
    Total Input Jitter      (TIJ):    0.000ns
    Discrete Jitter          (DJ):    0.000ns
    Phase Error              (PE):    0.000ns

    Location             Delay type                Incr(ns)  Path(ns)    Netlist Resource(s)
  -------------------------------------------------------------------    -------------------
                         (clock aclk rise edge)       0.000     0.000 r  
    U7                                                0.000     0.000 r  aclk (IN)
                         net (fo=0)                   0.000     0.000    aclk
    U7                                                                r  aclk_IBUF_inst/I
    U7                   IBUF (Prop_ibuf_I_O)         0.990     0.990 r  aclk_IBUF_inst/O
                         net (fo=1, routed)           1.843     2.833    aclk_IBUF
    BUFGCTRL_X0Y0                                                     r  aclk_IBUF_BUFG_inst/I
    BUFGCTRL_X0Y0        BUFG (Prop_bufg_I_O)         0.085     2.918 r  aclk_IBUF_BUFG_inst/O
                         net (fo=7212, routed)        1.457     4.375    u_conv2/u_buf/aclk_IBUF_BUFG
    SLICE_X65Y38         FDRE                                         r  u_conv2/u_buf/win_row_reg[1]/C
  -------------------------------------------------------------------    -------------------
    SLICE_X65Y38         FDRE (Prop_fdre_C_Q)         0.379     4.754 r  u_conv2/u_buf/win_row_reg[1]/Q
                         net (fo=12, routed)          0.767     5.522    u_conv2/u_buf/win_row[1]
    SLICE_X64Y38                                                      r  u_conv2/u_buf/base_idx0__0_carry_i_6/I0
    SLICE_X64Y38         LUT4 (Prop_lut4_I0_O)        0.105     5.627 r  u_conv2/u_buf/base_idx0__0_carry_i_6/O
                         net (fo=1, routed)           0.000     5.627    u_conv2/u_buf/base_idx0__0_carry_i_6_n_0
    SLICE_X64Y38                                                      r  u_conv2/u_buf/base_idx0__0_carry/S[1]
    SLICE_X64Y38         CARRY4 (Prop_carry4_S[1]_O[2])
                                                      0.481     6.108 r  u_conv2/u_buf/base_idx0__0_carry/O[2]
                         net (fo=1, routed)           0.367     6.474    u_conv2/u_buf/base_idx0[4]
    SLICE_X63Y39                                                      r  u_conv2/u_buf/bank_A_reg_r8_0_63_0_2_i_1/S[0]
    SLICE_X63Y39         CARRY4 (Prop_carry4_S[0]_O[1])
                                                      0.596     7.070 r  u_conv2/u_buf/bank_A_reg_r8_0_63_0_2_i_1/O[1]
                         net (fo=330, routed)         0.670     7.740    u_conv2/u_buf/win_row_reg[1]_0[1]
    SLICE_X59Y40                                                      r  u_conv2/u_buf/bank_A_reg_r3_0_63_0_2_i_7/I0
    SLICE_X59Y40         LUT6 (Prop_lut6_I0_O)        0.250     7.990 r  u_conv2/u_buf/bank_A_reg_r3_0_63_0_2_i_7/O
                         net (fo=4, routed)           0.715     8.706    u_conv2/u_buf/bank_A_reg_r3_0_63_0_2_i_7_n_0
    SLICE_X55Y50                                                      r  u_conv2/u_buf/bank_A_reg_r3_0_63_36_38_i_1/I0
    SLICE_X55Y50         LUT5 (Prop_lut5_I0_O)        0.105     8.811 r  u_conv2/u_buf/bank_A_reg_r3_0_63_36_38_i_1/O
                         net (fo=72, routed)          1.143     9.954    u_conv2/u_buf/bank_B_reg_r3_128_191_36_38/ADDRC5
    SLICE_X50Y67                                                      r  u_conv2/u_buf/bank_B_reg_r3_128_191_36_38/RAMC/RADR5
    SLICE_X50Y67         RAMD64E (Prop_ramd64e_RADR5_O)
                                                      0.105    10.059 r  u_conv2/u_buf/bank_B_reg_r3_128_191_36_38/RAMC/O
                         net (fo=1, routed)           1.278    11.337    u_conv2/u_buf/bank_B_reg_r3_128_191_36_38_n_2
    SLICE_X55Y52                                                      r  u_conv2/u_buf/gen_output_lane[0].gen_input_lane[3].pair45_i_29/I0
    SLICE_X55Y52         LUT5 (Prop_lut5_I0_O)        0.105    11.442 r  u_conv2/u_buf/gen_output_lane[0].gen_input_lane[3].pair45_i_29/O
                         net (fo=1, routed)           0.000    11.442    u_conv2/u_buf/gen_output_lane[0].gen_input_lane[3].pair45_i_29_n_0
    SLICE_X55Y52                                                      r  u_conv2/u_buf/gen_output_lane[0].gen_input_lane[3].pair45_i_9/I1
    SLICE_X55Y52         MUXF7 (Prop_muxf7_I1_O)      0.182    11.624 r  u_conv2/u_buf/gen_output_lane[0].gen_input_lane[3].pair45_i_9/O
                         net (fo=4, routed)           1.358    12.982    u_conv2/u_calc/gen_output_lane[0].gen_input_lane[3].pair45_1[2]
    DSP48_X3Y24          DSP48E1                                      r  u_conv2/u_calc/gen_output_lane[2].gen_input_lane[3].pair45/A[2]
  -------------------------------------------------------------------    -------------------

                         (clock aclk rise edge)      10.000    10.000 r  
    U7                                                0.000    10.000 r  aclk (IN)
                         net (fo=0)                   0.000    10.000    aclk
    U7                                                                r  aclk_IBUF_inst/I
    U7                   IBUF (Prop_ibuf_I_O)         0.859    10.859 r  aclk_IBUF_inst/O
                         net (fo=1, routed)           1.673    12.532    aclk_IBUF
    BUFGCTRL_X0Y0                                                     r  aclk_IBUF_BUFG_inst/I
    BUFGCTRL_X0Y0        BUFG (Prop_bufg_I_O)         0.077    12.609 r  aclk_IBUF_BUFG_inst/O
                         net (fo=7212, routed)        1.426    14.034    u_conv2/u_calc/aclk_IBUF_BUFG
    DSP48_X3Y24          DSP48E1                                      r  u_conv2/u_calc/gen_output_lane[2].gen_input_lane[3].pair45/CLK
                         clock pessimism              0.310    14.344    
                         clock uncertainty           -0.035    14.309    
    DSP48_X3Y24          DSP48E1 (Setup_dsp48e1_CLK_A[2])
                                                     -0.444    13.865    u_conv2/u_calc/gen_output_lane[2].gen_input_lane[3].pair45
  -------------------------------------------------------------------
                         required time                         13.865    
                         arrival time                         -12.982    
  -------------------------------------------------------------------
                         slack                                  0.883    

Slack (MET) :             0.884ns  (required time - arrival time)
  Source:                 u_conv2/u_buf/win_row_reg[1]/C
                            (rising edge-triggered cell FDRE clocked by aclk  {rise@0.000ns fall@5.000ns period=10.000ns})
  Destination:            u_conv2/u_calc/gen_output_lane[3].gen_input_lane[0].pair45/A[5]
                            (rising edge-triggered cell DSP48E1 clocked by aclk  {rise@0.000ns fall@5.000ns period=10.000ns})
  Path Group:             aclk
  Path Type:              Setup (Max at Slow Process Corner)
  Requirement:            10.000ns  (aclk rise@10.000ns - aclk rise@0.000ns)
  Data Path Delay:        8.595ns  (logic 2.476ns (28.806%)  route 6.119ns (71.194%))
  Logic Levels:           8  (CARRY4=2 LUT3=2 LUT4=1 LUT5=1 LUT6=1 MUXF7=1)
  Clock Path Skew:        -0.042ns (DCD - SCD + CPR)
    Destination Clock Delay (DCD):    4.012ns = ( 14.012 - 10.000 ) 
    Source Clock Delay      (SCD):    4.375ns
    Clock Pessimism Removal (CPR):    0.322ns
  Clock Uncertainty:      0.035ns  ((TSJ^2 + TIJ^2)^1/2 + DJ) / 2 + PE
    Total System Jitter     (TSJ):    0.071ns
    Total Input Jitter      (TIJ):    0.000ns
    Discrete Jitter          (DJ):    0.000ns
    Phase Error              (PE):    0.000ns

    Location             Delay type                Incr(ns)  Path(ns)    Netlist Resource(s)
  -------------------------------------------------------------------    -------------------
                         (clock aclk rise edge)       0.000     0.000 r  
    U7                                                0.000     0.000 r  aclk (IN)
                         net (fo=0)                   0.000     0.000    aclk
    U7                                                                r  aclk_IBUF_inst/I
    U7                   IBUF (Prop_ibuf_I_O)         0.990     0.990 r  aclk_IBUF_inst/O
                         net (fo=1, routed)           1.843     2.833    aclk_IBUF
    BUFGCTRL_X0Y0                                                     r  aclk_IBUF_BUFG_inst/I
    BUFGCTRL_X0Y0        BUFG (Prop_bufg_I_O)         0.085     2.918 r  aclk_IBUF_BUFG_inst/O
                         net (fo=7212, routed)        1.457     4.375    u_conv2/u_buf/aclk_IBUF_BUFG
    SLICE_X65Y38         FDRE                                         r  u_conv2/u_buf/win_row_reg[1]/C
  -------------------------------------------------------------------    -------------------
    SLICE_X65Y38         FDRE (Prop_fdre_C_Q)         0.379     4.754 r  u_conv2/u_buf/win_row_reg[1]/Q
                         net (fo=12, routed)          0.767     5.522    u_conv2/u_buf/win_row[1]
    SLICE_X64Y38                                                      r  u_conv2/u_buf/base_idx0__0_carry_i_6/I0
    SLICE_X64Y38         LUT4 (Prop_lut4_I0_O)        0.105     5.627 r  u_conv2/u_buf/base_idx0__0_carry_i_6/O
                         net (fo=1, routed)           0.000     5.627    u_conv2/u_buf/base_idx0__0_carry_i_6_n_0
    SLICE_X64Y38                                                      r  u_conv2/u_buf/base_idx0__0_carry/S[1]
    SLICE_X64Y38         CARRY4 (Prop_carry4_S[1]_O[2])
                                                      0.481     6.108 r  u_conv2/u_buf/base_idx0__0_carry/O[2]
                         net (fo=1, routed)           0.367     6.474    u_conv2/u_buf/base_idx0[4]
    SLICE_X63Y39                                                      r  u_conv2/u_buf/bank_A_reg_r8_0_63_0_2_i_1/S[0]
    SLICE_X63Y39         CARRY4 (Prop_carry4_S[0]_O[1])
                                                      0.596     7.070 r  u_conv2/u_buf/bank_A_reg_r8_0_63_0_2_i_1/O[1]
                         net (fo=330, routed)         0.477     7.547    u_conv2/u_calc/product_s1_reg[0][3][4]_i_13[1]
    SLICE_X63Y41                                                      r  u_conv2/u_calc/product_s1_reg[0][1][4]_i_37/I5
    SLICE_X63Y41         LUT6 (Prop_lut6_I5_O)        0.250     7.797 r  u_conv2/u_calc/product_s1_reg[0][1][4]_i_37/O
                         net (fo=2, routed)           0.860     8.657    u_conv2/u_calc/product_s1_reg[0][1][4]_i_37_n_0
    SLICE_X63Y41                                                      r  u_conv2/u_calc/product_s1_reg[0][1][4]_i_34/I1
    SLICE_X63Y41         LUT3 (Prop_lut3_I1_O)        0.115     8.772 r  u_conv2/u_calc/product_s1_reg[0][1][4]_i_34/O
                         net (fo=177, routed)         0.828     9.600    u_conv2/u_calc/bank_A_reg_r8_0_63_0_2_i_1_0[1]
    SLICE_X68Y45                                                      r  u_conv2/u_calc/gen_output_lane[0].gen_input_lane[1].pair45_i_34/I0
    SLICE_X68Y45         LUT3 (Prop_lut3_I0_O)        0.267     9.867 r  u_conv2/u_calc/gen_output_lane[0].gen_input_lane[1].pair45_i_34/O
                         net (fo=88, routed)          1.663    11.530    u_conv2/u_buf/gen_output_lane[0].gen_input_lane[0].pair45[1]
    SLICE_X35Y22                                                      r  u_conv2/u_buf/gen_output_lane[0].gen_input_lane[0].pair45_i_22/I1
    SLICE_X35Y22         LUT5 (Prop_lut5_I1_O)        0.105    11.635 r  u_conv2/u_buf/gen_output_lane[0].gen_input_lane[0].pair45_i_22/O
                         net (fo=1, routed)           0.000    11.635    u_conv2/u_buf/data_out_50[5]
    SLICE_X35Y22                                                      r  u_conv2/u_buf/gen_output_lane[0].gen_input_lane[0].pair45_i_6/I0
    SLICE_X35Y22         MUXF7 (Prop_muxf7_I0_O)      0.178    11.813 r  u_conv2/u_buf/gen_output_lane[0].gen_input_lane[0].pair45_i_6/O
                         net (fo=4, routed)           1.158    12.971    u_conv2/u_calc/gen_output_lane[0].gen_input_lane[0].pair45_0[5]
    DSP48_X1Y3           DSP48E1                                      r  u_conv2/u_calc/gen_output_lane[3].gen_input_lane[0].pair45/A[5]
  -------------------------------------------------------------------    -------------------

                         (clock aclk rise edge)      10.000    10.000 r  
    U7                                                0.000    10.000 r  aclk (IN)
                         net (fo=0)                   0.000    10.000    aclk
    U7                                                                r  aclk_IBUF_inst/I
    U7                   IBUF (Prop_ibuf_I_O)         0.859    10.859 r  aclk_IBUF_inst/O
                         net (fo=1, routed)           1.673    12.532    aclk_IBUF
    BUFGCTRL_X0Y0                                                     r  aclk_IBUF_BUFG_inst/I
    BUFGCTRL_X0Y0        BUFG (Prop_bufg_I_O)         0.077    12.609 r  aclk_IBUF_BUFG_inst/O
                         net (fo=7212, routed)        1.403    14.012    u_conv2/u_calc/aclk_IBUF_BUFG
    DSP48_X1Y3           DSP48E1                                      r  u_conv2/u_calc/gen_output_lane[3].gen_input_lane[0].pair45/CLK
                         clock pessimism              0.322    14.334    
                         clock uncertainty           -0.035    14.299    
    DSP48_X1Y3           DSP48E1 (Setup_dsp48e1_CLK_A[5])
                                                     -0.444    13.855    u_conv2/u_calc/gen_output_lane[3].gen_input_lane[0].pair45
  -------------------------------------------------------------------
                         required time                         13.855    
                         arrival time                         -12.971    
  -------------------------------------------------------------------
                         slack                                  0.884    

Slack (MET) :             0.889ns  (required time - arrival time)
  Source:                 u_conv2/u_buf/win_row_reg[1]/C
                            (rising edge-triggered cell FDRE clocked by aclk  {rise@0.000ns fall@5.000ns period=10.000ns})
  Destination:            u_conv2/u_calc/gen_output_lane[1].gen_input_lane[0].pair45/A[6]
                            (rising edge-triggered cell DSP48E1 clocked by aclk  {rise@0.000ns fall@5.000ns period=10.000ns})
  Path Group:             aclk
  Path Type:              Setup (Max at Slow Process Corner)
  Requirement:            10.000ns  (aclk rise@10.000ns - aclk rise@0.000ns)
  Data Path Delay:        8.529ns  (logic 2.499ns (29.301%)  route 6.030ns (70.699%))
  Logic Levels:           8  (CARRY4=2 LUT3=2 LUT4=1 LUT5=1 LUT6=1 MUXF7=1)
  Clock Path Skew:        -0.113ns (DCD - SCD + CPR)
    Destination Clock Delay (DCD):    3.941ns = ( 13.941 - 10.000 ) 
    Source Clock Delay      (SCD):    4.375ns
    Clock Pessimism Removal (CPR):    0.322ns
  Clock Uncertainty:      0.035ns  ((TSJ^2 + TIJ^2)^1/2 + DJ) / 2 + PE
    Total System Jitter     (TSJ):    0.071ns
    Total Input Jitter      (TIJ):    0.000ns
    Discrete Jitter          (DJ):    0.000ns
    Phase Error              (PE):    0.000ns

    Location             Delay type                Incr(ns)  Path(ns)    Netlist Resource(s)
  -------------------------------------------------------------------    -------------------
                         (clock aclk rise edge)       0.000     0.000 r  
    U7                                                0.000     0.000 r  aclk (IN)
                         net (fo=0)                   0.000     0.000    aclk
    U7                                                                r  aclk_IBUF_inst/I
    U7                   IBUF (Prop_ibuf_I_O)         0.990     0.990 r  aclk_IBUF_inst/O
                         net (fo=1, routed)           1.843     2.833    aclk_IBUF
    BUFGCTRL_X0Y0                                                     r  aclk_IBUF_BUFG_inst/I
    BUFGCTRL_X0Y0        BUFG (Prop_bufg_I_O)         0.085     2.918 r  aclk_IBUF_BUFG_inst/O
                         net (fo=7212, routed)        1.457     4.375    u_conv2/u_buf/aclk_IBUF_BUFG
    SLICE_X65Y38         FDRE                                         r  u_conv2/u_buf/win_row_reg[1]/C
  -------------------------------------------------------------------    -------------------
    SLICE_X65Y38         FDRE (Prop_fdre_C_Q)         0.379     4.754 r  u_conv2/u_buf/win_row_reg[1]/Q
                         net (fo=12, routed)          0.767     5.522    u_conv2/u_buf/win_row[1]
    SLICE_X64Y38                                                      r  u_conv2/u_buf/base_idx0__0_carry_i_6/I0
    SLICE_X64Y38         LUT4 (Prop_lut4_I0_O)        0.105     5.627 r  u_conv2/u_buf/base_idx0__0_carry_i_6/O
                         net (fo=1, routed)           0.000     5.627    u_conv2/u_buf/base_idx0__0_carry_i_6_n_0
    SLICE_X64Y38                                                      r  u_conv2/u_buf/base_idx0__0_carry/S[1]
    SLICE_X64Y38         CARRY4 (Prop_carry4_S[1]_O[2])
                                                      0.481     6.108 r  u_conv2/u_buf/base_idx0__0_carry/O[2]
                         net (fo=1, routed)           0.367     6.474    u_conv2/u_buf/base_idx0[4]
    SLICE_X63Y39                                                      r  u_conv2/u_buf/bank_A_reg_r8_0_63_0_2_i_1/S[0]
    SLICE_X63Y39         CARRY4 (Prop_carry4_S[0]_O[1])
                                                      0.596     7.070 r  u_conv2/u_buf/bank_A_reg_r8_0_63_0_2_i_1/O[1]
                         net (fo=330, routed)         0.477     7.547    u_conv2/u_calc/product_s1_reg[0][3][4]_i_13[1]
    SLICE_X63Y41                                                      r  u_conv2/u_calc/product_s1_reg[0][1][4]_i_37/I5
    SLICE_X63Y41         LUT6 (Prop_lut6_I5_O)        0.250     7.797 r  u_conv2/u_calc/product_s1_reg[0][1][4]_i_37/O
                         net (fo=2, routed)           0.860     8.657    u_conv2/u_calc/product_s1_reg[0][1][4]_i_37_n_0
    SLICE_X63Y41                                                      r  u_conv2/u_calc/product_s1_reg[0][1][4]_i_34/I1
    SLICE_X63Y41         LUT3 (Prop_lut3_I1_O)        0.115     8.772 r  u_conv2/u_calc/product_s1_reg[0][1][4]_i_34/O
                         net (fo=177, routed)         0.828     9.600    u_conv2/u_calc/bank_A_reg_r8_0_63_0_2_i_1_0[1]
    SLICE_X68Y45                                                      r  u_conv2/u_calc/gen_output_lane[0].gen_input_lane[1].pair45_i_34/I0
    SLICE_X68Y45         LUT3 (Prop_lut3_I0_O)        0.267     9.867 r  u_conv2/u_calc/gen_output_lane[0].gen_input_lane[1].pair45_i_34/O
                         net (fo=88, routed)          1.642    11.509    u_conv2/u_buf/gen_output_lane[0].gen_input_lane[0].pair45[1]
    SLICE_X32Y25                                                      r  u_conv2/u_buf/gen_output_lane[0].gen_input_lane[0].pair45_i_20/I1
    SLICE_X32Y25         LUT5 (Prop_lut5_I1_O)        0.105    11.614 r  u_conv2/u_buf/gen_output_lane[0].gen_input_lane[0].pair45_i_20/O
                         net (fo=1, routed)           0.000    11.614    u_conv2/u_buf/data_out_50[6]
    SLICE_X32Y25                                                      r  u_conv2/u_buf/gen_output_lane[0].gen_input_lane[0].pair45_i_5/I0
    SLICE_X32Y25         MUXF7 (Prop_muxf7_I0_O)      0.201    11.815 r  u_conv2/u_buf/gen_output_lane[0].gen_input_lane[0].pair45_i_5/O
                         net (fo=4, routed)           1.089    12.904    u_conv2/u_calc/gen_output_lane[0].gen_input_lane[0].pair45_0[6]
    DSP48_X2Y3           DSP48E1                                      r  u_conv2/u_calc/gen_output_lane[1].gen_input_lane[0].pair45/A[6]
  -------------------------------------------------------------------    -------------------

                         (clock aclk rise edge)      10.000    10.000 r  
    U7                                                0.000    10.000 r  aclk (IN)
                         net (fo=0)                   0.000    10.000    aclk
    U7                                                                r  aclk_IBUF_inst/I
    U7                   IBUF (Prop_ibuf_I_O)         0.859    10.859 r  aclk_IBUF_inst/O
                         net (fo=1, routed)           1.673    12.532    aclk_IBUF
    BUFGCTRL_X0Y0                                                     r  aclk_IBUF_BUFG_inst/I
    BUFGCTRL_X0Y0        BUFG (Prop_bufg_I_O)         0.077    12.609 r  aclk_IBUF_BUFG_inst/O
                         net (fo=7212, routed)        1.332    13.941    u_conv2/u_calc/aclk_IBUF_BUFG
    DSP48_X2Y3           DSP48E1                                      r  u_conv2/u_calc/gen_output_lane[1].gen_input_lane[0].pair45/CLK
                         clock pessimism              0.322    14.263    
                         clock uncertainty           -0.035    14.228    
    DSP48_X2Y3           DSP48E1 (Setup_dsp48e1_CLK_A[6])
                                                     -0.434    13.794    u_conv2/u_calc/gen_output_lane[1].gen_input_lane[0].pair45
  -------------------------------------------------------------------
                         required time                         13.794    
                         arrival time                         -12.904    
  -------------------------------------------------------------------
                         slack                                  0.889    

Slack (MET) :             0.902ns  (required time - arrival time)
  Source:                 u_conv2/u_buf/win_row_reg[1]/C
                            (rising edge-triggered cell FDRE clocked by aclk  {rise@0.000ns fall@5.000ns period=10.000ns})
  Destination:            u_conv2/u_calc/gen_output_lane[3].gen_input_lane[0].pair45/A[2]
                            (rising edge-triggered cell DSP48E1 clocked by aclk  {rise@0.000ns fall@5.000ns period=10.000ns})
  Path Group:             aclk
  Path Type:              Setup (Max at Slow Process Corner)
  Requirement:            10.000ns  (aclk rise@10.000ns - aclk rise@0.000ns)
  Data Path Delay:        8.578ns  (logic 2.476ns (28.866%)  route 6.102ns (71.134%))
  Logic Levels:           8  (CARRY4=2 LUT3=2 LUT4=1 LUT5=1 LUT6=1 MUXF7=1)
  Clock Path Skew:        -0.042ns (DCD - SCD + CPR)
    Destination Clock Delay (DCD):    4.012ns = ( 14.012 - 10.000 ) 
    Source Clock Delay      (SCD):    4.375ns
    Clock Pessimism Removal (CPR):    0.322ns
  Clock Uncertainty:      0.035ns  ((TSJ^2 + TIJ^2)^1/2 + DJ) / 2 + PE
    Total System Jitter     (TSJ):    0.071ns
    Total Input Jitter      (TIJ):    0.000ns
    Discrete Jitter          (DJ):    0.000ns
    Phase Error              (PE):    0.000ns

    Location             Delay type                Incr(ns)  Path(ns)    Netlist Resource(s)
  -------------------------------------------------------------------    -------------------
                         (clock aclk rise edge)       0.000     0.000 r  
    U7                                                0.000     0.000 r  aclk (IN)
                         net (fo=0)                   0.000     0.000    aclk
    U7                                                                r  aclk_IBUF_inst/I
    U7                   IBUF (Prop_ibuf_I_O)         0.990     0.990 r  aclk_IBUF_inst/O
                         net (fo=1, routed)           1.843     2.833    aclk_IBUF
    BUFGCTRL_X0Y0                                                     r  aclk_IBUF_BUFG_inst/I
    BUFGCTRL_X0Y0        BUFG (Prop_bufg_I_O)         0.085     2.918 r  aclk_IBUF_BUFG_inst/O
                         net (fo=7212, routed)        1.457     4.375    u_conv2/u_buf/aclk_IBUF_BUFG
    SLICE_X65Y38         FDRE                                         r  u_conv2/u_buf/win_row_reg[1]/C
  -------------------------------------------------------------------    -------------------
    SLICE_X65Y38         FDRE (Prop_fdre_C_Q)         0.379     4.754 r  u_conv2/u_buf/win_row_reg[1]/Q
                         net (fo=12, routed)          0.767     5.522    u_conv2/u_buf/win_row[1]
    SLICE_X64Y38                                                      r  u_conv2/u_buf/base_idx0__0_carry_i_6/I0
    SLICE_X64Y38         LUT4 (Prop_lut4_I0_O)        0.105     5.627 r  u_conv2/u_buf/base_idx0__0_carry_i_6/O
                         net (fo=1, routed)           0.000     5.627    u_conv2/u_buf/base_idx0__0_carry_i_6_n_0
    SLICE_X64Y38                                                      r  u_conv2/u_buf/base_idx0__0_carry/S[1]
    SLICE_X64Y38         CARRY4 (Prop_carry4_S[1]_O[2])
                                                      0.481     6.108 r  u_conv2/u_buf/base_idx0__0_carry/O[2]
                         net (fo=1, routed)           0.367     6.474    u_conv2/u_buf/base_idx0[4]
    SLICE_X63Y39                                                      r  u_conv2/u_buf/bank_A_reg_r8_0_63_0_2_i_1/S[0]
    SLICE_X63Y39         CARRY4 (Prop_carry4_S[0]_O[1])
                                                      0.596     7.070 r  u_conv2/u_buf/bank_A_reg_r8_0_63_0_2_i_1/O[1]
                         net (fo=330, routed)         0.477     7.547    u_conv2/u_calc/product_s1_reg[0][3][4]_i_13[1]
    SLICE_X63Y41                                                      r  u_conv2/u_calc/product_s1_reg[0][1][4]_i_37/I5
    SLICE_X63Y41         LUT6 (Prop_lut6_I5_O)        0.250     7.797 r  u_conv2/u_calc/product_s1_reg[0][1][4]_i_37/O
                         net (fo=2, routed)           0.860     8.657    u_conv2/u_calc/product_s1_reg[0][1][4]_i_37_n_0
    SLICE_X63Y41                                                      r  u_conv2/u_calc/product_s1_reg[0][1][4]_i_34/I1
    SLICE_X63Y41         LUT3 (Prop_lut3_I1_O)        0.115     8.772 r  u_conv2/u_calc/product_s1_reg[0][1][4]_i_34/O
                         net (fo=177, routed)         0.828     9.600    u_conv2/u_calc/bank_A_reg_r8_0_63_0_2_i_1_0[1]
    SLICE_X68Y45                                                      r  u_conv2/u_calc/gen_output_lane[0].gen_input_lane[1].pair45_i_34/I0
    SLICE_X68Y45         LUT3 (Prop_lut3_I0_O)        0.267     9.867 r  u_conv2/u_calc/gen_output_lane[0].gen_input_lane[1].pair45_i_34/O
                         net (fo=88, routed)          1.334    11.201    u_conv2/u_buf/gen_output_lane[0].gen_input_lane[0].pair45[1]
    SLICE_X48Y22                                                      r  u_conv2/u_buf/gen_output_lane[0].gen_input_lane[0].pair45_i_28/I1
    SLICE_X48Y22         LUT5 (Prop_lut5_I1_O)        0.105    11.306 r  u_conv2/u_buf/gen_output_lane[0].gen_input_lane[0].pair45_i_28/O
                         net (fo=1, routed)           0.000    11.306    u_conv2/u_buf/data_out_50[2]
    SLICE_X48Y22                                                      r  u_conv2/u_buf/gen_output_lane[0].gen_input_lane[0].pair45_i_9/I0
    SLICE_X48Y22         MUXF7 (Prop_muxf7_I0_O)      0.178    11.484 r  u_conv2/u_buf/gen_output_lane[0].gen_input_lane[0].pair45_i_9/O
                         net (fo=4, routed)           1.469    12.953    u_conv2/u_calc/gen_output_lane[0].gen_input_lane[0].pair45_0[2]
    DSP48_X1Y3           DSP48E1                                      r  u_conv2/u_calc/gen_output_lane[3].gen_input_lane[0].pair45/A[2]
  -------------------------------------------------------------------    -------------------

                         (clock aclk rise edge)      10.000    10.000 r  
    U7                                                0.000    10.000 r  aclk (IN)
                         net (fo=0)                   0.000    10.000    aclk
    U7                                                                r  aclk_IBUF_inst/I
    U7                   IBUF (Prop_ibuf_I_O)         0.859    10.859 r  aclk_IBUF_inst/O
                         net (fo=1, routed)           1.673    12.532    aclk_IBUF
    BUFGCTRL_X0Y0                                                     r  aclk_IBUF_BUFG_inst/I
    BUFGCTRL_X0Y0        BUFG (Prop_bufg_I_O)         0.077    12.609 r  aclk_IBUF_BUFG_inst/O
                         net (fo=7212, routed)        1.403    14.012    u_conv2/u_calc/aclk_IBUF_BUFG
    DSP48_X1Y3           DSP48E1                                      r  u_conv2/u_calc/gen_output_lane[3].gen_input_lane[0].pair45/CLK
                         clock pessimism              0.322    14.334    
                         clock uncertainty           -0.035    14.299    
    DSP48_X1Y3           DSP48E1 (Setup_dsp48e1_CLK_A[2])
                                                     -0.444    13.855    u_conv2/u_calc/gen_output_lane[3].gen_input_lane[0].pair45
  -------------------------------------------------------------------
                         required time                         13.855    
                         arrival time                         -12.953    
  -------------------------------------------------------------------
                         slack                                  0.902    





Min Delay Paths
--------------------------------------------------------------------------------------
Slack (MET) :             0.063ns  (arrival time - required time)
  Source:                 u_conv2/u_buf/wr_ptr_reg[3]_rep__2/C
                            (rising edge-triggered cell FDRE clocked by aclk  {rise@0.000ns fall@5.000ns period=10.000ns})
  Destination:            u_conv2/u_buf/bank_B_reg_r1_128_191_42_44/RAMA/WADR3
                            (rising edge-triggered cell RAMD64E clocked by aclk  {rise@0.000ns fall@5.000ns period=10.000ns})
  Path Group:             aclk
  Path Type:              Hold (Min at Fast Process Corner)
  Requirement:            0.000ns  (aclk rise@0.000ns - aclk rise@0.000ns)
  Data Path Delay:        0.338ns  (logic 0.141ns (41.771%)  route 0.197ns (58.229%))
  Logic Levels:           0  
  Clock Path Skew:        0.035ns (DCD - SCD - CPR)
    Destination Clock Delay (DCD):    2.052ns
    Source Clock Delay      (SCD):    1.535ns
    Clock Pessimism Removal (CPR):    0.482ns

    Location             Delay type                Incr(ns)  Path(ns)    Netlist Resource(s)
  -------------------------------------------------------------------    -------------------
                         (clock aclk rise edge)       0.000     0.000 r  
    U7                                                0.000     0.000 r  aclk (IN)
                         net (fo=0)                   0.000     0.000    aclk
    U7                                                                r  aclk_IBUF_inst/I
    U7                   IBUF (Prop_ibuf_I_O)         0.286     0.286 r  aclk_IBUF_inst/O
                         net (fo=1, routed)           0.663     0.949    aclk_IBUF
    BUFGCTRL_X0Y0                                                     r  aclk_IBUF_BUFG_inst/I
    BUFGCTRL_X0Y0        BUFG (Prop_bufg_I_O)         0.026     0.975 r  aclk_IBUF_BUFG_inst/O
                         net (fo=7212, routed)        0.560     1.535    u_conv2/u_buf/aclk_IBUF_BUFG
    SLICE_X48Y49         FDRE                                         r  u_conv2/u_buf/wr_ptr_reg[3]_rep__2/C
  -------------------------------------------------------------------    -------------------
    SLICE_X48Y49         FDRE (Prop_fdre_C_Q)         0.141     1.676 r  u_conv2/u_buf/wr_ptr_reg[3]_rep__2/Q
                         net (fo=555, routed)         0.197     1.873    u_conv2/u_buf/bank_B_reg_r1_128_191_42_44/ADDRD3
    SLICE_X46Y49         RAMD64E                                      r  u_conv2/u_buf/bank_B_reg_r1_128_191_42_44/RAMA/WADR3
  -------------------------------------------------------------------    -------------------

                         (clock aclk rise edge)       0.000     0.000 r  
    U7                                                0.000     0.000 r  aclk (IN)
                         net (fo=0)                   0.000     0.000    aclk
    U7                                                                r  aclk_IBUF_inst/I
    U7                   IBUF (Prop_ibuf_I_O)         0.476     0.476 r  aclk_IBUF_inst/O
                         net (fo=1, routed)           0.719     1.195    aclk_IBUF
    BUFGCTRL_X0Y0                                                     r  aclk_IBUF_BUFG_inst/I
    BUFGCTRL_X0Y0        BUFG (Prop_bufg_I_O)         0.029     1.224 r  aclk_IBUF_BUFG_inst/O
                         net (fo=7212, routed)        0.828     2.052    u_conv2/u_buf/bank_B_reg_r1_128_191_42_44/WCLK
    SLICE_X46Y49         RAMD64E                                      r  u_conv2/u_buf/bank_B_reg_r1_128_191_42_44/RAMA/CLK
                         clock pessimism             -0.482     1.570    
    SLICE_X46Y49         RAMD64E (Hold_ramd64e_CLK_WADR3)
                                                      0.240     1.810    u_conv2/u_buf/bank_B_reg_r1_128_191_42_44/RAMA
  -------------------------------------------------------------------
                         required time                         -1.810    
                         arrival time                           1.873    
  -------------------------------------------------------------------
                         slack                                  0.063    

Slack (MET) :             0.063ns  (arrival time - required time)
  Source:                 u_conv2/u_buf/wr_ptr_reg[3]_rep__2/C
                            (rising edge-triggered cell FDRE clocked by aclk  {rise@0.000ns fall@5.000ns period=10.000ns})
  Destination:            u_conv2/u_buf/bank_B_reg_r1_128_191_42_44/RAMB/WADR3
                            (rising edge-triggered cell RAMD64E clocked by aclk  {rise@0.000ns fall@5.000ns period=10.000ns})
  Path Group:             aclk
  Path Type:              Hold (Min at Fast Process Corner)
  Requirement:            0.000ns  (aclk rise@0.000ns - aclk rise@0.000ns)
  Data Path Delay:        0.338ns  (logic 0.141ns (41.771%)  route 0.197ns (58.229%))
  Logic Levels:           0  
  Clock Path Skew:        0.035ns (DCD - SCD - CPR)
    Destination Clock Delay (DCD):    2.052ns
    Source Clock Delay      (SCD):    1.535ns
    Clock Pessimism Removal (CPR):    0.482ns

    Location             Delay type                Incr(ns)  Path(ns)    Netlist Resource(s)
  -------------------------------------------------------------------    -------------------
                         (clock aclk rise edge)       0.000     0.000 r  
    U7                                                0.000     0.000 r  aclk (IN)
                         net (fo=0)                   0.000     0.000    aclk
    U7                                                                r  aclk_IBUF_inst/I
    U7                   IBUF (Prop_ibuf_I_O)         0.286     0.286 r  aclk_IBUF_inst/O
                         net (fo=1, routed)           0.663     0.949    aclk_IBUF
    BUFGCTRL_X0Y0                                                     r  aclk_IBUF_BUFG_inst/I
    BUFGCTRL_X0Y0        BUFG (Prop_bufg_I_O)         0.026     0.975 r  aclk_IBUF_BUFG_inst/O
                         net (fo=7212, routed)        0.560     1.535    u_conv2/u_buf/aclk_IBUF_BUFG
    SLICE_X48Y49         FDRE                                         r  u_conv2/u_buf/wr_ptr_reg[3]_rep__2/C
  -------------------------------------------------------------------    -------------------
    SLICE_X48Y49         FDRE (Prop_fdre_C_Q)         0.141     1.676 r  u_conv2/u_buf/wr_ptr_reg[3]_rep__2/Q
                         net (fo=555, routed)         0.197     1.873    u_conv2/u_buf/bank_B_reg_r1_128_191_42_44/ADDRD3
    SLICE_X46Y49         RAMD64E                                      r  u_conv2/u_buf/bank_B_reg_r1_128_191_42_44/RAMB/WADR3
  -------------------------------------------------------------------    -------------------

                         (clock aclk rise edge)       0.000     0.000 r  
    U7                                                0.000     0.000 r  aclk (IN)
                         net (fo=0)                   0.000     0.000    aclk
    U7                                                                r  aclk_IBUF_inst/I
    U7                   IBUF (Prop_ibuf_I_O)         0.476     0.476 r  aclk_IBUF_inst/O
                         net (fo=1, routed)           0.719     1.195    aclk_IBUF
    BUFGCTRL_X0Y0                                                     r  aclk_IBUF_BUFG_inst/I
    BUFGCTRL_X0Y0        BUFG (Prop_bufg_I_O)         0.029     1.224 r  aclk_IBUF_BUFG_inst/O
                         net (fo=7212, routed)        0.828     2.052    u_conv2/u_buf/bank_B_reg_r1_128_191_42_44/WCLK
    SLICE_X46Y49         RAMD64E                                      r  u_conv2/u_buf/bank_B_reg_r1_128_191_42_44/RAMB/CLK
                         clock pessimism             -0.482     1.570    
    SLICE_X46Y49         RAMD64E (Hold_ramd64e_CLK_WADR3)
                                                      0.240     1.810    u_conv2/u_buf/bank_B_reg_r1_128_191_42_44/RAMB
  -------------------------------------------------------------------
                         required time                         -1.810    
                         arrival time                           1.873    
  -------------------------------------------------------------------
                         slack                                  0.063    

Slack (MET) :             0.063ns  (arrival time - required time)
  Source:                 u_conv2/u_buf/wr_ptr_reg[3]_rep__2/C
                            (rising edge-triggered cell FDRE clocked by aclk  {rise@0.000ns fall@5.000ns period=10.000ns})
  Destination:            u_conv2/u_buf/bank_B_reg_r1_128_191_42_44/RAMC/WADR3
                            (rising edge-triggered cell RAMD64E clocked by aclk  {rise@0.000ns fall@5.000ns period=10.000ns})
  Path Group:             aclk
  Path Type:              Hold (Min at Fast Process Corner)
  Requirement:            0.000ns  (aclk rise@0.000ns - aclk rise@0.000ns)
  Data Path Delay:        0.338ns  (logic 0.141ns (41.771%)  route 0.197ns (58.229%))
  Logic Levels:           0  
  Clock Path Skew:        0.035ns (DCD - SCD - CPR)
    Destination Clock Delay (DCD):    2.052ns
    Source Clock Delay      (SCD):    1.535ns
    Clock Pessimism Removal (CPR):    0.482ns

    Location             Delay type                Incr(ns)  Path(ns)    Netlist Resource(s)
  -------------------------------------------------------------------    -------------------
                         (clock aclk rise edge)       0.000     0.000 r  
    U7                                                0.000     0.000 r  aclk (IN)
                         net (fo=0)                   0.000     0.000    aclk
    U7                                                                r  aclk_IBUF_inst/I
    U7                   IBUF (Prop_ibuf_I_O)         0.286     0.286 r  aclk_IBUF_inst/O
                         net (fo=1, routed)           0.663     0.949    aclk_IBUF
    BUFGCTRL_X0Y0                                                     r  aclk_IBUF_BUFG_inst/I
    BUFGCTRL_X0Y0        BUFG (Prop_bufg_I_O)         0.026     0.975 r  aclk_IBUF_BUFG_inst/O
                         net (fo=7212, routed)        0.560     1.535    u_conv2/u_buf/aclk_IBUF_BUFG
    SLICE_X48Y49         FDRE                                         r  u_conv2/u_buf/wr_ptr_reg[3]_rep__2/C
  -------------------------------------------------------------------    -------------------
    SLICE_X48Y49         FDRE (Prop_fdre_C_Q)         0.141     1.676 r  u_conv2/u_buf/wr_ptr_reg[3]_rep__2/Q
                         net (fo=555, routed)         0.197     1.873    u_conv2/u_buf/bank_B_reg_r1_128_191_42_44/ADDRD3
    SLICE_X46Y49         RAMD64E                                      r  u_conv2/u_buf/bank_B_reg_r1_128_191_42_44/RAMC/WADR3
  -------------------------------------------------------------------    -------------------

                         (clock aclk rise edge)       0.000     0.000 r  
    U7                                                0.000     0.000 r  aclk (IN)
                         net (fo=0)                   0.000     0.000    aclk
    U7                                                                r  aclk_IBUF_inst/I
    U7                   IBUF (Prop_ibuf_I_O)         0.476     0.476 r  aclk_IBUF_inst/O
                         net (fo=1, routed)           0.719     1.195    aclk_IBUF
    BUFGCTRL_X0Y0                                                     r  aclk_IBUF_BUFG_inst/I
    BUFGCTRL_X0Y0        BUFG (Prop_bufg_I_O)         0.029     1.224 r  aclk_IBUF_BUFG_inst/O
                         net (fo=7212, routed)        0.828     2.052    u_conv2/u_buf/bank_B_reg_r1_128_191_42_44/WCLK
    SLICE_X46Y49         RAMD64E                                      r  u_conv2/u_buf/bank_B_reg_r1_128_191_42_44/RAMC/CLK
                         clock pessimism             -0.482     1.570    
    SLICE_X46Y49         RAMD64E (Hold_ramd64e_CLK_WADR3)
                                                      0.240     1.810    u_conv2/u_buf/bank_B_reg_r1_128_191_42_44/RAMC
  -------------------------------------------------------------------
                         required time                         -1.810    
                         arrival time                           1.873    
  -------------------------------------------------------------------
                         slack                                  0.063    

Slack (MET) :             0.063ns  (arrival time - required time)
  Source:                 u_conv2/u_buf/wr_ptr_reg[3]_rep__2/C
                            (rising edge-triggered cell FDRE clocked by aclk  {rise@0.000ns fall@5.000ns period=10.000ns})
  Destination:            u_conv2/u_buf/bank_B_reg_r1_128_191_42_44/RAMD/WADR3
                            (rising edge-triggered cell RAMD64E clocked by aclk  {rise@0.000ns fall@5.000ns period=10.000ns})
  Path Group:             aclk
  Path Type:              Hold (Min at Fast Process Corner)
  Requirement:            0.000ns  (aclk rise@0.000ns - aclk rise@0.000ns)
  Data Path Delay:        0.338ns  (logic 0.141ns (41.771%)  route 0.197ns (58.229%))
  Logic Levels:           0  
  Clock Path Skew:        0.035ns (DCD - SCD - CPR)
    Destination Clock Delay (DCD):    2.052ns
    Source Clock Delay      (SCD):    1.535ns
    Clock Pessimism Removal (CPR):    0.482ns

    Location             Delay type                Incr(ns)  Path(ns)    Netlist Resource(s)
  -------------------------------------------------------------------    -------------------
                         (clock aclk rise edge)       0.000     0.000 r  
    U7                                                0.000     0.000 r  aclk (IN)
                         net (fo=0)                   0.000     0.000    aclk
    U7                                                                r  aclk_IBUF_inst/I
    U7                   IBUF (Prop_ibuf_I_O)         0.286     0.286 r  aclk_IBUF_inst/O
                         net (fo=1, routed)           0.663     0.949    aclk_IBUF
    BUFGCTRL_X0Y0                                                     r  aclk_IBUF_BUFG_inst/I
    BUFGCTRL_X0Y0        BUFG (Prop_bufg_I_O)         0.026     0.975 r  aclk_IBUF_BUFG_inst/O
                         net (fo=7212, routed)        0.560     1.535    u_conv2/u_buf/aclk_IBUF_BUFG
    SLICE_X48Y49         FDRE                                         r  u_conv2/u_buf/wr_ptr_reg[3]_rep__2/C
  -------------------------------------------------------------------    -------------------
    SLICE_X48Y49         FDRE (Prop_fdre_C_Q)         0.141     1.676 r  u_conv2/u_buf/wr_ptr_reg[3]_rep__2/Q
                         net (fo=555, routed)         0.197     1.873    u_conv2/u_buf/bank_B_reg_r1_128_191_42_44/ADDRD3
    SLICE_X46Y49         RAMD64E                                      r  u_conv2/u_buf/bank_B_reg_r1_128_191_42_44/RAMD/WADR3
  -------------------------------------------------------------------    -------------------

                         (clock aclk rise edge)       0.000     0.000 r  
    U7                                                0.000     0.000 r  aclk (IN)
                         net (fo=0)                   0.000     0.000    aclk
    U7                                                                r  aclk_IBUF_inst/I
    U7                   IBUF (Prop_ibuf_I_O)         0.476     0.476 r  aclk_IBUF_inst/O
                         net (fo=1, routed)           0.719     1.195    aclk_IBUF
    BUFGCTRL_X0Y0                                                     r  aclk_IBUF_BUFG_inst/I
    BUFGCTRL_X0Y0        BUFG (Prop_bufg_I_O)         0.029     1.224 r  aclk_IBUF_BUFG_inst/O
                         net (fo=7212, routed)        0.828     2.052    u_conv2/u_buf/bank_B_reg_r1_128_191_42_44/WCLK
    SLICE_X46Y49         RAMD64E                                      r  u_conv2/u_buf/bank_B_reg_r1_128_191_42_44/RAMD/CLK
                         clock pessimism             -0.482     1.570    
    SLICE_X46Y49         RAMD64E (Hold_ramd64e_CLK_WADR3)
                                                      0.240     1.810    u_conv2/u_buf/bank_B_reg_r1_128_191_42_44/RAMD
  -------------------------------------------------------------------
                         required time                         -1.810    
                         arrival time                           1.873    
  -------------------------------------------------------------------
                         slack                                  0.063    

Slack (MET) :             0.073ns  (arrival time - required time)
  Source:                 u_conv2/u_buf/wr_ptr_reg[5]_rep__4/C
                            (rising edge-triggered cell FDRE clocked by aclk  {rise@0.000ns fall@5.000ns period=10.000ns})
  Destination:            u_conv2/u_buf/bank_B_reg_r6_64_127_18_20/RAMA/WADR5
                            (rising edge-triggered cell RAMD64E clocked by aclk  {rise@0.000ns fall@5.000ns period=10.000ns})
  Path Group:             aclk
  Path Type:              Hold (Min at Fast Process Corner)
  Requirement:            0.000ns  (aclk rise@0.000ns - aclk rise@0.000ns)
  Data Path Delay:        0.279ns  (logic 0.141ns (50.518%)  route 0.138ns (49.482%))
  Logic Levels:           0  
  Clock Path Skew:        0.036ns (DCD - SCD - CPR)
    Destination Clock Delay (DCD):    2.078ns
    Source Clock Delay      (SCD):    1.560ns
    Clock Pessimism Removal (CPR):    0.482ns

    Location             Delay type                Incr(ns)  Path(ns)    Netlist Resource(s)
  -------------------------------------------------------------------    -------------------
                         (clock aclk rise edge)       0.000     0.000 r  
    U7                                                0.000     0.000 r  aclk (IN)
                         net (fo=0)                   0.000     0.000    aclk
    U7                                                                r  aclk_IBUF_inst/I
    U7                   IBUF (Prop_ibuf_I_O)         0.286     0.286 r  aclk_IBUF_inst/O
                         net (fo=1, routed)           0.663     0.949    aclk_IBUF
    BUFGCTRL_X0Y0                                                     r  aclk_IBUF_BUFG_inst/I
    BUFGCTRL_X0Y0        BUFG (Prop_bufg_I_O)         0.026     0.975 r  aclk_IBUF_BUFG_inst/O
                         net (fo=7212, routed)        0.585     1.560    u_conv2/u_buf/aclk_IBUF_BUFG
    SLICE_X80Y39         FDRE                                         r  u_conv2/u_buf/wr_ptr_reg[5]_rep__4/C
  -------------------------------------------------------------------    -------------------
    SLICE_X80Y39         FDRE (Prop_fdre_C_Q)         0.141     1.701 r  u_conv2/u_buf/wr_ptr_reg[5]_rep__4/Q
                         net (fo=480, routed)         0.138     1.839    u_conv2/u_buf/bank_B_reg_r6_64_127_18_20/ADDRD5
    SLICE_X82Y39         RAMD64E                                      r  u_conv2/u_buf/bank_B_reg_r6_64_127_18_20/RAMA/WADR5
  -------------------------------------------------------------------    -------------------

                         (clock aclk rise edge)       0.000     0.000 r  
    U7                                                0.000     0.000 r  aclk (IN)
                         net (fo=0)                   0.000     0.000    aclk
    U7                                                                r  aclk_IBUF_inst/I
    U7                   IBUF (Prop_ibuf_I_O)         0.476     0.476 r  aclk_IBUF_inst/O
                         net (fo=1, routed)           0.719     1.195    aclk_IBUF
    BUFGCTRL_X0Y0                                                     r  aclk_IBUF_BUFG_inst/I
    BUFGCTRL_X0Y0        BUFG (Prop_bufg_I_O)         0.029     1.224 r  aclk_IBUF_BUFG_inst/O
                         net (fo=7212, routed)        0.854     2.078    u_conv2/u_buf/bank_B_reg_r6_64_127_18_20/WCLK
    SLICE_X82Y39         RAMD64E                                      r  u_conv2/u_buf/bank_B_reg_r6_64_127_18_20/RAMA/CLK
                         clock pessimism             -0.482     1.596    
    SLICE_X82Y39         RAMD64E (Hold_ramd64e_CLK_WADR5)
                                                      0.170     1.766    u_conv2/u_buf/bank_B_reg_r6_64_127_18_20/RAMA
  -------------------------------------------------------------------
                         required time                         -1.766    
                         arrival time                           1.839    
  -------------------------------------------------------------------
                         slack                                  0.073    

Slack (MET) :             0.073ns  (arrival time - required time)
  Source:                 u_conv2/u_buf/wr_ptr_reg[5]_rep__4/C
                            (rising edge-triggered cell FDRE clocked by aclk  {rise@0.000ns fall@5.000ns period=10.000ns})
  Destination:            u_conv2/u_buf/bank_B_reg_r6_64_127_18_20/RAMB/WADR5
                            (rising edge-triggered cell RAMD64E clocked by aclk  {rise@0.000ns fall@5.000ns period=10.000ns})
  Path Group:             aclk
  Path Type:              Hold (Min at Fast Process Corner)
  Requirement:            0.000ns  (aclk rise@0.000ns - aclk rise@0.000ns)
  Data Path Delay:        0.279ns  (logic 0.141ns (50.518%)  route 0.138ns (49.482%))
  Logic Levels:           0  
  Clock Path Skew:        0.036ns (DCD - SCD - CPR)
    Destination Clock Delay (DCD):    2.078ns
    Source Clock Delay      (SCD):    1.560ns
    Clock Pessimism Removal (CPR):    0.482ns

    Location             Delay type                Incr(ns)  Path(ns)    Netlist Resource(s)
  -------------------------------------------------------------------    -------------------
                         (clock aclk rise edge)       0.000     0.000 r  
    U7                                                0.000     0.000 r  aclk (IN)
                         net (fo=0)                   0.000     0.000    aclk
    U7                                                                r  aclk_IBUF_inst/I
    U7                   IBUF (Prop_ibuf_I_O)         0.286     0.286 r  aclk_IBUF_inst/O
                         net (fo=1, routed)           0.663     0.949    aclk_IBUF
    BUFGCTRL_X0Y0                                                     r  aclk_IBUF_BUFG_inst/I
    BUFGCTRL_X0Y0        BUFG (Prop_bufg_I_O)         0.026     0.975 r  aclk_IBUF_BUFG_inst/O
                         net (fo=7212, routed)        0.585     1.560    u_conv2/u_buf/aclk_IBUF_BUFG
    SLICE_X80Y39         FDRE                                         r  u_conv2/u_buf/wr_ptr_reg[5]_rep__4/C
  -------------------------------------------------------------------    -------------------
    SLICE_X80Y39         FDRE (Prop_fdre_C_Q)         0.141     1.701 r  u_conv2/u_buf/wr_ptr_reg[5]_rep__4/Q
                         net (fo=480, routed)         0.138     1.839    u_conv2/u_buf/bank_B_reg_r6_64_127_18_20/ADDRD5
    SLICE_X82Y39         RAMD64E                                      r  u_conv2/u_buf/bank_B_reg_r6_64_127_18_20/RAMB/WADR5
  -------------------------------------------------------------------    -------------------

                         (clock aclk rise edge)       0.000     0.000 r  
    U7                                                0.000     0.000 r  aclk (IN)
                         net (fo=0)                   0.000     0.000    aclk
    U7                                                                r  aclk_IBUF_inst/I
    U7                   IBUF (Prop_ibuf_I_O)         0.476     0.476 r  aclk_IBUF_inst/O
                         net (fo=1, routed)           0.719     1.195    aclk_IBUF
    BUFGCTRL_X0Y0                                                     r  aclk_IBUF_BUFG_inst/I
    BUFGCTRL_X0Y0        BUFG (Prop_bufg_I_O)         0.029     1.224 r  aclk_IBUF_BUFG_inst/O
                         net (fo=7212, routed)        0.854     2.078    u_conv2/u_buf/bank_B_reg_r6_64_127_18_20/WCLK
    SLICE_X82Y39         RAMD64E                                      r  u_conv2/u_buf/bank_B_reg_r6_64_127_18_20/RAMB/CLK
                         clock pessimism             -0.482     1.596    
    SLICE_X82Y39         RAMD64E (Hold_ramd64e_CLK_WADR5)
                                                      0.170     1.766    u_conv2/u_buf/bank_B_reg_r6_64_127_18_20/RAMB
  -------------------------------------------------------------------
                         required time                         -1.766    
                         arrival time                           1.839    
  -------------------------------------------------------------------
                         slack                                  0.073    

Slack (MET) :             0.073ns  (arrival time - required time)
  Source:                 u_conv2/u_buf/wr_ptr_reg[5]_rep__4/C
                            (rising edge-triggered cell FDRE clocked by aclk  {rise@0.000ns fall@5.000ns period=10.000ns})
  Destination:            u_conv2/u_buf/bank_B_reg_r6_64_127_18_20/RAMC/WADR5
                            (rising edge-triggered cell RAMD64E clocked by aclk  {rise@0.000ns fall@5.000ns period=10.000ns})
  Path Group:             aclk
  Path Type:              Hold (Min at Fast Process Corner)
  Requirement:            0.000ns  (aclk rise@0.000ns - aclk rise@0.000ns)
  Data Path Delay:        0.279ns  (logic 0.141ns (50.518%)  route 0.138ns (49.482%))
  Logic Levels:           0  
  Clock Path Skew:        0.036ns (DCD - SCD - CPR)
    Destination Clock Delay (DCD):    2.078ns
    Source Clock Delay      (SCD):    1.560ns
    Clock Pessimism Removal (CPR):    0.482ns

    Location             Delay type                Incr(ns)  Path(ns)    Netlist Resource(s)
  -------------------------------------------------------------------    -------------------
                         (clock aclk rise edge)       0.000     0.000 r  
    U7                                                0.000     0.000 r  aclk (IN)
                         net (fo=0)                   0.000     0.000    aclk
    U7                                                                r  aclk_IBUF_inst/I
    U7                   IBUF (Prop_ibuf_I_O)         0.286     0.286 r  aclk_IBUF_inst/O
                         net (fo=1, routed)           0.663     0.949    aclk_IBUF
    BUFGCTRL_X0Y0                                                     r  aclk_IBUF_BUFG_inst/I
    BUFGCTRL_X0Y0        BUFG (Prop_bufg_I_O)         0.026     0.975 r  aclk_IBUF_BUFG_inst/O
                         net (fo=7212, routed)        0.585     1.560    u_conv2/u_buf/aclk_IBUF_BUFG
    SLICE_X80Y39         FDRE                                         r  u_conv2/u_buf/wr_ptr_reg[5]_rep__4/C
  -------------------------------------------------------------------    -------------------
    SLICE_X80Y39         FDRE (Prop_fdre_C_Q)         0.141     1.701 r  u_conv2/u_buf/wr_ptr_reg[5]_rep__4/Q
                         net (fo=480, routed)         0.138     1.839    u_conv2/u_buf/bank_B_reg_r6_64_127_18_20/ADDRD5
    SLICE_X82Y39         RAMD64E                                      r  u_conv2/u_buf/bank_B_reg_r6_64_127_18_20/RAMC/WADR5
  -------------------------------------------------------------------    -------------------

                         (clock aclk rise edge)       0.000     0.000 r  
    U7                                                0.000     0.000 r  aclk (IN)
                         net (fo=0)                   0.000     0.000    aclk
    U7                                                                r  aclk_IBUF_inst/I
    U7                   IBUF (Prop_ibuf_I_O)         0.476     0.476 r  aclk_IBUF_inst/O
                         net (fo=1, routed)           0.719     1.195    aclk_IBUF
    BUFGCTRL_X0Y0                                                     r  aclk_IBUF_BUFG_inst/I
    BUFGCTRL_X0Y0        BUFG (Prop_bufg_I_O)         0.029     1.224 r  aclk_IBUF_BUFG_inst/O
                         net (fo=7212, routed)        0.854     2.078    u_conv2/u_buf/bank_B_reg_r6_64_127_18_20/WCLK
    SLICE_X82Y39         RAMD64E                                      r  u_conv2/u_buf/bank_B_reg_r6_64_127_18_20/RAMC/CLK
                         clock pessimism             -0.482     1.596    
    SLICE_X82Y39         RAMD64E (Hold_ramd64e_CLK_WADR5)
                                                      0.170     1.766    u_conv2/u_buf/bank_B_reg_r6_64_127_18_20/RAMC
  -------------------------------------------------------------------
                         required time                         -1.766    
                         arrival time                           1.839    
  -------------------------------------------------------------------
                         slack                                  0.073    

Slack (MET) :             0.073ns  (arrival time - required time)
  Source:                 u_conv2/u_buf/wr_ptr_reg[5]_rep__4/C
                            (rising edge-triggered cell FDRE clocked by aclk  {rise@0.000ns fall@5.000ns period=10.000ns})
  Destination:            u_conv2/u_buf/bank_B_reg_r6_64_127_18_20/RAMD/WADR5
                            (rising edge-triggered cell RAMD64E clocked by aclk  {rise@0.000ns fall@5.000ns period=10.000ns})
  Path Group:             aclk
  Path Type:              Hold (Min at Fast Process Corner)
  Requirement:            0.000ns  (aclk rise@0.000ns - aclk rise@0.000ns)
  Data Path Delay:        0.279ns  (logic 0.141ns (50.518%)  route 0.138ns (49.482%))
  Logic Levels:           0  
  Clock Path Skew:        0.036ns (DCD - SCD - CPR)
    Destination Clock Delay (DCD):    2.078ns
    Source Clock Delay      (SCD):    1.560ns
    Clock Pessimism Removal (CPR):    0.482ns

    Location             Delay type                Incr(ns)  Path(ns)    Netlist Resource(s)
  -------------------------------------------------------------------    -------------------
                         (clock aclk rise edge)       0.000     0.000 r  
    U7                                                0.000     0.000 r  aclk (IN)
                         net (fo=0)                   0.000     0.000    aclk
    U7                                                                r  aclk_IBUF_inst/I
    U7                   IBUF (Prop_ibuf_I_O)         0.286     0.286 r  aclk_IBUF_inst/O
                         net (fo=1, routed)           0.663     0.949    aclk_IBUF
    BUFGCTRL_X0Y0                                                     r  aclk_IBUF_BUFG_inst/I
    BUFGCTRL_X0Y0        BUFG (Prop_bufg_I_O)         0.026     0.975 r  aclk_IBUF_BUFG_inst/O
                         net (fo=7212, routed)        0.585     1.560    u_conv2/u_buf/aclk_IBUF_BUFG
    SLICE_X80Y39         FDRE                                         r  u_conv2/u_buf/wr_ptr_reg[5]_rep__4/C
  -------------------------------------------------------------------    -------------------
    SLICE_X80Y39         FDRE (Prop_fdre_C_Q)         0.141     1.701 r  u_conv2/u_buf/wr_ptr_reg[5]_rep__4/Q
                         net (fo=480, routed)         0.138     1.839    u_conv2/u_buf/bank_B_reg_r6_64_127_18_20/ADDRD5
    SLICE_X82Y39         RAMD64E                                      r  u_conv2/u_buf/bank_B_reg_r6_64_127_18_20/RAMD/WADR5
  -------------------------------------------------------------------    -------------------

                         (clock aclk rise edge)       0.000     0.000 r  
    U7                                                0.000     0.000 r  aclk (IN)
                         net (fo=0)                   0.000     0.000    aclk
    U7                                                                r  aclk_IBUF_inst/I
    U7                   IBUF (Prop_ibuf_I_O)         0.476     0.476 r  aclk_IBUF_inst/O
                         net (fo=1, routed)           0.719     1.195    aclk_IBUF
    BUFGCTRL_X0Y0                                                     r  aclk_IBUF_BUFG_inst/I
    BUFGCTRL_X0Y0        BUFG (Prop_bufg_I_O)         0.029     1.224 r  aclk_IBUF_BUFG_inst/O
                         net (fo=7212, routed)        0.854     2.078    u_conv2/u_buf/bank_B_reg_r6_64_127_18_20/WCLK
    SLICE_X82Y39         RAMD64E                                      r  u_conv2/u_buf/bank_B_reg_r6_64_127_18_20/RAMD/CLK
                         clock pessimism             -0.482     1.596    
    SLICE_X82Y39         RAMD64E (Hold_ramd64e_CLK_WADR5)
                                                      0.170     1.766    u_conv2/u_buf/bank_B_reg_r6_64_127_18_20/RAMD
  -------------------------------------------------------------------
                         required time                         -1.766    
                         arrival time                           1.839    
  -------------------------------------------------------------------
                         slack                                  0.073    

Slack (MET) :             0.074ns  (arrival time - required time)
  Source:                 u_conv1/u_conv1_calc/conv_channels[2].stg1_mult_reg[6][11]/C
                            (rising edge-triggered cell FDRE clocked by aclk  {rise@0.000ns fall@5.000ns period=10.000ns})
  Destination:            u_conv1/u_conv1_calc/conv_channels[2].stg2_add_reg[3][12]/D
                            (rising edge-triggered cell FDRE clocked by aclk  {rise@0.000ns fall@5.000ns period=10.000ns})
  Path Group:             aclk
  Path Type:              Hold (Min at Fast Process Corner)
  Requirement:            0.000ns  (aclk rise@0.000ns - aclk rise@0.000ns)
  Data Path Delay:        0.437ns  (logic 0.268ns (61.375%)  route 0.169ns (38.625%))
  Logic Levels:           1  (CARRY4=1)
  Clock Path Skew:        0.257ns (DCD - SCD - CPR)
    Destination Clock Delay (DCD):    2.038ns
    Source Clock Delay      (SCD):    1.527ns
    Clock Pessimism Removal (CPR):    0.254ns

    Location             Delay type                Incr(ns)  Path(ns)    Netlist Resource(s)
  -------------------------------------------------------------------    -------------------
                         (clock aclk rise edge)       0.000     0.000 r  
    U7                                                0.000     0.000 r  aclk (IN)
                         net (fo=0)                   0.000     0.000    aclk
    U7                                                                r  aclk_IBUF_inst/I
    U7                   IBUF (Prop_ibuf_I_O)         0.286     0.286 r  aclk_IBUF_inst/O
                         net (fo=1, routed)           0.663     0.949    aclk_IBUF
    BUFGCTRL_X0Y0                                                     r  aclk_IBUF_BUFG_inst/I
    BUFGCTRL_X0Y0        BUFG (Prop_bufg_I_O)         0.026     0.975 r  aclk_IBUF_BUFG_inst/O
                         net (fo=7212, routed)        0.552     1.527    u_conv1/u_conv1_calc/aclk_IBUF_BUFG
    SLICE_X49Y31         FDRE                                         r  u_conv1/u_conv1_calc/conv_channels[2].stg1_mult_reg[6][11]/C
  -------------------------------------------------------------------    -------------------
    SLICE_X49Y31         FDRE (Prop_fdre_C_Q)         0.141     1.668 r  u_conv1/u_conv1_calc/conv_channels[2].stg1_mult_reg[6][11]/Q
                         net (fo=2, routed)           0.169     1.837    u_conv1/u_conv1_calc/conv_channels[2].stg1_mult_reg_n_0_[6][11]
    SLICE_X52Y31                                                      r  u_conv1/u_conv1_calc/conv_channels[2].stg2_add_reg[3][12]_i_1/DI[2]
    SLICE_X52Y31         CARRY4 (Prop_carry4_DI[2]_O[3])
                                                      0.127     1.964 r  u_conv1/u_conv1_calc/conv_channels[2].stg2_add_reg[3][12]_i_1/O[3]
                         net (fo=1, routed)           0.000     1.964    u_conv1/u_conv1_calc/conv_channels[2].stg2_add_reg[3][12]_i_1_n_4
    SLICE_X52Y31         FDRE                                         r  u_conv1/u_conv1_calc/conv_channels[2].stg2_add_reg[3][12]/D
  -------------------------------------------------------------------    -------------------

                         (clock aclk rise edge)       0.000     0.000 r  
    U7                                                0.000     0.000 r  aclk (IN)
                         net (fo=0)                   0.000     0.000    aclk
    U7                                                                r  aclk_IBUF_inst/I
    U7                   IBUF (Prop_ibuf_I_O)         0.476     0.476 r  aclk_IBUF_inst/O
                         net (fo=1, routed)           0.719     1.195    aclk_IBUF
    BUFGCTRL_X0Y0                                                     r  aclk_IBUF_BUFG_inst/I
    BUFGCTRL_X0Y0        BUFG (Prop_bufg_I_O)         0.029     1.224 r  aclk_IBUF_BUFG_inst/O
                         net (fo=7212, routed)        0.814     2.038    u_conv1/u_conv1_calc/aclk_IBUF_BUFG
    SLICE_X52Y31         FDRE                                         r  u_conv1/u_conv1_calc/conv_channels[2].stg2_add_reg[3][12]/C
                         clock pessimism             -0.254     1.784    
    SLICE_X52Y31         FDRE (Hold_fdre_C_D)         0.105     1.889    u_conv1/u_conv1_calc/conv_channels[2].stg2_add_reg[3][12]
  -------------------------------------------------------------------
                         required time                         -1.889    
                         arrival time                           1.964    
  -------------------------------------------------------------------
                         slack                                  0.074    

Slack (MET) :             0.074ns  (arrival time - required time)
  Source:                 u_conv1/u_conv1_calc/conv_channels[2].stg1_mult_reg[6][7]/C
                            (rising edge-triggered cell FDRE clocked by aclk  {rise@0.000ns fall@5.000ns period=10.000ns})
  Destination:            u_conv1/u_conv1_calc/conv_channels[2].stg2_add_reg[3][8]/D
                            (rising edge-triggered cell FDRE clocked by aclk  {rise@0.000ns fall@5.000ns period=10.000ns})
  Path Group:             aclk
  Path Type:              Hold (Min at Fast Process Corner)
  Requirement:            0.000ns  (aclk rise@0.000ns - aclk rise@0.000ns)
  Data Path Delay:        0.437ns  (logic 0.268ns (61.375%)  route 0.169ns (38.625%))
  Logic Levels:           1  (CARRY4=1)
  Clock Path Skew:        0.257ns (DCD - SCD - CPR)
    Destination Clock Delay (DCD):    2.037ns
    Source Clock Delay      (SCD):    1.526ns
    Clock Pessimism Removal (CPR):    0.254ns

    Location             Delay type                Incr(ns)  Path(ns)    Netlist Resource(s)
  -------------------------------------------------------------------    -------------------
                         (clock aclk rise edge)       0.000     0.000 r  
    U7                                                0.000     0.000 r  aclk (IN)
                         net (fo=0)                   0.000     0.000    aclk
    U7                                                                r  aclk_IBUF_inst/I
    U7                   IBUF (Prop_ibuf_I_O)         0.286     0.286 r  aclk_IBUF_inst/O
                         net (fo=1, routed)           0.663     0.949    aclk_IBUF
    BUFGCTRL_X0Y0                                                     r  aclk_IBUF_BUFG_inst/I
    BUFGCTRL_X0Y0        BUFG (Prop_bufg_I_O)         0.026     0.975 r  aclk_IBUF_BUFG_inst/O
                         net (fo=7212, routed)        0.551     1.526    u_conv1/u_conv1_calc/aclk_IBUF_BUFG
    SLICE_X49Y30         FDRE                                         r  u_conv1/u_conv1_calc/conv_channels[2].stg1_mult_reg[6][7]/C
  -------------------------------------------------------------------    -------------------
    SLICE_X49Y30         FDRE (Prop_fdre_C_Q)         0.141     1.667 r  u_conv1/u_conv1_calc/conv_channels[2].stg1_mult_reg[6][7]/Q
                         net (fo=2, routed)           0.169     1.836    u_conv1/u_conv1_calc/conv_channels[2].stg1_mult_reg_n_0_[6][7]
    SLICE_X52Y30                                                      r  u_conv1/u_conv1_calc/conv_channels[2].stg2_add_reg[3][8]_i_1/DI[2]
    SLICE_X52Y30         CARRY4 (Prop_carry4_DI[2]_O[3])
                                                      0.127     1.963 r  u_conv1/u_conv1_calc/conv_channels[2].stg2_add_reg[3][8]_i_1/O[3]
                         net (fo=1, routed)           0.000     1.963    u_conv1/u_conv1_calc/conv_channels[2].stg2_add_reg[3][8]_i_1_n_4
    SLICE_X52Y30         FDRE                                         r  u_conv1/u_conv1_calc/conv_channels[2].stg2_add_reg[3][8]/D
  -------------------------------------------------------------------    -------------------

                         (clock aclk rise edge)       0.000     0.000 r  
    U7                                                0.000     0.000 r  aclk (IN)
                         net (fo=0)                   0.000     0.000    aclk
    U7                                                                r  aclk_IBUF_inst/I
    U7                   IBUF (Prop_ibuf_I_O)         0.476     0.476 r  aclk_IBUF_inst/O
                         net (fo=1, routed)           0.719     1.195    aclk_IBUF
    BUFGCTRL_X0Y0                                                     r  aclk_IBUF_BUFG_inst/I
    BUFGCTRL_X0Y0        BUFG (Prop_bufg_I_O)         0.029     1.224 r  aclk_IBUF_BUFG_inst/O
                         net (fo=7212, routed)        0.813     2.037    u_conv1/u_conv1_calc/aclk_IBUF_BUFG
    SLICE_X52Y30         FDRE                                         r  u_conv1/u_conv1_calc/conv_channels[2].stg2_add_reg[3][8]/C
                         clock pessimism             -0.254     1.783    
    SLICE_X52Y30         FDRE (Hold_fdre_C_D)         0.105     1.888    u_conv1/u_conv1_calc/conv_channels[2].stg2_add_reg[3][8]
  -------------------------------------------------------------------
                         required time                         -1.888    
                         arrival time                           1.963    
  -------------------------------------------------------------------
                         slack                                  0.074    

Slack (MET) :             0.076ns  (arrival time - required time)
  Source:                 u_conv2/u_buf/wr_ptr_reg[0]_rep__4/C
                            (rising edge-triggered cell FDRE clocked by aclk  {rise@0.000ns fall@5.000ns period=10.000ns})
  Destination:            u_conv2/u_buf/bank_B_reg_r1_64_127_42_44/RAMA/WADR0
                            (rising edge-triggered cell RAMD64E clocked by aclk  {rise@0.000ns fall@5.000ns period=10.000ns})
  Path Group:             aclk
  Path Type:              Hold (Min at Fast Process Corner)
  Requirement:            0.000ns  (aclk rise@0.000ns - aclk rise@0.000ns)
  Data Path Delay:        0.421ns  (logic 0.141ns (33.523%)  route 0.280ns (66.477%))
  Logic Levels:           0  
  Clock Path Skew:        0.035ns (DCD - SCD - CPR)
    Destination Clock Delay (DCD):    2.052ns
    Source Clock Delay      (SCD):    1.535ns
    Clock Pessimism Removal (CPR):    0.482ns

    Location             Delay type                Incr(ns)  Path(ns)    Netlist Resource(s)
  -------------------------------------------------------------------    -------------------
                         (clock aclk rise edge)       0.000     0.000 r  
    U7                                                0.000     0.000 r  aclk (IN)
                         net (fo=0)                   0.000     0.000    aclk
    U7                                                                r  aclk_IBUF_inst/I
    U7                   IBUF (Prop_ibuf_I_O)         0.286     0.286 r  aclk_IBUF_inst/O
                         net (fo=1, routed)           0.663     0.949    aclk_IBUF
    BUFGCTRL_X0Y0                                                     r  aclk_IBUF_BUFG_inst/I
    BUFGCTRL_X0Y0        BUFG (Prop_bufg_I_O)         0.026     0.975 r  aclk_IBUF_BUFG_inst/O
                         net (fo=7212, routed)        0.560     1.535    u_conv2/u_buf/aclk_IBUF_BUFG
    SLICE_X48Y49         FDRE                                         r  u_conv2/u_buf/wr_ptr_reg[0]_rep__4/C
  -------------------------------------------------------------------    -------------------
    SLICE_X48Y49         FDRE (Prop_fdre_C_Q)         0.141     1.676 r  u_conv2/u_buf/wr_ptr_reg[0]_rep__4/Q
                         net (fo=560, routed)         0.280     1.956    u_conv2/u_buf/bank_B_reg_r1_64_127_42_44/ADDRD0
    SLICE_X46Y48         RAMD64E                                      r  u_conv2/u_buf/bank_B_reg_r1_64_127_42_44/RAMA/WADR0
  -------------------------------------------------------------------    -------------------

                         (clock aclk rise edge)       0.000     0.000 r  
    U7                                                0.000     0.000 r  aclk (IN)
                         net (fo=0)                   0.000     0.000    aclk
    U7                                                                r  aclk_IBUF_inst/I
    U7                   IBUF (Prop_ibuf_I_O)         0.476     0.476 r  aclk_IBUF_inst/O
                         net (fo=1, routed)           0.719     1.195    aclk_IBUF
    BUFGCTRL_X0Y0                                                     r  aclk_IBUF_BUFG_inst/I
    BUFGCTRL_X0Y0        BUFG (Prop_bufg_I_O)         0.029     1.224 r  aclk_IBUF_BUFG_inst/O
                         net (fo=7212, routed)        0.828     2.052    u_conv2/u_buf/bank_B_reg_r1_64_127_42_44/WCLK
    SLICE_X46Y48         RAMD64E                                      r  u_conv2/u_buf/bank_B_reg_r1_64_127_42_44/RAMA/CLK
                         clock pessimism             -0.482     1.570    
    SLICE_X46Y48         RAMD64E (Hold_ramd64e_CLK_WADR0)
                                                      0.310     1.880    u_conv2/u_buf/bank_B_reg_r1_64_127_42_44/RAMA
  -------------------------------------------------------------------
                         required time                         -1.880    
                         arrival time                           1.956    
  -------------------------------------------------------------------
                         slack                                  0.076    

Slack (MET) :             0.076ns  (arrival time - required time)
  Source:                 u_conv2/u_buf/wr_ptr_reg[0]_rep__4/C
                            (rising edge-triggered cell FDRE clocked by aclk  {rise@0.000ns fall@5.000ns period=10.000ns})
  Destination:            u_conv2/u_buf/bank_B_reg_r1_64_127_42_44/RAMB/WADR0
                            (rising edge-triggered cell RAMD64E clocked by aclk  {rise@0.000ns fall@5.000ns period=10.000ns})
  Path Group:             aclk
  Path Type:              Hold (Min at Fast Process Corner)
  Requirement:            0.000ns  (aclk rise@0.000ns - aclk rise@0.000ns)
  Data Path Delay:        0.421ns  (logic 0.141ns (33.523%)  route 0.280ns (66.477%))
  Logic Levels:           0  
  Clock Path Skew:        0.035ns (DCD - SCD - CPR)
    Destination Clock Delay (DCD):    2.052ns
    Source Clock Delay      (SCD):    1.535ns
    Clock Pessimism Removal (CPR):    0.482ns

    Location             Delay type                Incr(ns)  Path(ns)    Netlist Resource(s)
  -------------------------------------------------------------------    -------------------
                         (clock aclk rise edge)       0.000     0.000 r  
    U7                                                0.000     0.000 r  aclk (IN)
                         net (fo=0)                   0.000     0.000    aclk
    U7                                                                r  aclk_IBUF_inst/I
    U7                   IBUF (Prop_ibuf_I_O)         0.286     0.286 r  aclk_IBUF_inst/O
                         net (fo=1, routed)           0.663     0.949    aclk_IBUF
    BUFGCTRL_X0Y0                                                     r  aclk_IBUF_BUFG_inst/I
    BUFGCTRL_X0Y0        BUFG (Prop_bufg_I_O)         0.026     0.975 r  aclk_IBUF_BUFG_inst/O
                         net (fo=7212, routed)        0.560     1.535    u_conv2/u_buf/aclk_IBUF_BUFG
    SLICE_X48Y49         FDRE                                         r  u_conv2/u_buf/wr_ptr_reg[0]_rep__4/C
  -------------------------------------------------------------------    -------------------
    SLICE_X48Y49         FDRE (Prop_fdre_C_Q)         0.141     1.676 r  u_conv2/u_buf/wr_ptr_reg[0]_rep__4/Q
                         net (fo=560, routed)         0.280     1.956    u_conv2/u_buf/bank_B_reg_r1_64_127_42_44/ADDRD0
    SLICE_X46Y48         RAMD64E                                      r  u_conv2/u_buf/bank_B_reg_r1_64_127_42_44/RAMB/WADR0
  -------------------------------------------------------------------    -------------------

                         (clock aclk rise edge)       0.000     0.000 r  
    U7                                                0.000     0.000 r  aclk (IN)
                         net (fo=0)                   0.000     0.000    aclk
    U7                                                                r  aclk_IBUF_inst/I
    U7                   IBUF (Prop_ibuf_I_O)         0.476     0.476 r  aclk_IBUF_inst/O
                         net (fo=1, routed)           0.719     1.195    aclk_IBUF
    BUFGCTRL_X0Y0                                                     r  aclk_IBUF_BUFG_inst/I
    BUFGCTRL_X0Y0        BUFG (Prop_bufg_I_O)         0.029     1.224 r  aclk_IBUF_BUFG_inst/O
                         net (fo=7212, routed)        0.828     2.052    u_conv2/u_buf/bank_B_reg_r1_64_127_42_44/WCLK
    SLICE_X46Y48         RAMD64E                                      r  u_conv2/u_buf/bank_B_reg_r1_64_127_42_44/RAMB/CLK
                         clock pessimism             -0.482     1.570    
    SLICE_X46Y48         RAMD64E (Hold_ramd64e_CLK_WADR0)
                                                      0.310     1.880    u_conv2/u_buf/bank_B_reg_r1_64_127_42_44/RAMB
  -------------------------------------------------------------------
                         required time                         -1.880    
                         arrival time                           1.956    
  -------------------------------------------------------------------
                         slack                                  0.076    

Slack (MET) :             0.076ns  (arrival time - required time)
  Source:                 u_conv2/u_buf/wr_ptr_reg[0]_rep__4/C
                            (rising edge-triggered cell FDRE clocked by aclk  {rise@0.000ns fall@5.000ns period=10.000ns})
  Destination:            u_conv2/u_buf/bank_B_reg_r1_64_127_42_44/RAMC/WADR0
                            (rising edge-triggered cell RAMD64E clocked by aclk  {rise@0.000ns fall@5.000ns period=10.000ns})
  Path Group:             aclk
  Path Type:              Hold (Min at Fast Process Corner)
  Requirement:            0.000ns  (aclk rise@0.000ns - aclk rise@0.000ns)
  Data Path Delay:        0.421ns  (logic 0.141ns (33.523%)  route 0.280ns (66.477%))
  Logic Levels:           0  
  Clock Path Skew:        0.035ns (DCD - SCD - CPR)
    Destination Clock Delay (DCD):    2.052ns
    Source Clock Delay      (SCD):    1.535ns
    Clock Pessimism Removal (CPR):    0.482ns

    Location             Delay type                Incr(ns)  Path(ns)    Netlist Resource(s)
  -------------------------------------------------------------------    -------------------
                         (clock aclk rise edge)       0.000     0.000 r  
    U7                                                0.000     0.000 r  aclk (IN)
                         net (fo=0)                   0.000     0.000    aclk
    U7                                                                r  aclk_IBUF_inst/I
    U7                   IBUF (Prop_ibuf_I_O)         0.286     0.286 r  aclk_IBUF_inst/O
                         net (fo=1, routed)           0.663     0.949    aclk_IBUF
    BUFGCTRL_X0Y0                                                     r  aclk_IBUF_BUFG_inst/I
    BUFGCTRL_X0Y0        BUFG (Prop_bufg_I_O)         0.026     0.975 r  aclk_IBUF_BUFG_inst/O
                         net (fo=7212, routed)        0.560     1.535    u_conv2/u_buf/aclk_IBUF_BUFG
    SLICE_X48Y49         FDRE                                         r  u_conv2/u_buf/wr_ptr_reg[0]_rep__4/C
  -------------------------------------------------------------------    -------------------
    SLICE_X48Y49         FDRE (Prop_fdre_C_Q)         0.141     1.676 r  u_conv2/u_buf/wr_ptr_reg[0]_rep__4/Q
                         net (fo=560, routed)         0.280     1.956    u_conv2/u_buf/bank_B_reg_r1_64_127_42_44/ADDRD0
    SLICE_X46Y48         RAMD64E                                      r  u_conv2/u_buf/bank_B_reg_r1_64_127_42_44/RAMC/WADR0
  -------------------------------------------------------------------    -------------------

                         (clock aclk rise edge)       0.000     0.000 r  
    U7                                                0.000     0.000 r  aclk (IN)
                         net (fo=0)                   0.000     0.000    aclk
    U7                                                                r  aclk_IBUF_inst/I
    U7                   IBUF (Prop_ibuf_I_O)         0.476     0.476 r  aclk_IBUF_inst/O
                         net (fo=1, routed)           0.719     1.195    aclk_IBUF
    BUFGCTRL_X0Y0                                                     r  aclk_IBUF_BUFG_inst/I
    BUFGCTRL_X0Y0        BUFG (Prop_bufg_I_O)         0.029     1.224 r  aclk_IBUF_BUFG_inst/O
                         net (fo=7212, routed)        0.828     2.052    u_conv2/u_buf/bank_B_reg_r1_64_127_42_44/WCLK
    SLICE_X46Y48         RAMD64E                                      r  u_conv2/u_buf/bank_B_reg_r1_64_127_42_44/RAMC/CLK
                         clock pessimism             -0.482     1.570    
    SLICE_X46Y48         RAMD64E (Hold_ramd64e_CLK_WADR0)
                                                      0.310     1.880    u_conv2/u_buf/bank_B_reg_r1_64_127_42_44/RAMC
  -------------------------------------------------------------------
                         required time                         -1.880    
                         arrival time                           1.956    
  -------------------------------------------------------------------
                         slack                                  0.076    

Slack (MET) :             0.076ns  (arrival time - required time)
  Source:                 u_conv2/u_buf/wr_ptr_reg[0]_rep__4/C
                            (rising edge-triggered cell FDRE clocked by aclk  {rise@0.000ns fall@5.000ns period=10.000ns})
  Destination:            u_conv2/u_buf/bank_B_reg_r1_64_127_42_44/RAMD/WADR0
                            (rising edge-triggered cell RAMD64E clocked by aclk  {rise@0.000ns fall@5.000ns period=10.000ns})
  Path Group:             aclk
  Path Type:              Hold (Min at Fast Process Corner)
  Requirement:            0.000ns  (aclk rise@0.000ns - aclk rise@0.000ns)
  Data Path Delay:        0.421ns  (logic 0.141ns (33.523%)  route 0.280ns (66.477%))
  Logic Levels:           0  
  Clock Path Skew:        0.035ns (DCD - SCD - CPR)
    Destination Clock Delay (DCD):    2.052ns
    Source Clock Delay      (SCD):    1.535ns
    Clock Pessimism Removal (CPR):    0.482ns

    Location             Delay type                Incr(ns)  Path(ns)    Netlist Resource(s)
  -------------------------------------------------------------------    -------------------
                         (clock aclk rise edge)       0.000     0.000 r  
    U7                                                0.000     0.000 r  aclk (IN)
                         net (fo=0)                   0.000     0.000    aclk
    U7                                                                r  aclk_IBUF_inst/I
    U7                   IBUF (Prop_ibuf_I_O)         0.286     0.286 r  aclk_IBUF_inst/O
                         net (fo=1, routed)           0.663     0.949    aclk_IBUF
    BUFGCTRL_X0Y0                                                     r  aclk_IBUF_BUFG_inst/I
    BUFGCTRL_X0Y0        BUFG (Prop_bufg_I_O)         0.026     0.975 r  aclk_IBUF_BUFG_inst/O
                         net (fo=7212, routed)        0.560     1.535    u_conv2/u_buf/aclk_IBUF_BUFG
    SLICE_X48Y49         FDRE                                         r  u_conv2/u_buf/wr_ptr_reg[0]_rep__4/C
  -------------------------------------------------------------------    -------------------
    SLICE_X48Y49         FDRE (Prop_fdre_C_Q)         0.141     1.676 r  u_conv2/u_buf/wr_ptr_reg[0]_rep__4/Q
                         net (fo=560, routed)         0.280     1.956    u_conv2/u_buf/bank_B_reg_r1_64_127_42_44/ADDRD0
    SLICE_X46Y48         RAMD64E                                      r  u_conv2/u_buf/bank_B_reg_r1_64_127_42_44/RAMD/WADR0
  -------------------------------------------------------------------    -------------------

                         (clock aclk rise edge)       0.000     0.000 r  
    U7                                                0.000     0.000 r  aclk (IN)
                         net (fo=0)                   0.000     0.000    aclk
    U7                                                                r  aclk_IBUF_inst/I
    U7                   IBUF (Prop_ibuf_I_O)         0.476     0.476 r  aclk_IBUF_inst/O
                         net (fo=1, routed)           0.719     1.195    aclk_IBUF
    BUFGCTRL_X0Y0                                                     r  aclk_IBUF_BUFG_inst/I
    BUFGCTRL_X0Y0        BUFG (Prop_bufg_I_O)         0.029     1.224 r  aclk_IBUF_BUFG_inst/O
                         net (fo=7212, routed)        0.828     2.052    u_conv2/u_buf/bank_B_reg_r1_64_127_42_44/WCLK
    SLICE_X46Y48         RAMD64E                                      r  u_conv2/u_buf/bank_B_reg_r1_64_127_42_44/RAMD/CLK
                         clock pessimism             -0.482     1.570    
    SLICE_X46Y48         RAMD64E (Hold_ramd64e_CLK_WADR0)
                                                      0.310     1.880    u_conv2/u_buf/bank_B_reg_r1_64_127_42_44/RAMD
  -------------------------------------------------------------------
                         required time                         -1.880    
                         arrival time                           1.956    
  -------------------------------------------------------------------
                         slack                                  0.076    

Slack (MET) :             0.076ns  (arrival time - required time)
  Source:                 u_conv1/u_conv1_calc/conv_channels[2].stg1_mult_reg[6][9]/C
                            (rising edge-triggered cell FDRE clocked by aclk  {rise@0.000ns fall@5.000ns period=10.000ns})
  Destination:            u_conv1/u_conv1_calc/conv_channels[2].stg2_add_reg[3][10]/D
                            (rising edge-triggered cell FDRE clocked by aclk  {rise@0.000ns fall@5.000ns period=10.000ns})
  Path Group:             aclk
  Path Type:              Hold (Min at Fast Process Corner)
  Requirement:            0.000ns  (aclk rise@0.000ns - aclk rise@0.000ns)
  Data Path Delay:        0.439ns  (logic 0.265ns (60.398%)  route 0.174ns (39.602%))
  Logic Levels:           1  (CARRY4=1)
  Clock Path Skew:        0.257ns (DCD - SCD - CPR)
    Destination Clock Delay (DCD):    2.038ns
    Source Clock Delay      (SCD):    1.527ns
    Clock Pessimism Removal (CPR):    0.254ns

    Location             Delay type                Incr(ns)  Path(ns)    Netlist Resource(s)
  -------------------------------------------------------------------    -------------------
                         (clock aclk rise edge)       0.000     0.000 r  
    U7                                                0.000     0.000 r  aclk (IN)
                         net (fo=0)                   0.000     0.000    aclk
    U7                                                                r  aclk_IBUF_inst/I
    U7                   IBUF (Prop_ibuf_I_O)         0.286     0.286 r  aclk_IBUF_inst/O
                         net (fo=1, routed)           0.663     0.949    aclk_IBUF
    BUFGCTRL_X0Y0                                                     r  aclk_IBUF_BUFG_inst/I
    BUFGCTRL_X0Y0        BUFG (Prop_bufg_I_O)         0.026     0.975 r  aclk_IBUF_BUFG_inst/O
                         net (fo=7212, routed)        0.552     1.527    u_conv1/u_conv1_calc/aclk_IBUF_BUFG
    SLICE_X49Y31         FDRE                                         r  u_conv1/u_conv1_calc/conv_channels[2].stg1_mult_reg[6][9]/C
  -------------------------------------------------------------------    -------------------
    SLICE_X49Y31         FDRE (Prop_fdre_C_Q)         0.141     1.668 r  u_conv1/u_conv1_calc/conv_channels[2].stg1_mult_reg[6][9]/Q
                         net (fo=2, routed)           0.174     1.842    u_conv1/u_conv1_calc/conv_channels[2].stg1_mult_reg_n_0_[6][9]
    SLICE_X52Y31                                                      r  u_conv1/u_conv1_calc/conv_channels[2].stg2_add_reg[3][12]_i_1/DI[0]
    SLICE_X52Y31         CARRY4 (Prop_carry4_DI[0]_O[1])
                                                      0.124     1.966 r  u_conv1/u_conv1_calc/conv_channels[2].stg2_add_reg[3][12]_i_1/O[1]
                         net (fo=1, routed)           0.000     1.966    u_conv1/u_conv1_calc/conv_channels[2].stg2_add_reg[3][12]_i_1_n_6
    SLICE_X52Y31         FDRE                                         r  u_conv1/u_conv1_calc/conv_channels[2].stg2_add_reg[3][10]/D
  -------------------------------------------------------------------    -------------------

                         (clock aclk rise edge)       0.000     0.000 r  
    U7                                                0.000     0.000 r  aclk (IN)
                         net (fo=0)                   0.000     0.000    aclk
    U7                                                                r  aclk_IBUF_inst/I
    U7                   IBUF (Prop_ibuf_I_O)         0.476     0.476 r  aclk_IBUF_inst/O
                         net (fo=1, routed)           0.719     1.195    aclk_IBUF
    BUFGCTRL_X0Y0                                                     r  aclk_IBUF_BUFG_inst/I
    BUFGCTRL_X0Y0        BUFG (Prop_bufg_I_O)         0.029     1.224 r  aclk_IBUF_BUFG_inst/O
                         net (fo=7212, routed)        0.814     2.038    u_conv1/u_conv1_calc/aclk_IBUF_BUFG
    SLICE_X52Y31         FDRE                                         r  u_conv1/u_conv1_calc/conv_channels[2].stg2_add_reg[3][10]/C
                         clock pessimism             -0.254     1.784    
    SLICE_X52Y31         FDRE (Hold_fdre_C_D)         0.105     1.889    u_conv1/u_conv1_calc/conv_channels[2].stg2_add_reg[3][10]
  -------------------------------------------------------------------
                         required time                         -1.889    
                         arrival time                           1.966    
  -------------------------------------------------------------------
                         slack                                  0.076    

Slack (MET) :             0.076ns  (arrival time - required time)
  Source:                 u_conv1/u_conv1_calc/conv_channels[2].stg1_mult_reg[6][5]/C
                            (rising edge-triggered cell FDRE clocked by aclk  {rise@0.000ns fall@5.000ns period=10.000ns})
  Destination:            u_conv1/u_conv1_calc/conv_channels[2].stg2_add_reg[3][6]/D
                            (rising edge-triggered cell FDRE clocked by aclk  {rise@0.000ns fall@5.000ns period=10.000ns})
  Path Group:             aclk
  Path Type:              Hold (Min at Fast Process Corner)
  Requirement:            0.000ns  (aclk rise@0.000ns - aclk rise@0.000ns)
  Data Path Delay:        0.439ns  (logic 0.265ns (60.398%)  route 0.174ns (39.602%))
  Logic Levels:           1  (CARRY4=1)
  Clock Path Skew:        0.257ns (DCD - SCD - CPR)
    Destination Clock Delay (DCD):    2.037ns
    Source Clock Delay      (SCD):    1.526ns
    Clock Pessimism Removal (CPR):    0.254ns

    Location             Delay type                Incr(ns)  Path(ns)    Netlist Resource(s)
  -------------------------------------------------------------------    -------------------
                         (clock aclk rise edge)       0.000     0.000 r  
    U7                                                0.000     0.000 r  aclk (IN)
                         net (fo=0)                   0.000     0.000    aclk
    U7                                                                r  aclk_IBUF_inst/I
    U7                   IBUF (Prop_ibuf_I_O)         0.286     0.286 r  aclk_IBUF_inst/O
                         net (fo=1, routed)           0.663     0.949    aclk_IBUF
    BUFGCTRL_X0Y0                                                     r  aclk_IBUF_BUFG_inst/I
    BUFGCTRL_X0Y0        BUFG (Prop_bufg_I_O)         0.026     0.975 r  aclk_IBUF_BUFG_inst/O
                         net (fo=7212, routed)        0.551     1.526    u_conv1/u_conv1_calc/aclk_IBUF_BUFG
    SLICE_X49Y30         FDRE                                         r  u_conv1/u_conv1_calc/conv_channels[2].stg1_mult_reg[6][5]/C
  -------------------------------------------------------------------    -------------------
    SLICE_X49Y30         FDRE (Prop_fdre_C_Q)         0.141     1.667 r  u_conv1/u_conv1_calc/conv_channels[2].stg1_mult_reg[6][5]/Q
                         net (fo=2, routed)           0.174     1.841    u_conv1/u_conv1_calc/conv_channels[2].stg1_mult_reg_n_0_[6][5]
    SLICE_X52Y30                                                      r  u_conv1/u_conv1_calc/conv_channels[2].stg2_add_reg[3][8]_i_1/DI[0]
    SLICE_X52Y30         CARRY4 (Prop_carry4_DI[0]_O[1])
                                                      0.124     1.965 r  u_conv1/u_conv1_calc/conv_channels[2].stg2_add_reg[3][8]_i_1/O[1]
                         net (fo=1, routed)           0.000     1.965    u_conv1/u_conv1_calc/conv_channels[2].stg2_add_reg[3][8]_i_1_n_6
    SLICE_X52Y30         FDRE                                         r  u_conv1/u_conv1_calc/conv_channels[2].stg2_add_reg[3][6]/D
  -------------------------------------------------------------------    -------------------

                         (clock aclk rise edge)       0.000     0.000 r  
    U7                                                0.000     0.000 r  aclk (IN)
                         net (fo=0)                   0.000     0.000    aclk
    U7                                                                r  aclk_IBUF_inst/I
    U7                   IBUF (Prop_ibuf_I_O)         0.476     0.476 r  aclk_IBUF_inst/O
                         net (fo=1, routed)           0.719     1.195    aclk_IBUF
    BUFGCTRL_X0Y0                                                     r  aclk_IBUF_BUFG_inst/I
    BUFGCTRL_X0Y0        BUFG (Prop_bufg_I_O)         0.029     1.224 r  aclk_IBUF_BUFG_inst/O
                         net (fo=7212, routed)        0.813     2.037    u_conv1/u_conv1_calc/aclk_IBUF_BUFG
    SLICE_X52Y30         FDRE                                         r  u_conv1/u_conv1_calc/conv_channels[2].stg2_add_reg[3][6]/C
                         clock pessimism             -0.254     1.783    
    SLICE_X52Y30         FDRE (Hold_fdre_C_D)         0.105     1.888    u_conv1/u_conv1_calc/conv_channels[2].stg2_add_reg[3][6]
  -------------------------------------------------------------------
                         required time                         -1.888    
                         arrival time                           1.965    
  -------------------------------------------------------------------
                         slack                                  0.076    

Slack (MET) :             0.081ns  (arrival time - required time)
  Source:                 u_fc/recv_cnt_reg[2]/C
                            (rising edge-triggered cell FDRE clocked by aclk  {rise@0.000ns fall@5.000ns period=10.000ns})
  Destination:            u_fc/pool_buf_reg_0_31_48_53/RAMA/WADR2
                            (rising edge-triggered cell RAMD32 clocked by aclk  {rise@0.000ns fall@5.000ns period=10.000ns})
  Path Group:             aclk
  Path Type:              Hold (Min at Fast Process Corner)
  Requirement:            0.000ns  (aclk rise@0.000ns - aclk rise@0.000ns)
  Data Path Delay:        0.351ns  (logic 0.141ns (40.196%)  route 0.210ns (59.804%))
  Logic Levels:           0  
  Clock Path Skew:        0.016ns (DCD - SCD - CPR)
    Destination Clock Delay (DCD):    2.049ns
    Source Clock Delay      (SCD):    1.532ns
    Clock Pessimism Removal (CPR):    0.501ns

    Location             Delay type                Incr(ns)  Path(ns)    Netlist Resource(s)
  -------------------------------------------------------------------    -------------------
                         (clock aclk rise edge)       0.000     0.000 r  
    U7                                                0.000     0.000 r  aclk (IN)
                         net (fo=0)                   0.000     0.000    aclk
    U7                                                                r  aclk_IBUF_inst/I
    U7                   IBUF (Prop_ibuf_I_O)         0.286     0.286 r  aclk_IBUF_inst/O
                         net (fo=1, routed)           0.663     0.949    aclk_IBUF
    BUFGCTRL_X0Y0                                                     r  aclk_IBUF_BUFG_inst/I
    BUFGCTRL_X0Y0        BUFG (Prop_bufg_I_O)         0.026     0.975 r  aclk_IBUF_BUFG_inst/O
                         net (fo=7212, routed)        0.557     1.532    u_fc/aclk_IBUF_BUFG
    SLICE_X41Y91         FDRE                                         r  u_fc/recv_cnt_reg[2]/C
  -------------------------------------------------------------------    -------------------
    SLICE_X41Y91         FDRE (Prop_fdre_C_Q)         0.141     1.673 r  u_fc/recv_cnt_reg[2]/Q
                         net (fo=133, routed)         0.210     1.883    u_fc/pool_buf_reg_0_31_48_53/ADDRD2
    SLICE_X42Y91         RAMD32                                       r  u_fc/pool_buf_reg_0_31_48_53/RAMA/WADR2
  -------------------------------------------------------------------    -------------------

                         (clock aclk rise edge)       0.000     0.000 r  
    U7                                                0.000     0.000 r  aclk (IN)
                         net (fo=0)                   0.000     0.000    aclk
    U7                                                                r  aclk_IBUF_inst/I
    U7                   IBUF (Prop_ibuf_I_O)         0.476     0.476 r  aclk_IBUF_inst/O
                         net (fo=1, routed)           0.719     1.195    aclk_IBUF
    BUFGCTRL_X0Y0                                                     r  aclk_IBUF_BUFG_inst/I
    BUFGCTRL_X0Y0        BUFG (Prop_bufg_I_O)         0.029     1.224 r  aclk_IBUF_BUFG_inst/O
                         net (fo=7212, routed)        0.825     2.049    u_fc/pool_buf_reg_0_31_48_53/WCLK
    SLICE_X42Y91         RAMD32                                       r  u_fc/pool_buf_reg_0_31_48_53/RAMA/CLK
                         clock pessimism             -0.501     1.548    
    SLICE_X42Y91         RAMD32 (Hold_ramd32_CLK_WADR2)
                                                      0.254     1.802    u_fc/pool_buf_reg_0_31_48_53/RAMA
  -------------------------------------------------------------------
                         required time                         -1.802    
                         arrival time                           1.883    
  -------------------------------------------------------------------
                         slack                                  0.081    

Slack (MET) :             0.081ns  (arrival time - required time)
  Source:                 u_fc/recv_cnt_reg[2]/C
                            (rising edge-triggered cell FDRE clocked by aclk  {rise@0.000ns fall@5.000ns period=10.000ns})
  Destination:            u_fc/pool_buf_reg_0_31_48_53/RAMA_D1/WADR2
                            (rising edge-triggered cell RAMD32 clocked by aclk  {rise@0.000ns fall@5.000ns period=10.000ns})
  Path Group:             aclk
  Path Type:              Hold (Min at Fast Process Corner)
  Requirement:            0.000ns  (aclk rise@0.000ns - aclk rise@0.000ns)
  Data Path Delay:        0.351ns  (logic 0.141ns (40.196%)  route 0.210ns (59.804%))
  Logic Levels:           0  
  Clock Path Skew:        0.016ns (DCD - SCD - CPR)
    Destination Clock Delay (DCD):    2.049ns
    Source Clock Delay      (SCD):    1.532ns
    Clock Pessimism Removal (CPR):    0.501ns

    Location             Delay type                Incr(ns)  Path(ns)    Netlist Resource(s)
  -------------------------------------------------------------------    -------------------
                         (clock aclk rise edge)       0.000     0.000 r  
    U7                                                0.000     0.000 r  aclk (IN)
                         net (fo=0)                   0.000     0.000    aclk
    U7                                                                r  aclk_IBUF_inst/I
    U7                   IBUF (Prop_ibuf_I_O)         0.286     0.286 r  aclk_IBUF_inst/O
                         net (fo=1, routed)           0.663     0.949    aclk_IBUF
    BUFGCTRL_X0Y0                                                     r  aclk_IBUF_BUFG_inst/I
    BUFGCTRL_X0Y0        BUFG (Prop_bufg_I_O)         0.026     0.975 r  aclk_IBUF_BUFG_inst/O
                         net (fo=7212, routed)        0.557     1.532    u_fc/aclk_IBUF_BUFG
    SLICE_X41Y91         FDRE                                         r  u_fc/recv_cnt_reg[2]/C
  -------------------------------------------------------------------    -------------------
    SLICE_X41Y91         FDRE (Prop_fdre_C_Q)         0.141     1.673 r  u_fc/recv_cnt_reg[2]/Q
                         net (fo=133, routed)         0.210     1.883    u_fc/pool_buf_reg_0_31_48_53/ADDRD2
    SLICE_X42Y91         RAMD32                                       r  u_fc/pool_buf_reg_0_31_48_53/RAMA_D1/WADR2
  -------------------------------------------------------------------    -------------------

                         (clock aclk rise edge)       0.000     0.000 r  
    U7                                                0.000     0.000 r  aclk (IN)
                         net (fo=0)                   0.000     0.000    aclk
    U7                                                                r  aclk_IBUF_inst/I
    U7                   IBUF (Prop_ibuf_I_O)         0.476     0.476 r  aclk_IBUF_inst/O
                         net (fo=1, routed)           0.719     1.195    aclk_IBUF
    BUFGCTRL_X0Y0                                                     r  aclk_IBUF_BUFG_inst/I
    BUFGCTRL_X0Y0        BUFG (Prop_bufg_I_O)         0.029     1.224 r  aclk_IBUF_BUFG_inst/O
                         net (fo=7212, routed)        0.825     2.049    u_fc/pool_buf_reg_0_31_48_53/WCLK
    SLICE_X42Y91         RAMD32                                       r  u_fc/pool_buf_reg_0_31_48_53/RAMA_D1/CLK
                         clock pessimism             -0.501     1.548    
    SLICE_X42Y91         RAMD32 (Hold_ramd32_CLK_WADR2)
                                                      0.254     1.802    u_fc/pool_buf_reg_0_31_48_53/RAMA_D1
  -------------------------------------------------------------------
                         required time                         -1.802    
                         arrival time                           1.883    
  -------------------------------------------------------------------
                         slack                                  0.081    

Slack (MET) :             0.081ns  (arrival time - required time)
  Source:                 u_fc/recv_cnt_reg[2]/C
                            (rising edge-triggered cell FDRE clocked by aclk  {rise@0.000ns fall@5.000ns period=10.000ns})
  Destination:            u_fc/pool_buf_reg_0_31_48_53/RAMB/WADR2
                            (rising edge-triggered cell RAMD32 clocked by aclk  {rise@0.000ns fall@5.000ns period=10.000ns})
  Path Group:             aclk
  Path Type:              Hold (Min at Fast Process Corner)
  Requirement:            0.000ns  (aclk rise@0.000ns - aclk rise@0.000ns)
  Data Path Delay:        0.351ns  (logic 0.141ns (40.196%)  route 0.210ns (59.804%))
  Logic Levels:           0  
  Clock Path Skew:        0.016ns (DCD - SCD - CPR)
    Destination Clock Delay (DCD):    2.049ns
    Source Clock Delay      (SCD):    1.532ns
    Clock Pessimism Removal (CPR):    0.501ns

    Location             Delay type                Incr(ns)  Path(ns)    Netlist Resource(s)
  -------------------------------------------------------------------    -------------------
                         (clock aclk rise edge)       0.000     0.000 r  
    U7                                                0.000     0.000 r  aclk (IN)
                         net (fo=0)                   0.000     0.000    aclk
    U7                                                                r  aclk_IBUF_inst/I
    U7                   IBUF (Prop_ibuf_I_O)         0.286     0.286 r  aclk_IBUF_inst/O
                         net (fo=1, routed)           0.663     0.949    aclk_IBUF
    BUFGCTRL_X0Y0                                                     r  aclk_IBUF_BUFG_inst/I
    BUFGCTRL_X0Y0        BUFG (Prop_bufg_I_O)         0.026     0.975 r  aclk_IBUF_BUFG_inst/O
                         net (fo=7212, routed)        0.557     1.532    u_fc/aclk_IBUF_BUFG
    SLICE_X41Y91         FDRE                                         r  u_fc/recv_cnt_reg[2]/C
  -------------------------------------------------------------------    -------------------
    SLICE_X41Y91         FDRE (Prop_fdre_C_Q)         0.141     1.673 r  u_fc/recv_cnt_reg[2]/Q
                         net (fo=133, routed)         0.210     1.883    u_fc/pool_buf_reg_0_31_48_53/ADDRD2
    SLICE_X42Y91         RAMD32                                       r  u_fc/pool_buf_reg_0_31_48_53/RAMB/WADR2
  -------------------------------------------------------------------    -------------------

                         (clock aclk rise edge)       0.000     0.000 r  
    U7                                                0.000     0.000 r  aclk (IN)
                         net (fo=0)                   0.000     0.000    aclk
    U7                                                                r  aclk_IBUF_inst/I
    U7                   IBUF (Prop_ibuf_I_O)         0.476     0.476 r  aclk_IBUF_inst/O
                         net (fo=1, routed)           0.719     1.195    aclk_IBUF
    BUFGCTRL_X0Y0                                                     r  aclk_IBUF_BUFG_inst/I
    BUFGCTRL_X0Y0        BUFG (Prop_bufg_I_O)         0.029     1.224 r  aclk_IBUF_BUFG_inst/O
                         net (fo=7212, routed)        0.825     2.049    u_fc/pool_buf_reg_0_31_48_53/WCLK
    SLICE_X42Y91         RAMD32                                       r  u_fc/pool_buf_reg_0_31_48_53/RAMB/CLK
                         clock pessimism             -0.501     1.548    
    SLICE_X42Y91         RAMD32 (Hold_ramd32_CLK_WADR2)
                                                      0.254     1.802    u_fc/pool_buf_reg_0_31_48_53/RAMB
  -------------------------------------------------------------------
                         required time                         -1.802    
                         arrival time                           1.883    
  -------------------------------------------------------------------
                         slack                                  0.081    

Slack (MET) :             0.081ns  (arrival time - required time)
  Source:                 u_fc/recv_cnt_reg[2]/C
                            (rising edge-triggered cell FDRE clocked by aclk  {rise@0.000ns fall@5.000ns period=10.000ns})
  Destination:            u_fc/pool_buf_reg_0_31_48_53/RAMB_D1/WADR2
                            (rising edge-triggered cell RAMD32 clocked by aclk  {rise@0.000ns fall@5.000ns period=10.000ns})
  Path Group:             aclk
  Path Type:              Hold (Min at Fast Process Corner)
  Requirement:            0.000ns  (aclk rise@0.000ns - aclk rise@0.000ns)
  Data Path Delay:        0.351ns  (logic 0.141ns (40.196%)  route 0.210ns (59.804%))
  Logic Levels:           0  
  Clock Path Skew:        0.016ns (DCD - SCD - CPR)
    Destination Clock Delay (DCD):    2.049ns
    Source Clock Delay      (SCD):    1.532ns
    Clock Pessimism Removal (CPR):    0.501ns

    Location             Delay type                Incr(ns)  Path(ns)    Netlist Resource(s)
  -------------------------------------------------------------------    -------------------
                         (clock aclk rise edge)       0.000     0.000 r  
    U7                                                0.000     0.000 r  aclk (IN)
                         net (fo=0)                   0.000     0.000    aclk
    U7                                                                r  aclk_IBUF_inst/I
    U7                   IBUF (Prop_ibuf_I_O)         0.286     0.286 r  aclk_IBUF_inst/O
                         net (fo=1, routed)           0.663     0.949    aclk_IBUF
    BUFGCTRL_X0Y0                                                     r  aclk_IBUF_BUFG_inst/I
    BUFGCTRL_X0Y0        BUFG (Prop_bufg_I_O)         0.026     0.975 r  aclk_IBUF_BUFG_inst/O
                         net (fo=7212, routed)        0.557     1.532    u_fc/aclk_IBUF_BUFG
    SLICE_X41Y91         FDRE                                         r  u_fc/recv_cnt_reg[2]/C
  -------------------------------------------------------------------    -------------------
    SLICE_X41Y91         FDRE (Prop_fdre_C_Q)         0.141     1.673 r  u_fc/recv_cnt_reg[2]/Q
                         net (fo=133, routed)         0.210     1.883    u_fc/pool_buf_reg_0_31_48_53/ADDRD2
    SLICE_X42Y91         RAMD32                                       r  u_fc/pool_buf_reg_0_31_48_53/RAMB_D1/WADR2
  -------------------------------------------------------------------    -------------------

                         (clock aclk rise edge)       0.000     0.000 r  
    U7                                                0.000     0.000 r  aclk (IN)
                         net (fo=0)                   0.000     0.000    aclk
    U7                                                                r  aclk_IBUF_inst/I
    U7                   IBUF (Prop_ibuf_I_O)         0.476     0.476 r  aclk_IBUF_inst/O
                         net (fo=1, routed)           0.719     1.195    aclk_IBUF
    BUFGCTRL_X0Y0                                                     r  aclk_IBUF_BUFG_inst/I
    BUFGCTRL_X0Y0        BUFG (Prop_bufg_I_O)         0.029     1.224 r  aclk_IBUF_BUFG_inst/O
                         net (fo=7212, routed)        0.825     2.049    u_fc/pool_buf_reg_0_31_48_53/WCLK
    SLICE_X42Y91         RAMD32                                       r  u_fc/pool_buf_reg_0_31_48_53/RAMB_D1/CLK
                         clock pessimism             -0.501     1.548    
    SLICE_X42Y91         RAMD32 (Hold_ramd32_CLK_WADR2)
                                                      0.254     1.802    u_fc/pool_buf_reg_0_31_48_53/RAMB_D1
  -------------------------------------------------------------------
                         required time                         -1.802    
                         arrival time                           1.883    
  -------------------------------------------------------------------
                         slack                                  0.081    





Pulse Width Checks
--------------------------------------------------------------------------------------
Clock Name:         aclk
Waveform(ns):       { 0.000 5.000 }
Period(ns):         10.000
Sources:            { aclk }

Check Type        Corner  Lib Pin      Reference Pin  Required(ns)  Actual(ns)  Slack(ns)  Location      Pin
Min Period        n/a     DSP48E1/CLK  n/a            3.272         10.000      6.728      DSP48_X2Y12   u_conv2/u_calc/product_s1_reg[0][0][8]/CLK
Min Period        n/a     DSP48E1/CLK  n/a            3.272         10.000      6.728      DSP48_X2Y28   u_conv2/u_calc/product_s1_reg[0][2][8]/CLK
Min Period        n/a     DSP48E1/CLK  n/a            3.272         10.000      6.728      DSP48_X2Y14   u_conv2/u_calc/product_s1_reg[1][0][8]/CLK
Min Period        n/a     DSP48E1/CLK  n/a            3.272         10.000      6.728      DSP48_X2Y31   u_conv2/u_calc/product_s1_reg[1][2][8]/CLK
Min Period        n/a     DSP48E1/CLK  n/a            3.272         10.000      6.728      DSP48_X1Y12   u_conv2/u_calc/product_s1_reg[2][0][8]/CLK
Min Period        n/a     DSP48E1/CLK  n/a            3.272         10.000      6.728      DSP48_X3Y23   u_conv2/u_calc/product_s1_reg[2][2][8]/CLK
Min Period        n/a     DSP48E1/CLK  n/a            3.272         10.000      6.728      DSP48_X2Y15   u_conv2/u_calc/product_s1_reg[3][0][8]/CLK
Min Period        n/a     DSP48E1/CLK  n/a            3.272         10.000      6.728      DSP48_X3Y20   u_conv2/u_calc/product_s1_reg[3][2][8]/CLK
Min Period        n/a     DSP48E1/CLK  n/a            3.272         10.000      6.728      DSP48_X3Y7    u_conv2/u_calc/product_s1_reg[0][1][0]/CLK
Min Period        n/a     DSP48E1/CLK  n/a            3.272         10.000      6.728      DSP48_X2Y17   u_conv2/u_calc/product_s1_reg[0][3][0]/CLK
Min Period        n/a     DSP48E1/CLK  n/a            3.272         10.000      6.728      DSP48_X4Y5    u_conv2/u_calc/product_s1_reg[1][1][0]/CLK
Min Period        n/a     DSP48E1/CLK  n/a            3.272         10.000      6.728      DSP48_X1Y13   u_conv2/u_calc/product_s1_reg[1][3][0]/CLK
Min Period        n/a     DSP48E1/CLK  n/a            3.272         10.000      6.728      DSP48_X4Y14   u_conv2/u_calc/product_s1_reg[2][1][0]/CLK
Min Period        n/a     DSP48E1/CLK  n/a            3.272         10.000      6.728      DSP48_X1Y14   u_conv2/u_calc/product_s1_reg[2][3][0]/CLK
Min Period        n/a     DSP48E1/CLK  n/a            3.272         10.000      6.728      DSP48_X4Y11   u_conv2/u_calc/product_s1_reg[3][1][0]/CLK
Min Period        n/a     DSP48E1/CLK  n/a            3.272         10.000      6.728      DSP48_X0Y14   u_conv2/u_calc/product_s1_reg[3][3][0]/CLK
Min Period        n/a     DSP48E1/CLK  n/a            3.272         10.000      6.728      DSP48_X4Y13   u_conv2/u_calc/product_s1_reg[0][1][2]/CLK
Min Period        n/a     DSP48E1/CLK  n/a            3.272         10.000      6.728      DSP48_X0Y19   u_conv2/u_calc/product_s1_reg[0][3][2]/CLK
Min Period        n/a     DSP48E1/CLK  n/a            3.272         10.000      6.728      DSP48_X4Y9    u_conv2/u_calc/product_s1_reg[1][1][2]/CLK
Min Period        n/a     DSP48E1/CLK  n/a            3.272         10.000      6.728      DSP48_X2Y21   u_conv2/u_calc/product_s1_reg[1][3][2]/CLK
Low Pulse Width   Slow    RAMD64E/CLK  n/a            1.130         5.000       3.870      SLICE_X30Y46  u_conv1/u_conv1_buf/buffer_reg_r4_0_63_3_5/RAMA/CLK
Low Pulse Width   Slow    RAMD64E/CLK  n/a            1.130         5.000       3.870      SLICE_X30Y46  u_conv1/u_conv1_buf/buffer_reg_r4_0_63_3_5/RAMB/CLK
Low Pulse Width   Slow    RAMD64E/CLK  n/a            1.130         5.000       3.870      SLICE_X30Y46  u_conv1/u_conv1_buf/buffer_reg_r4_0_63_3_5/RAMC/CLK
Low Pulse Width   Slow    RAMD64E/CLK  n/a            1.130         5.000       3.870      SLICE_X30Y46  u_conv1/u_conv1_buf/buffer_reg_r4_0_63_3_5/RAMD/CLK
Low Pulse Width   Slow    RAMD64E/CLK  n/a            1.130         5.000       3.870      SLICE_X30Y45  u_conv1/u_conv1_buf/buffer_reg_r4_64_127_3_5/RAMA/CLK
Low Pulse Width   Slow    RAMD64E/CLK  n/a            1.130         5.000       3.870      SLICE_X30Y45  u_conv1/u_conv1_buf/buffer_reg_r4_64_127_3_5/RAMB/CLK
Low Pulse Width   Slow    RAMD64E/CLK  n/a            1.130         5.000       3.870      SLICE_X30Y45  u_conv1/u_conv1_buf/buffer_reg_r4_64_127_3_5/RAMC/CLK
Low Pulse Width   Slow    RAMD64E/CLK  n/a            1.130         5.000       3.870      SLICE_X30Y45  u_conv1/u_conv1_buf/buffer_reg_r4_64_127_3_5/RAMD/CLK
Low Pulse Width   Slow    RAMD32/CLK   n/a            1.130         5.000       3.870      SLICE_X34Y91  u_fc/logits_reg_0_15_0_5/RAMA/CLK
Low Pulse Width   Slow    RAMD32/CLK   n/a            1.130         5.000       3.870      SLICE_X34Y91  u_fc/logits_reg_0_15_0_5/RAMA_D1/CLK
Low Pulse Width   Slow    RAMD32/CLK   n/a            1.130         5.000       3.870      SLICE_X34Y91  u_fc/logits_reg_0_15_0_5/RAMB/CLK
Low Pulse Width   Slow    RAMD32/CLK   n/a            1.130         5.000       3.870      SLICE_X34Y91  u_fc/logits_reg_0_15_0_5/RAMB_D1/CLK
Low Pulse Width   Slow    RAMD32/CLK   n/a            1.130         5.000       3.870      SLICE_X34Y91  u_fc/logits_reg_0_15_0_5/RAMC/CLK
Low Pulse Width   Slow    RAMD32/CLK   n/a            1.130         5.000       3.870      SLICE_X34Y91  u_fc/logits_reg_0_15_0_5/RAMC_D1/CLK
Low Pulse Width   Slow    RAMS32/CLK   n/a            1.130         5.000       3.870      SLICE_X34Y91  u_fc/logits_reg_0_15_0_5/RAMD/CLK
Low Pulse Width   Slow    RAMS32/CLK   n/a            1.130         5.000       3.870      SLICE_X34Y91  u_fc/logits_reg_0_15_0_5/RAMD_D1/CLK
Low Pulse Width   Slow    RAMD32/CLK   n/a            1.130         5.000       3.870      SLICE_X38Y89  u_fc/pool_buf_reg_0_31_24_29/RAMA/CLK
Low Pulse Width   Slow    RAMD32/CLK   n/a            1.130         5.000       3.870      SLICE_X38Y89  u_fc/pool_buf_reg_0_31_24_29/RAMA_D1/CLK
Low Pulse Width   Slow    RAMD32/CLK   n/a            1.130         5.000       3.870      SLICE_X38Y89  u_fc/pool_buf_reg_0_31_24_29/RAMB/CLK
Low Pulse Width   Slow    RAMD32/CLK   n/a            1.130         5.000       3.870      SLICE_X38Y89  u_fc/pool_buf_reg_0_31_24_29/RAMB_D1/CLK
High Pulse Width  Slow    RAMD64E/CLK  n/a            1.130         5.000       3.870      SLICE_X38Y42  u_conv1/u_conv1_buf/buffer_reg_r10_0_63_0_2/RAMA/CLK
High Pulse Width  Slow    RAMD64E/CLK  n/a            1.130         5.000       3.870      SLICE_X38Y42  u_conv1/u_conv1_buf/buffer_reg_r10_0_63_0_2/RAMB/CLK
High Pulse Width  Slow    RAMD64E/CLK  n/a            1.130         5.000       3.870      SLICE_X38Y42  u_conv1/u_conv1_buf/buffer_reg_r10_0_63_0_2/RAMC/CLK
High Pulse Width  Slow    RAMD64E/CLK  n/a            1.130         5.000       3.870      SLICE_X38Y42  u_conv1/u_conv1_buf/buffer_reg_r10_0_63_0_2/RAMD/CLK
High Pulse Width  Slow    RAMD64E/CLK  n/a            1.130         5.000       3.870      SLICE_X38Y44  u_conv1/u_conv1_buf/buffer_reg_r10_0_63_3_5/RAMA/CLK
High Pulse Width  Slow    RAMD64E/CLK  n/a            1.130         5.000       3.870      SLICE_X38Y44  u_conv1/u_conv1_buf/buffer_reg_r10_0_63_3_5/RAMB/CLK
High Pulse Width  Slow    RAMD64E/CLK  n/a            1.130         5.000       3.870      SLICE_X38Y44  u_conv1/u_conv1_buf/buffer_reg_r10_0_63_3_5/RAMC/CLK
High Pulse Width  Slow    RAMD64E/CLK  n/a            1.130         5.000       3.870      SLICE_X38Y44  u_conv1/u_conv1_buf/buffer_reg_r10_0_63_3_5/RAMD/CLK
High Pulse Width  Slow    RAMD64E/CLK  n/a            1.130         5.000       3.870      SLICE_X34Y41  u_conv1/u_conv1_buf/buffer_reg_r10_0_63_6_6/DP/CLK
High Pulse Width  Slow    RAMD64E/CLK  n/a            1.130         5.000       3.870      SLICE_X34Y41  u_conv1/u_conv1_buf/buffer_reg_r10_0_63_6_6/SP/CLK
High Pulse Width  Slow    RAMD64E/CLK  n/a            1.130         5.000       3.870      SLICE_X34Y41  u_conv1/u_conv1_buf/buffer_reg_r10_0_63_7_7/DP/CLK
High Pulse Width  Slow    RAMD64E/CLK  n/a            1.130         5.000       3.870      SLICE_X34Y41  u_conv1/u_conv1_buf/buffer_reg_r10_0_63_7_7/SP/CLK
High Pulse Width  Slow    RAMD64E/CLK  n/a            1.130         5.000       3.870      SLICE_X38Y41  u_conv1/u_conv1_buf/buffer_reg_r10_64_127_0_2/RAMA/CLK
High Pulse Width  Slow    RAMD64E/CLK  n/a            1.130         5.000       3.870      SLICE_X38Y41  u_conv1/u_conv1_buf/buffer_reg_r10_64_127_0_2/RAMB/CLK
High Pulse Width  Slow    RAMD64E/CLK  n/a            1.130         5.000       3.870      SLICE_X38Y41  u_conv1/u_conv1_buf/buffer_reg_r10_64_127_0_2/RAMC/CLK
High Pulse Width  Slow    RAMD64E/CLK  n/a            1.130         5.000       3.870      SLICE_X38Y41  u_conv1/u_conv1_buf/buffer_reg_r10_64_127_0_2/RAMD/CLK
High Pulse Width  Slow    RAMD64E/CLK  n/a            1.130         5.000       3.870      SLICE_X38Y43  u_conv1/u_conv1_buf/buffer_reg_r10_64_127_3_5/RAMA/CLK
High Pulse Width  Slow    RAMD64E/CLK  n/a            1.130         5.000       3.870      SLICE_X38Y43  u_conv1/u_conv1_buf/buffer_reg_r10_64_127_3_5/RAMB/CLK
High Pulse Width  Slow    RAMD64E/CLK  n/a            1.130         5.000       3.870      SLICE_X38Y43  u_conv1/u_conv1_buf/buffer_reg_r10_64_127_3_5/RAMC/CLK
High Pulse Width  Slow    RAMD64E/CLK  n/a            1.130         5.000       3.870      SLICE_X38Y43  u_conv1/u_conv1_buf/buffer_reg_r10_64_127_3_5/RAMD/CLK



--------------------------------------------------------------------------------------
Path Group:  (none)
From Clock:  aclk
  To Clock:  

Max Delay             7 Endpoints
Min Delay             7 Endpoints
--------------------------------------------------------------------------------------


Max Delay Paths
--------------------------------------------------------------------------------------
Slack:                    inf
  Source:                 m_axis_tdata_reg_reg[3]/C
                            (rising edge-triggered cell FDRE clocked by aclk  {rise@0.000ns fall@5.000ns period=10.000ns})
  Destination:            m_axis_tdata[3]
                            (output port)
  Path Group:             (none)
  Path Type:              Max at Slow Process Corner
  Data Path Delay:        7.110ns  (logic 2.895ns (40.711%)  route 4.216ns (59.289%))
  Logic Levels:           1  (OBUF=1)
  Clock Uncertainty:      0.025ns  ((TSJ^2 + TIJ^2)^1/2 + DJ) / 2 + PE
    Total System Jitter     (TSJ):    0.050ns
    Total Input Jitter      (TIJ):    0.000ns
    Discrete Jitter          (DJ):    0.000ns
    Phase Error              (PE):    0.000ns

    Location             Delay type                Incr(ns)  Path(ns)    Netlist Resource(s)
  -------------------------------------------------------------------    -------------------
                         (clock aclk rise edge)       0.000     0.000 r  
    U7                                                0.000     0.000 r  aclk (IN)
                         net (fo=0)                   0.000     0.000    aclk
    U7                                                                r  aclk_IBUF_inst/I
    U7                   IBUF (Prop_ibuf_I_O)         0.990     0.990 r  aclk_IBUF_inst/O
                         net (fo=1, routed)           1.843     2.833    aclk_IBUF
    BUFGCTRL_X0Y0                                                     r  aclk_IBUF_BUFG_inst/I
    BUFGCTRL_X0Y0        BUFG (Prop_bufg_I_O)         0.085     2.918 r  aclk_IBUF_BUFG_inst/O
                         net (fo=7212, routed)        1.385     4.303    aclk_IBUF_BUFG
    SLICE_X32Y84         FDRE                                         r  m_axis_tdata_reg_reg[3]/C
  -------------------------------------------------------------------    -------------------
    SLICE_X32Y84         FDRE (Prop_fdre_C_Q)         0.433     4.736 r  m_axis_tdata_reg_reg[3]/Q
                         net (fo=1, routed)           4.216     8.952    m_axis_tdata_OBUF[3]
    W8                                                                r  m_axis_tdata_OBUF[3]_inst/I
    W8                   OBUF (Prop_obuf_I_O)         2.462    11.414 r  m_axis_tdata_OBUF[3]_inst/O
                         net (fo=0)                   0.000    11.414    m_axis_tdata[3]
    W8                                                                r  m_axis_tdata[3] (OUT)
  -------------------------------------------------------------------    -------------------

Slack:                    inf
  Source:                 m_axis_tdata_reg_reg[0]/C
                            (rising edge-triggered cell FDRE clocked by aclk  {rise@0.000ns fall@5.000ns period=10.000ns})
  Destination:            m_axis_tdata[0]
                            (output port)
  Path Group:             (none)
  Path Type:              Max at Slow Process Corner
  Data Path Delay:        7.102ns  (logic 2.867ns (40.372%)  route 4.235ns (59.628%))
  Logic Levels:           1  (OBUF=1)
  Clock Uncertainty:      0.025ns  ((TSJ^2 + TIJ^2)^1/2 + DJ) / 2 + PE
    Total System Jitter     (TSJ):    0.050ns
    Total Input Jitter      (TIJ):    0.000ns
    Discrete Jitter          (DJ):    0.000ns
    Phase Error              (PE):    0.000ns

    Location             Delay type                Incr(ns)  Path(ns)    Netlist Resource(s)
  -------------------------------------------------------------------    -------------------
                         (clock aclk rise edge)       0.000     0.000 r  
    U7                                                0.000     0.000 r  aclk (IN)
                         net (fo=0)                   0.000     0.000    aclk
    U7                                                                r  aclk_IBUF_inst/I
    U7                   IBUF (Prop_ibuf_I_O)         0.990     0.990 r  aclk_IBUF_inst/O
                         net (fo=1, routed)           1.843     2.833    aclk_IBUF
    BUFGCTRL_X0Y0                                                     r  aclk_IBUF_BUFG_inst/I
    BUFGCTRL_X0Y0        BUFG (Prop_bufg_I_O)         0.085     2.918 r  aclk_IBUF_BUFG_inst/O
                         net (fo=7212, routed)        1.385     4.303    aclk_IBUF_BUFG
    SLICE_X32Y84         FDRE                                         r  m_axis_tdata_reg_reg[0]/C
  -------------------------------------------------------------------    -------------------
    SLICE_X32Y84         FDRE (Prop_fdre_C_Q)         0.433     4.736 r  m_axis_tdata_reg_reg[0]/Q
                         net (fo=1, routed)           4.235     8.971    m_axis_tdata_OBUF[0]
    U9                                                                r  m_axis_tdata_OBUF[0]_inst/I
    U9                   OBUF (Prop_obuf_I_O)         2.434    11.406 r  m_axis_tdata_OBUF[0]_inst/O
                         net (fo=0)                   0.000    11.406    m_axis_tdata[0]
    U9                                                                r  m_axis_tdata[0] (OUT)
  -------------------------------------------------------------------    -------------------

Slack:                    inf
  Source:                 m_axis_tdata_reg_reg[2]/C
                            (rising edge-triggered cell FDRE clocked by aclk  {rise@0.000ns fall@5.000ns period=10.000ns})
  Destination:            m_axis_tdata[2]
                            (output port)
  Path Group:             (none)
  Path Type:              Max at Slow Process Corner
  Data Path Delay:        6.949ns  (logic 2.861ns (41.175%)  route 4.088ns (58.825%))
  Logic Levels:           1  (OBUF=1)
  Clock Uncertainty:      0.025ns  ((TSJ^2 + TIJ^2)^1/2 + DJ) / 2 + PE
    Total System Jitter     (TSJ):    0.050ns
    Total Input Jitter      (TIJ):    0.000ns
    Discrete Jitter          (DJ):    0.000ns
    Phase Error              (PE):    0.000ns

    Location             Delay type                Incr(ns)  Path(ns)    Netlist Resource(s)
  -------------------------------------------------------------------    -------------------
                         (clock aclk rise edge)       0.000     0.000 r  
    U7                                                0.000     0.000 r  aclk (IN)
                         net (fo=0)                   0.000     0.000    aclk
    U7                                                                r  aclk_IBUF_inst/I
    U7                   IBUF (Prop_ibuf_I_O)         0.990     0.990 r  aclk_IBUF_inst/O
                         net (fo=1, routed)           1.843     2.833    aclk_IBUF
    BUFGCTRL_X0Y0                                                     r  aclk_IBUF_BUFG_inst/I
    BUFGCTRL_X0Y0        BUFG (Prop_bufg_I_O)         0.085     2.918 r  aclk_IBUF_BUFG_inst/O
                         net (fo=7212, routed)        1.385     4.303    aclk_IBUF_BUFG
    SLICE_X32Y84         FDRE                                         r  m_axis_tdata_reg_reg[2]/C
  -------------------------------------------------------------------    -------------------
    SLICE_X32Y84         FDRE (Prop_fdre_C_Q)         0.433     4.736 r  m_axis_tdata_reg_reg[2]/Q
                         net (fo=1, routed)           4.088     8.824    m_axis_tdata_OBUF[2]
    W10                                                               r  m_axis_tdata_OBUF[2]_inst/I
    W10                  OBUF (Prop_obuf_I_O)         2.428    11.252 r  m_axis_tdata_OBUF[2]_inst/O
                         net (fo=0)                   0.000    11.252    m_axis_tdata[2]
    W10                                                               r  m_axis_tdata[2] (OUT)
  -------------------------------------------------------------------    -------------------

Slack:                    inf
  Source:                 m_axis_tdata_reg_reg[1]/C
                            (rising edge-triggered cell FDRE clocked by aclk  {rise@0.000ns fall@5.000ns period=10.000ns})
  Destination:            m_axis_tdata[1]
                            (output port)
  Path Group:             (none)
  Path Type:              Max at Slow Process Corner
  Data Path Delay:        6.931ns  (logic 2.843ns (41.026%)  route 4.087ns (58.974%))
  Logic Levels:           1  (OBUF=1)
  Clock Uncertainty:      0.025ns  ((TSJ^2 + TIJ^2)^1/2 + DJ) / 2 + PE
    Total System Jitter     (TSJ):    0.050ns
    Total Input Jitter      (TIJ):    0.000ns
    Discrete Jitter          (DJ):    0.000ns
    Phase Error              (PE):    0.000ns

    Location             Delay type                Incr(ns)  Path(ns)    Netlist Resource(s)
  -------------------------------------------------------------------    -------------------
                         (clock aclk rise edge)       0.000     0.000 r  
    U7                                                0.000     0.000 r  aclk (IN)
                         net (fo=0)                   0.000     0.000    aclk
    U7                                                                r  aclk_IBUF_inst/I
    U7                   IBUF (Prop_ibuf_I_O)         0.990     0.990 r  aclk_IBUF_inst/O
                         net (fo=1, routed)           1.843     2.833    aclk_IBUF
    BUFGCTRL_X0Y0                                                     r  aclk_IBUF_BUFG_inst/I
    BUFGCTRL_X0Y0        BUFG (Prop_bufg_I_O)         0.085     2.918 r  aclk_IBUF_BUFG_inst/O
                         net (fo=7212, routed)        1.385     4.303    aclk_IBUF_BUFG
    SLICE_X32Y84         FDRE                                         r  m_axis_tdata_reg_reg[1]/C
  -------------------------------------------------------------------    -------------------
    SLICE_X32Y84         FDRE (Prop_fdre_C_Q)         0.433     4.736 r  m_axis_tdata_reg_reg[1]/Q
                         net (fo=1, routed)           4.087     8.824    m_axis_tdata_OBUF[1]
    W9                                                                r  m_axis_tdata_OBUF[1]_inst/I
    W9                   OBUF (Prop_obuf_I_O)         2.410    11.234 r  m_axis_tdata_OBUF[1]_inst/O
                         net (fo=0)                   0.000    11.234    m_axis_tdata[1]
    W9                                                                r  m_axis_tdata[1] (OUT)
  -------------------------------------------------------------------    -------------------

Slack:                    inf
  Source:                 frame_busy_reg/C
                            (rising edge-triggered cell FDRE clocked by aclk  {rise@0.000ns fall@5.000ns period=10.000ns})
  Destination:            s_axis_tready
                            (output port)
  Path Group:             (none)
  Path Type:              Max at Slow Process Corner
  Data Path Delay:        5.768ns  (logic 3.114ns (53.992%)  route 2.654ns (46.008%))
  Logic Levels:           2  (LUT1=1 OBUF=1)
  Clock Uncertainty:      0.025ns  ((TSJ^2 + TIJ^2)^1/2 + DJ) / 2 + PE
    Total System Jitter     (TSJ):    0.050ns
    Total Input Jitter      (TIJ):    0.000ns
    Discrete Jitter          (DJ):    0.000ns
    Phase Error              (PE):    0.000ns

    Location             Delay type                Incr(ns)  Path(ns)    Netlist Resource(s)
  -------------------------------------------------------------------    -------------------
                         (clock aclk rise edge)       0.000     0.000 r  
    U7                                                0.000     0.000 r  aclk (IN)
                         net (fo=0)                   0.000     0.000    aclk
    U7                                                                r  aclk_IBUF_inst/I
    U7                   IBUF (Prop_ibuf_I_O)         0.990     0.990 r  aclk_IBUF_inst/O
                         net (fo=1, routed)           1.843     2.833    aclk_IBUF
    BUFGCTRL_X0Y0                                                     r  aclk_IBUF_BUFG_inst/I
    BUFGCTRL_X0Y0        BUFG (Prop_bufg_I_O)         0.085     2.918 r  aclk_IBUF_BUFG_inst/O
                         net (fo=7212, routed)        1.463     4.381    aclk_IBUF_BUFG
    SLICE_X16Y25         FDRE                                         r  frame_busy_reg/C
  -------------------------------------------------------------------    -------------------
    SLICE_X16Y25         FDRE (Prop_fdre_C_Q)         0.433     4.814 f  frame_busy_reg/Q
                         net (fo=3, routed)           0.695     5.509    frame_busy_reg_n_0
    SLICE_X16Y25                                                      f  s_axis_tready_OBUF_inst_i_1/I0
    SLICE_X16Y25         LUT1 (Prop_lut1_I0_O)        0.119     5.628 r  s_axis_tready_OBUF_inst_i_1/O
                         net (fo=1, routed)           1.959     7.587    s_axis_tready_OBUF
    T9                                                                r  s_axis_tready_OBUF_inst/I
    T9                   OBUF (Prop_obuf_I_O)         2.562    10.149 r  s_axis_tready_OBUF_inst/O
                         net (fo=0)                   0.000    10.149    s_axis_tready
    T9                                                                r  s_axis_tready (OUT)
  -------------------------------------------------------------------    -------------------

Slack:                    inf
  Source:                 m_axis_tvalid_reg_reg/C
                            (rising edge-triggered cell FDRE clocked by aclk  {rise@0.000ns fall@5.000ns period=10.000ns})
  Destination:            m_axis_tlast
                            (output port)
  Path Group:             (none)
  Path Type:              Max at Slow Process Corner
  Data Path Delay:        4.782ns  (logic 2.840ns (59.400%)  route 1.941ns (40.600%))
  Logic Levels:           1  (OBUF=1)
  Clock Uncertainty:      0.025ns  ((TSJ^2 + TIJ^2)^1/2 + DJ) / 2 + PE
    Total System Jitter     (TSJ):    0.050ns
    Total Input Jitter      (TIJ):    0.000ns
    Discrete Jitter          (DJ):    0.000ns
    Phase Error              (PE):    0.000ns

    Location             Delay type                Incr(ns)  Path(ns)    Netlist Resource(s)
  -------------------------------------------------------------------    -------------------
                         (clock aclk rise edge)       0.000     0.000 r  
    U7                                                0.000     0.000 r  aclk (IN)
                         net (fo=0)                   0.000     0.000    aclk
    U7                                                                r  aclk_IBUF_inst/I
    U7                   IBUF (Prop_ibuf_I_O)         0.990     0.990 r  aclk_IBUF_inst/O
                         net (fo=1, routed)           1.843     2.833    aclk_IBUF
    BUFGCTRL_X0Y0                                                     r  aclk_IBUF_BUFG_inst/I
    BUFGCTRL_X0Y0        BUFG (Prop_bufg_I_O)         0.085     2.918 r  aclk_IBUF_BUFG_inst/O
                         net (fo=7212, routed)        1.463     4.381    aclk_IBUF_BUFG
    SLICE_X16Y25         FDRE                                         r  m_axis_tvalid_reg_reg/C
  -------------------------------------------------------------------    -------------------
    SLICE_X16Y25         FDRE (Prop_fdre_C_Q)         0.433     4.814 r  m_axis_tvalid_reg_reg/Q
                         net (fo=4, routed)           1.941     6.756    m_axis_tlast_OBUF
    Y7                                                                r  m_axis_tlast_OBUF_inst/I
    Y7                   OBUF (Prop_obuf_I_O)         2.407     9.163 r  m_axis_tlast_OBUF_inst/O
                         net (fo=0)                   0.000     9.163    m_axis_tlast
    Y7                                                                r  m_axis_tlast (OUT)
  -------------------------------------------------------------------    -------------------

Slack:                    inf
  Source:                 m_axis_tvalid_reg_reg/C
                            (rising edge-triggered cell FDRE clocked by aclk  {rise@0.000ns fall@5.000ns period=10.000ns})
  Destination:            m_axis_tvalid
                            (output port)
  Path Group:             (none)
  Path Type:              Max at Slow Process Corner
  Data Path Delay:        4.621ns  (logic 2.834ns (61.333%)  route 1.787ns (38.667%))
  Logic Levels:           1  (OBUF=1)
  Clock Uncertainty:      0.025ns  ((TSJ^2 + TIJ^2)^1/2 + DJ) / 2 + PE
    Total System Jitter     (TSJ):    0.050ns
    Total Input Jitter      (TIJ):    0.000ns
    Discrete Jitter          (DJ):    0.000ns
    Phase Error              (PE):    0.000ns

    Location             Delay type                Incr(ns)  Path(ns)    Netlist Resource(s)
  -------------------------------------------------------------------    -------------------
                         (clock aclk rise edge)       0.000     0.000 r  
    U7                                                0.000     0.000 r  aclk (IN)
                         net (fo=0)                   0.000     0.000    aclk
    U7                                                                r  aclk_IBUF_inst/I
    U7                   IBUF (Prop_ibuf_I_O)         0.990     0.990 r  aclk_IBUF_inst/O
                         net (fo=1, routed)           1.843     2.833    aclk_IBUF
    BUFGCTRL_X0Y0                                                     r  aclk_IBUF_BUFG_inst/I
    BUFGCTRL_X0Y0        BUFG (Prop_bufg_I_O)         0.085     2.918 r  aclk_IBUF_BUFG_inst/O
                         net (fo=7212, routed)        1.463     4.381    aclk_IBUF_BUFG
    SLICE_X16Y25         FDRE                                         r  m_axis_tvalid_reg_reg/C
  -------------------------------------------------------------------    -------------------
    SLICE_X16Y25         FDRE (Prop_fdre_C_Q)         0.433     4.814 r  m_axis_tvalid_reg_reg/Q
                         net (fo=4, routed)           1.787     6.601    m_axis_tlast_OBUF
    U10                                                               r  m_axis_tvalid_OBUF_inst/I
    U10                  OBUF (Prop_obuf_I_O)         2.401     9.003 r  m_axis_tvalid_OBUF_inst/O
                         net (fo=0)                   0.000     9.003    m_axis_tvalid
    U10                                                               r  m_axis_tvalid (OUT)
  -------------------------------------------------------------------    -------------------





Min Delay Paths
--------------------------------------------------------------------------------------
Slack:                    inf
  Source:                 m_axis_tvalid_reg_reg/C
                            (rising edge-triggered cell FDRE clocked by aclk  {rise@0.000ns fall@5.000ns period=10.000ns})
  Destination:            m_axis_tvalid
                            (output port)
  Path Group:             (none)
  Path Type:              Min at Fast Process Corner
  Data Path Delay:        1.934ns  (logic 1.335ns (69.035%)  route 0.599ns (30.965%))
  Logic Levels:           1  (OBUF=1)
  Clock Uncertainty:      0.025ns  ((TSJ^2 + TIJ^2)^1/2 + DJ) / 2 + PE
    Total System Jitter     (TSJ):    0.050ns
    Total Input Jitter      (TIJ):    0.000ns
    Discrete Jitter          (DJ):    0.000ns
    Phase Error              (PE):    0.000ns

    Location             Delay type                Incr(ns)  Path(ns)    Netlist Resource(s)
  -------------------------------------------------------------------    -------------------
                         (clock aclk rise edge)       0.000     0.000 r  
    U7                                                0.000     0.000 r  aclk (IN)
                         net (fo=0)                   0.000     0.000    aclk
    U7                                                                r  aclk_IBUF_inst/I
    U7                   IBUF (Prop_ibuf_I_O)         0.286     0.286 r  aclk_IBUF_inst/O
                         net (fo=1, routed)           0.663     0.949    aclk_IBUF
    BUFGCTRL_X0Y0                                                     r  aclk_IBUF_BUFG_inst/I
    BUFGCTRL_X0Y0        BUFG (Prop_bufg_I_O)         0.026     0.975 r  aclk_IBUF_BUFG_inst/O
                         net (fo=7212, routed)        0.580     1.555    aclk_IBUF_BUFG
    SLICE_X16Y25         FDRE                                         r  m_axis_tvalid_reg_reg/C
  -------------------------------------------------------------------    -------------------
    SLICE_X16Y25         FDRE (Prop_fdre_C_Q)         0.164     1.719 r  m_axis_tvalid_reg_reg/Q
                         net (fo=4, routed)           0.599     2.318    m_axis_tlast_OBUF
    U10                                                               r  m_axis_tvalid_OBUF_inst/I
    U10                  OBUF (Prop_obuf_I_O)         1.171     3.489 r  m_axis_tvalid_OBUF_inst/O
                         net (fo=0)                   0.000     3.489    m_axis_tvalid
    U10                                                               r  m_axis_tvalid (OUT)
  -------------------------------------------------------------------    -------------------

Slack:                    inf
  Source:                 m_axis_tvalid_reg_reg/C
                            (rising edge-triggered cell FDRE clocked by aclk  {rise@0.000ns fall@5.000ns period=10.000ns})
  Destination:            m_axis_tlast
                            (output port)
  Path Group:             (none)
  Path Type:              Min at Fast Process Corner
  Data Path Delay:        2.012ns  (logic 1.341ns (66.675%)  route 0.670ns (33.325%))
  Logic Levels:           1  (OBUF=1)
  Clock Uncertainty:      0.025ns  ((TSJ^2 + TIJ^2)^1/2 + DJ) / 2 + PE
    Total System Jitter     (TSJ):    0.050ns
    Total Input Jitter      (TIJ):    0.000ns
    Discrete Jitter          (DJ):    0.000ns
    Phase Error              (PE):    0.000ns

    Location             Delay type                Incr(ns)  Path(ns)    Netlist Resource(s)
  -------------------------------------------------------------------    -------------------
                         (clock aclk rise edge)       0.000     0.000 r  
    U7                                                0.000     0.000 r  aclk (IN)
                         net (fo=0)                   0.000     0.000    aclk
    U7                                                                r  aclk_IBUF_inst/I
    U7                   IBUF (Prop_ibuf_I_O)         0.286     0.286 r  aclk_IBUF_inst/O
                         net (fo=1, routed)           0.663     0.949    aclk_IBUF
    BUFGCTRL_X0Y0                                                     r  aclk_IBUF_BUFG_inst/I
    BUFGCTRL_X0Y0        BUFG (Prop_bufg_I_O)         0.026     0.975 r  aclk_IBUF_BUFG_inst/O
                         net (fo=7212, routed)        0.580     1.555    aclk_IBUF_BUFG
    SLICE_X16Y25         FDRE                                         r  m_axis_tvalid_reg_reg/C
  -------------------------------------------------------------------    -------------------
    SLICE_X16Y25         FDRE (Prop_fdre_C_Q)         0.164     1.719 r  m_axis_tvalid_reg_reg/Q
                         net (fo=4, routed)           0.670     2.389    m_axis_tlast_OBUF
    Y7                                                                r  m_axis_tlast_OBUF_inst/I
    Y7                   OBUF (Prop_obuf_I_O)         1.177     3.567 r  m_axis_tlast_OBUF_inst/O
                         net (fo=0)                   0.000     3.567    m_axis_tlast
    Y7                                                                r  m_axis_tlast (OUT)
  -------------------------------------------------------------------    -------------------

Slack:                    inf
  Source:                 frame_busy_reg/C
                            (rising edge-triggered cell FDRE clocked by aclk  {rise@0.000ns fall@5.000ns period=10.000ns})
  Destination:            s_axis_tready
                            (output port)
  Path Group:             (none)
  Path Type:              Min at Fast Process Corner
  Data Path Delay:        2.412ns  (logic 1.446ns (59.963%)  route 0.966ns (40.037%))
  Logic Levels:           2  (LUT1=1 OBUF=1)
  Clock Uncertainty:      0.025ns  ((TSJ^2 + TIJ^2)^1/2 + DJ) / 2 + PE
    Total System Jitter     (TSJ):    0.050ns
    Total Input Jitter      (TIJ):    0.000ns
    Discrete Jitter          (DJ):    0.000ns
    Phase Error              (PE):    0.000ns

    Location             Delay type                Incr(ns)  Path(ns)    Netlist Resource(s)
  -------------------------------------------------------------------    -------------------
                         (clock aclk rise edge)       0.000     0.000 r  
    U7                                                0.000     0.000 r  aclk (IN)
                         net (fo=0)                   0.000     0.000    aclk
    U7                                                                r  aclk_IBUF_inst/I
    U7                   IBUF (Prop_ibuf_I_O)         0.286     0.286 r  aclk_IBUF_inst/O
                         net (fo=1, routed)           0.663     0.949    aclk_IBUF
    BUFGCTRL_X0Y0                                                     r  aclk_IBUF_BUFG_inst/I
    BUFGCTRL_X0Y0        BUFG (Prop_bufg_I_O)         0.026     0.975 r  aclk_IBUF_BUFG_inst/O
                         net (fo=7212, routed)        0.580     1.555    aclk_IBUF_BUFG
    SLICE_X16Y25         FDRE                                         r  frame_busy_reg/C
  -------------------------------------------------------------------    -------------------
    SLICE_X16Y25         FDRE (Prop_fdre_C_Q)         0.164     1.719 f  frame_busy_reg/Q
                         net (fo=3, routed)           0.289     2.008    frame_busy_reg_n_0
    SLICE_X16Y25                                                      f  s_axis_tready_OBUF_inst_i_1/I0
    SLICE_X16Y25         LUT1 (Prop_lut1_I0_O)        0.045     2.053 r  s_axis_tready_OBUF_inst_i_1/O
                         net (fo=1, routed)           0.677     2.730    s_axis_tready_OBUF
    T9                                                                r  s_axis_tready_OBUF_inst/I
    T9                   OBUF (Prop_obuf_I_O)         1.237     3.967 r  s_axis_tready_OBUF_inst/O
                         net (fo=0)                   0.000     3.967    s_axis_tready
    T9                                                                r  s_axis_tready (OUT)
  -------------------------------------------------------------------    -------------------

Slack:                    inf
  Source:                 m_axis_tdata_reg_reg[1]/C
                            (rising edge-triggered cell FDRE clocked by aclk  {rise@0.000ns fall@5.000ns period=10.000ns})
  Destination:            m_axis_tdata[1]
                            (output port)
  Path Group:             (none)
  Path Type:              Min at Fast Process Corner
  Data Path Delay:        3.185ns  (logic 1.344ns (42.212%)  route 1.840ns (57.788%))
  Logic Levels:           1  (OBUF=1)
  Clock Uncertainty:      0.025ns  ((TSJ^2 + TIJ^2)^1/2 + DJ) / 2 + PE
    Total System Jitter     (TSJ):    0.050ns
    Total Input Jitter      (TIJ):    0.000ns
    Discrete Jitter          (DJ):    0.000ns
    Phase Error              (PE):    0.000ns

    Location             Delay type                Incr(ns)  Path(ns)    Netlist Resource(s)
  -------------------------------------------------------------------    -------------------
                         (clock aclk rise edge)       0.000     0.000 r  
    U7                                                0.000     0.000 r  aclk (IN)
                         net (fo=0)                   0.000     0.000    aclk
    U7                                                                r  aclk_IBUF_inst/I
    U7                   IBUF (Prop_ibuf_I_O)         0.286     0.286 r  aclk_IBUF_inst/O
                         net (fo=1, routed)           0.663     0.949    aclk_IBUF
    BUFGCTRL_X0Y0                                                     r  aclk_IBUF_BUFG_inst/I
    BUFGCTRL_X0Y0        BUFG (Prop_bufg_I_O)         0.026     0.975 r  aclk_IBUF_BUFG_inst/O
                         net (fo=7212, routed)        0.556     1.531    aclk_IBUF_BUFG
    SLICE_X32Y84         FDRE                                         r  m_axis_tdata_reg_reg[1]/C
  -------------------------------------------------------------------    -------------------
    SLICE_X32Y84         FDRE (Prop_fdre_C_Q)         0.164     1.695 r  m_axis_tdata_reg_reg[1]/Q
                         net (fo=1, routed)           1.840     3.536    m_axis_tdata_OBUF[1]
    W9                                                                r  m_axis_tdata_OBUF[1]_inst/I
    W9                   OBUF (Prop_obuf_I_O)         1.180     4.716 r  m_axis_tdata_OBUF[1]_inst/O
                         net (fo=0)                   0.000     4.716    m_axis_tdata[1]
    W9                                                                r  m_axis_tdata[1] (OUT)
  -------------------------------------------------------------------    -------------------

Slack:                    inf
  Source:                 m_axis_tdata_reg_reg[2]/C
                            (rising edge-triggered cell FDRE clocked by aclk  {rise@0.000ns fall@5.000ns period=10.000ns})
  Destination:            m_axis_tdata[2]
                            (output port)
  Path Group:             (none)
  Path Type:              Min at Fast Process Corner
  Data Path Delay:        3.208ns  (logic 1.362ns (42.446%)  route 1.847ns (57.554%))
  Logic Levels:           1  (OBUF=1)
  Clock Uncertainty:      0.025ns  ((TSJ^2 + TIJ^2)^1/2 + DJ) / 2 + PE
    Total System Jitter     (TSJ):    0.050ns
    Total Input Jitter      (TIJ):    0.000ns
    Discrete Jitter          (DJ):    0.000ns
    Phase Error              (PE):    0.000ns

    Location             Delay type                Incr(ns)  Path(ns)    Netlist Resource(s)
  -------------------------------------------------------------------    -------------------
                         (clock aclk rise edge)       0.000     0.000 r  
    U7                                                0.000     0.000 r  aclk (IN)
                         net (fo=0)                   0.000     0.000    aclk
    U7                                                                r  aclk_IBUF_inst/I
    U7                   IBUF (Prop_ibuf_I_O)         0.286     0.286 r  aclk_IBUF_inst/O
                         net (fo=1, routed)           0.663     0.949    aclk_IBUF
    BUFGCTRL_X0Y0                                                     r  aclk_IBUF_BUFG_inst/I
    BUFGCTRL_X0Y0        BUFG (Prop_bufg_I_O)         0.026     0.975 r  aclk_IBUF_BUFG_inst/O
                         net (fo=7212, routed)        0.556     1.531    aclk_IBUF_BUFG
    SLICE_X32Y84         FDRE                                         r  m_axis_tdata_reg_reg[2]/C
  -------------------------------------------------------------------    -------------------
    SLICE_X32Y84         FDRE (Prop_fdre_C_Q)         0.164     1.695 r  m_axis_tdata_reg_reg[2]/Q
                         net (fo=1, routed)           1.847     3.542    m_axis_tdata_OBUF[2]
    W10                                                               r  m_axis_tdata_OBUF[2]_inst/I
    W10                  OBUF (Prop_obuf_I_O)         1.198     4.740 r  m_axis_tdata_OBUF[2]_inst/O
                         net (fo=0)                   0.000     4.740    m_axis_tdata[2]
    W10                                                               r  m_axis_tdata[2] (OUT)
  -------------------------------------------------------------------    -------------------

Slack:                    inf
  Source:                 m_axis_tdata_reg_reg[0]/C
                            (rising edge-triggered cell FDRE clocked by aclk  {rise@0.000ns fall@5.000ns period=10.000ns})
  Destination:            m_axis_tdata[0]
                            (output port)
  Path Group:             (none)
  Path Type:              Min at Fast Process Corner
  Data Path Delay:        3.296ns  (logic 1.368ns (41.505%)  route 1.928ns (58.495%))
  Logic Levels:           1  (OBUF=1)
  Clock Uncertainty:      0.025ns  ((TSJ^2 + TIJ^2)^1/2 + DJ) / 2 + PE
    Total System Jitter     (TSJ):    0.050ns
    Total Input Jitter      (TIJ):    0.000ns
    Discrete Jitter          (DJ):    0.000ns
    Phase Error              (PE):    0.000ns

    Location             Delay type                Incr(ns)  Path(ns)    Netlist Resource(s)
  -------------------------------------------------------------------    -------------------
                         (clock aclk rise edge)       0.000     0.000 r  
    U7                                                0.000     0.000 r  aclk (IN)
                         net (fo=0)                   0.000     0.000    aclk
    U7                                                                r  aclk_IBUF_inst/I
    U7                   IBUF (Prop_ibuf_I_O)         0.286     0.286 r  aclk_IBUF_inst/O
                         net (fo=1, routed)           0.663     0.949    aclk_IBUF
    BUFGCTRL_X0Y0                                                     r  aclk_IBUF_BUFG_inst/I
    BUFGCTRL_X0Y0        BUFG (Prop_bufg_I_O)         0.026     0.975 r  aclk_IBUF_BUFG_inst/O
                         net (fo=7212, routed)        0.556     1.531    aclk_IBUF_BUFG
    SLICE_X32Y84         FDRE                                         r  m_axis_tdata_reg_reg[0]/C
  -------------------------------------------------------------------    -------------------
    SLICE_X32Y84         FDRE (Prop_fdre_C_Q)         0.164     1.695 r  m_axis_tdata_reg_reg[0]/Q
                         net (fo=1, routed)           1.928     3.623    m_axis_tdata_OBUF[0]
    U9                                                                r  m_axis_tdata_OBUF[0]_inst/I
    U9                   OBUF (Prop_obuf_I_O)         1.204     4.827 r  m_axis_tdata_OBUF[0]_inst/O
                         net (fo=0)                   0.000     4.827    m_axis_tdata[0]
    U9                                                                r  m_axis_tdata[0] (OUT)
  -------------------------------------------------------------------    -------------------

Slack:                    inf
  Source:                 m_axis_tdata_reg_reg[3]/C
                            (rising edge-triggered cell FDRE clocked by aclk  {rise@0.000ns fall@5.000ns period=10.000ns})
  Destination:            m_axis_tdata[3]
                            (output port)
  Path Group:             (none)
  Path Type:              Min at Fast Process Corner
  Data Path Delay:        3.328ns  (logic 1.395ns (41.922%)  route 1.933ns (58.078%))
  Logic Levels:           1  (OBUF=1)
  Clock Uncertainty:      0.025ns  ((TSJ^2 + TIJ^2)^1/2 + DJ) / 2 + PE
    Total System Jitter     (TSJ):    0.050ns
    Total Input Jitter      (TIJ):    0.000ns
    Discrete Jitter          (DJ):    0.000ns
    Phase Error              (PE):    0.000ns

    Location             Delay type                Incr(ns)  Path(ns)    Netlist Resource(s)
  -------------------------------------------------------------------    -------------------
                         (clock aclk rise edge)       0.000     0.000 r  
    U7                                                0.000     0.000 r  aclk (IN)
                         net (fo=0)                   0.000     0.000    aclk
    U7                                                                r  aclk_IBUF_inst/I
    U7                   IBUF (Prop_ibuf_I_O)         0.286     0.286 r  aclk_IBUF_inst/O
                         net (fo=1, routed)           0.663     0.949    aclk_IBUF
    BUFGCTRL_X0Y0                                                     r  aclk_IBUF_BUFG_inst/I
    BUFGCTRL_X0Y0        BUFG (Prop_bufg_I_O)         0.026     0.975 r  aclk_IBUF_BUFG_inst/O
                         net (fo=7212, routed)        0.556     1.531    aclk_IBUF_BUFG
    SLICE_X32Y84         FDRE                                         r  m_axis_tdata_reg_reg[3]/C
  -------------------------------------------------------------------    -------------------
    SLICE_X32Y84         FDRE (Prop_fdre_C_Q)         0.164     1.695 r  m_axis_tdata_reg_reg[3]/Q
                         net (fo=1, routed)           1.933     3.628    m_axis_tdata_OBUF[3]
    W8                                                                r  m_axis_tdata_OBUF[3]_inst/I
    W8                   OBUF (Prop_obuf_I_O)         1.231     4.859 r  m_axis_tdata_OBUF[3]_inst/O
                         net (fo=0)                   0.000     4.859    m_axis_tdata[3]
    W8                                                                r  m_axis_tdata[3] (OUT)
  -------------------------------------------------------------------    -------------------





--------------------------------------------------------------------------------------
Path Group:  (none)
From Clock:  
  To Clock:  aclk

Max Delay          7566 Endpoints
Min Delay          7566 Endpoints
--------------------------------------------------------------------------------------


Max Delay Paths
--------------------------------------------------------------------------------------
Slack:                    inf
  Source:                 aresetn
                            (input port)
  Destination:            u_fc/sum_s2_reg[0]/RSTB
                            (rising edge-triggered cell DSP48E1 clocked by aclk  {rise@0.000ns fall@5.000ns period=10.000ns})
  Path Group:             (none)
  Path Type:              Setup (Max at Slow Process Corner)
  Data Path Delay:        13.886ns  (logic 1.055ns (7.600%)  route 12.831ns (92.400%))
  Logic Levels:           2  (IBUF=1 LUT1=1)
  Clock Path Skew:        4.082ns (DCD - SCD + CPR)
    Destination Clock Delay (DCD):    4.082ns
    Source Clock Delay      (SCD):    0.000ns
    Clock Pessimism Removal (CPR):    0.000ns

    Location             Delay type                Incr(ns)  Path(ns)    Netlist Resource(s)
  -------------------------------------------------------------------    -------------------
    Y11                                               0.000     0.000 f  aresetn (IN)
                         net (fo=0)                   0.000     0.000    aresetn
    Y11                                                               f  aresetn_IBUF_inst/I
    Y11                  IBUF (Prop_ibuf_I_O)         0.950     0.950 f  aresetn_IBUF_inst/O
                         net (fo=39, routed)          2.546     3.496    u_conv1/u_conv1_calc/aresetn_IBUF
    SLICE_X20Y48                                                      f  u_conv1/u_conv1_calc/w_ptr[10]_i_1/I0
    SLICE_X20Y48         LUT1 (Prop_lut1_I0_O)        0.105     3.601 r  u_conv1/u_conv1_calc/w_ptr[10]_i_1/O
                         net (fo=2645, routed)       10.285    13.886    u_fc/RSTB
    DSP48_X2Y43          DSP48E1                                      r  u_fc/sum_s2_reg[0]/RSTB
  -------------------------------------------------------------------    -------------------

                         (clock aclk rise edge)       0.000     0.000 r  
    U7                                                0.000     0.000 r  aclk (IN)
                         net (fo=0)                   0.000     0.000    aclk
    U7                                                                r  aclk_IBUF_inst/I
    U7                   IBUF (Prop_ibuf_I_O)         0.859     0.859 r  aclk_IBUF_inst/O
                         net (fo=1, routed)           1.673     2.532    aclk_IBUF
    BUFGCTRL_X0Y0                                                     r  aclk_IBUF_BUFG_inst/I
    BUFGCTRL_X0Y0        BUFG (Prop_bufg_I_O)         0.077     2.609 r  aclk_IBUF_BUFG_inst/O
                         net (fo=7212, routed)        1.474     4.082    u_fc/aclk_IBUF_BUFG
    DSP48_X2Y43          DSP48E1                                      r  u_fc/sum_s2_reg[0]/CLK

Slack:                    inf
  Source:                 aresetn
                            (input port)
  Destination:            u_fc/sum_s2_reg[0]/RSTP
                            (rising edge-triggered cell DSP48E1 clocked by aclk  {rise@0.000ns fall@5.000ns period=10.000ns})
  Path Group:             (none)
  Path Type:              Setup (Max at Slow Process Corner)
  Data Path Delay:        13.717ns  (logic 1.055ns (7.693%)  route 12.662ns (92.307%))
  Logic Levels:           2  (IBUF=1 LUT1=1)
  Clock Path Skew:        4.082ns (DCD - SCD + CPR)
    Destination Clock Delay (DCD):    4.082ns
    Source Clock Delay      (SCD):    0.000ns
    Clock Pessimism Removal (CPR):    0.000ns

    Location             Delay type                Incr(ns)  Path(ns)    Netlist Resource(s)
  -------------------------------------------------------------------    -------------------
    Y11                                               0.000     0.000 f  aresetn (IN)
                         net (fo=0)                   0.000     0.000    aresetn
    Y11                                                               f  aresetn_IBUF_inst/I
    Y11                  IBUF (Prop_ibuf_I_O)         0.950     0.950 f  aresetn_IBUF_inst/O
                         net (fo=39, routed)          2.546     3.496    u_conv1/u_conv1_calc/aresetn_IBUF
    SLICE_X20Y48                                                      f  u_conv1/u_conv1_calc/w_ptr[10]_i_1/I0
    SLICE_X20Y48         LUT1 (Prop_lut1_I0_O)        0.105     3.601 r  u_conv1/u_conv1_calc/w_ptr[10]_i_1/O
                         net (fo=2645, routed)       10.116    13.717    u_fc/RSTB
    DSP48_X2Y43          DSP48E1                                      r  u_fc/sum_s2_reg[0]/RSTP
  -------------------------------------------------------------------    -------------------

                         (clock aclk rise edge)       0.000     0.000 r  
    U7                                                0.000     0.000 r  aclk (IN)
                         net (fo=0)                   0.000     0.000    aclk
    U7                                                                r  aclk_IBUF_inst/I
    U7                   IBUF (Prop_ibuf_I_O)         0.859     0.859 r  aclk_IBUF_inst/O
                         net (fo=1, routed)           1.673     2.532    aclk_IBUF
    BUFGCTRL_X0Y0                                                     r  aclk_IBUF_BUFG_inst/I
    BUFGCTRL_X0Y0        BUFG (Prop_bufg_I_O)         0.077     2.609 r  aclk_IBUF_BUFG_inst/O
                         net (fo=7212, routed)        1.474     4.082    u_fc/aclk_IBUF_BUFG
    DSP48_X2Y43          DSP48E1                                      r  u_fc/sum_s2_reg[0]/CLK

Slack:                    inf
  Source:                 aresetn
                            (input port)
  Destination:            u_fc/product_s1_reg[0]/RSTB
                            (rising edge-triggered cell DSP48E1 clocked by aclk  {rise@0.000ns fall@5.000ns period=10.000ns})
  Path Group:             (none)
  Path Type:              Setup (Max at Slow Process Corner)
  Data Path Delay:        13.654ns  (logic 1.055ns (7.729%)  route 12.598ns (92.271%))
  Logic Levels:           2  (IBUF=1 LUT1=1)
  Clock Path Skew:        4.083ns (DCD - SCD + CPR)
    Destination Clock Delay (DCD):    4.083ns
    Source Clock Delay      (SCD):    0.000ns
    Clock Pessimism Removal (CPR):    0.000ns

    Location             Delay type                Incr(ns)  Path(ns)    Netlist Resource(s)
  -------------------------------------------------------------------    -------------------
    Y11                                               0.000     0.000 f  aresetn (IN)
                         net (fo=0)                   0.000     0.000    aresetn
    Y11                                                               f  aresetn_IBUF_inst/I
    Y11                  IBUF (Prop_ibuf_I_O)         0.950     0.950 f  aresetn_IBUF_inst/O
                         net (fo=39, routed)          2.546     3.496    u_conv1/u_conv1_calc/aresetn_IBUF
    SLICE_X20Y48                                                      f  u_conv1/u_conv1_calc/w_ptr[10]_i_1/I0
    SLICE_X20Y48         LUT1 (Prop_lut1_I0_O)        0.105     3.601 r  u_conv1/u_conv1_calc/w_ptr[10]_i_1/O
                         net (fo=2645, routed)       10.053    13.654    u_fc/RSTB
    DSP48_X2Y42          DSP48E1                                      r  u_fc/product_s1_reg[0]/RSTB
  -------------------------------------------------------------------    -------------------

                         (clock aclk rise edge)       0.000     0.000 r  
    U7                                                0.000     0.000 r  aclk (IN)
                         net (fo=0)                   0.000     0.000    aclk
    U7                                                                r  aclk_IBUF_inst/I
    U7                   IBUF (Prop_ibuf_I_O)         0.859     0.859 r  aclk_IBUF_inst/O
                         net (fo=1, routed)           1.673     2.532    aclk_IBUF
    BUFGCTRL_X0Y0                                                     r  aclk_IBUF_BUFG_inst/I
    BUFGCTRL_X0Y0        BUFG (Prop_bufg_I_O)         0.077     2.609 r  aclk_IBUF_BUFG_inst/O
                         net (fo=7212, routed)        1.475     4.083    u_fc/aclk_IBUF_BUFG
    DSP48_X2Y42          DSP48E1                                      r  u_fc/product_s1_reg[0]/CLK

Slack:                    inf
  Source:                 aresetn
                            (input port)
  Destination:            u_fc/sum_s2_reg[0]/RSTA
                            (rising edge-triggered cell DSP48E1 clocked by aclk  {rise@0.000ns fall@5.000ns period=10.000ns})
  Path Group:             (none)
  Path Type:              Setup (Max at Slow Process Corner)
  Data Path Delay:        13.654ns  (logic 1.055ns (7.729%)  route 12.598ns (92.271%))
  Logic Levels:           2  (IBUF=1 LUT1=1)
  Clock Path Skew:        4.082ns (DCD - SCD + CPR)
    Destination Clock Delay (DCD):    4.082ns
    Source Clock Delay      (SCD):    0.000ns
    Clock Pessimism Removal (CPR):    0.000ns

    Location             Delay type                Incr(ns)  Path(ns)    Netlist Resource(s)
  -------------------------------------------------------------------    -------------------
    Y11                                               0.000     0.000 f  aresetn (IN)
                         net (fo=0)                   0.000     0.000    aresetn
    Y11                                                               f  aresetn_IBUF_inst/I
    Y11                  IBUF (Prop_ibuf_I_O)         0.950     0.950 f  aresetn_IBUF_inst/O
                         net (fo=39, routed)          2.546     3.496    u_conv1/u_conv1_calc/aresetn_IBUF
    SLICE_X20Y48                                                      f  u_conv1/u_conv1_calc/w_ptr[10]_i_1/I0
    SLICE_X20Y48         LUT1 (Prop_lut1_I0_O)        0.105     3.601 r  u_conv1/u_conv1_calc/w_ptr[10]_i_1/O
                         net (fo=2645, routed)       10.053    13.654    u_fc/RSTB
    DSP48_X2Y43          DSP48E1                                      r  u_fc/sum_s2_reg[0]/RSTA
  -------------------------------------------------------------------    -------------------

                         (clock aclk rise edge)       0.000     0.000 r  
    U7                                                0.000     0.000 r  aclk (IN)
                         net (fo=0)                   0.000     0.000    aclk
    U7                                                                r  aclk_IBUF_inst/I
    U7                   IBUF (Prop_ibuf_I_O)         0.859     0.859 r  aclk_IBUF_inst/O
                         net (fo=1, routed)           1.673     2.532    aclk_IBUF
    BUFGCTRL_X0Y0                                                     r  aclk_IBUF_BUFG_inst/I
    BUFGCTRL_X0Y0        BUFG (Prop_bufg_I_O)         0.077     2.609 r  aclk_IBUF_BUFG_inst/O
                         net (fo=7212, routed)        1.474     4.082    u_fc/aclk_IBUF_BUFG
    DSP48_X2Y43          DSP48E1                                      r  u_fc/sum_s2_reg[0]/CLK

Slack:                    inf
  Source:                 aresetn
                            (input port)
  Destination:            u_fc/sum_s2_reg[0]/RSTM
                            (rising edge-triggered cell DSP48E1 clocked by aclk  {rise@0.000ns fall@5.000ns period=10.000ns})
  Path Group:             (none)
  Path Type:              Setup (Max at Slow Process Corner)
  Data Path Delay:        13.602ns  (logic 1.055ns (7.758%)  route 12.547ns (92.242%))
  Logic Levels:           2  (IBUF=1 LUT1=1)
  Clock Path Skew:        4.082ns (DCD - SCD + CPR)
    Destination Clock Delay (DCD):    4.082ns
    Source Clock Delay      (SCD):    0.000ns
    Clock Pessimism Removal (CPR):    0.000ns

    Location             Delay type                Incr(ns)  Path(ns)    Netlist Resource(s)
  -------------------------------------------------------------------    -------------------
    Y11                                               0.000     0.000 f  aresetn (IN)
                         net (fo=0)                   0.000     0.000    aresetn
    Y11                                                               f  aresetn_IBUF_inst/I
    Y11                  IBUF (Prop_ibuf_I_O)         0.950     0.950 f  aresetn_IBUF_inst/O
                         net (fo=39, routed)          2.546     3.496    u_conv1/u_conv1_calc/aresetn_IBUF
    SLICE_X20Y48                                                      f  u_conv1/u_conv1_calc/w_ptr[10]_i_1/I0
    SLICE_X20Y48         LUT1 (Prop_lut1_I0_O)        0.105     3.601 r  u_conv1/u_conv1_calc/w_ptr[10]_i_1/O
                         net (fo=2645, routed)       10.001    13.602    u_fc/RSTB
    DSP48_X2Y43          DSP48E1                                      r  u_fc/sum_s2_reg[0]/RSTM
  -------------------------------------------------------------------    -------------------

                         (clock aclk rise edge)       0.000     0.000 r  
    U7                                                0.000     0.000 r  aclk (IN)
                         net (fo=0)                   0.000     0.000    aclk
    U7                                                                r  aclk_IBUF_inst/I
    U7                   IBUF (Prop_ibuf_I_O)         0.859     0.859 r  aclk_IBUF_inst/O
                         net (fo=1, routed)           1.673     2.532    aclk_IBUF
    BUFGCTRL_X0Y0                                                     r  aclk_IBUF_BUFG_inst/I
    BUFGCTRL_X0Y0        BUFG (Prop_bufg_I_O)         0.077     2.609 r  aclk_IBUF_BUFG_inst/O
                         net (fo=7212, routed)        1.474     4.082    u_fc/aclk_IBUF_BUFG
    DSP48_X2Y43          DSP48E1                                      r  u_fc/sum_s2_reg[0]/CLK

Slack:                    inf
  Source:                 aresetn
                            (input port)
  Destination:            u_fc/product_s1_reg[0]/RSTA
                            (rising edge-triggered cell DSP48E1 clocked by aclk  {rise@0.000ns fall@5.000ns period=10.000ns})
  Path Group:             (none)
  Path Type:              Setup (Max at Slow Process Corner)
  Data Path Delay:        13.520ns  (logic 1.055ns (7.806%)  route 12.465ns (92.194%))
  Logic Levels:           2  (IBUF=1 LUT1=1)
  Clock Path Skew:        4.083ns (DCD - SCD + CPR)
    Destination Clock Delay (DCD):    4.083ns
    Source Clock Delay      (SCD):    0.000ns
    Clock Pessimism Removal (CPR):    0.000ns

    Location             Delay type                Incr(ns)  Path(ns)    Netlist Resource(s)
  -------------------------------------------------------------------    -------------------
    Y11                                               0.000     0.000 f  aresetn (IN)
                         net (fo=0)                   0.000     0.000    aresetn
    Y11                                                               f  aresetn_IBUF_inst/I
    Y11                  IBUF (Prop_ibuf_I_O)         0.950     0.950 f  aresetn_IBUF_inst/O
                         net (fo=39, routed)          2.546     3.496    u_conv1/u_conv1_calc/aresetn_IBUF
    SLICE_X20Y48                                                      f  u_conv1/u_conv1_calc/w_ptr[10]_i_1/I0
    SLICE_X20Y48         LUT1 (Prop_lut1_I0_O)        0.105     3.601 r  u_conv1/u_conv1_calc/w_ptr[10]_i_1/O
                         net (fo=2645, routed)        9.919    13.520    u_fc/RSTB
    DSP48_X2Y42          DSP48E1                                      r  u_fc/product_s1_reg[0]/RSTA
  -------------------------------------------------------------------    -------------------

                         (clock aclk rise edge)       0.000     0.000 r  
    U7                                                0.000     0.000 r  aclk (IN)
                         net (fo=0)                   0.000     0.000    aclk
    U7                                                                r  aclk_IBUF_inst/I
    U7                   IBUF (Prop_ibuf_I_O)         0.859     0.859 r  aclk_IBUF_inst/O
                         net (fo=1, routed)           1.673     2.532    aclk_IBUF
    BUFGCTRL_X0Y0                                                     r  aclk_IBUF_BUFG_inst/I
    BUFGCTRL_X0Y0        BUFG (Prop_bufg_I_O)         0.077     2.609 r  aclk_IBUF_BUFG_inst/O
                         net (fo=7212, routed)        1.475     4.083    u_fc/aclk_IBUF_BUFG
    DSP48_X2Y42          DSP48E1                                      r  u_fc/product_s1_reg[0]/CLK

Slack:                    inf
  Source:                 aresetn
                            (input port)
  Destination:            u_fc/product_s1_reg[2]/RSTB
                            (rising edge-triggered cell DSP48E1 clocked by aclk  {rise@0.000ns fall@5.000ns period=10.000ns})
  Path Group:             (none)
  Path Type:              Setup (Max at Slow Process Corner)
  Data Path Delay:        13.409ns  (logic 1.055ns (7.870%)  route 12.354ns (92.130%))
  Logic Levels:           2  (IBUF=1 LUT1=1)
  Clock Path Skew:        4.083ns (DCD - SCD + CPR)
    Destination Clock Delay (DCD):    4.083ns
    Source Clock Delay      (SCD):    0.000ns
    Clock Pessimism Removal (CPR):    0.000ns

    Location             Delay type                Incr(ns)  Path(ns)    Netlist Resource(s)
  -------------------------------------------------------------------    -------------------
    Y11                                               0.000     0.000 f  aresetn (IN)
                         net (fo=0)                   0.000     0.000    aresetn
    Y11                                                               f  aresetn_IBUF_inst/I
    Y11                  IBUF (Prop_ibuf_I_O)         0.950     0.950 f  aresetn_IBUF_inst/O
                         net (fo=39, routed)          2.546     3.496    u_conv1/u_conv1_calc/aresetn_IBUF
    SLICE_X20Y48                                                      f  u_conv1/u_conv1_calc/w_ptr[10]_i_1/I0
    SLICE_X20Y48         LUT1 (Prop_lut1_I0_O)        0.105     3.601 r  u_conv1/u_conv1_calc/w_ptr[10]_i_1/O
                         net (fo=2645, routed)        9.808    13.409    u_fc/RSTB
    DSP48_X2Y41          DSP48E1                                      r  u_fc/product_s1_reg[2]/RSTB
  -------------------------------------------------------------------    -------------------

                         (clock aclk rise edge)       0.000     0.000 r  
    U7                                                0.000     0.000 r  aclk (IN)
                         net (fo=0)                   0.000     0.000    aclk
    U7                                                                r  aclk_IBUF_inst/I
    U7                   IBUF (Prop_ibuf_I_O)         0.859     0.859 r  aclk_IBUF_inst/O
                         net (fo=1, routed)           1.673     2.532    aclk_IBUF
    BUFGCTRL_X0Y0                                                     r  aclk_IBUF_BUFG_inst/I
    BUFGCTRL_X0Y0        BUFG (Prop_bufg_I_O)         0.077     2.609 r  aclk_IBUF_BUFG_inst/O
                         net (fo=7212, routed)        1.475     4.083    u_fc/aclk_IBUF_BUFG
    DSP48_X2Y41          DSP48E1                                      r  u_fc/product_s1_reg[2]/CLK

Slack:                    inf
  Source:                 aresetn
                            (input port)
  Destination:            u_fc/product_s1_reg[0]/RSTP
                            (rising edge-triggered cell DSP48E1 clocked by aclk  {rise@0.000ns fall@5.000ns period=10.000ns})
  Path Group:             (none)
  Path Type:              Setup (Max at Slow Process Corner)
  Data Path Delay:        13.351ns  (logic 1.055ns (7.904%)  route 12.296ns (92.096%))
  Logic Levels:           2  (IBUF=1 LUT1=1)
  Clock Path Skew:        4.083ns (DCD - SCD + CPR)
    Destination Clock Delay (DCD):    4.083ns
    Source Clock Delay      (SCD):    0.000ns
    Clock Pessimism Removal (CPR):    0.000ns

    Location             Delay type                Incr(ns)  Path(ns)    Netlist Resource(s)
  -------------------------------------------------------------------    -------------------
    Y11                                               0.000     0.000 f  aresetn (IN)
                         net (fo=0)                   0.000     0.000    aresetn
    Y11                                                               f  aresetn_IBUF_inst/I
    Y11                  IBUF (Prop_ibuf_I_O)         0.950     0.950 f  aresetn_IBUF_inst/O
                         net (fo=39, routed)          2.546     3.496    u_conv1/u_conv1_calc/aresetn_IBUF
    SLICE_X20Y48                                                      f  u_conv1/u_conv1_calc/w_ptr[10]_i_1/I0
    SLICE_X20Y48         LUT1 (Prop_lut1_I0_O)        0.105     3.601 r  u_conv1/u_conv1_calc/w_ptr[10]_i_1/O
                         net (fo=2645, routed)        9.750    13.351    u_fc/RSTB
    DSP48_X2Y42          DSP48E1                                      r  u_fc/product_s1_reg[0]/RSTP
  -------------------------------------------------------------------    -------------------

                         (clock aclk rise edge)       0.000     0.000 r  
    U7                                                0.000     0.000 r  aclk (IN)
                         net (fo=0)                   0.000     0.000    aclk
    U7                                                                r  aclk_IBUF_inst/I
    U7                   IBUF (Prop_ibuf_I_O)         0.859     0.859 r  aclk_IBUF_inst/O
                         net (fo=1, routed)           1.673     2.532    aclk_IBUF
    BUFGCTRL_X0Y0                                                     r  aclk_IBUF_BUFG_inst/I
    BUFGCTRL_X0Y0        BUFG (Prop_bufg_I_O)         0.077     2.609 r  aclk_IBUF_BUFG_inst/O
                         net (fo=7212, routed)        1.475     4.083    u_fc/aclk_IBUF_BUFG
    DSP48_X2Y42          DSP48E1                                      r  u_fc/product_s1_reg[0]/CLK

Slack:                    inf
  Source:                 aresetn
                            (input port)
  Destination:            u_fc/product_s1_reg[2]/RSTP
                            (rising edge-triggered cell DSP48E1 clocked by aclk  {rise@0.000ns fall@5.000ns period=10.000ns})
  Path Group:             (none)
  Path Type:              Setup (Max at Slow Process Corner)
  Data Path Delay:        13.240ns  (logic 1.055ns (7.971%)  route 12.185ns (92.029%))
  Logic Levels:           2  (IBUF=1 LUT1=1)
  Clock Path Skew:        4.083ns (DCD - SCD + CPR)
    Destination Clock Delay (DCD):    4.083ns
    Source Clock Delay      (SCD):    0.000ns
    Clock Pessimism Removal (CPR):    0.000ns

    Location             Delay type                Incr(ns)  Path(ns)    Netlist Resource(s)
  -------------------------------------------------------------------    -------------------
    Y11                                               0.000     0.000 f  aresetn (IN)
                         net (fo=0)                   0.000     0.000    aresetn
    Y11                                                               f  aresetn_IBUF_inst/I
    Y11                  IBUF (Prop_ibuf_I_O)         0.950     0.950 f  aresetn_IBUF_inst/O
                         net (fo=39, routed)          2.546     3.496    u_conv1/u_conv1_calc/aresetn_IBUF
    SLICE_X20Y48                                                      f  u_conv1/u_conv1_calc/w_ptr[10]_i_1/I0
    SLICE_X20Y48         LUT1 (Prop_lut1_I0_O)        0.105     3.601 r  u_conv1/u_conv1_calc/w_ptr[10]_i_1/O
                         net (fo=2645, routed)        9.639    13.240    u_fc/RSTB
    DSP48_X2Y41          DSP48E1                                      r  u_fc/product_s1_reg[2]/RSTP
  -------------------------------------------------------------------    -------------------

                         (clock aclk rise edge)       0.000     0.000 r  
    U7                                                0.000     0.000 r  aclk (IN)
                         net (fo=0)                   0.000     0.000    aclk
    U7                                                                r  aclk_IBUF_inst/I
    U7                   IBUF (Prop_ibuf_I_O)         0.859     0.859 r  aclk_IBUF_inst/O
                         net (fo=1, routed)           1.673     2.532    aclk_IBUF
    BUFGCTRL_X0Y0                                                     r  aclk_IBUF_BUFG_inst/I
    BUFGCTRL_X0Y0        BUFG (Prop_bufg_I_O)         0.077     2.609 r  aclk_IBUF_BUFG_inst/O
                         net (fo=7212, routed)        1.475     4.083    u_fc/aclk_IBUF_BUFG
    DSP48_X2Y41          DSP48E1                                      r  u_fc/product_s1_reg[2]/CLK

Slack:                    inf
  Source:                 aresetn
                            (input port)
  Destination:            u_fc/product_s1_reg[2]/RSTA
                            (rising edge-triggered cell DSP48E1 clocked by aclk  {rise@0.000ns fall@5.000ns period=10.000ns})
  Path Group:             (none)
  Path Type:              Setup (Max at Slow Process Corner)
  Data Path Delay:        13.158ns  (logic 1.055ns (8.020%)  route 12.102ns (91.980%))
  Logic Levels:           2  (IBUF=1 LUT1=1)
  Clock Path Skew:        4.083ns (DCD - SCD + CPR)
    Destination Clock Delay (DCD):    4.083ns
    Source Clock Delay      (SCD):    0.000ns
    Clock Pessimism Removal (CPR):    0.000ns

    Location             Delay type                Incr(ns)  Path(ns)    Netlist Resource(s)
  -------------------------------------------------------------------    -------------------
    Y11                                               0.000     0.000 f  aresetn (IN)
                         net (fo=0)                   0.000     0.000    aresetn
    Y11                                                               f  aresetn_IBUF_inst/I
    Y11                  IBUF (Prop_ibuf_I_O)         0.950     0.950 f  aresetn_IBUF_inst/O
                         net (fo=39, routed)          2.546     3.496    u_conv1/u_conv1_calc/aresetn_IBUF
    SLICE_X20Y48                                                      f  u_conv1/u_conv1_calc/w_ptr[10]_i_1/I0
    SLICE_X20Y48         LUT1 (Prop_lut1_I0_O)        0.105     3.601 r  u_conv1/u_conv1_calc/w_ptr[10]_i_1/O
                         net (fo=2645, routed)        9.557    13.158    u_fc/RSTB
    DSP48_X2Y41          DSP48E1                                      r  u_fc/product_s1_reg[2]/RSTA
  -------------------------------------------------------------------    -------------------

                         (clock aclk rise edge)       0.000     0.000 r  
    U7                                                0.000     0.000 r  aclk (IN)
                         net (fo=0)                   0.000     0.000    aclk
    U7                                                                r  aclk_IBUF_inst/I
    U7                   IBUF (Prop_ibuf_I_O)         0.859     0.859 r  aclk_IBUF_inst/O
                         net (fo=1, routed)           1.673     2.532    aclk_IBUF
    BUFGCTRL_X0Y0                                                     r  aclk_IBUF_BUFG_inst/I
    BUFGCTRL_X0Y0        BUFG (Prop_bufg_I_O)         0.077     2.609 r  aclk_IBUF_BUFG_inst/O
                         net (fo=7212, routed)        1.475     4.083    u_fc/aclk_IBUF_BUFG
    DSP48_X2Y41          DSP48E1                                      r  u_fc/product_s1_reg[2]/CLK

Slack:                    inf
  Source:                 aresetn
                            (input port)
  Destination:            u_fc/sum_s2_reg[1]/RSTB
                            (rising edge-triggered cell DSP48E1 clocked by aclk  {rise@0.000ns fall@5.000ns period=10.000ns})
  Path Group:             (none)
  Path Type:              Setup (Max at Slow Process Corner)
  Data Path Delay:        13.158ns  (logic 1.055ns (8.020%)  route 12.102ns (91.980%))
  Logic Levels:           2  (IBUF=1 LUT1=1)
  Clock Path Skew:        4.083ns (DCD - SCD + CPR)
    Destination Clock Delay (DCD):    4.083ns
    Source Clock Delay      (SCD):    0.000ns
    Clock Pessimism Removal (CPR):    0.000ns

    Location             Delay type                Incr(ns)  Path(ns)    Netlist Resource(s)
  -------------------------------------------------------------------    -------------------
    Y11                                               0.000     0.000 f  aresetn (IN)
                         net (fo=0)                   0.000     0.000    aresetn
    Y11                                                               f  aresetn_IBUF_inst/I
    Y11                  IBUF (Prop_ibuf_I_O)         0.950     0.950 f  aresetn_IBUF_inst/O
                         net (fo=39, routed)          2.546     3.496    u_conv1/u_conv1_calc/aresetn_IBUF
    SLICE_X20Y48                                                      f  u_conv1/u_conv1_calc/w_ptr[10]_i_1/I0
    SLICE_X20Y48         LUT1 (Prop_lut1_I0_O)        0.105     3.601 r  u_conv1/u_conv1_calc/w_ptr[10]_i_1/O
                         net (fo=2645, routed)        9.557    13.158    u_fc/RSTB
    DSP48_X2Y40          DSP48E1                                      r  u_fc/sum_s2_reg[1]/RSTB
  -------------------------------------------------------------------    -------------------

                         (clock aclk rise edge)       0.000     0.000 r  
    U7                                                0.000     0.000 r  aclk (IN)
                         net (fo=0)                   0.000     0.000    aclk
    U7                                                                r  aclk_IBUF_inst/I
    U7                   IBUF (Prop_ibuf_I_O)         0.859     0.859 r  aclk_IBUF_inst/O
                         net (fo=1, routed)           1.673     2.532    aclk_IBUF
    BUFGCTRL_X0Y0                                                     r  aclk_IBUF_BUFG_inst/I
    BUFGCTRL_X0Y0        BUFG (Prop_bufg_I_O)         0.077     2.609 r  aclk_IBUF_BUFG_inst/O
                         net (fo=7212, routed)        1.475     4.083    u_fc/aclk_IBUF_BUFG
    DSP48_X2Y40          DSP48E1                                      r  u_fc/sum_s2_reg[1]/CLK

Slack:                    inf
  Source:                 aresetn
                            (input port)
  Destination:            u_conv2/u_calc/calc_state_reg_rep_rep__8/R
                            (rising edge-triggered cell FDRE clocked by aclk  {rise@0.000ns fall@5.000ns period=10.000ns})
  Path Group:             (none)
  Path Type:              Setup (Max at Slow Process Corner)
  Data Path Delay:        13.137ns  (logic 1.055ns (8.033%)  route 12.082ns (91.967%))
  Logic Levels:           2  (IBUF=1 LUT1=1)
  Clock Path Skew:        3.967ns (DCD - SCD + CPR)
    Destination Clock Delay (DCD):    3.967ns
    Source Clock Delay      (SCD):    0.000ns
    Clock Pessimism Removal (CPR):    0.000ns

    Location             Delay type                Incr(ns)  Path(ns)    Netlist Resource(s)
  -------------------------------------------------------------------    -------------------
    Y11                                               0.000     0.000 f  aresetn (IN)
                         net (fo=0)                   0.000     0.000    aresetn
    Y11                                                               f  aresetn_IBUF_inst/I
    Y11                  IBUF (Prop_ibuf_I_O)         0.950     0.950 f  aresetn_IBUF_inst/O
                         net (fo=39, routed)          2.546     3.496    u_conv1/u_conv1_calc/aresetn_IBUF
    SLICE_X20Y48                                                      f  u_conv1/u_conv1_calc/w_ptr[10]_i_1/I0
    SLICE_X20Y48         LUT1 (Prop_lut1_I0_O)        0.105     3.601 r  u_conv1/u_conv1_calc/w_ptr[10]_i_1/O
                         net (fo=2645, routed)        9.536    13.137    u_conv2/u_calc/RSTB
    SLICE_X101Y15        FDRE                                         r  u_conv2/u_calc/calc_state_reg_rep_rep__8/R
  -------------------------------------------------------------------    -------------------

                         (clock aclk rise edge)       0.000     0.000 r  
    U7                                                0.000     0.000 r  aclk (IN)
                         net (fo=0)                   0.000     0.000    aclk
    U7                                                                r  aclk_IBUF_inst/I
    U7                   IBUF (Prop_ibuf_I_O)         0.859     0.859 r  aclk_IBUF_inst/O
                         net (fo=1, routed)           1.673     2.532    aclk_IBUF
    BUFGCTRL_X0Y0                                                     r  aclk_IBUF_BUFG_inst/I
    BUFGCTRL_X0Y0        BUFG (Prop_bufg_I_O)         0.077     2.609 r  aclk_IBUF_BUFG_inst/O
                         net (fo=7212, routed)        1.358     3.967    u_conv2/u_calc/aclk_IBUF_BUFG
    SLICE_X101Y15        FDRE                                         r  u_conv2/u_calc/calc_state_reg_rep_rep__8/C

Slack:                    inf
  Source:                 aresetn
                            (input port)
  Destination:            u_fc/sum_s3_reg[0][20]/R
                            (rising edge-triggered cell FDRE clocked by aclk  {rise@0.000ns fall@5.000ns period=10.000ns})
  Path Group:             (none)
  Path Type:              Setup (Max at Slow Process Corner)
  Data Path Delay:        13.112ns  (logic 1.055ns (8.049%)  route 12.056ns (91.951%))
  Logic Levels:           2  (IBUF=1 LUT1=1)
  Clock Path Skew:        4.002ns (DCD - SCD + CPR)
    Destination Clock Delay (DCD):    4.002ns
    Source Clock Delay      (SCD):    0.000ns
    Clock Pessimism Removal (CPR):    0.000ns

    Location             Delay type                Incr(ns)  Path(ns)    Netlist Resource(s)
  -------------------------------------------------------------------    -------------------
    Y11                                               0.000     0.000 f  aresetn (IN)
                         net (fo=0)                   0.000     0.000    aresetn
    Y11                                                               f  aresetn_IBUF_inst/I
    Y11                  IBUF (Prop_ibuf_I_O)         0.950     0.950 f  aresetn_IBUF_inst/O
                         net (fo=39, routed)          2.546     3.496    u_conv1/u_conv1_calc/aresetn_IBUF
    SLICE_X20Y48                                                      f  u_conv1/u_conv1_calc/w_ptr[10]_i_1/I0
    SLICE_X20Y48         LUT1 (Prop_lut1_I0_O)        0.105     3.601 r  u_conv1/u_conv1_calc/w_ptr[10]_i_1/O
                         net (fo=2645, routed)        9.511    13.112    u_fc/RSTB
    SLICE_X36Y105        FDRE                                         r  u_fc/sum_s3_reg[0][20]/R
  -------------------------------------------------------------------    -------------------

                         (clock aclk rise edge)       0.000     0.000 r  
    U7                                                0.000     0.000 r  aclk (IN)
                         net (fo=0)                   0.000     0.000    aclk
    U7                                                                r  aclk_IBUF_inst/I
    U7                   IBUF (Prop_ibuf_I_O)         0.859     0.859 r  aclk_IBUF_inst/O
                         net (fo=1, routed)           1.673     2.532    aclk_IBUF
    BUFGCTRL_X0Y0                                                     r  aclk_IBUF_BUFG_inst/I
    BUFGCTRL_X0Y0        BUFG (Prop_bufg_I_O)         0.077     2.609 r  aclk_IBUF_BUFG_inst/O
                         net (fo=7212, routed)        1.393     4.002    u_fc/aclk_IBUF_BUFG
    SLICE_X36Y105        FDRE                                         r  u_fc/sum_s3_reg[0][20]/C

Slack:                    inf
  Source:                 aresetn
                            (input port)
  Destination:            u_fc/sum_s3_reg[0][21]/R
                            (rising edge-triggered cell FDRE clocked by aclk  {rise@0.000ns fall@5.000ns period=10.000ns})
  Path Group:             (none)
  Path Type:              Setup (Max at Slow Process Corner)
  Data Path Delay:        13.112ns  (logic 1.055ns (8.049%)  route 12.056ns (91.951%))
  Logic Levels:           2  (IBUF=1 LUT1=1)
  Clock Path Skew:        4.002ns (DCD - SCD + CPR)
    Destination Clock Delay (DCD):    4.002ns
    Source Clock Delay      (SCD):    0.000ns
    Clock Pessimism Removal (CPR):    0.000ns

    Location             Delay type                Incr(ns)  Path(ns)    Netlist Resource(s)
  -------------------------------------------------------------------    -------------------
    Y11                                               0.000     0.000 f  aresetn (IN)
                         net (fo=0)                   0.000     0.000    aresetn
    Y11                                                               f  aresetn_IBUF_inst/I
    Y11                  IBUF (Prop_ibuf_I_O)         0.950     0.950 f  aresetn_IBUF_inst/O
                         net (fo=39, routed)          2.546     3.496    u_conv1/u_conv1_calc/aresetn_IBUF
    SLICE_X20Y48                                                      f  u_conv1/u_conv1_calc/w_ptr[10]_i_1/I0
    SLICE_X20Y48         LUT1 (Prop_lut1_I0_O)        0.105     3.601 r  u_conv1/u_conv1_calc/w_ptr[10]_i_1/O
                         net (fo=2645, routed)        9.511    13.112    u_fc/RSTB
    SLICE_X36Y105        FDRE                                         r  u_fc/sum_s3_reg[0][21]/R
  -------------------------------------------------------------------    -------------------

                         (clock aclk rise edge)       0.000     0.000 r  
    U7                                                0.000     0.000 r  aclk (IN)
                         net (fo=0)                   0.000     0.000    aclk
    U7                                                                r  aclk_IBUF_inst/I
    U7                   IBUF (Prop_ibuf_I_O)         0.859     0.859 r  aclk_IBUF_inst/O
                         net (fo=1, routed)           1.673     2.532    aclk_IBUF
    BUFGCTRL_X0Y0                                                     r  aclk_IBUF_BUFG_inst/I
    BUFGCTRL_X0Y0        BUFG (Prop_bufg_I_O)         0.077     2.609 r  aclk_IBUF_BUFG_inst/O
                         net (fo=7212, routed)        1.393     4.002    u_fc/aclk_IBUF_BUFG
    SLICE_X36Y105        FDRE                                         r  u_fc/sum_s3_reg[0][21]/C

Slack:                    inf
  Source:                 aresetn
                            (input port)
  Destination:            u_conv2/u_calc/calc_state_reg_rep_rep__7/R
                            (rising edge-triggered cell FDRE clocked by aclk  {rise@0.000ns fall@5.000ns period=10.000ns})
  Path Group:             (none)
  Path Type:              Setup (Max at Slow Process Corner)
  Data Path Delay:        13.104ns  (logic 1.055ns (8.053%)  route 12.049ns (91.947%))
  Logic Levels:           2  (IBUF=1 LUT1=1)
  Clock Path Skew:        3.967ns (DCD - SCD + CPR)
    Destination Clock Delay (DCD):    3.967ns
    Source Clock Delay      (SCD):    0.000ns
    Clock Pessimism Removal (CPR):    0.000ns

    Location             Delay type                Incr(ns)  Path(ns)    Netlist Resource(s)
  -------------------------------------------------------------------    -------------------
    Y11                                               0.000     0.000 f  aresetn (IN)
                         net (fo=0)                   0.000     0.000    aresetn
    Y11                                                               f  aresetn_IBUF_inst/I
    Y11                  IBUF (Prop_ibuf_I_O)         0.950     0.950 f  aresetn_IBUF_inst/O
                         net (fo=39, routed)          2.546     3.496    u_conv1/u_conv1_calc/aresetn_IBUF
    SLICE_X20Y48                                                      f  u_conv1/u_conv1_calc/w_ptr[10]_i_1/I0
    SLICE_X20Y48         LUT1 (Prop_lut1_I0_O)        0.105     3.601 r  u_conv1/u_conv1_calc/w_ptr[10]_i_1/O
                         net (fo=2645, routed)        9.504    13.104    u_conv2/u_calc/RSTB
    SLICE_X101Y16        FDRE                                         r  u_conv2/u_calc/calc_state_reg_rep_rep__7/R
  -------------------------------------------------------------------    -------------------

                         (clock aclk rise edge)       0.000     0.000 r  
    U7                                                0.000     0.000 r  aclk (IN)
                         net (fo=0)                   0.000     0.000    aclk
    U7                                                                r  aclk_IBUF_inst/I
    U7                   IBUF (Prop_ibuf_I_O)         0.859     0.859 r  aclk_IBUF_inst/O
                         net (fo=1, routed)           1.673     2.532    aclk_IBUF
    BUFGCTRL_X0Y0                                                     r  aclk_IBUF_BUFG_inst/I
    BUFGCTRL_X0Y0        BUFG (Prop_bufg_I_O)         0.077     2.609 r  aclk_IBUF_BUFG_inst/O
                         net (fo=7212, routed)        1.358     3.967    u_conv2/u_calc/aclk_IBUF_BUFG
    SLICE_X101Y16        FDRE                                         r  u_conv2/u_calc/calc_state_reg_rep_rep__7/C

Slack:                    inf
  Source:                 aresetn
                            (input port)
  Destination:            u_fc/sum_s3_reg[0][16]/R
                            (rising edge-triggered cell FDRE clocked by aclk  {rise@0.000ns fall@5.000ns period=10.000ns})
  Path Group:             (none)
  Path Type:              Setup (Max at Slow Process Corner)
  Data Path Delay:        13.009ns  (logic 1.055ns (8.112%)  route 11.953ns (91.888%))
  Logic Levels:           2  (IBUF=1 LUT1=1)
  Clock Path Skew:        4.002ns (DCD - SCD + CPR)
    Destination Clock Delay (DCD):    4.002ns
    Source Clock Delay      (SCD):    0.000ns
    Clock Pessimism Removal (CPR):    0.000ns

    Location             Delay type                Incr(ns)  Path(ns)    Netlist Resource(s)
  -------------------------------------------------------------------    -------------------
    Y11                                               0.000     0.000 f  aresetn (IN)
                         net (fo=0)                   0.000     0.000    aresetn
    Y11                                                               f  aresetn_IBUF_inst/I
    Y11                  IBUF (Prop_ibuf_I_O)         0.950     0.950 f  aresetn_IBUF_inst/O
                         net (fo=39, routed)          2.546     3.496    u_conv1/u_conv1_calc/aresetn_IBUF
    SLICE_X20Y48                                                      f  u_conv1/u_conv1_calc/w_ptr[10]_i_1/I0
    SLICE_X20Y48         LUT1 (Prop_lut1_I0_O)        0.105     3.601 r  u_conv1/u_conv1_calc/w_ptr[10]_i_1/O
                         net (fo=2645, routed)        9.408    13.009    u_fc/RSTB
    SLICE_X36Y104        FDRE                                         r  u_fc/sum_s3_reg[0][16]/R
  -------------------------------------------------------------------    -------------------

                         (clock aclk rise edge)       0.000     0.000 r  
    U7                                                0.000     0.000 r  aclk (IN)
                         net (fo=0)                   0.000     0.000    aclk
    U7                                                                r  aclk_IBUF_inst/I
    U7                   IBUF (Prop_ibuf_I_O)         0.859     0.859 r  aclk_IBUF_inst/O
                         net (fo=1, routed)           1.673     2.532    aclk_IBUF
    BUFGCTRL_X0Y0                                                     r  aclk_IBUF_BUFG_inst/I
    BUFGCTRL_X0Y0        BUFG (Prop_bufg_I_O)         0.077     2.609 r  aclk_IBUF_BUFG_inst/O
                         net (fo=7212, routed)        1.393     4.002    u_fc/aclk_IBUF_BUFG
    SLICE_X36Y104        FDRE                                         r  u_fc/sum_s3_reg[0][16]/C

Slack:                    inf
  Source:                 aresetn
                            (input port)
  Destination:            u_fc/sum_s3_reg[0][17]/R
                            (rising edge-triggered cell FDRE clocked by aclk  {rise@0.000ns fall@5.000ns period=10.000ns})
  Path Group:             (none)
  Path Type:              Setup (Max at Slow Process Corner)
  Data Path Delay:        13.009ns  (logic 1.055ns (8.112%)  route 11.953ns (91.888%))
  Logic Levels:           2  (IBUF=1 LUT1=1)
  Clock Path Skew:        4.002ns (DCD - SCD + CPR)
    Destination Clock Delay (DCD):    4.002ns
    Source Clock Delay      (SCD):    0.000ns
    Clock Pessimism Removal (CPR):    0.000ns

    Location             Delay type                Incr(ns)  Path(ns)    Netlist Resource(s)
  -------------------------------------------------------------------    -------------------
    Y11                                               0.000     0.000 f  aresetn (IN)
                         net (fo=0)                   0.000     0.000    aresetn
    Y11                                                               f  aresetn_IBUF_inst/I
    Y11                  IBUF (Prop_ibuf_I_O)         0.950     0.950 f  aresetn_IBUF_inst/O
                         net (fo=39, routed)          2.546     3.496    u_conv1/u_conv1_calc/aresetn_IBUF
    SLICE_X20Y48                                                      f  u_conv1/u_conv1_calc/w_ptr[10]_i_1/I0
    SLICE_X20Y48         LUT1 (Prop_lut1_I0_O)        0.105     3.601 r  u_conv1/u_conv1_calc/w_ptr[10]_i_1/O
                         net (fo=2645, routed)        9.408    13.009    u_fc/RSTB
    SLICE_X36Y104        FDRE                                         r  u_fc/sum_s3_reg[0][17]/R
  -------------------------------------------------------------------    -------------------

                         (clock aclk rise edge)       0.000     0.000 r  
    U7                                                0.000     0.000 r  aclk (IN)
                         net (fo=0)                   0.000     0.000    aclk
    U7                                                                r  aclk_IBUF_inst/I
    U7                   IBUF (Prop_ibuf_I_O)         0.859     0.859 r  aclk_IBUF_inst/O
                         net (fo=1, routed)           1.673     2.532    aclk_IBUF
    BUFGCTRL_X0Y0                                                     r  aclk_IBUF_BUFG_inst/I
    BUFGCTRL_X0Y0        BUFG (Prop_bufg_I_O)         0.077     2.609 r  aclk_IBUF_BUFG_inst/O
                         net (fo=7212, routed)        1.393     4.002    u_fc/aclk_IBUF_BUFG
    SLICE_X36Y104        FDRE                                         r  u_fc/sum_s3_reg[0][17]/C

Slack:                    inf
  Source:                 aresetn
                            (input port)
  Destination:            u_fc/sum_s3_reg[0][18]/R
                            (rising edge-triggered cell FDRE clocked by aclk  {rise@0.000ns fall@5.000ns period=10.000ns})
  Path Group:             (none)
  Path Type:              Setup (Max at Slow Process Corner)
  Data Path Delay:        13.009ns  (logic 1.055ns (8.112%)  route 11.953ns (91.888%))
  Logic Levels:           2  (IBUF=1 LUT1=1)
  Clock Path Skew:        4.002ns (DCD - SCD + CPR)
    Destination Clock Delay (DCD):    4.002ns
    Source Clock Delay      (SCD):    0.000ns
    Clock Pessimism Removal (CPR):    0.000ns

    Location             Delay type                Incr(ns)  Path(ns)    Netlist Resource(s)
  -------------------------------------------------------------------    -------------------
    Y11                                               0.000     0.000 f  aresetn (IN)
                         net (fo=0)                   0.000     0.000    aresetn
    Y11                                                               f  aresetn_IBUF_inst/I
    Y11                  IBUF (Prop_ibuf_I_O)         0.950     0.950 f  aresetn_IBUF_inst/O
                         net (fo=39, routed)          2.546     3.496    u_conv1/u_conv1_calc/aresetn_IBUF
    SLICE_X20Y48                                                      f  u_conv1/u_conv1_calc/w_ptr[10]_i_1/I0
    SLICE_X20Y48         LUT1 (Prop_lut1_I0_O)        0.105     3.601 r  u_conv1/u_conv1_calc/w_ptr[10]_i_1/O
                         net (fo=2645, routed)        9.408    13.009    u_fc/RSTB
    SLICE_X36Y104        FDRE                                         r  u_fc/sum_s3_reg[0][18]/R
  -------------------------------------------------------------------    -------------------

                         (clock aclk rise edge)       0.000     0.000 r  
    U7                                                0.000     0.000 r  aclk (IN)
                         net (fo=0)                   0.000     0.000    aclk
    U7                                                                r  aclk_IBUF_inst/I
    U7                   IBUF (Prop_ibuf_I_O)         0.859     0.859 r  aclk_IBUF_inst/O
                         net (fo=1, routed)           1.673     2.532    aclk_IBUF
    BUFGCTRL_X0Y0                                                     r  aclk_IBUF_BUFG_inst/I
    BUFGCTRL_X0Y0        BUFG (Prop_bufg_I_O)         0.077     2.609 r  aclk_IBUF_BUFG_inst/O
                         net (fo=7212, routed)        1.393     4.002    u_fc/aclk_IBUF_BUFG
    SLICE_X36Y104        FDRE                                         r  u_fc/sum_s3_reg[0][18]/C

Slack:                    inf
  Source:                 aresetn
                            (input port)
  Destination:            u_fc/sum_s3_reg[0][19]/R
                            (rising edge-triggered cell FDRE clocked by aclk  {rise@0.000ns fall@5.000ns period=10.000ns})
  Path Group:             (none)
  Path Type:              Setup (Max at Slow Process Corner)
  Data Path Delay:        13.009ns  (logic 1.055ns (8.112%)  route 11.953ns (91.888%))
  Logic Levels:           2  (IBUF=1 LUT1=1)
  Clock Path Skew:        4.002ns (DCD - SCD + CPR)
    Destination Clock Delay (DCD):    4.002ns
    Source Clock Delay      (SCD):    0.000ns
    Clock Pessimism Removal (CPR):    0.000ns

    Location             Delay type                Incr(ns)  Path(ns)    Netlist Resource(s)
  -------------------------------------------------------------------    -------------------
    Y11                                               0.000     0.000 f  aresetn (IN)
                         net (fo=0)                   0.000     0.000    aresetn
    Y11                                                               f  aresetn_IBUF_inst/I
    Y11                  IBUF (Prop_ibuf_I_O)         0.950     0.950 f  aresetn_IBUF_inst/O
                         net (fo=39, routed)          2.546     3.496    u_conv1/u_conv1_calc/aresetn_IBUF
    SLICE_X20Y48                                                      f  u_conv1/u_conv1_calc/w_ptr[10]_i_1/I0
    SLICE_X20Y48         LUT1 (Prop_lut1_I0_O)        0.105     3.601 r  u_conv1/u_conv1_calc/w_ptr[10]_i_1/O
                         net (fo=2645, routed)        9.408    13.009    u_fc/RSTB
    SLICE_X36Y104        FDRE                                         r  u_fc/sum_s3_reg[0][19]/R
  -------------------------------------------------------------------    -------------------

                         (clock aclk rise edge)       0.000     0.000 r  
    U7                                                0.000     0.000 r  aclk (IN)
                         net (fo=0)                   0.000     0.000    aclk
    U7                                                                r  aclk_IBUF_inst/I
    U7                   IBUF (Prop_ibuf_I_O)         0.859     0.859 r  aclk_IBUF_inst/O
                         net (fo=1, routed)           1.673     2.532    aclk_IBUF
    BUFGCTRL_X0Y0                                                     r  aclk_IBUF_BUFG_inst/I
    BUFGCTRL_X0Y0        BUFG (Prop_bufg_I_O)         0.077     2.609 r  aclk_IBUF_BUFG_inst/O
                         net (fo=7212, routed)        1.393     4.002    u_fc/aclk_IBUF_BUFG
    SLICE_X36Y104        FDRE                                         r  u_fc/sum_s3_reg[0][19]/C

Slack:                    inf
  Source:                 aresetn
                            (input port)
  Destination:            u_conv2/u_calc/calc_state_reg_rep_rep__6/R
                            (rising edge-triggered cell FDRE clocked by aclk  {rise@0.000ns fall@5.000ns period=10.000ns})
  Path Group:             (none)
  Path Type:              Setup (Max at Slow Process Corner)
  Data Path Delay:        12.977ns  (logic 1.055ns (8.132%)  route 11.922ns (91.868%))
  Logic Levels:           2  (IBUF=1 LUT1=1)
  Clock Path Skew:        3.965ns (DCD - SCD + CPR)
    Destination Clock Delay (DCD):    3.965ns
    Source Clock Delay      (SCD):    0.000ns
    Clock Pessimism Removal (CPR):    0.000ns

    Location             Delay type                Incr(ns)  Path(ns)    Netlist Resource(s)
  -------------------------------------------------------------------    -------------------
    Y11                                               0.000     0.000 f  aresetn (IN)
                         net (fo=0)                   0.000     0.000    aresetn
    Y11                                                               f  aresetn_IBUF_inst/I
    Y11                  IBUF (Prop_ibuf_I_O)         0.950     0.950 f  aresetn_IBUF_inst/O
                         net (fo=39, routed)          2.546     3.496    u_conv1/u_conv1_calc/aresetn_IBUF
    SLICE_X20Y48                                                      f  u_conv1/u_conv1_calc/w_ptr[10]_i_1/I0
    SLICE_X20Y48         LUT1 (Prop_lut1_I0_O)        0.105     3.601 r  u_conv1/u_conv1_calc/w_ptr[10]_i_1/O
                         net (fo=2645, routed)        9.376    12.977    u_conv2/u_calc/RSTB
    SLICE_X101Y18        FDRE                                         r  u_conv2/u_calc/calc_state_reg_rep_rep__6/R
  -------------------------------------------------------------------    -------------------

                         (clock aclk rise edge)       0.000     0.000 r  
    U7                                                0.000     0.000 r  aclk (IN)
                         net (fo=0)                   0.000     0.000    aclk
    U7                                                                r  aclk_IBUF_inst/I
    U7                   IBUF (Prop_ibuf_I_O)         0.859     0.859 r  aclk_IBUF_inst/O
                         net (fo=1, routed)           1.673     2.532    aclk_IBUF
    BUFGCTRL_X0Y0                                                     r  aclk_IBUF_BUFG_inst/I
    BUFGCTRL_X0Y0        BUFG (Prop_bufg_I_O)         0.077     2.609 r  aclk_IBUF_BUFG_inst/O
                         net (fo=7212, routed)        1.356     3.965    u_conv2/u_calc/aclk_IBUF_BUFG
    SLICE_X101Y18        FDRE                                         r  u_conv2/u_calc/calc_state_reg_rep_rep__6/C





Min Delay Paths
--------------------------------------------------------------------------------------
Slack:                    inf
  Source:                 m_axis_tready
                            (input port)
  Destination:            m_axis_tvalid_reg_reg/D
                            (rising edge-triggered cell FDRE clocked by aclk  {rise@0.000ns fall@5.000ns period=10.000ns})
  Path Group:             (none)
  Path Type:              Hold (Min at Fast Process Corner)
  Data Path Delay:        1.087ns  (logic 0.288ns (26.508%)  route 0.799ns (73.492%))
  Logic Levels:           2  (IBUF=1 LUT3=1)
  Clock Path Skew:        2.071ns (DCD - SCD - CPR)
    Destination Clock Delay (DCD):    2.071ns
    Source Clock Delay      (SCD):    0.000ns
    Clock Pessimism Removal (CPR):    -0.000ns

    Location             Delay type                Incr(ns)  Path(ns)    Netlist Resource(s)
  -------------------------------------------------------------------    -------------------
    W11                                               0.000     0.000 f  m_axis_tready (IN)
                         net (fo=0)                   0.000     0.000    m_axis_tready
    W11                                                               f  m_axis_tready_IBUF_inst/I
    W11                  IBUF (Prop_ibuf_I_O)         0.243     0.243 f  m_axis_tready_IBUF_inst/O
                         net (fo=2, routed)           0.799     1.042    u_fc/m_axis_tready_IBUF
    SLICE_X16Y25                                                      f  u_fc/m_axis_tvalid_reg_i_1/I1
    SLICE_X16Y25         LUT3 (Prop_lut3_I1_O)        0.045     1.087 r  u_fc/m_axis_tvalid_reg_i_1/O
                         net (fo=1, routed)           0.000     1.087    u_fc_n_13
    SLICE_X16Y25         FDRE                                         r  m_axis_tvalid_reg_reg/D
  -------------------------------------------------------------------    -------------------

                         (clock aclk rise edge)       0.000     0.000 r  
    U7                                                0.000     0.000 r  aclk (IN)
                         net (fo=0)                   0.000     0.000    aclk
    U7                                                                r  aclk_IBUF_inst/I
    U7                   IBUF (Prop_ibuf_I_O)         0.476     0.476 r  aclk_IBUF_inst/O
                         net (fo=1, routed)           0.719     1.195    aclk_IBUF
    BUFGCTRL_X0Y0                                                     r  aclk_IBUF_BUFG_inst/I
    BUFGCTRL_X0Y0        BUFG (Prop_bufg_I_O)         0.029     1.224 r  aclk_IBUF_BUFG_inst/O
                         net (fo=7212, routed)        0.847     2.071    aclk_IBUF_BUFG
    SLICE_X16Y25         FDRE                                         r  m_axis_tvalid_reg_reg/C

Slack:                    inf
  Source:                 s_axis_tdata[1]
                            (input port)
  Destination:            s_axis_tdata_reg_reg[1]/D
                            (rising edge-triggered cell FDRE clocked by aclk  {rise@0.000ns fall@5.000ns period=10.000ns})
  Path Group:             (none)
  Path Type:              Hold (Min at Fast Process Corner)
  Data Path Delay:        1.094ns  (logic 0.179ns (16.404%)  route 0.915ns (83.596%))
  Logic Levels:           1  (IBUF=1)
  Clock Path Skew:        2.074ns (DCD - SCD - CPR)
    Destination Clock Delay (DCD):    2.074ns
    Source Clock Delay      (SCD):    0.000ns
    Clock Pessimism Removal (CPR):    -0.000ns

    Location             Delay type                Incr(ns)  Path(ns)    Netlist Resource(s)
  -------------------------------------------------------------------    -------------------
    V6                                                0.000     0.000 r  s_axis_tdata[1] (IN)
                         net (fo=0)                   0.000     0.000    s_axis_tdata[1]
    V6                                                                r  s_axis_tdata_IBUF[1]_inst/I
    V6                   IBUF (Prop_ibuf_I_O)         0.179     0.179 r  s_axis_tdata_IBUF[1]_inst/O
                         net (fo=1, routed)           0.915     1.094    s_axis_tdata_IBUF[1]
    SLICE_X13Y27         FDRE                                         r  s_axis_tdata_reg_reg[1]/D
  -------------------------------------------------------------------    -------------------

                         (clock aclk rise edge)       0.000     0.000 r  
    U7                                                0.000     0.000 r  aclk (IN)
                         net (fo=0)                   0.000     0.000    aclk
    U7                                                                r  aclk_IBUF_inst/I
    U7                   IBUF (Prop_ibuf_I_O)         0.476     0.476 r  aclk_IBUF_inst/O
                         net (fo=1, routed)           0.719     1.195    aclk_IBUF
    BUFGCTRL_X0Y0                                                     r  aclk_IBUF_BUFG_inst/I
    BUFGCTRL_X0Y0        BUFG (Prop_bufg_I_O)         0.029     1.224 r  aclk_IBUF_BUFG_inst/O
                         net (fo=7212, routed)        0.850     2.074    aclk_IBUF_BUFG
    SLICE_X13Y27         FDRE                                         r  s_axis_tdata_reg_reg[1]/C

Slack:                    inf
  Source:                 s_axis_tdata[6]
                            (input port)
  Destination:            s_axis_tdata_reg_reg[6]/D
                            (rising edge-triggered cell FDRE clocked by aclk  {rise@0.000ns fall@5.000ns period=10.000ns})
  Path Group:             (none)
  Path Type:              Hold (Min at Fast Process Corner)
  Data Path Delay:        1.106ns  (logic 0.172ns (15.534%)  route 0.934ns (84.466%))
  Logic Levels:           1  (IBUF=1)
  Clock Path Skew:        2.077ns (DCD - SCD - CPR)
    Destination Clock Delay (DCD):    2.077ns
    Source Clock Delay      (SCD):    0.000ns
    Clock Pessimism Removal (CPR):    -0.000ns

    Location             Delay type                Incr(ns)  Path(ns)    Netlist Resource(s)
  -------------------------------------------------------------------    -------------------
    U5                                                0.000     0.000 r  s_axis_tdata[6] (IN)
                         net (fo=0)                   0.000     0.000    s_axis_tdata[6]
    U5                                                                r  s_axis_tdata_IBUF[6]_inst/I
    U5                   IBUF (Prop_ibuf_I_O)         0.172     0.172 r  s_axis_tdata_IBUF[6]_inst/O
                         net (fo=1, routed)           0.934     1.106    s_axis_tdata_IBUF[6]
    SLICE_X12Y30         FDRE                                         r  s_axis_tdata_reg_reg[6]/D
  -------------------------------------------------------------------    -------------------

                         (clock aclk rise edge)       0.000     0.000 r  
    U7                                                0.000     0.000 r  aclk (IN)
                         net (fo=0)                   0.000     0.000    aclk
    U7                                                                r  aclk_IBUF_inst/I
    U7                   IBUF (Prop_ibuf_I_O)         0.476     0.476 r  aclk_IBUF_inst/O
                         net (fo=1, routed)           0.719     1.195    aclk_IBUF
    BUFGCTRL_X0Y0                                                     r  aclk_IBUF_BUFG_inst/I
    BUFGCTRL_X0Y0        BUFG (Prop_bufg_I_O)         0.029     1.224 r  aclk_IBUF_BUFG_inst/O
                         net (fo=7212, routed)        0.853     2.077    aclk_IBUF_BUFG
    SLICE_X12Y30         FDRE                                         r  s_axis_tdata_reg_reg[6]/C

Slack:                    inf
  Source:                 s_axis_tvalid
                            (input port)
  Destination:            frame_busy_reg/D
                            (rising edge-triggered cell FDRE clocked by aclk  {rise@0.000ns fall@5.000ns period=10.000ns})
  Path Group:             (none)
  Path Type:              Hold (Min at Fast Process Corner)
  Data Path Delay:        1.110ns  (logic 0.277ns (24.972%)  route 0.833ns (75.028%))
  Logic Levels:           2  (IBUF=1 LUT6=1)
  Clock Path Skew:        2.071ns (DCD - SCD - CPR)
    Destination Clock Delay (DCD):    2.071ns
    Source Clock Delay      (SCD):    0.000ns
    Clock Pessimism Removal (CPR):    -0.000ns

    Location             Delay type                Incr(ns)  Path(ns)    Netlist Resource(s)
  -------------------------------------------------------------------    -------------------
    U8                                                0.000     0.000 r  s_axis_tvalid (IN)
                         net (fo=0)                   0.000     0.000    s_axis_tvalid
    U8                                                                r  s_axis_tvalid_IBUF_inst/I
    U8                   IBUF (Prop_ibuf_I_O)         0.232     0.232 r  s_axis_tvalid_IBUF_inst/O
                         net (fo=2, routed)           0.833     1.065    u_fc/s_axis_tvalid_IBUF
    SLICE_X16Y25                                                      r  u_fc/frame_busy_i_1/I4
    SLICE_X16Y25         LUT6 (Prop_lut6_I4_O)        0.045     1.110 r  u_fc/frame_busy_i_1/O
                         net (fo=1, routed)           0.000     1.110    u_fc_n_14
    SLICE_X16Y25         FDRE                                         r  frame_busy_reg/D
  -------------------------------------------------------------------    -------------------

                         (clock aclk rise edge)       0.000     0.000 r  
    U7                                                0.000     0.000 r  aclk (IN)
                         net (fo=0)                   0.000     0.000    aclk
    U7                                                                r  aclk_IBUF_inst/I
    U7                   IBUF (Prop_ibuf_I_O)         0.476     0.476 r  aclk_IBUF_inst/O
                         net (fo=1, routed)           0.719     1.195    aclk_IBUF
    BUFGCTRL_X0Y0                                                     r  aclk_IBUF_BUFG_inst/I
    BUFGCTRL_X0Y0        BUFG (Prop_bufg_I_O)         0.029     1.224 r  aclk_IBUF_BUFG_inst/O
                         net (fo=7212, routed)        0.847     2.071    aclk_IBUF_BUFG
    SLICE_X16Y25         FDRE                                         r  frame_busy_reg/C

Slack:                    inf
  Source:                 s_axis_tdata[7]
                            (input port)
  Destination:            s_axis_tdata_reg_reg[7]/D
                            (rising edge-triggered cell FDRE clocked by aclk  {rise@0.000ns fall@5.000ns period=10.000ns})
  Path Group:             (none)
  Path Type:              Hold (Min at Fast Process Corner)
  Data Path Delay:        1.151ns  (logic 0.229ns (19.897%)  route 0.922ns (80.103%))
  Logic Levels:           1  (IBUF=1)
  Clock Path Skew:        2.077ns (DCD - SCD - CPR)
    Destination Clock Delay (DCD):    2.077ns
    Source Clock Delay      (SCD):    0.000ns
    Clock Pessimism Removal (CPR):    -0.000ns

    Location             Delay type                Incr(ns)  Path(ns)    Netlist Resource(s)
  -------------------------------------------------------------------    -------------------
    T5                                                0.000     0.000 r  s_axis_tdata[7] (IN)
                         net (fo=0)                   0.000     0.000    s_axis_tdata[7]
    T5                                                                r  s_axis_tdata_IBUF[7]_inst/I
    T5                   IBUF (Prop_ibuf_I_O)         0.229     0.229 r  s_axis_tdata_IBUF[7]_inst/O
                         net (fo=1, routed)           0.922     1.151    s_axis_tdata_IBUF[7]
    SLICE_X13Y30         FDRE                                         r  s_axis_tdata_reg_reg[7]/D
  -------------------------------------------------------------------    -------------------

                         (clock aclk rise edge)       0.000     0.000 r  
    U7                                                0.000     0.000 r  aclk (IN)
                         net (fo=0)                   0.000     0.000    aclk
    U7                                                                r  aclk_IBUF_inst/I
    U7                   IBUF (Prop_ibuf_I_O)         0.476     0.476 r  aclk_IBUF_inst/O
                         net (fo=1, routed)           0.719     1.195    aclk_IBUF
    BUFGCTRL_X0Y0                                                     r  aclk_IBUF_BUFG_inst/I
    BUFGCTRL_X0Y0        BUFG (Prop_bufg_I_O)         0.029     1.224 r  aclk_IBUF_BUFG_inst/O
                         net (fo=7212, routed)        0.853     2.077    aclk_IBUF_BUFG
    SLICE_X13Y30         FDRE                                         r  s_axis_tdata_reg_reg[7]/C

Slack:                    inf
  Source:                 s_axis_tdata[3]
                            (input port)
  Destination:            s_axis_tdata_reg_reg[3]/D
                            (rising edge-triggered cell FDRE clocked by aclk  {rise@0.000ns fall@5.000ns period=10.000ns})
  Path Group:             (none)
  Path Type:              Hold (Min at Fast Process Corner)
  Data Path Delay:        1.184ns  (logic 0.220ns (18.603%)  route 0.964ns (81.397%))
  Logic Levels:           1  (IBUF=1)
  Clock Path Skew:        2.077ns (DCD - SCD - CPR)
    Destination Clock Delay (DCD):    2.077ns
    Source Clock Delay      (SCD):    0.000ns
    Clock Pessimism Removal (CPR):    -0.000ns

    Location             Delay type                Incr(ns)  Path(ns)    Netlist Resource(s)
  -------------------------------------------------------------------    -------------------
    V11                                               0.000     0.000 r  s_axis_tdata[3] (IN)
                         net (fo=0)                   0.000     0.000    s_axis_tdata[3]
    V11                                                               r  s_axis_tdata_IBUF[3]_inst/I
    V11                  IBUF (Prop_ibuf_I_O)         0.220     0.220 r  s_axis_tdata_IBUF[3]_inst/O
                         net (fo=1, routed)           0.964     1.184    s_axis_tdata_IBUF[3]
    SLICE_X12Y30         FDRE                                         r  s_axis_tdata_reg_reg[3]/D
  -------------------------------------------------------------------    -------------------

                         (clock aclk rise edge)       0.000     0.000 r  
    U7                                                0.000     0.000 r  aclk (IN)
                         net (fo=0)                   0.000     0.000    aclk
    U7                                                                r  aclk_IBUF_inst/I
    U7                   IBUF (Prop_ibuf_I_O)         0.476     0.476 r  aclk_IBUF_inst/O
                         net (fo=1, routed)           0.719     1.195    aclk_IBUF
    BUFGCTRL_X0Y0                                                     r  aclk_IBUF_BUFG_inst/I
    BUFGCTRL_X0Y0        BUFG (Prop_bufg_I_O)         0.029     1.224 r  aclk_IBUF_BUFG_inst/O
                         net (fo=7212, routed)        0.853     2.077    aclk_IBUF_BUFG
    SLICE_X12Y30         FDRE                                         r  s_axis_tdata_reg_reg[3]/C

Slack:                    inf
  Source:                 s_axis_tdata[4]
                            (input port)
  Destination:            s_axis_tdata_reg_reg[4]/D
                            (rising edge-triggered cell FDRE clocked by aclk  {rise@0.000ns fall@5.000ns period=10.000ns})
  Path Group:             (none)
  Path Type:              Hold (Min at Fast Process Corner)
  Data Path Delay:        1.185ns  (logic 0.262ns (22.081%)  route 0.923ns (77.919%))
  Logic Levels:           1  (IBUF=1)
  Clock Path Skew:        2.077ns (DCD - SCD - CPR)
    Destination Clock Delay (DCD):    2.077ns
    Source Clock Delay      (SCD):    0.000ns
    Clock Pessimism Removal (CPR):    -0.000ns

    Location             Delay type                Incr(ns)  Path(ns)    Netlist Resource(s)
  -------------------------------------------------------------------    -------------------
    Y13                                               0.000     0.000 r  s_axis_tdata[4] (IN)
                         net (fo=0)                   0.000     0.000    s_axis_tdata[4]
    Y13                                                               r  s_axis_tdata_IBUF[4]_inst/I
    Y13                  IBUF (Prop_ibuf_I_O)         0.262     0.262 r  s_axis_tdata_IBUF[4]_inst/O
                         net (fo=1, routed)           0.923     1.185    s_axis_tdata_IBUF[4]
    SLICE_X12Y30         FDRE                                         r  s_axis_tdata_reg_reg[4]/D
  -------------------------------------------------------------------    -------------------

                         (clock aclk rise edge)       0.000     0.000 r  
    U7                                                0.000     0.000 r  aclk (IN)
                         net (fo=0)                   0.000     0.000    aclk
    U7                                                                r  aclk_IBUF_inst/I
    U7                   IBUF (Prop_ibuf_I_O)         0.476     0.476 r  aclk_IBUF_inst/O
                         net (fo=1, routed)           0.719     1.195    aclk_IBUF
    BUFGCTRL_X0Y0                                                     r  aclk_IBUF_BUFG_inst/I
    BUFGCTRL_X0Y0        BUFG (Prop_bufg_I_O)         0.029     1.224 r  aclk_IBUF_BUFG_inst/O
                         net (fo=7212, routed)        0.853     2.077    aclk_IBUF_BUFG
    SLICE_X12Y30         FDRE                                         r  s_axis_tdata_reg_reg[4]/C

Slack:                    inf
  Source:                 s_axis_tdata[2]
                            (input port)
  Destination:            s_axis_tdata_reg_reg[2]/D
                            (rising edge-triggered cell FDRE clocked by aclk  {rise@0.000ns fall@5.000ns period=10.000ns})
  Path Group:             (none)
  Path Type:              Hold (Min at Fast Process Corner)
  Data Path Delay:        1.202ns  (logic 0.218ns (18.167%)  route 0.983ns (81.833%))
  Logic Levels:           1  (IBUF=1)
  Clock Path Skew:        2.073ns (DCD - SCD - CPR)
    Destination Clock Delay (DCD):    2.073ns
    Source Clock Delay      (SCD):    0.000ns
    Clock Pessimism Removal (CPR):    -0.000ns

    Location             Delay type                Incr(ns)  Path(ns)    Netlist Resource(s)
  -------------------------------------------------------------------    -------------------
    V10                                               0.000     0.000 r  s_axis_tdata[2] (IN)
                         net (fo=0)                   0.000     0.000    s_axis_tdata[2]
    V10                                                               r  s_axis_tdata_IBUF[2]_inst/I
    V10                  IBUF (Prop_ibuf_I_O)         0.218     0.218 r  s_axis_tdata_IBUF[2]_inst/O
                         net (fo=1, routed)           0.983     1.202    s_axis_tdata_IBUF[2]
    SLICE_X21Y27         FDRE                                         r  s_axis_tdata_reg_reg[2]/D
  -------------------------------------------------------------------    -------------------

                         (clock aclk rise edge)       0.000     0.000 r  
    U7                                                0.000     0.000 r  aclk (IN)
                         net (fo=0)                   0.000     0.000    aclk
    U7                                                                r  aclk_IBUF_inst/I
    U7                   IBUF (Prop_ibuf_I_O)         0.476     0.476 r  aclk_IBUF_inst/O
                         net (fo=1, routed)           0.719     1.195    aclk_IBUF
    BUFGCTRL_X0Y0                                                     r  aclk_IBUF_BUFG_inst/I
    BUFGCTRL_X0Y0        BUFG (Prop_bufg_I_O)         0.029     1.224 r  aclk_IBUF_BUFG_inst/O
                         net (fo=7212, routed)        0.849     2.073    aclk_IBUF_BUFG
    SLICE_X21Y27         FDRE                                         r  s_axis_tdata_reg_reg[2]/C

Slack:                    inf
  Source:                 s_axis_tdata[5]
                            (input port)
  Destination:            s_axis_tdata_reg_reg[5]/D
                            (rising edge-triggered cell FDRE clocked by aclk  {rise@0.000ns fall@5.000ns period=10.000ns})
  Path Group:             (none)
  Path Type:              Hold (Min at Fast Process Corner)
  Data Path Delay:        1.219ns  (logic 0.260ns (21.347%)  route 0.959ns (78.653%))
  Logic Levels:           1  (IBUF=1)
  Clock Path Skew:        2.077ns (DCD - SCD - CPR)
    Destination Clock Delay (DCD):    2.077ns
    Source Clock Delay      (SCD):    0.000ns
    Clock Pessimism Removal (CPR):    -0.000ns

    Location             Delay type                Incr(ns)  Path(ns)    Netlist Resource(s)
  -------------------------------------------------------------------    -------------------
    Y12                                               0.000     0.000 r  s_axis_tdata[5] (IN)
                         net (fo=0)                   0.000     0.000    s_axis_tdata[5]
    Y12                                                               r  s_axis_tdata_IBUF[5]_inst/I
    Y12                  IBUF (Prop_ibuf_I_O)         0.260     0.260 r  s_axis_tdata_IBUF[5]_inst/O
                         net (fo=1, routed)           0.959     1.219    s_axis_tdata_IBUF[5]
    SLICE_X12Y30         FDRE                                         r  s_axis_tdata_reg_reg[5]/D
  -------------------------------------------------------------------    -------------------

                         (clock aclk rise edge)       0.000     0.000 r  
    U7                                                0.000     0.000 r  aclk (IN)
                         net (fo=0)                   0.000     0.000    aclk
    U7                                                                r  aclk_IBUF_inst/I
    U7                   IBUF (Prop_ibuf_I_O)         0.476     0.476 r  aclk_IBUF_inst/O
                         net (fo=1, routed)           0.719     1.195    aclk_IBUF
    BUFGCTRL_X0Y0                                                     r  aclk_IBUF_BUFG_inst/I
    BUFGCTRL_X0Y0        BUFG (Prop_bufg_I_O)         0.029     1.224 r  aclk_IBUF_BUFG_inst/O
                         net (fo=7212, routed)        0.853     2.077    aclk_IBUF_BUFG
    SLICE_X12Y30         FDRE                                         r  s_axis_tdata_reg_reg[5]/C

Slack:                    inf
  Source:                 s_axis_tdata[0]
                            (input port)
  Destination:            s_axis_tdata_reg_reg[0]/D
                            (rising edge-triggered cell FDRE clocked by aclk  {rise@0.000ns fall@5.000ns period=10.000ns})
  Path Group:             (none)
  Path Type:              Hold (Min at Fast Process Corner)
  Data Path Delay:        1.262ns  (logic 0.185ns (14.640%)  route 1.077ns (85.360%))
  Logic Levels:           1  (IBUF=1)
  Clock Path Skew:        2.073ns (DCD - SCD - CPR)
    Destination Clock Delay (DCD):    2.073ns
    Source Clock Delay      (SCD):    0.000ns
    Clock Pessimism Removal (CPR):    -0.000ns

    Location             Delay type                Incr(ns)  Path(ns)    Netlist Resource(s)
  -------------------------------------------------------------------    -------------------
    W6                                                0.000     0.000 r  s_axis_tdata[0] (IN)
                         net (fo=0)                   0.000     0.000    s_axis_tdata[0]
    W6                                                                r  s_axis_tdata_IBUF[0]_inst/I
    W6                   IBUF (Prop_ibuf_I_O)         0.185     0.185 r  s_axis_tdata_IBUF[0]_inst/O
                         net (fo=1, routed)           1.077     1.262    s_axis_tdata_IBUF[0]
    SLICE_X21Y27         FDRE                                         r  s_axis_tdata_reg_reg[0]/D
  -------------------------------------------------------------------    -------------------

                         (clock aclk rise edge)       0.000     0.000 r  
    U7                                                0.000     0.000 r  aclk (IN)
                         net (fo=0)                   0.000     0.000    aclk
    U7                                                                r  aclk_IBUF_inst/I
    U7                   IBUF (Prop_ibuf_I_O)         0.476     0.476 r  aclk_IBUF_inst/O
                         net (fo=1, routed)           0.719     1.195    aclk_IBUF
    BUFGCTRL_X0Y0                                                     r  aclk_IBUF_BUFG_inst/I
    BUFGCTRL_X0Y0        BUFG (Prop_bufg_I_O)         0.029     1.224 r  aclk_IBUF_BUFG_inst/O
                         net (fo=7212, routed)        0.849     2.073    aclk_IBUF_BUFG
    SLICE_X21Y27         FDRE                                         r  s_axis_tdata_reg_reg[0]/C

Slack:                    inf
  Source:                 s_axis_tvalid
                            (input port)
  Destination:            input_pixel_count_reg[5]/CE
                            (rising edge-triggered cell FDRE clocked by aclk  {rise@0.000ns fall@5.000ns period=10.000ns})
  Path Group:             (none)
  Path Type:              Hold (Min at Fast Process Corner)
  Data Path Delay:        1.315ns  (logic 0.277ns (21.089%)  route 1.038ns (78.911%))
  Logic Levels:           2  (IBUF=1 LUT2=1)
  Clock Path Skew:        2.074ns (DCD - SCD - CPR)
    Destination Clock Delay (DCD):    2.074ns
    Source Clock Delay      (SCD):    0.000ns
    Clock Pessimism Removal (CPR):    -0.000ns

    Location             Delay type                Incr(ns)  Path(ns)    Netlist Resource(s)
  -------------------------------------------------------------------    -------------------
    U8                                                0.000     0.000 r  s_axis_tvalid (IN)
                         net (fo=0)                   0.000     0.000    s_axis_tvalid
    U8                                                                r  s_axis_tvalid_IBUF_inst/I
    U8                   IBUF (Prop_ibuf_I_O)         0.232     0.232 r  s_axis_tvalid_IBUF_inst/O
                         net (fo=2, routed)           0.895     1.127    s_axis_tvalid_IBUF
    SLICE_X16Y25                                                      r  s_axis_tvalid_reg_i_1/I0
    SLICE_X16Y25         LUT2 (Prop_lut2_I0_O)        0.045     1.172 r  s_axis_tvalid_reg_i_1/O
                         net (fo=19, routed)          0.142     1.315    input_fire
    SLICE_X16Y27         FDRE                                         r  input_pixel_count_reg[5]/CE
  -------------------------------------------------------------------    -------------------

                         (clock aclk rise edge)       0.000     0.000 r  
    U7                                                0.000     0.000 r  aclk (IN)
                         net (fo=0)                   0.000     0.000    aclk
    U7                                                                r  aclk_IBUF_inst/I
    U7                   IBUF (Prop_ibuf_I_O)         0.476     0.476 r  aclk_IBUF_inst/O
                         net (fo=1, routed)           0.719     1.195    aclk_IBUF
    BUFGCTRL_X0Y0                                                     r  aclk_IBUF_BUFG_inst/I
    BUFGCTRL_X0Y0        BUFG (Prop_bufg_I_O)         0.029     1.224 r  aclk_IBUF_BUFG_inst/O
                         net (fo=7212, routed)        0.850     2.074    aclk_IBUF_BUFG
    SLICE_X16Y27         FDRE                                         r  input_pixel_count_reg[5]/C

Slack:                    inf
  Source:                 s_axis_tvalid
                            (input port)
  Destination:            input_pixel_count_reg[6]/CE
                            (rising edge-triggered cell FDRE clocked by aclk  {rise@0.000ns fall@5.000ns period=10.000ns})
  Path Group:             (none)
  Path Type:              Hold (Min at Fast Process Corner)
  Data Path Delay:        1.315ns  (logic 0.277ns (21.089%)  route 1.038ns (78.911%))
  Logic Levels:           2  (IBUF=1 LUT2=1)
  Clock Path Skew:        2.074ns (DCD - SCD - CPR)
    Destination Clock Delay (DCD):    2.074ns
    Source Clock Delay      (SCD):    0.000ns
    Clock Pessimism Removal (CPR):    -0.000ns

    Location             Delay type                Incr(ns)  Path(ns)    Netlist Resource(s)
  -------------------------------------------------------------------    -------------------
    U8                                                0.000     0.000 r  s_axis_tvalid (IN)
                         net (fo=0)                   0.000     0.000    s_axis_tvalid
    U8                                                                r  s_axis_tvalid_IBUF_inst/I
    U8                   IBUF (Prop_ibuf_I_O)         0.232     0.232 r  s_axis_tvalid_IBUF_inst/O
                         net (fo=2, routed)           0.895     1.127    s_axis_tvalid_IBUF
    SLICE_X16Y25                                                      r  s_axis_tvalid_reg_i_1/I0
    SLICE_X16Y25         LUT2 (Prop_lut2_I0_O)        0.045     1.172 r  s_axis_tvalid_reg_i_1/O
                         net (fo=19, routed)          0.142     1.315    input_fire
    SLICE_X16Y27         FDRE                                         r  input_pixel_count_reg[6]/CE
  -------------------------------------------------------------------    -------------------

                         (clock aclk rise edge)       0.000     0.000 r  
    U7                                                0.000     0.000 r  aclk (IN)
                         net (fo=0)                   0.000     0.000    aclk
    U7                                                                r  aclk_IBUF_inst/I
    U7                   IBUF (Prop_ibuf_I_O)         0.476     0.476 r  aclk_IBUF_inst/O
                         net (fo=1, routed)           0.719     1.195    aclk_IBUF
    BUFGCTRL_X0Y0                                                     r  aclk_IBUF_BUFG_inst/I
    BUFGCTRL_X0Y0        BUFG (Prop_bufg_I_O)         0.029     1.224 r  aclk_IBUF_BUFG_inst/O
                         net (fo=7212, routed)        0.850     2.074    aclk_IBUF_BUFG
    SLICE_X16Y27         FDRE                                         r  input_pixel_count_reg[6]/C

Slack:                    inf
  Source:                 s_axis_tvalid
                            (input port)
  Destination:            input_pixel_count_reg[7]/CE
                            (rising edge-triggered cell FDRE clocked by aclk  {rise@0.000ns fall@5.000ns period=10.000ns})
  Path Group:             (none)
  Path Type:              Hold (Min at Fast Process Corner)
  Data Path Delay:        1.315ns  (logic 0.277ns (21.089%)  route 1.038ns (78.911%))
  Logic Levels:           2  (IBUF=1 LUT2=1)
  Clock Path Skew:        2.074ns (DCD - SCD - CPR)
    Destination Clock Delay (DCD):    2.074ns
    Source Clock Delay      (SCD):    0.000ns
    Clock Pessimism Removal (CPR):    -0.000ns

    Location             Delay type                Incr(ns)  Path(ns)    Netlist Resource(s)
  -------------------------------------------------------------------    -------------------
    U8                                                0.000     0.000 r  s_axis_tvalid (IN)
                         net (fo=0)                   0.000     0.000    s_axis_tvalid
    U8                                                                r  s_axis_tvalid_IBUF_inst/I
    U8                   IBUF (Prop_ibuf_I_O)         0.232     0.232 r  s_axis_tvalid_IBUF_inst/O
                         net (fo=2, routed)           0.895     1.127    s_axis_tvalid_IBUF
    SLICE_X16Y25                                                      r  s_axis_tvalid_reg_i_1/I0
    SLICE_X16Y25         LUT2 (Prop_lut2_I0_O)        0.045     1.172 r  s_axis_tvalid_reg_i_1/O
                         net (fo=19, routed)          0.142     1.315    input_fire
    SLICE_X16Y27         FDRE                                         r  input_pixel_count_reg[7]/CE
  -------------------------------------------------------------------    -------------------

                         (clock aclk rise edge)       0.000     0.000 r  
    U7                                                0.000     0.000 r  aclk (IN)
                         net (fo=0)                   0.000     0.000    aclk
    U7                                                                r  aclk_IBUF_inst/I
    U7                   IBUF (Prop_ibuf_I_O)         0.476     0.476 r  aclk_IBUF_inst/O
                         net (fo=1, routed)           0.719     1.195    aclk_IBUF
    BUFGCTRL_X0Y0                                                     r  aclk_IBUF_BUFG_inst/I
    BUFGCTRL_X0Y0        BUFG (Prop_bufg_I_O)         0.029     1.224 r  aclk_IBUF_BUFG_inst/O
                         net (fo=7212, routed)        0.850     2.074    aclk_IBUF_BUFG
    SLICE_X16Y27         FDRE                                         r  input_pixel_count_reg[7]/C

Slack:                    inf
  Source:                 s_axis_tvalid
                            (input port)
  Destination:            input_pixel_count_reg[8]/CE
                            (rising edge-triggered cell FDRE clocked by aclk  {rise@0.000ns fall@5.000ns period=10.000ns})
  Path Group:             (none)
  Path Type:              Hold (Min at Fast Process Corner)
  Data Path Delay:        1.315ns  (logic 0.277ns (21.089%)  route 1.038ns (78.911%))
  Logic Levels:           2  (IBUF=1 LUT2=1)
  Clock Path Skew:        2.074ns (DCD - SCD - CPR)
    Destination Clock Delay (DCD):    2.074ns
    Source Clock Delay      (SCD):    0.000ns
    Clock Pessimism Removal (CPR):    -0.000ns

    Location             Delay type                Incr(ns)  Path(ns)    Netlist Resource(s)
  -------------------------------------------------------------------    -------------------
    U8                                                0.000     0.000 r  s_axis_tvalid (IN)
                         net (fo=0)                   0.000     0.000    s_axis_tvalid
    U8                                                                r  s_axis_tvalid_IBUF_inst/I
    U8                   IBUF (Prop_ibuf_I_O)         0.232     0.232 r  s_axis_tvalid_IBUF_inst/O
                         net (fo=2, routed)           0.895     1.127    s_axis_tvalid_IBUF
    SLICE_X16Y25                                                      r  s_axis_tvalid_reg_i_1/I0
    SLICE_X16Y25         LUT2 (Prop_lut2_I0_O)        0.045     1.172 r  s_axis_tvalid_reg_i_1/O
                         net (fo=19, routed)          0.142     1.315    input_fire
    SLICE_X16Y27         FDRE                                         r  input_pixel_count_reg[8]/CE
  -------------------------------------------------------------------    -------------------

                         (clock aclk rise edge)       0.000     0.000 r  
    U7                                                0.000     0.000 r  aclk (IN)
                         net (fo=0)                   0.000     0.000    aclk
    U7                                                                r  aclk_IBUF_inst/I
    U7                   IBUF (Prop_ibuf_I_O)         0.476     0.476 r  aclk_IBUF_inst/O
                         net (fo=1, routed)           0.719     1.195    aclk_IBUF
    BUFGCTRL_X0Y0                                                     r  aclk_IBUF_BUFG_inst/I
    BUFGCTRL_X0Y0        BUFG (Prop_bufg_I_O)         0.029     1.224 r  aclk_IBUF_BUFG_inst/O
                         net (fo=7212, routed)        0.850     2.074    aclk_IBUF_BUFG
    SLICE_X16Y27         FDRE                                         r  input_pixel_count_reg[8]/C

Slack:                    inf
  Source:                 s_axis_tvalid
                            (input port)
  Destination:            input_pixel_count_reg[9]/CE
                            (rising edge-triggered cell FDRE clocked by aclk  {rise@0.000ns fall@5.000ns period=10.000ns})
  Path Group:             (none)
  Path Type:              Hold (Min at Fast Process Corner)
  Data Path Delay:        1.374ns  (logic 0.277ns (20.189%)  route 1.096ns (79.811%))
  Logic Levels:           2  (IBUF=1 LUT2=1)
  Clock Path Skew:        2.074ns (DCD - SCD - CPR)
    Destination Clock Delay (DCD):    2.074ns
    Source Clock Delay      (SCD):    0.000ns
    Clock Pessimism Removal (CPR):    -0.000ns

    Location             Delay type                Incr(ns)  Path(ns)    Netlist Resource(s)
  -------------------------------------------------------------------    -------------------
    U8                                                0.000     0.000 r  s_axis_tvalid (IN)
                         net (fo=0)                   0.000     0.000    s_axis_tvalid
    U8                                                                r  s_axis_tvalid_IBUF_inst/I
    U8                   IBUF (Prop_ibuf_I_O)         0.232     0.232 r  s_axis_tvalid_IBUF_inst/O
                         net (fo=2, routed)           0.895     1.127    s_axis_tvalid_IBUF
    SLICE_X16Y25                                                      r  s_axis_tvalid_reg_i_1/I0
    SLICE_X16Y25         LUT2 (Prop_lut2_I0_O)        0.045     1.172 r  s_axis_tvalid_reg_i_1/O
                         net (fo=19, routed)          0.201     1.374    input_fire
    SLICE_X17Y27         FDRE                                         r  input_pixel_count_reg[9]/CE
  -------------------------------------------------------------------    -------------------

                         (clock aclk rise edge)       0.000     0.000 r  
    U7                                                0.000     0.000 r  aclk (IN)
                         net (fo=0)                   0.000     0.000    aclk
    U7                                                                r  aclk_IBUF_inst/I
    U7                   IBUF (Prop_ibuf_I_O)         0.476     0.476 r  aclk_IBUF_inst/O
                         net (fo=1, routed)           0.719     1.195    aclk_IBUF
    BUFGCTRL_X0Y0                                                     r  aclk_IBUF_BUFG_inst/I
    BUFGCTRL_X0Y0        BUFG (Prop_bufg_I_O)         0.029     1.224 r  aclk_IBUF_BUFG_inst/O
                         net (fo=7212, routed)        0.850     2.074    aclk_IBUF_BUFG
    SLICE_X17Y27         FDRE                                         r  input_pixel_count_reg[9]/C

Slack:                    inf
  Source:                 s_axis_tvalid
                            (input port)
  Destination:            s_axis_tdata_reg_reg[1]/CE
                            (rising edge-triggered cell FDRE clocked by aclk  {rise@0.000ns fall@5.000ns period=10.000ns})
  Path Group:             (none)
  Path Type:              Hold (Min at Fast Process Corner)
  Data Path Delay:        1.384ns  (logic 0.277ns (20.036%)  route 1.107ns (79.964%))
  Logic Levels:           2  (IBUF=1 LUT2=1)
  Clock Path Skew:        2.074ns (DCD - SCD - CPR)
    Destination Clock Delay (DCD):    2.074ns
    Source Clock Delay      (SCD):    0.000ns
    Clock Pessimism Removal (CPR):    -0.000ns

    Location             Delay type                Incr(ns)  Path(ns)    Netlist Resource(s)
  -------------------------------------------------------------------    -------------------
    U8                                                0.000     0.000 r  s_axis_tvalid (IN)
                         net (fo=0)                   0.000     0.000    s_axis_tvalid
    U8                                                                r  s_axis_tvalid_IBUF_inst/I
    U8                   IBUF (Prop_ibuf_I_O)         0.232     0.232 r  s_axis_tvalid_IBUF_inst/O
                         net (fo=2, routed)           0.895     1.127    s_axis_tvalid_IBUF
    SLICE_X16Y25                                                      r  s_axis_tvalid_reg_i_1/I0
    SLICE_X16Y25         LUT2 (Prop_lut2_I0_O)        0.045     1.172 r  s_axis_tvalid_reg_i_1/O
                         net (fo=19, routed)          0.212     1.384    input_fire
    SLICE_X13Y27         FDRE                                         r  s_axis_tdata_reg_reg[1]/CE
  -------------------------------------------------------------------    -------------------

                         (clock aclk rise edge)       0.000     0.000 r  
    U7                                                0.000     0.000 r  aclk (IN)
                         net (fo=0)                   0.000     0.000    aclk
    U7                                                                r  aclk_IBUF_inst/I
    U7                   IBUF (Prop_ibuf_I_O)         0.476     0.476 r  aclk_IBUF_inst/O
                         net (fo=1, routed)           0.719     1.195    aclk_IBUF
    BUFGCTRL_X0Y0                                                     r  aclk_IBUF_BUFG_inst/I
    BUFGCTRL_X0Y0        BUFG (Prop_bufg_I_O)         0.029     1.224 r  aclk_IBUF_BUFG_inst/O
                         net (fo=7212, routed)        0.850     2.074    aclk_IBUF_BUFG
    SLICE_X13Y27         FDRE                                         r  s_axis_tdata_reg_reg[1]/C

Slack:                    inf
  Source:                 s_axis_tvalid
                            (input port)
  Destination:            s_axis_tdata_reg_reg[0]/CE
                            (rising edge-triggered cell FDRE clocked by aclk  {rise@0.000ns fall@5.000ns period=10.000ns})
  Path Group:             (none)
  Path Type:              Hold (Min at Fast Process Corner)
  Data Path Delay:        1.389ns  (logic 0.277ns (19.965%)  route 1.112ns (80.035%))
  Logic Levels:           2  (IBUF=1 LUT2=1)
  Clock Path Skew:        2.073ns (DCD - SCD - CPR)
    Destination Clock Delay (DCD):    2.073ns
    Source Clock Delay      (SCD):    0.000ns
    Clock Pessimism Removal (CPR):    -0.000ns

    Location             Delay type                Incr(ns)  Path(ns)    Netlist Resource(s)
  -------------------------------------------------------------------    -------------------
    U8                                                0.000     0.000 r  s_axis_tvalid (IN)
                         net (fo=0)                   0.000     0.000    s_axis_tvalid
    U8                                                                r  s_axis_tvalid_IBUF_inst/I
    U8                   IBUF (Prop_ibuf_I_O)         0.232     0.232 r  s_axis_tvalid_IBUF_inst/O
                         net (fo=2, routed)           0.895     1.127    s_axis_tvalid_IBUF
    SLICE_X16Y25                                                      r  s_axis_tvalid_reg_i_1/I0
    SLICE_X16Y25         LUT2 (Prop_lut2_I0_O)        0.045     1.172 r  s_axis_tvalid_reg_i_1/O
                         net (fo=19, routed)          0.216     1.389    input_fire
    SLICE_X21Y27         FDRE                                         r  s_axis_tdata_reg_reg[0]/CE
  -------------------------------------------------------------------    -------------------

                         (clock aclk rise edge)       0.000     0.000 r  
    U7                                                0.000     0.000 r  aclk (IN)
                         net (fo=0)                   0.000     0.000    aclk
    U7                                                                r  aclk_IBUF_inst/I
    U7                   IBUF (Prop_ibuf_I_O)         0.476     0.476 r  aclk_IBUF_inst/O
                         net (fo=1, routed)           0.719     1.195    aclk_IBUF
    BUFGCTRL_X0Y0                                                     r  aclk_IBUF_BUFG_inst/I
    BUFGCTRL_X0Y0        BUFG (Prop_bufg_I_O)         0.029     1.224 r  aclk_IBUF_BUFG_inst/O
                         net (fo=7212, routed)        0.849     2.073    aclk_IBUF_BUFG
    SLICE_X21Y27         FDRE                                         r  s_axis_tdata_reg_reg[0]/C

Slack:                    inf
  Source:                 s_axis_tvalid
                            (input port)
  Destination:            s_axis_tdata_reg_reg[2]/CE
                            (rising edge-triggered cell FDRE clocked by aclk  {rise@0.000ns fall@5.000ns period=10.000ns})
  Path Group:             (none)
  Path Type:              Hold (Min at Fast Process Corner)
  Data Path Delay:        1.389ns  (logic 0.277ns (19.965%)  route 1.112ns (80.035%))
  Logic Levels:           2  (IBUF=1 LUT2=1)
  Clock Path Skew:        2.073ns (DCD - SCD - CPR)
    Destination Clock Delay (DCD):    2.073ns
    Source Clock Delay      (SCD):    0.000ns
    Clock Pessimism Removal (CPR):    -0.000ns

    Location             Delay type                Incr(ns)  Path(ns)    Netlist Resource(s)
  -------------------------------------------------------------------    -------------------
    U8                                                0.000     0.000 r  s_axis_tvalid (IN)
                         net (fo=0)                   0.000     0.000    s_axis_tvalid
    U8                                                                r  s_axis_tvalid_IBUF_inst/I
    U8                   IBUF (Prop_ibuf_I_O)         0.232     0.232 r  s_axis_tvalid_IBUF_inst/O
                         net (fo=2, routed)           0.895     1.127    s_axis_tvalid_IBUF
    SLICE_X16Y25                                                      r  s_axis_tvalid_reg_i_1/I0
    SLICE_X16Y25         LUT2 (Prop_lut2_I0_O)        0.045     1.172 r  s_axis_tvalid_reg_i_1/O
                         net (fo=19, routed)          0.216     1.389    input_fire
    SLICE_X21Y27         FDRE                                         r  s_axis_tdata_reg_reg[2]/CE
  -------------------------------------------------------------------    -------------------

                         (clock aclk rise edge)       0.000     0.000 r  
    U7                                                0.000     0.000 r  aclk (IN)
                         net (fo=0)                   0.000     0.000    aclk
    U7                                                                r  aclk_IBUF_inst/I
    U7                   IBUF (Prop_ibuf_I_O)         0.476     0.476 r  aclk_IBUF_inst/O
                         net (fo=1, routed)           0.719     1.195    aclk_IBUF
    BUFGCTRL_X0Y0                                                     r  aclk_IBUF_BUFG_inst/I
    BUFGCTRL_X0Y0        BUFG (Prop_bufg_I_O)         0.029     1.224 r  aclk_IBUF_BUFG_inst/O
                         net (fo=7212, routed)        0.849     2.073    aclk_IBUF_BUFG
    SLICE_X21Y27         FDRE                                         r  s_axis_tdata_reg_reg[2]/C

Slack:                    inf
  Source:                 s_axis_tvalid
                            (input port)
  Destination:            input_pixel_count_reg[0]/CE
                            (rising edge-triggered cell FDRE clocked by aclk  {rise@0.000ns fall@5.000ns period=10.000ns})
  Path Group:             (none)
  Path Type:              Hold (Min at Fast Process Corner)
  Data Path Delay:        1.428ns  (logic 0.277ns (19.413%)  route 1.151ns (80.587%))
  Logic Levels:           2  (IBUF=1 LUT2=1)
  Clock Path Skew:        2.072ns (DCD - SCD - CPR)
    Destination Clock Delay (DCD):    2.072ns
    Source Clock Delay      (SCD):    0.000ns
    Clock Pessimism Removal (CPR):    -0.000ns

    Location             Delay type                Incr(ns)  Path(ns)    Netlist Resource(s)
  -------------------------------------------------------------------    -------------------
    U8                                                0.000     0.000 r  s_axis_tvalid (IN)
                         net (fo=0)                   0.000     0.000    s_axis_tvalid
    U8                                                                r  s_axis_tvalid_IBUF_inst/I
    U8                   IBUF (Prop_ibuf_I_O)         0.232     0.232 r  s_axis_tvalid_IBUF_inst/O
                         net (fo=2, routed)           0.895     1.127    s_axis_tvalid_IBUF
    SLICE_X16Y25                                                      r  s_axis_tvalid_reg_i_1/I0
    SLICE_X16Y25         LUT2 (Prop_lut2_I0_O)        0.045     1.172 r  s_axis_tvalid_reg_i_1/O
                         net (fo=19, routed)          0.256     1.428    input_fire
    SLICE_X16Y26         FDRE                                         r  input_pixel_count_reg[0]/CE
  -------------------------------------------------------------------    -------------------

                         (clock aclk rise edge)       0.000     0.000 r  
    U7                                                0.000     0.000 r  aclk (IN)
                         net (fo=0)                   0.000     0.000    aclk
    U7                                                                r  aclk_IBUF_inst/I
    U7                   IBUF (Prop_ibuf_I_O)         0.476     0.476 r  aclk_IBUF_inst/O
                         net (fo=1, routed)           0.719     1.195    aclk_IBUF
    BUFGCTRL_X0Y0                                                     r  aclk_IBUF_BUFG_inst/I
    BUFGCTRL_X0Y0        BUFG (Prop_bufg_I_O)         0.029     1.224 r  aclk_IBUF_BUFG_inst/O
                         net (fo=7212, routed)        0.848     2.072    aclk_IBUF_BUFG
    SLICE_X16Y26         FDRE                                         r  input_pixel_count_reg[0]/C

Slack:                    inf
  Source:                 s_axis_tvalid
                            (input port)
  Destination:            input_pixel_count_reg[1]/CE
                            (rising edge-triggered cell FDRE clocked by aclk  {rise@0.000ns fall@5.000ns period=10.000ns})
  Path Group:             (none)
  Path Type:              Hold (Min at Fast Process Corner)
  Data Path Delay:        1.428ns  (logic 0.277ns (19.413%)  route 1.151ns (80.587%))
  Logic Levels:           2  (IBUF=1 LUT2=1)
  Clock Path Skew:        2.072ns (DCD - SCD - CPR)
    Destination Clock Delay (DCD):    2.072ns
    Source Clock Delay      (SCD):    0.000ns
    Clock Pessimism Removal (CPR):    -0.000ns

    Location             Delay type                Incr(ns)  Path(ns)    Netlist Resource(s)
  -------------------------------------------------------------------    -------------------
    U8                                                0.000     0.000 r  s_axis_tvalid (IN)
                         net (fo=0)                   0.000     0.000    s_axis_tvalid
    U8                                                                r  s_axis_tvalid_IBUF_inst/I
    U8                   IBUF (Prop_ibuf_I_O)         0.232     0.232 r  s_axis_tvalid_IBUF_inst/O
                         net (fo=2, routed)           0.895     1.127    s_axis_tvalid_IBUF
    SLICE_X16Y25                                                      r  s_axis_tvalid_reg_i_1/I0
    SLICE_X16Y25         LUT2 (Prop_lut2_I0_O)        0.045     1.172 r  s_axis_tvalid_reg_i_1/O
                         net (fo=19, routed)          0.256     1.428    input_fire
    SLICE_X16Y26         FDRE                                         r  input_pixel_count_reg[1]/CE
  -------------------------------------------------------------------    -------------------

                         (clock aclk rise edge)       0.000     0.000 r  
    U7                                                0.000     0.000 r  aclk (IN)
                         net (fo=0)                   0.000     0.000    aclk
    U7                                                                r  aclk_IBUF_inst/I
    U7                   IBUF (Prop_ibuf_I_O)         0.476     0.476 r  aclk_IBUF_inst/O
                         net (fo=1, routed)           0.719     1.195    aclk_IBUF
    BUFGCTRL_X0Y0                                                     r  aclk_IBUF_BUFG_inst/I
    BUFGCTRL_X0Y0        BUFG (Prop_bufg_I_O)         0.029     1.224 r  aclk_IBUF_BUFG_inst/O
                         net (fo=7212, routed)        0.848     2.072    aclk_IBUF_BUFG
    SLICE_X16Y26         FDRE                                         r  input_pixel_count_reg[1]/C





