Copyright 1986-2020 Xilinx, Inc. All Rights Reserved.
---------------------------------------------------------------------------------------------------------------------------------------------------------------
| Tool Version : Vivado v.2020.2 (win64) Build 3064766 Wed Nov 18 09:12:45 MST 2020
| Date         : Wed Sep  2 19:32:31 2026
| Host         : duyu running 64-bit major release  (build 9200)
| Command      : report_timing_summary -delay_type max -max_paths 20 -report_unconstrained -file D:/Xilinx/zynq7020/cnn/reports/synth_timing_summary_fixed.rpt
| Design       : axis_cnn_mnist
| Device       : 7z020-clg400
| Speed File   : -2  PRODUCTION 1.12 2019-11-22
---------------------------------------------------------------------------------------------------------------------------------------------------------------

Timing Summary Report

------------------------------------------------------------------------------------------------
| Timer Settings
| --------------
------------------------------------------------------------------------------------------------

  Enable Multi Corner Analysis               :  Yes
  Enable Pessimism Removal                   :  Yes
  Pessimism Removal Resolution               :  Nearest Common Node
  Enable Input Delay Default Clock           :  No
  Enable Preset / Clear Arcs                 :  No
  Disable Flight Delays                      :  No
  Ignore I/O Paths                           :  No
  Timing Early Launch at Borrowing Latches   :  No
  Borrow Time for Max Delay Exceptions       :  Yes
  Merge Timing Exceptions                    :  Yes

  Corner  Analyze    Analyze    
  Name    Max Paths  Min Paths  
  ------  ---------  ---------  
  Slow    Yes        Yes        
  Fast    Yes        Yes        



check_timing report

Table of Contents
-----------------
1. checking no_clock (0)
2. checking constant_clock (0)
3. checking pulse_width_clock (0)
4. checking unconstrained_internal_endpoints (0)
5. checking no_input_delay (11)
6. checking no_output_delay (7)
7. checking multiple_clock (0)
8. checking generated_clocks (0)
9. checking loops (0)
10. checking partial_input_delay (0)
11. checking partial_output_delay (0)
12. checking latch_loops (0)

1. checking no_clock (0)
------------------------
 There are 0 register/latch pins with no clock.


2. checking constant_clock (0)
------------------------------
 There are 0 register/latch pins with constant_clock.


3. checking pulse_width_clock (0)
---------------------------------
 There are 0 register/latch pins which need pulse_width check


4. checking unconstrained_internal_endpoints (0)
------------------------------------------------
 There are 0 pins that are not constrained for maximum delay.

 There are 0 pins that are not constrained for maximum delay due to constant clock.


5. checking no_input_delay (11)
-------------------------------
 There are 11 input ports with no input delay specified. (HIGH)

 There are 0 input ports with no input delay but user has a false path constraint.


6. checking no_output_delay (7)
-------------------------------
 There are 7 ports with no output delay specified. (HIGH)

 There are 0 ports with no output delay but user has a false path constraint

 There are 0 ports with no output delay but with a timing clock defined on it or propagating through it


7. checking multiple_clock (0)
------------------------------
 There are 0 register/latch pins with multiple clocks.


8. checking generated_clocks (0)
--------------------------------
 There are 0 generated clocks that are not connected to a clock source.


9. checking loops (0)
---------------------
 There are 0 combinational loops in the design.


10. checking partial_input_delay (0)
------------------------------------
 There are 0 input ports with partial input delay specified.


11. checking partial_output_delay (0)
-------------------------------------
 There are 0 ports with partial output delay specified.


12. checking latch_loops (0)
----------------------------
 There are 0 combinational latch loops in the design through latch input



------------------------------------------------------------------------------------------------
| Design Timing Summary
| ---------------------
------------------------------------------------------------------------------------------------

    WNS(ns)      TNS(ns)  TNS Failing Endpoints  TNS Total Endpoints     WPWS(ns)     TPWS(ns)  TPWS Failing Endpoints  TPWS Total Endpoints  
    -------      -------  ---------------------  -------------------     --------     --------  ----------------------  --------------------  
      0.074        0.000                      0                37069        3.870        0.000                       0                  7230  


All user specified timing constraints are met.


------------------------------------------------------------------------------------------------
| Clock Summary
| -------------
------------------------------------------------------------------------------------------------

Clock  Waveform(ns)       Period(ns)      Frequency(MHz)
-----  ------------       ----------      --------------
aclk   {0.000 5.000}      10.000          100.000         


------------------------------------------------------------------------------------------------
| Intra Clock Table
| -----------------
------------------------------------------------------------------------------------------------

Clock             WNS(ns)      TNS(ns)  TNS Failing Endpoints  TNS Total Endpoints     WPWS(ns)     TPWS(ns)  TPWS Failing Endpoints  TPWS Total Endpoints  
-----             -------      -------  ---------------------  -------------------     --------     --------  ----------------------  --------------------  
aclk                0.074        0.000                      0                37069        3.870        0.000                       0                  7230  


------------------------------------------------------------------------------------------------
| Inter Clock Table
| -----------------
------------------------------------------------------------------------------------------------

From Clock    To Clock          WNS(ns)      TNS(ns)  TNS Failing Endpoints  TNS Total Endpoints  
----------    --------          -------      -------  ---------------------  -------------------  


------------------------------------------------------------------------------------------------
| Other Path Groups Table
| -----------------------
------------------------------------------------------------------------------------------------

Path Group    From Clock    To Clock          WNS(ns)      TNS(ns)  TNS Failing Endpoints  TNS Total Endpoints  
----------    ----------    --------          -------      -------  ---------------------  -------------------  


------------------------------------------------------------------------------------------------
| User Ignored Path Table
| -----------------------
------------------------------------------------------------------------------------------------

Path Group    From Clock    To Clock    
----------    ----------    --------    


------------------------------------------------------------------------------------------------
| Unconstrained Path Table
| ------------------------
------------------------------------------------------------------------------------------------

Path Group    From Clock    To Clock    
----------    ----------    --------    
(none)        aclk                        
(none)                      aclk          


------------------------------------------------------------------------------------------------
| Timing Details
| --------------
------------------------------------------------------------------------------------------------


---------------------------------------------------------------------------------------------------
From Clock:  aclk
  To Clock:  aclk

Setup :            0  Failing Endpoints,  Worst Slack        0.074ns,  Total Violation        0.000ns
Hold  :           NA  Failing Endpoints,  Worst Slack           NA  ,  Total Violation           NA
PW    :            0  Failing Endpoints,  Worst Slack        3.870ns,  Total Violation        0.000ns
---------------------------------------------------------------------------------------------------


Max Delay Paths
--------------------------------------------------------------------------------------
Slack (MET) :             0.074ns  (required time - arrival time)
  Source:                 u_conv2/u_calc/calc_state_reg[0]_rep/C
                            (rising edge-triggered cell FDRE clocked by aclk  {rise@0.000ns fall@5.000ns period=10.000ns})
  Destination:            u_conv2/u_calc/stg1_mult_sum_reg[1][2][23]/D
                            (rising edge-triggered cell FDRE clocked by aclk  {rise@0.000ns fall@5.000ns period=10.000ns})
  Path Group:             aclk
  Path Type:              Setup (Max at Slow Process Corner)
  Requirement:            10.000ns  (aclk rise@10.000ns - aclk rise@0.000ns)
  Data Path Delay:        9.818ns  (logic 5.779ns (58.860%)  route 4.039ns (41.140%))
  Logic Levels:           12  (CARRY4=7 DSP48E1=1 LUT2=1 LUT3=3)
  Clock Path Skew:        -0.145ns (DCD - SCD + CPR)
    Destination Clock Delay (DCD):    1.902ns = ( 11.902 - 10.000 ) 
    Source Clock Delay      (SCD):    2.218ns
    Clock Pessimism Removal (CPR):    0.171ns
  Clock Uncertainty:      0.035ns  ((TSJ^2 + TIJ^2)^1/2 + DJ) / 2 + PE
    Total System Jitter     (TSJ):    0.071ns
    Total Input Jitter      (TIJ):    0.000ns
    Discrete Jitter          (DJ):    0.000ns
    Phase Error              (PE):    0.000ns

    Location             Delay type                Incr(ns)  Path(ns)    Netlist Resource(s)
  -------------------------------------------------------------------    -------------------
                         (clock aclk rise edge)       0.000     0.000 r  
                                                      0.000     0.000 r  aclk (IN)
                         net (fo=0)                   0.000     0.000    aclk
                         IBUF (Prop_ibuf_I_O)         0.904     0.904 r  aclk_IBUF_inst/O
                         net (fo=1, unplaced)         0.646     1.549    aclk_IBUF
                         BUFG (Prop_bufg_I_O)         0.085     1.634 r  aclk_IBUF_BUFG_inst/O
                         net (fo=7229, unplaced)      0.584     2.218    u_conv2/u_calc/aclk_IBUF_BUFG
                         FDRE                                         r  u_conv2/u_calc/calc_state_reg[0]_rep/C
  -------------------------------------------------------------------    -------------------
                         FDRE (Prop_fdre_C_Q)         0.397     2.615 r  u_conv2/u_calc/calc_state_reg[0]_rep/Q
                         net (fo=114, unplaced)       0.702     3.317    u_conv2/u_calc/calc_state_reg[0]_rep_0
                         LUT3 (Prop_lut3_I0_O)        0.232     3.549 r  u_conv2/u_calc/p_0_out__46_i_2/O
                         net (fo=1, unplaced)         0.347     3.896    u_conv2/u_calc/p_0_out__46_i_2_n_0
                         LUT2 (Prop_lut2_I1_O)        0.105     4.001 r  u_conv2/u_calc/p_0_out__46_i_1/O
                         net (fo=2, unplaced)         0.646     4.647    u_conv2/u_calc/p_0_out__46_i_1_n_0
                         DSP48E1 (Prop_dsp48e1_B[2]_P[0])
                                                      3.076     7.723 r  u_conv2/u_calc/p_0_out__46/P[0]
                         net (fo=3, unplaced)         0.646     8.368    u_conv2/u_calc/p_0_out__46_n_105
                         LUT3 (Prop_lut3_I2_O)        0.105     8.473 r  u_conv2/u_calc/stg1_mult_sum[1][2][7]_i_15/O
                         net (fo=1, unplaced)         0.537     9.010    u_conv2_n_1068
                         CARRY4 (Prop_carry4_DI[1]_CO[3])
                                                      0.430     9.440 r  u_calc/stg1_mult_sum_reg[1][2][7]_i_10/CO[3]
                         net (fo=1, unplaced)         0.008     9.448    u_calc/stg1_mult_sum_reg[1][2][7]_i_10_n_0
                         CARRY4 (Prop_carry4_CI_CO[3])
                                                      0.100     9.548 r  u_calc/stg1_mult_sum_reg[1][2][11]_i_10/CO[3]
                         net (fo=1, unplaced)         0.000     9.548    u_calc/stg1_mult_sum_reg[1][2][11]_i_10_n_0
                         CARRY4 (Prop_carry4_CI_CO[3])
                                                      0.100     9.648 r  u_calc/stg1_mult_sum_reg[1][2][15]_i_10/CO[3]
                         net (fo=1, unplaced)         0.000     9.648    u_calc/stg1_mult_sum_reg[1][2][15]_i_10_n_0
                         CARRY4 (Prop_carry4_CI_CO[3])
                                                      0.100     9.748 r  u_calc/stg1_mult_sum_reg[1][2][19]_i_10/CO[3]
                         net (fo=1, unplaced)         0.000     9.748    u_calc/stg1_mult_sum_reg[1][2][19]_i_10_n_0
                         CARRY4 (Prop_carry4_CI_O[0])
                                                      0.189     9.937 r  u_calc/stg1_mult_sum_reg[1][2][23]_i_12/O[0]
                         net (fo=3, unplaced)         0.617    10.554    u_calc/stg1_mult_sum_reg[1][2][23]_i_12_n_7
                         LUT3 (Prop_lut3_I0_O)        0.238    10.792 r  u_calc/stg1_mult_sum[1][2][19]_i_4/O
                         net (fo=1, unplaced)         0.537    11.329    u_calc/stg1_mult_sum[1][2][19]_i_4_n_0
                         CARRY4 (Prop_carry4_DI[1]_CO[3])
                                                      0.430    11.759 r  u_calc/stg1_mult_sum_reg[1][2][19]_i_1/CO[3]
                         net (fo=1, unplaced)         0.000    11.759    u_conv2/u_calc/stg1_mult_sum_reg[1][2][23]_0[0]
                         CARRY4 (Prop_carry4_CI_O[3])
                                                      0.277    12.036 r  u_conv2/u_calc/stg1_mult_sum_reg[1][2][23]_i_1/O[3]
                         net (fo=1, unplaced)         0.000    12.036    u_conv2/u_calc/stg1_mult_sum_reg[1][2][23]_i_1_n_4
                         FDRE                                         r  u_conv2/u_calc/stg1_mult_sum_reg[1][2][23]/D
  -------------------------------------------------------------------    -------------------

                         (clock aclk rise edge)      10.000    10.000 r  
                                                      0.000    10.000 r  aclk (IN)
                         net (fo=0)                   0.000    10.000    aclk
                         IBUF (Prop_ibuf_I_O)         0.773    10.773 r  aclk_IBUF_inst/O
                         net (fo=1, unplaced)         0.613    11.386    aclk_IBUF
                         BUFG (Prop_bufg_I_O)         0.077    11.463 r  aclk_IBUF_BUFG_inst/O
                         net (fo=7229, unplaced)      0.439    11.902    u_conv2/u_calc/aclk_IBUF_BUFG
                         FDRE                                         r  u_conv2/u_calc/stg1_mult_sum_reg[1][2][23]/C
                         clock pessimism              0.171    12.073    
                         clock uncertainty           -0.035    12.038    
                         FDRE (Setup_fdre_C_D)        0.072    12.110    u_conv2/u_calc/stg1_mult_sum_reg[1][2][23]
  -------------------------------------------------------------------
                         required time                         12.110    
                         arrival time                         -12.036    
  -------------------------------------------------------------------
                         slack                                  0.074    

Slack (MET) :             0.082ns  (required time - arrival time)
  Source:                 u_conv2/u_calc/calc_state_reg[0]_rep/C
                            (rising edge-triggered cell FDRE clocked by aclk  {rise@0.000ns fall@5.000ns period=10.000ns})
  Destination:            u_conv2/u_calc/stg1_mult_sum_reg[1][2][21]/D
                            (rising edge-triggered cell FDRE clocked by aclk  {rise@0.000ns fall@5.000ns period=10.000ns})
  Path Group:             aclk
  Path Type:              Setup (Max at Slow Process Corner)
  Requirement:            10.000ns  (aclk rise@10.000ns - aclk rise@0.000ns)
  Data Path Delay:        9.810ns  (logic 5.771ns (58.827%)  route 4.039ns (41.173%))
  Logic Levels:           12  (CARRY4=7 DSP48E1=1 LUT2=1 LUT3=3)
  Clock Path Skew:        -0.145ns (DCD - SCD + CPR)
    Destination Clock Delay (DCD):    1.902ns = ( 11.902 - 10.000 ) 
    Source Clock Delay      (SCD):    2.218ns
    Clock Pessimism Removal (CPR):    0.171ns
  Clock Uncertainty:      0.035ns  ((TSJ^2 + TIJ^2)^1/2 + DJ) / 2 + PE
    Total System Jitter     (TSJ):    0.071ns
    Total Input Jitter      (TIJ):    0.000ns
    Discrete Jitter          (DJ):    0.000ns
    Phase Error              (PE):    0.000ns

    Location             Delay type                Incr(ns)  Path(ns)    Netlist Resource(s)
  -------------------------------------------------------------------    -------------------
                         (clock aclk rise edge)       0.000     0.000 r  
                                                      0.000     0.000 r  aclk (IN)
                         net (fo=0)                   0.000     0.000    aclk
                         IBUF (Prop_ibuf_I_O)         0.904     0.904 r  aclk_IBUF_inst/O
                         net (fo=1, unplaced)         0.646     1.549    aclk_IBUF
                         BUFG (Prop_bufg_I_O)         0.085     1.634 r  aclk_IBUF_BUFG_inst/O
                         net (fo=7229, unplaced)      0.584     2.218    u_conv2/u_calc/aclk_IBUF_BUFG
                         FDRE                                         r  u_conv2/u_calc/calc_state_reg[0]_rep/C
  -------------------------------------------------------------------    -------------------
                         FDRE (Prop_fdre_C_Q)         0.397     2.615 r  u_conv2/u_calc/calc_state_reg[0]_rep/Q
                         net (fo=114, unplaced)       0.702     3.317    u_conv2/u_calc/calc_state_reg[0]_rep_0
                         LUT3 (Prop_lut3_I0_O)        0.232     3.549 r  u_conv2/u_calc/p_0_out__46_i_2/O
                         net (fo=1, unplaced)         0.347     3.896    u_conv2/u_calc/p_0_out__46_i_2_n_0
                         LUT2 (Prop_lut2_I1_O)        0.105     4.001 r  u_conv2/u_calc/p_0_out__46_i_1/O
                         net (fo=2, unplaced)         0.646     4.647    u_conv2/u_calc/p_0_out__46_i_1_n_0
                         DSP48E1 (Prop_dsp48e1_B[2]_P[0])
                                                      3.076     7.723 r  u_conv2/u_calc/p_0_out__46/P[0]
                         net (fo=3, unplaced)         0.646     8.368    u_conv2/u_calc/p_0_out__46_n_105
                         LUT3 (Prop_lut3_I2_O)        0.105     8.473 r  u_conv2/u_calc/stg1_mult_sum[1][2][7]_i_15/O
                         net (fo=1, unplaced)         0.537     9.010    u_conv2_n_1068
                         CARRY4 (Prop_carry4_DI[1]_CO[3])
                                                      0.430     9.440 r  u_calc/stg1_mult_sum_reg[1][2][7]_i_10/CO[3]
                         net (fo=1, unplaced)         0.008     9.448    u_calc/stg1_mult_sum_reg[1][2][7]_i_10_n_0
                         CARRY4 (Prop_carry4_CI_CO[3])
                                                      0.100     9.548 r  u_calc/stg1_mult_sum_reg[1][2][11]_i_10/CO[3]
                         net (fo=1, unplaced)         0.000     9.548    u_calc/stg1_mult_sum_reg[1][2][11]_i_10_n_0
                         CARRY4 (Prop_carry4_CI_CO[3])
                                                      0.100     9.648 r  u_calc/stg1_mult_sum_reg[1][2][15]_i_10/CO[3]
                         net (fo=1, unplaced)         0.000     9.648    u_calc/stg1_mult_sum_reg[1][2][15]_i_10_n_0
                         CARRY4 (Prop_carry4_CI_CO[3])
                                                      0.100     9.748 r  u_calc/stg1_mult_sum_reg[1][2][19]_i_10/CO[3]
                         net (fo=1, unplaced)         0.000     9.748    u_calc/stg1_mult_sum_reg[1][2][19]_i_10_n_0
                         CARRY4 (Prop_carry4_CI_O[0])
                                                      0.189     9.937 r  u_calc/stg1_mult_sum_reg[1][2][23]_i_12/O[0]
                         net (fo=3, unplaced)         0.617    10.554    u_calc/stg1_mult_sum_reg[1][2][23]_i_12_n_7
                         LUT3 (Prop_lut3_I0_O)        0.238    10.792 r  u_calc/stg1_mult_sum[1][2][19]_i_4/O
                         net (fo=1, unplaced)         0.537    11.329    u_calc/stg1_mult_sum[1][2][19]_i_4_n_0
                         CARRY4 (Prop_carry4_DI[1]_CO[3])
                                                      0.430    11.759 r  u_calc/stg1_mult_sum_reg[1][2][19]_i_1/CO[3]
                         net (fo=1, unplaced)         0.000    11.759    u_conv2/u_calc/stg1_mult_sum_reg[1][2][23]_0[0]
                         CARRY4 (Prop_carry4_CI_O[1])
                                                      0.269    12.028 r  u_conv2/u_calc/stg1_mult_sum_reg[1][2][23]_i_1/O[1]
                         net (fo=1, unplaced)         0.000    12.028    u_conv2/u_calc/stg1_mult_sum_reg[1][2][23]_i_1_n_6
                         FDRE                                         r  u_conv2/u_calc/stg1_mult_sum_reg[1][2][21]/D
  -------------------------------------------------------------------    -------------------

                         (clock aclk rise edge)      10.000    10.000 r  
                                                      0.000    10.000 r  aclk (IN)
                         net (fo=0)                   0.000    10.000    aclk
                         IBUF (Prop_ibuf_I_O)         0.773    10.773 r  aclk_IBUF_inst/O
                         net (fo=1, unplaced)         0.613    11.386    aclk_IBUF
                         BUFG (Prop_bufg_I_O)         0.077    11.463 r  aclk_IBUF_BUFG_inst/O
                         net (fo=7229, unplaced)      0.439    11.902    u_conv2/u_calc/aclk_IBUF_BUFG
                         FDRE                                         r  u_conv2/u_calc/stg1_mult_sum_reg[1][2][21]/C
                         clock pessimism              0.171    12.073    
                         clock uncertainty           -0.035    12.038    
                         FDRE (Setup_fdre_C_D)        0.072    12.110    u_conv2/u_calc/stg1_mult_sum_reg[1][2][21]
  -------------------------------------------------------------------
                         required time                         12.110    
                         arrival time                         -12.028    
  -------------------------------------------------------------------
                         slack                                  0.082    

Slack (MET) :             0.137ns  (required time - arrival time)
  Source:                 u_conv2/u_calc/calc_state_reg[0]_rep/C
                            (rising edge-triggered cell FDRE clocked by aclk  {rise@0.000ns fall@5.000ns period=10.000ns})
  Destination:            u_conv2/u_calc/stg1_mult_sum_reg[1][2][22]/D
                            (rising edge-triggered cell FDRE clocked by aclk  {rise@0.000ns fall@5.000ns period=10.000ns})
  Path Group:             aclk
  Path Type:              Setup (Max at Slow Process Corner)
  Requirement:            10.000ns  (aclk rise@10.000ns - aclk rise@0.000ns)
  Data Path Delay:        9.755ns  (logic 5.716ns (58.595%)  route 4.039ns (41.405%))
  Logic Levels:           12  (CARRY4=7 DSP48E1=1 LUT2=1 LUT3=3)
  Clock Path Skew:        -0.145ns (DCD - SCD + CPR)
    Destination Clock Delay (DCD):    1.902ns = ( 11.902 - 10.000 ) 
    Source Clock Delay      (SCD):    2.218ns
    Clock Pessimism Removal (CPR):    0.171ns
  Clock Uncertainty:      0.035ns  ((TSJ^2 + TIJ^2)^1/2 + DJ) / 2 + PE
    Total System Jitter     (TSJ):    0.071ns
    Total Input Jitter      (TIJ):    0.000ns
    Discrete Jitter          (DJ):    0.000ns
    Phase Error              (PE):    0.000ns

    Location             Delay type                Incr(ns)  Path(ns)    Netlist Resource(s)
  -------------------------------------------------------------------    -------------------
                         (clock aclk rise edge)       0.000     0.000 r  
                                                      0.000     0.000 r  aclk (IN)
                         net (fo=0)                   0.000     0.000    aclk
                         IBUF (Prop_ibuf_I_O)         0.904     0.904 r  aclk_IBUF_inst/O
                         net (fo=1, unplaced)         0.646     1.549    aclk_IBUF
                         BUFG (Prop_bufg_I_O)         0.085     1.634 r  aclk_IBUF_BUFG_inst/O
                         net (fo=7229, unplaced)      0.584     2.218    u_conv2/u_calc/aclk_IBUF_BUFG
                         FDRE                                         r  u_conv2/u_calc/calc_state_reg[0]_rep/C
  -------------------------------------------------------------------    -------------------
                         FDRE (Prop_fdre_C_Q)         0.397     2.615 r  u_conv2/u_calc/calc_state_reg[0]_rep/Q
                         net (fo=114, unplaced)       0.702     3.317    u_conv2/u_calc/calc_state_reg[0]_rep_0
                         LUT3 (Prop_lut3_I0_O)        0.232     3.549 r  u_conv2/u_calc/p_0_out__46_i_2/O
                         net (fo=1, unplaced)         0.347     3.896    u_conv2/u_calc/p_0_out__46_i_2_n_0
                         LUT2 (Prop_lut2_I1_O)        0.105     4.001 r  u_conv2/u_calc/p_0_out__46_i_1/O
                         net (fo=2, unplaced)         0.646     4.647    u_conv2/u_calc/p_0_out__46_i_1_n_0
                         DSP48E1 (Prop_dsp48e1_B[2]_P[0])
                                                      3.076     7.723 r  u_conv2/u_calc/p_0_out__46/P[0]
                         net (fo=3, unplaced)         0.646     8.368    u_conv2/u_calc/p_0_out__46_n_105
                         LUT3 (Prop_lut3_I2_O)        0.105     8.473 r  u_conv2/u_calc/stg1_mult_sum[1][2][7]_i_15/O
                         net (fo=1, unplaced)         0.537     9.010    u_conv2_n_1068
                         CARRY4 (Prop_carry4_DI[1]_CO[3])
                                                      0.430     9.440 r  u_calc/stg1_mult_sum_reg[1][2][7]_i_10/CO[3]
                         net (fo=1, unplaced)         0.008     9.448    u_calc/stg1_mult_sum_reg[1][2][7]_i_10_n_0
                         CARRY4 (Prop_carry4_CI_CO[3])
                                                      0.100     9.548 r  u_calc/stg1_mult_sum_reg[1][2][11]_i_10/CO[3]
                         net (fo=1, unplaced)         0.000     9.548    u_calc/stg1_mult_sum_reg[1][2][11]_i_10_n_0
                         CARRY4 (Prop_carry4_CI_CO[3])
                                                      0.100     9.648 r  u_calc/stg1_mult_sum_reg[1][2][15]_i_10/CO[3]
                         net (fo=1, unplaced)         0.000     9.648    u_calc/stg1_mult_sum_reg[1][2][15]_i_10_n_0
                         CARRY4 (Prop_carry4_CI_CO[3])
                                                      0.100     9.748 r  u_calc/stg1_mult_sum_reg[1][2][19]_i_10/CO[3]
                         net (fo=1, unplaced)         0.000     9.748    u_calc/stg1_mult_sum_reg[1][2][19]_i_10_n_0
                         CARRY4 (Prop_carry4_CI_O[0])
                                                      0.189     9.937 r  u_calc/stg1_mult_sum_reg[1][2][23]_i_12/O[0]
                         net (fo=3, unplaced)         0.617    10.554    u_calc/stg1_mult_sum_reg[1][2][23]_i_12_n_7
                         LUT3 (Prop_lut3_I0_O)        0.238    10.792 r  u_calc/stg1_mult_sum[1][2][19]_i_4/O
                         net (fo=1, unplaced)         0.537    11.329    u_calc/stg1_mult_sum[1][2][19]_i_4_n_0
                         CARRY4 (Prop_carry4_DI[1]_CO[3])
                                                      0.430    11.759 r  u_calc/stg1_mult_sum_reg[1][2][19]_i_1/CO[3]
                         net (fo=1, unplaced)         0.000    11.759    u_conv2/u_calc/stg1_mult_sum_reg[1][2][23]_0[0]
                         CARRY4 (Prop_carry4_CI_O[2])
                                                      0.214    11.973 r  u_conv2/u_calc/stg1_mult_sum_reg[1][2][23]_i_1/O[2]
                         net (fo=1, unplaced)         0.000    11.973    u_conv2/u_calc/stg1_mult_sum_reg[1][2][23]_i_1_n_5
                         FDRE                                         r  u_conv2/u_calc/stg1_mult_sum_reg[1][2][22]/D
  -------------------------------------------------------------------    -------------------

                         (clock aclk rise edge)      10.000    10.000 r  
                                                      0.000    10.000 r  aclk (IN)
                         net (fo=0)                   0.000    10.000    aclk
                         IBUF (Prop_ibuf_I_O)         0.773    10.773 r  aclk_IBUF_inst/O
                         net (fo=1, unplaced)         0.613    11.386    aclk_IBUF
                         BUFG (Prop_bufg_I_O)         0.077    11.463 r  aclk_IBUF_BUFG_inst/O
                         net (fo=7229, unplaced)      0.439    11.902    u_conv2/u_calc/aclk_IBUF_BUFG
                         FDRE                                         r  u_conv2/u_calc/stg1_mult_sum_reg[1][2][22]/C
                         clock pessimism              0.171    12.073    
                         clock uncertainty           -0.035    12.038    
                         FDRE (Setup_fdre_C_D)        0.072    12.110    u_conv2/u_calc/stg1_mult_sum_reg[1][2][22]
  -------------------------------------------------------------------
                         required time                         12.110    
                         arrival time                         -11.973    
  -------------------------------------------------------------------
                         slack                                  0.137    

Slack (MET) :             0.162ns  (required time - arrival time)
  Source:                 u_conv2/u_calc/calc_state_reg[0]_rep/C
                            (rising edge-triggered cell FDRE clocked by aclk  {rise@0.000ns fall@5.000ns period=10.000ns})
  Destination:            u_conv2/u_calc/stg1_mult_sum_reg[1][2][20]/D
                            (rising edge-triggered cell FDRE clocked by aclk  {rise@0.000ns fall@5.000ns period=10.000ns})
  Path Group:             aclk
  Path Type:              Setup (Max at Slow Process Corner)
  Requirement:            10.000ns  (aclk rise@10.000ns - aclk rise@0.000ns)
  Data Path Delay:        9.730ns  (logic 5.691ns (58.488%)  route 4.039ns (41.512%))
  Logic Levels:           12  (CARRY4=7 DSP48E1=1 LUT2=1 LUT3=3)
  Clock Path Skew:        -0.145ns (DCD - SCD + CPR)
    Destination Clock Delay (DCD):    1.902ns = ( 11.902 - 10.000 ) 
    Source Clock Delay      (SCD):    2.218ns
    Clock Pessimism Removal (CPR):    0.171ns
  Clock Uncertainty:      0.035ns  ((TSJ^2 + TIJ^2)^1/2 + DJ) / 2 + PE
    Total System Jitter     (TSJ):    0.071ns
    Total Input Jitter      (TIJ):    0.000ns
    Discrete Jitter          (DJ):    0.000ns
    Phase Error              (PE):    0.000ns

    Location             Delay type                Incr(ns)  Path(ns)    Netlist Resource(s)
  -------------------------------------------------------------------    -------------------
                         (clock aclk rise edge)       0.000     0.000 r  
                                                      0.000     0.000 r  aclk (IN)
                         net (fo=0)                   0.000     0.000    aclk
                         IBUF (Prop_ibuf_I_O)         0.904     0.904 r  aclk_IBUF_inst/O
                         net (fo=1, unplaced)         0.646     1.549    aclk_IBUF
                         BUFG (Prop_bufg_I_O)         0.085     1.634 r  aclk_IBUF_BUFG_inst/O
                         net (fo=7229, unplaced)      0.584     2.218    u_conv2/u_calc/aclk_IBUF_BUFG
                         FDRE                                         r  u_conv2/u_calc/calc_state_reg[0]_rep/C
  -------------------------------------------------------------------    -------------------
                         FDRE (Prop_fdre_C_Q)         0.397     2.615 r  u_conv2/u_calc/calc_state_reg[0]_rep/Q
                         net (fo=114, unplaced)       0.702     3.317    u_conv2/u_calc/calc_state_reg[0]_rep_0
                         LUT3 (Prop_lut3_I0_O)        0.232     3.549 r  u_conv2/u_calc/p_0_out__46_i_2/O
                         net (fo=1, unplaced)         0.347     3.896    u_conv2/u_calc/p_0_out__46_i_2_n_0
                         LUT2 (Prop_lut2_I1_O)        0.105     4.001 r  u_conv2/u_calc/p_0_out__46_i_1/O
                         net (fo=2, unplaced)         0.646     4.647    u_conv2/u_calc/p_0_out__46_i_1_n_0
                         DSP48E1 (Prop_dsp48e1_B[2]_P[0])
                                                      3.076     7.723 r  u_conv2/u_calc/p_0_out__46/P[0]
                         net (fo=3, unplaced)         0.646     8.368    u_conv2/u_calc/p_0_out__46_n_105
                         LUT3 (Prop_lut3_I2_O)        0.105     8.473 r  u_conv2/u_calc/stg1_mult_sum[1][2][7]_i_15/O
                         net (fo=1, unplaced)         0.537     9.010    u_conv2_n_1068
                         CARRY4 (Prop_carry4_DI[1]_CO[3])
                                                      0.430     9.440 r  u_calc/stg1_mult_sum_reg[1][2][7]_i_10/CO[3]
                         net (fo=1, unplaced)         0.008     9.448    u_calc/stg1_mult_sum_reg[1][2][7]_i_10_n_0
                         CARRY4 (Prop_carry4_CI_CO[3])
                                                      0.100     9.548 r  u_calc/stg1_mult_sum_reg[1][2][11]_i_10/CO[3]
                         net (fo=1, unplaced)         0.000     9.548    u_calc/stg1_mult_sum_reg[1][2][11]_i_10_n_0
                         CARRY4 (Prop_carry4_CI_CO[3])
                                                      0.100     9.648 r  u_calc/stg1_mult_sum_reg[1][2][15]_i_10/CO[3]
                         net (fo=1, unplaced)         0.000     9.648    u_calc/stg1_mult_sum_reg[1][2][15]_i_10_n_0
                         CARRY4 (Prop_carry4_CI_CO[3])
                                                      0.100     9.748 r  u_calc/stg1_mult_sum_reg[1][2][19]_i_10/CO[3]
                         net (fo=1, unplaced)         0.000     9.748    u_calc/stg1_mult_sum_reg[1][2][19]_i_10_n_0
                         CARRY4 (Prop_carry4_CI_O[0])
                                                      0.189     9.937 r  u_calc/stg1_mult_sum_reg[1][2][23]_i_12/O[0]
                         net (fo=3, unplaced)         0.617    10.554    u_calc/stg1_mult_sum_reg[1][2][23]_i_12_n_7
                         LUT3 (Prop_lut3_I0_O)        0.238    10.792 r  u_calc/stg1_mult_sum[1][2][19]_i_4/O
                         net (fo=1, unplaced)         0.537    11.329    u_calc/stg1_mult_sum[1][2][19]_i_4_n_0
                         CARRY4 (Prop_carry4_DI[1]_CO[3])
                                                      0.430    11.759 r  u_calc/stg1_mult_sum_reg[1][2][19]_i_1/CO[3]
                         net (fo=1, unplaced)         0.000    11.759    u_conv2/u_calc/stg1_mult_sum_reg[1][2][23]_0[0]
                         CARRY4 (Prop_carry4_CI_O[0])
                                                      0.189    11.948 r  u_conv2/u_calc/stg1_mult_sum_reg[1][2][23]_i_1/O[0]
                         net (fo=1, unplaced)         0.000    11.948    u_conv2/u_calc/stg1_mult_sum_reg[1][2][23]_i_1_n_7
                         FDRE                                         r  u_conv2/u_calc/stg1_mult_sum_reg[1][2][20]/D
  -------------------------------------------------------------------    -------------------

                         (clock aclk rise edge)      10.000    10.000 r  
                                                      0.000    10.000 r  aclk (IN)
                         net (fo=0)                   0.000    10.000    aclk
                         IBUF (Prop_ibuf_I_O)         0.773    10.773 r  aclk_IBUF_inst/O
                         net (fo=1, unplaced)         0.613    11.386    aclk_IBUF
                         BUFG (Prop_bufg_I_O)         0.077    11.463 r  aclk_IBUF_BUFG_inst/O
                         net (fo=7229, unplaced)      0.439    11.902    u_conv2/u_calc/aclk_IBUF_BUFG
                         FDRE                                         r  u_conv2/u_calc/stg1_mult_sum_reg[1][2][20]/C
                         clock pessimism              0.171    12.073    
                         clock uncertainty           -0.035    12.038    
                         FDRE (Setup_fdre_C_D)        0.072    12.110    u_conv2/u_calc/stg1_mult_sum_reg[1][2][20]
  -------------------------------------------------------------------
                         required time                         12.110    
                         arrival time                         -11.948    
  -------------------------------------------------------------------
                         slack                                  0.162    

Slack (MET) :             0.174ns  (required time - arrival time)
  Source:                 u_conv2/u_calc/calc_state_reg[0]_rep/C
                            (rising edge-triggered cell FDRE clocked by aclk  {rise@0.000ns fall@5.000ns period=10.000ns})
  Destination:            u_conv2/u_calc/stg1_mult_sum_reg[1][2][19]/D
                            (rising edge-triggered cell FDRE clocked by aclk  {rise@0.000ns fall@5.000ns period=10.000ns})
  Path Group:             aclk
  Path Type:              Setup (Max at Slow Process Corner)
  Requirement:            10.000ns  (aclk rise@10.000ns - aclk rise@0.000ns)
  Data Path Delay:        9.718ns  (logic 5.679ns (58.437%)  route 4.039ns (41.563%))
  Logic Levels:           11  (CARRY4=6 DSP48E1=1 LUT2=1 LUT3=3)
  Clock Path Skew:        -0.145ns (DCD - SCD + CPR)
    Destination Clock Delay (DCD):    1.902ns = ( 11.902 - 10.000 ) 
    Source Clock Delay      (SCD):    2.218ns
    Clock Pessimism Removal (CPR):    0.171ns
  Clock Uncertainty:      0.035ns  ((TSJ^2 + TIJ^2)^1/2 + DJ) / 2 + PE
    Total System Jitter     (TSJ):    0.071ns
    Total Input Jitter      (TIJ):    0.000ns
    Discrete Jitter          (DJ):    0.000ns
    Phase Error              (PE):    0.000ns

    Location             Delay type                Incr(ns)  Path(ns)    Netlist Resource(s)
  -------------------------------------------------------------------    -------------------
                         (clock aclk rise edge)       0.000     0.000 r  
                                                      0.000     0.000 r  aclk (IN)
                         net (fo=0)                   0.000     0.000    aclk
                         IBUF (Prop_ibuf_I_O)         0.904     0.904 r  aclk_IBUF_inst/O
                         net (fo=1, unplaced)         0.646     1.549    aclk_IBUF
                         BUFG (Prop_bufg_I_O)         0.085     1.634 r  aclk_IBUF_BUFG_inst/O
                         net (fo=7229, unplaced)      0.584     2.218    u_conv2/u_calc/aclk_IBUF_BUFG
                         FDRE                                         r  u_conv2/u_calc/calc_state_reg[0]_rep/C
  -------------------------------------------------------------------    -------------------
                         FDRE (Prop_fdre_C_Q)         0.397     2.615 r  u_conv2/u_calc/calc_state_reg[0]_rep/Q
                         net (fo=114, unplaced)       0.702     3.317    u_conv2/u_calc/calc_state_reg[0]_rep_0
                         LUT3 (Prop_lut3_I0_O)        0.232     3.549 r  u_conv2/u_calc/p_0_out__46_i_2/O
                         net (fo=1, unplaced)         0.347     3.896    u_conv2/u_calc/p_0_out__46_i_2_n_0
                         LUT2 (Prop_lut2_I1_O)        0.105     4.001 r  u_conv2/u_calc/p_0_out__46_i_1/O
                         net (fo=2, unplaced)         0.646     4.647    u_conv2/u_calc/p_0_out__46_i_1_n_0
                         DSP48E1 (Prop_dsp48e1_B[2]_P[0])
                                                      3.076     7.723 r  u_conv2/u_calc/p_0_out__46/P[0]
                         net (fo=3, unplaced)         0.646     8.368    u_conv2/u_calc/p_0_out__46_n_105
                         LUT3 (Prop_lut3_I2_O)        0.105     8.473 r  u_conv2/u_calc/stg1_mult_sum[1][2][7]_i_15/O
                         net (fo=1, unplaced)         0.537     9.010    u_conv2_n_1068
                         CARRY4 (Prop_carry4_DI[1]_CO[3])
                                                      0.430     9.440 r  u_calc/stg1_mult_sum_reg[1][2][7]_i_10/CO[3]
                         net (fo=1, unplaced)         0.008     9.448    u_calc/stg1_mult_sum_reg[1][2][7]_i_10_n_0
                         CARRY4 (Prop_carry4_CI_CO[3])
                                                      0.100     9.548 r  u_calc/stg1_mult_sum_reg[1][2][11]_i_10/CO[3]
                         net (fo=1, unplaced)         0.000     9.548    u_calc/stg1_mult_sum_reg[1][2][11]_i_10_n_0
                         CARRY4 (Prop_carry4_CI_CO[3])
                                                      0.100     9.648 r  u_calc/stg1_mult_sum_reg[1][2][15]_i_10/CO[3]
                         net (fo=1, unplaced)         0.000     9.648    u_calc/stg1_mult_sum_reg[1][2][15]_i_10_n_0
                         CARRY4 (Prop_carry4_CI_O[0])
                                                      0.189     9.837 r  u_calc/stg1_mult_sum_reg[1][2][19]_i_10/O[0]
                         net (fo=3, unplaced)         0.617    10.454    u_calc/stg1_mult_sum_reg[1][2][19]_i_10_n_7
                         LUT3 (Prop_lut3_I0_O)        0.238    10.692 r  u_calc/stg1_mult_sum[1][2][15]_i_4/O
                         net (fo=1, unplaced)         0.537    11.229    u_calc/stg1_mult_sum[1][2][15]_i_4_n_0
                         CARRY4 (Prop_carry4_DI[1]_CO[3])
                                                      0.430    11.659 r  u_calc/stg1_mult_sum_reg[1][2][15]_i_1/CO[3]
                         net (fo=1, unplaced)         0.000    11.659    u_calc/stg1_mult_sum_reg[1][2][15]_i_1_n_0
                         CARRY4 (Prop_carry4_CI_O[3])
                                                      0.277    11.936 r  u_calc/stg1_mult_sum_reg[1][2][19]_i_1/O[3]
                         net (fo=1, unplaced)         0.000    11.936    u_conv2/u_calc/stg1_mult_sum_reg[1][2][19]_0[19]
                         FDRE                                         r  u_conv2/u_calc/stg1_mult_sum_reg[1][2][19]/D
  -------------------------------------------------------------------    -------------------

                         (clock aclk rise edge)      10.000    10.000 r  
                                                      0.000    10.000 r  aclk (IN)
                         net (fo=0)                   0.000    10.000    aclk
                         IBUF (Prop_ibuf_I_O)         0.773    10.773 r  aclk_IBUF_inst/O
                         net (fo=1, unplaced)         0.613    11.386    aclk_IBUF
                         BUFG (Prop_bufg_I_O)         0.077    11.463 r  aclk_IBUF_BUFG_inst/O
                         net (fo=7229, unplaced)      0.439    11.902    u_conv2/u_calc/aclk_IBUF_BUFG
                         FDRE                                         r  u_conv2/u_calc/stg1_mult_sum_reg[1][2][19]/C
                         clock pessimism              0.171    12.073    
                         clock uncertainty           -0.035    12.038    
                         FDRE (Setup_fdre_C_D)        0.072    12.110    u_conv2/u_calc/stg1_mult_sum_reg[1][2][19]
  -------------------------------------------------------------------
                         required time                         12.110    
                         arrival time                         -11.936    
  -------------------------------------------------------------------
                         slack                                  0.174    

Slack (MET) :             0.182ns  (required time - arrival time)
  Source:                 u_conv2/u_calc/calc_state_reg[0]_rep/C
                            (rising edge-triggered cell FDRE clocked by aclk  {rise@0.000ns fall@5.000ns period=10.000ns})
  Destination:            u_conv2/u_calc/stg1_mult_sum_reg[1][2][17]/D
                            (rising edge-triggered cell FDRE clocked by aclk  {rise@0.000ns fall@5.000ns period=10.000ns})
  Path Group:             aclk
  Path Type:              Setup (Max at Slow Process Corner)
  Requirement:            10.000ns  (aclk rise@10.000ns - aclk rise@0.000ns)
  Data Path Delay:        9.710ns  (logic 5.671ns (58.403%)  route 4.039ns (41.597%))
  Logic Levels:           11  (CARRY4=6 DSP48E1=1 LUT2=1 LUT3=3)
  Clock Path Skew:        -0.145ns (DCD - SCD + CPR)
    Destination Clock Delay (DCD):    1.902ns = ( 11.902 - 10.000 ) 
    Source Clock Delay      (SCD):    2.218ns
    Clock Pessimism Removal (CPR):    0.171ns
  Clock Uncertainty:      0.035ns  ((TSJ^2 + TIJ^2)^1/2 + DJ) / 2 + PE
    Total System Jitter     (TSJ):    0.071ns
    Total Input Jitter      (TIJ):    0.000ns
    Discrete Jitter          (DJ):    0.000ns
    Phase Error              (PE):    0.000ns

    Location             Delay type                Incr(ns)  Path(ns)    Netlist Resource(s)
  -------------------------------------------------------------------    -------------------
                         (clock aclk rise edge)       0.000     0.000 r  
                                                      0.000     0.000 r  aclk (IN)
                         net (fo=0)                   0.000     0.000    aclk
                         IBUF (Prop_ibuf_I_O)         0.904     0.904 r  aclk_IBUF_inst/O
                         net (fo=1, unplaced)         0.646     1.549    aclk_IBUF
                         BUFG (Prop_bufg_I_O)         0.085     1.634 r  aclk_IBUF_BUFG_inst/O
                         net (fo=7229, unplaced)      0.584     2.218    u_conv2/u_calc/aclk_IBUF_BUFG
                         FDRE                                         r  u_conv2/u_calc/calc_state_reg[0]_rep/C
  -------------------------------------------------------------------    -------------------
                         FDRE (Prop_fdre_C_Q)         0.397     2.615 r  u_conv2/u_calc/calc_state_reg[0]_rep/Q
                         net (fo=114, unplaced)       0.702     3.317    u_conv2/u_calc/calc_state_reg[0]_rep_0
                         LUT3 (Prop_lut3_I0_O)        0.232     3.549 r  u_conv2/u_calc/p_0_out__46_i_2/O
                         net (fo=1, unplaced)         0.347     3.896    u_conv2/u_calc/p_0_out__46_i_2_n_0
                         LUT2 (Prop_lut2_I1_O)        0.105     4.001 r  u_conv2/u_calc/p_0_out__46_i_1/O
                         net (fo=2, unplaced)         0.646     4.647    u_conv2/u_calc/p_0_out__46_i_1_n_0
                         DSP48E1 (Prop_dsp48e1_B[2]_P[0])
                                                      3.076     7.723 r  u_conv2/u_calc/p_0_out__46/P[0]
                         net (fo=3, unplaced)         0.646     8.368    u_conv2/u_calc/p_0_out__46_n_105
                         LUT3 (Prop_lut3_I2_O)        0.105     8.473 r  u_conv2/u_calc/stg1_mult_sum[1][2][7]_i_15/O
                         net (fo=1, unplaced)         0.537     9.010    u_conv2_n_1068
                         CARRY4 (Prop_carry4_DI[1]_CO[3])
                                                      0.430     9.440 r  u_calc/stg1_mult_sum_reg[1][2][7]_i_10/CO[3]
                         net (fo=1, unplaced)         0.008     9.448    u_calc/stg1_mult_sum_reg[1][2][7]_i_10_n_0
                         CARRY4 (Prop_carry4_CI_CO[3])
                                                      0.100     9.548 r  u_calc/stg1_mult_sum_reg[1][2][11]_i_10/CO[3]
                         net (fo=1, unplaced)         0.000     9.548    u_calc/stg1_mult_sum_reg[1][2][11]_i_10_n_0
                         CARRY4 (Prop_carry4_CI_CO[3])
                                                      0.100     9.648 r  u_calc/stg1_mult_sum_reg[1][2][15]_i_10/CO[3]
                         net (fo=1, unplaced)         0.000     9.648    u_calc/stg1_mult_sum_reg[1][2][15]_i_10_n_0
                         CARRY4 (Prop_carry4_CI_O[0])
                                                      0.189     9.837 r  u_calc/stg1_mult_sum_reg[1][2][19]_i_10/O[0]
                         net (fo=3, unplaced)         0.617    10.454    u_calc/stg1_mult_sum_reg[1][2][19]_i_10_n_7
                         LUT3 (Prop_lut3_I0_O)        0.238    10.692 r  u_calc/stg1_mult_sum[1][2][15]_i_4/O
                         net (fo=1, unplaced)         0.537    11.229    u_calc/stg1_mult_sum[1][2][15]_i_4_n_0
                         CARRY4 (Prop_carry4_DI[1]_CO[3])
                                                      0.430    11.659 r  u_calc/stg1_mult_sum_reg[1][2][15]_i_1/CO[3]
                         net (fo=1, unplaced)         0.000    11.659    u_calc/stg1_mult_sum_reg[1][2][15]_i_1_n_0
                         CARRY4 (Prop_carry4_CI_O[1])
                                                      0.269    11.928 r  u_calc/stg1_mult_sum_reg[1][2][19]_i_1/O[1]
                         net (fo=1, unplaced)         0.000    11.928    u_conv2/u_calc/stg1_mult_sum_reg[1][2][19]_0[17]
                         FDRE                                         r  u_conv2/u_calc/stg1_mult_sum_reg[1][2][17]/D
  -------------------------------------------------------------------    -------------------

                         (clock aclk rise edge)      10.000    10.000 r  
                                                      0.000    10.000 r  aclk (IN)
                         net (fo=0)                   0.000    10.000    aclk
                         IBUF (Prop_ibuf_I_O)         0.773    10.773 r  aclk_IBUF_inst/O
                         net (fo=1, unplaced)         0.613    11.386    aclk_IBUF
                         BUFG (Prop_bufg_I_O)         0.077    11.463 r  aclk_IBUF_BUFG_inst/O
                         net (fo=7229, unplaced)      0.439    11.902    u_conv2/u_calc/aclk_IBUF_BUFG
                         FDRE                                         r  u_conv2/u_calc/stg1_mult_sum_reg[1][2][17]/C
                         clock pessimism              0.171    12.073    
                         clock uncertainty           -0.035    12.038    
                         FDRE (Setup_fdre_C_D)        0.072    12.110    u_conv2/u_calc/stg1_mult_sum_reg[1][2][17]
  -------------------------------------------------------------------
                         required time                         12.110    
                         arrival time                         -11.928    
  -------------------------------------------------------------------
                         slack                                  0.182    

Slack (MET) :             0.237ns  (required time - arrival time)
  Source:                 u_conv2/u_calc/calc_state_reg[0]_rep/C
                            (rising edge-triggered cell FDRE clocked by aclk  {rise@0.000ns fall@5.000ns period=10.000ns})
  Destination:            u_conv2/u_calc/stg1_mult_sum_reg[1][2][18]/D
                            (rising edge-triggered cell FDRE clocked by aclk  {rise@0.000ns fall@5.000ns period=10.000ns})
  Path Group:             aclk
  Path Type:              Setup (Max at Slow Process Corner)
  Requirement:            10.000ns  (aclk rise@10.000ns - aclk rise@0.000ns)
  Data Path Delay:        9.655ns  (logic 5.616ns (58.166%)  route 4.039ns (41.834%))
  Logic Levels:           11  (CARRY4=6 DSP48E1=1 LUT2=1 LUT3=3)
  Clock Path Skew:        -0.145ns (DCD - SCD + CPR)
    Destination Clock Delay (DCD):    1.902ns = ( 11.902 - 10.000 ) 
    Source Clock Delay      (SCD):    2.218ns
    Clock Pessimism Removal (CPR):    0.171ns
  Clock Uncertainty:      0.035ns  ((TSJ^2 + TIJ^2)^1/2 + DJ) / 2 + PE
    Total System Jitter     (TSJ):    0.071ns
    Total Input Jitter      (TIJ):    0.000ns
    Discrete Jitter          (DJ):    0.000ns
    Phase Error              (PE):    0.000ns

    Location             Delay type                Incr(ns)  Path(ns)    Netlist Resource(s)
  -------------------------------------------------------------------    -------------------
                         (clock aclk rise edge)       0.000     0.000 r  
                                                      0.000     0.000 r  aclk (IN)
                         net (fo=0)                   0.000     0.000    aclk
                         IBUF (Prop_ibuf_I_O)         0.904     0.904 r  aclk_IBUF_inst/O
                         net (fo=1, unplaced)         0.646     1.549    aclk_IBUF
                         BUFG (Prop_bufg_I_O)         0.085     1.634 r  aclk_IBUF_BUFG_inst/O
                         net (fo=7229, unplaced)      0.584     2.218    u_conv2/u_calc/aclk_IBUF_BUFG
                         FDRE                                         r  u_conv2/u_calc/calc_state_reg[0]_rep/C
  -------------------------------------------------------------------    -------------------
                         FDRE (Prop_fdre_C_Q)         0.397     2.615 r  u_conv2/u_calc/calc_state_reg[0]_rep/Q
                         net (fo=114, unplaced)       0.702     3.317    u_conv2/u_calc/calc_state_reg[0]_rep_0
                         LUT3 (Prop_lut3_I0_O)        0.232     3.549 r  u_conv2/u_calc/p_0_out__46_i_2/O
                         net (fo=1, unplaced)         0.347     3.896    u_conv2/u_calc/p_0_out__46_i_2_n_0
                         LUT2 (Prop_lut2_I1_O)        0.105     4.001 r  u_conv2/u_calc/p_0_out__46_i_1/O
                         net (fo=2, unplaced)         0.646     4.647    u_conv2/u_calc/p_0_out__46_i_1_n_0
                         DSP48E1 (Prop_dsp48e1_B[2]_P[0])
                                                      3.076     7.723 r  u_conv2/u_calc/p_0_out__46/P[0]
                         net (fo=3, unplaced)         0.646     8.368    u_conv2/u_calc/p_0_out__46_n_105
                         LUT3 (Prop_lut3_I2_O)        0.105     8.473 r  u_conv2/u_calc/stg1_mult_sum[1][2][7]_i_15/O
                         net (fo=1, unplaced)         0.537     9.010    u_conv2_n_1068
                         CARRY4 (Prop_carry4_DI[1]_CO[3])
                                                      0.430     9.440 r  u_calc/stg1_mult_sum_reg[1][2][7]_i_10/CO[3]
                         net (fo=1, unplaced)         0.008     9.448    u_calc/stg1_mult_sum_reg[1][2][7]_i_10_n_0
                         CARRY4 (Prop_carry4_CI_CO[3])
                                                      0.100     9.548 r  u_calc/stg1_mult_sum_reg[1][2][11]_i_10/CO[3]
                         net (fo=1, unplaced)         0.000     9.548    u_calc/stg1_mult_sum_reg[1][2][11]_i_10_n_0
                         CARRY4 (Prop_carry4_CI_CO[3])
                                                      0.100     9.648 r  u_calc/stg1_mult_sum_reg[1][2][15]_i_10/CO[3]
                         net (fo=1, unplaced)         0.000     9.648    u_calc/stg1_mult_sum_reg[1][2][15]_i_10_n_0
                         CARRY4 (Prop_carry4_CI_O[0])
                                                      0.189     9.837 r  u_calc/stg1_mult_sum_reg[1][2][19]_i_10/O[0]
                         net (fo=3, unplaced)         0.617    10.454    u_calc/stg1_mult_sum_reg[1][2][19]_i_10_n_7
                         LUT3 (Prop_lut3_I0_O)        0.238    10.692 r  u_calc/stg1_mult_sum[1][2][15]_i_4/O
                         net (fo=1, unplaced)         0.537    11.229    u_calc/stg1_mult_sum[1][2][15]_i_4_n_0
                         CARRY4 (Prop_carry4_DI[1]_CO[3])
                                                      0.430    11.659 r  u_calc/stg1_mult_sum_reg[1][2][15]_i_1/CO[3]
                         net (fo=1, unplaced)         0.000    11.659    u_calc/stg1_mult_sum_reg[1][2][15]_i_1_n_0
                         CARRY4 (Prop_carry4_CI_O[2])
                                                      0.214    11.873 r  u_calc/stg1_mult_sum_reg[1][2][19]_i_1/O[2]
                         net (fo=1, unplaced)         0.000    11.873    u_conv2/u_calc/stg1_mult_sum_reg[1][2][19]_0[18]
                         FDRE                                         r  u_conv2/u_calc/stg1_mult_sum_reg[1][2][18]/D
  -------------------------------------------------------------------    -------------------

                         (clock aclk rise edge)      10.000    10.000 r  
                                                      0.000    10.000 r  aclk (IN)
                         net (fo=0)                   0.000    10.000    aclk
                         IBUF (Prop_ibuf_I_O)         0.773    10.773 r  aclk_IBUF_inst/O
                         net (fo=1, unplaced)         0.613    11.386    aclk_IBUF
                         BUFG (Prop_bufg_I_O)         0.077    11.463 r  aclk_IBUF_BUFG_inst/O
                         net (fo=7229, unplaced)      0.439    11.902    u_conv2/u_calc/aclk_IBUF_BUFG
                         FDRE                                         r  u_conv2/u_calc/stg1_mult_sum_reg[1][2][18]/C
                         clock pessimism              0.171    12.073    
                         clock uncertainty           -0.035    12.038    
                         FDRE (Setup_fdre_C_D)        0.072    12.110    u_conv2/u_calc/stg1_mult_sum_reg[1][2][18]
  -------------------------------------------------------------------
                         required time                         12.110    
                         arrival time                         -11.873    
  -------------------------------------------------------------------
                         slack                                  0.237    

Slack (MET) :             0.262ns  (required time - arrival time)
  Source:                 u_conv2/u_calc/calc_state_reg[0]_rep/C
                            (rising edge-triggered cell FDRE clocked by aclk  {rise@0.000ns fall@5.000ns period=10.000ns})
  Destination:            u_conv2/u_calc/stg1_mult_sum_reg[1][2][16]/D
                            (rising edge-triggered cell FDRE clocked by aclk  {rise@0.000ns fall@5.000ns period=10.000ns})
  Path Group:             aclk
  Path Type:              Setup (Max at Slow Process Corner)
  Requirement:            10.000ns  (aclk rise@10.000ns - aclk rise@0.000ns)
  Data Path Delay:        9.630ns  (logic 5.591ns (58.057%)  route 4.039ns (41.943%))
  Logic Levels:           11  (CARRY4=6 DSP48E1=1 LUT2=1 LUT3=3)
  Clock Path Skew:        -0.145ns (DCD - SCD + CPR)
    Destination Clock Delay (DCD):    1.902ns = ( 11.902 - 10.000 ) 
    Source Clock Delay      (SCD):    2.218ns
    Clock Pessimism Removal (CPR):    0.171ns
  Clock Uncertainty:      0.035ns  ((TSJ^2 + TIJ^2)^1/2 + DJ) / 2 + PE
    Total System Jitter     (TSJ):    0.071ns
    Total Input Jitter      (TIJ):    0.000ns
    Discrete Jitter          (DJ):    0.000ns
    Phase Error              (PE):    0.000ns

    Location             Delay type                Incr(ns)  Path(ns)    Netlist Resource(s)
  -------------------------------------------------------------------    -------------------
                         (clock aclk rise edge)       0.000     0.000 r  
                                                      0.000     0.000 r  aclk (IN)
                         net (fo=0)                   0.000     0.000    aclk
                         IBUF (Prop_ibuf_I_O)         0.904     0.904 r  aclk_IBUF_inst/O
                         net (fo=1, unplaced)         0.646     1.549    aclk_IBUF
                         BUFG (Prop_bufg_I_O)         0.085     1.634 r  aclk_IBUF_BUFG_inst/O
                         net (fo=7229, unplaced)      0.584     2.218    u_conv2/u_calc/aclk_IBUF_BUFG
                         FDRE                                         r  u_conv2/u_calc/calc_state_reg[0]_rep/C
  -------------------------------------------------------------------    -------------------
                         FDRE (Prop_fdre_C_Q)         0.397     2.615 r  u_conv2/u_calc/calc_state_reg[0]_rep/Q
                         net (fo=114, unplaced)       0.702     3.317    u_conv2/u_calc/calc_state_reg[0]_rep_0
                         LUT3 (Prop_lut3_I0_O)        0.232     3.549 r  u_conv2/u_calc/p_0_out__46_i_2/O
                         net (fo=1, unplaced)         0.347     3.896    u_conv2/u_calc/p_0_out__46_i_2_n_0
                         LUT2 (Prop_lut2_I1_O)        0.105     4.001 r  u_conv2/u_calc/p_0_out__46_i_1/O
                         net (fo=2, unplaced)         0.646     4.647    u_conv2/u_calc/p_0_out__46_i_1_n_0
                         DSP48E1 (Prop_dsp48e1_B[2]_P[0])
                                                      3.076     7.723 r  u_conv2/u_calc/p_0_out__46/P[0]
                         net (fo=3, unplaced)         0.646     8.368    u_conv2/u_calc/p_0_out__46_n_105
                         LUT3 (Prop_lut3_I2_O)        0.105     8.473 r  u_conv2/u_calc/stg1_mult_sum[1][2][7]_i_15/O
                         net (fo=1, unplaced)         0.537     9.010    u_conv2_n_1068
                         CARRY4 (Prop_carry4_DI[1]_CO[3])
                                                      0.430     9.440 r  u_calc/stg1_mult_sum_reg[1][2][7]_i_10/CO[3]
                         net (fo=1, unplaced)         0.008     9.448    u_calc/stg1_mult_sum_reg[1][2][7]_i_10_n_0
                         CARRY4 (Prop_carry4_CI_CO[3])
                                                      0.100     9.548 r  u_calc/stg1_mult_sum_reg[1][2][11]_i_10/CO[3]
                         net (fo=1, unplaced)         0.000     9.548    u_calc/stg1_mult_sum_reg[1][2][11]_i_10_n_0
                         CARRY4 (Prop_carry4_CI_CO[3])
                                                      0.100     9.648 r  u_calc/stg1_mult_sum_reg[1][2][15]_i_10/CO[3]
                         net (fo=1, unplaced)         0.000     9.648    u_calc/stg1_mult_sum_reg[1][2][15]_i_10_n_0
                         CARRY4 (Prop_carry4_CI_O[0])
                                                      0.189     9.837 r  u_calc/stg1_mult_sum_reg[1][2][19]_i_10/O[0]
                         net (fo=3, unplaced)         0.617    10.454    u_calc/stg1_mult_sum_reg[1][2][19]_i_10_n_7
                         LUT3 (Prop_lut3_I0_O)        0.238    10.692 r  u_calc/stg1_mult_sum[1][2][15]_i_4/O
                         net (fo=1, unplaced)         0.537    11.229    u_calc/stg1_mult_sum[1][2][15]_i_4_n_0
                         CARRY4 (Prop_carry4_DI[1]_CO[3])
                                                      0.430    11.659 r  u_calc/stg1_mult_sum_reg[1][2][15]_i_1/CO[3]
                         net (fo=1, unplaced)         0.000    11.659    u_calc/stg1_mult_sum_reg[1][2][15]_i_1_n_0
                         CARRY4 (Prop_carry4_CI_O[0])
                                                      0.189    11.848 r  u_calc/stg1_mult_sum_reg[1][2][19]_i_1/O[0]
                         net (fo=1, unplaced)         0.000    11.848    u_conv2/u_calc/stg1_mult_sum_reg[1][2][19]_0[16]
                         FDRE                                         r  u_conv2/u_calc/stg1_mult_sum_reg[1][2][16]/D
  -------------------------------------------------------------------    -------------------

                         (clock aclk rise edge)      10.000    10.000 r  
                                                      0.000    10.000 r  aclk (IN)
                         net (fo=0)                   0.000    10.000    aclk
                         IBUF (Prop_ibuf_I_O)         0.773    10.773 r  aclk_IBUF_inst/O
                         net (fo=1, unplaced)         0.613    11.386    aclk_IBUF
                         BUFG (Prop_bufg_I_O)         0.077    11.463 r  aclk_IBUF_BUFG_inst/O
                         net (fo=7229, unplaced)      0.439    11.902    u_conv2/u_calc/aclk_IBUF_BUFG
                         FDRE                                         r  u_conv2/u_calc/stg1_mult_sum_reg[1][2][16]/C
                         clock pessimism              0.171    12.073    
                         clock uncertainty           -0.035    12.038    
                         FDRE (Setup_fdre_C_D)        0.072    12.110    u_conv2/u_calc/stg1_mult_sum_reg[1][2][16]
  -------------------------------------------------------------------
                         required time                         12.110    
                         arrival time                         -11.848    
  -------------------------------------------------------------------
                         slack                                  0.262    

Slack (MET) :             0.274ns  (required time - arrival time)
  Source:                 u_conv2/u_calc/calc_state_reg[0]_rep/C
                            (rising edge-triggered cell FDRE clocked by aclk  {rise@0.000ns fall@5.000ns period=10.000ns})
  Destination:            u_conv2/u_calc/stg1_mult_sum_reg[1][2][15]/D
                            (rising edge-triggered cell FDRE clocked by aclk  {rise@0.000ns fall@5.000ns period=10.000ns})
  Path Group:             aclk
  Path Type:              Setup (Max at Slow Process Corner)
  Requirement:            10.000ns  (aclk rise@10.000ns - aclk rise@0.000ns)
  Data Path Delay:        9.618ns  (logic 5.579ns (58.005%)  route 4.039ns (41.995%))
  Logic Levels:           10  (CARRY4=5 DSP48E1=1 LUT2=1 LUT3=3)
  Clock Path Skew:        -0.145ns (DCD - SCD + CPR)
    Destination Clock Delay (DCD):    1.902ns = ( 11.902 - 10.000 ) 
    Source Clock Delay      (SCD):    2.218ns
    Clock Pessimism Removal (CPR):    0.171ns
  Clock Uncertainty:      0.035ns  ((TSJ^2 + TIJ^2)^1/2 + DJ) / 2 + PE
    Total System Jitter     (TSJ):    0.071ns
    Total Input Jitter      (TIJ):    0.000ns
    Discrete Jitter          (DJ):    0.000ns
    Phase Error              (PE):    0.000ns

    Location             Delay type                Incr(ns)  Path(ns)    Netlist Resource(s)
  -------------------------------------------------------------------    -------------------
                         (clock aclk rise edge)       0.000     0.000 r  
                                                      0.000     0.000 r  aclk (IN)
                         net (fo=0)                   0.000     0.000    aclk
                         IBUF (Prop_ibuf_I_O)         0.904     0.904 r  aclk_IBUF_inst/O
                         net (fo=1, unplaced)         0.646     1.549    aclk_IBUF
                         BUFG (Prop_bufg_I_O)         0.085     1.634 r  aclk_IBUF_BUFG_inst/O
                         net (fo=7229, unplaced)      0.584     2.218    u_conv2/u_calc/aclk_IBUF_BUFG
                         FDRE                                         r  u_conv2/u_calc/calc_state_reg[0]_rep/C
  -------------------------------------------------------------------    -------------------
                         FDRE (Prop_fdre_C_Q)         0.397     2.615 r  u_conv2/u_calc/calc_state_reg[0]_rep/Q
                         net (fo=114, unplaced)       0.702     3.317    u_conv2/u_calc/calc_state_reg[0]_rep_0
                         LUT3 (Prop_lut3_I0_O)        0.232     3.549 r  u_conv2/u_calc/p_0_out__46_i_2/O
                         net (fo=1, unplaced)         0.347     3.896    u_conv2/u_calc/p_0_out__46_i_2_n_0
                         LUT2 (Prop_lut2_I1_O)        0.105     4.001 r  u_conv2/u_calc/p_0_out__46_i_1/O
                         net (fo=2, unplaced)         0.646     4.647    u_conv2/u_calc/p_0_out__46_i_1_n_0
                         DSP48E1 (Prop_dsp48e1_B[2]_P[0])
                                                      3.076     7.723 r  u_conv2/u_calc/p_0_out__46/P[0]
                         net (fo=3, unplaced)         0.646     8.368    u_conv2/u_calc/p_0_out__46_n_105
                         LUT3 (Prop_lut3_I2_O)        0.105     8.473 r  u_conv2/u_calc/stg1_mult_sum[1][2][7]_i_15/O
                         net (fo=1, unplaced)         0.537     9.010    u_conv2_n_1068
                         CARRY4 (Prop_carry4_DI[1]_CO[3])
                                                      0.430     9.440 r  u_calc/stg1_mult_sum_reg[1][2][7]_i_10/CO[3]
                         net (fo=1, unplaced)         0.008     9.448    u_calc/stg1_mult_sum_reg[1][2][7]_i_10_n_0
                         CARRY4 (Prop_carry4_CI_CO[3])
                                                      0.100     9.548 r  u_calc/stg1_mult_sum_reg[1][2][11]_i_10/CO[3]
                         net (fo=1, unplaced)         0.000     9.548    u_calc/stg1_mult_sum_reg[1][2][11]_i_10_n_0
                         CARRY4 (Prop_carry4_CI_O[0])
                                                      0.189     9.737 r  u_calc/stg1_mult_sum_reg[1][2][15]_i_10/O[0]
                         net (fo=3, unplaced)         0.617    10.354    u_calc/stg1_mult_sum_reg[1][2][15]_i_10_n_7
                         LUT3 (Prop_lut3_I0_O)        0.238    10.592 r  u_calc/stg1_mult_sum[1][2][11]_i_4/O
                         net (fo=1, unplaced)         0.537    11.129    u_calc/stg1_mult_sum[1][2][11]_i_4_n_0
                         CARRY4 (Prop_carry4_DI[1]_CO[3])
                                                      0.430    11.559 r  u_calc/stg1_mult_sum_reg[1][2][11]_i_1/CO[3]
                         net (fo=1, unplaced)         0.000    11.559    u_calc/stg1_mult_sum_reg[1][2][11]_i_1_n_0
                         CARRY4 (Prop_carry4_CI_O[3])
                                                      0.277    11.836 r  u_calc/stg1_mult_sum_reg[1][2][15]_i_1/O[3]
                         net (fo=1, unplaced)         0.000    11.836    u_conv2/u_calc/stg1_mult_sum_reg[1][2][19]_0[15]
                         FDRE                                         r  u_conv2/u_calc/stg1_mult_sum_reg[1][2][15]/D
  -------------------------------------------------------------------    -------------------

                         (clock aclk rise edge)      10.000    10.000 r  
                                                      0.000    10.000 r  aclk (IN)
                         net (fo=0)                   0.000    10.000    aclk
                         IBUF (Prop_ibuf_I_O)         0.773    10.773 r  aclk_IBUF_inst/O
                         net (fo=1, unplaced)         0.613    11.386    aclk_IBUF
                         BUFG (Prop_bufg_I_O)         0.077    11.463 r  aclk_IBUF_BUFG_inst/O
                         net (fo=7229, unplaced)      0.439    11.902    u_conv2/u_calc/aclk_IBUF_BUFG
                         FDRE                                         r  u_conv2/u_calc/stg1_mult_sum_reg[1][2][15]/C
                         clock pessimism              0.171    12.073    
                         clock uncertainty           -0.035    12.038    
                         FDRE (Setup_fdre_C_D)        0.072    12.110    u_conv2/u_calc/stg1_mult_sum_reg[1][2][15]
  -------------------------------------------------------------------
                         required time                         12.110    
                         arrival time                         -11.836    
  -------------------------------------------------------------------
                         slack                                  0.274    

Slack (MET) :             0.282ns  (required time - arrival time)
  Source:                 u_conv2/u_calc/calc_state_reg[0]_rep/C
                            (rising edge-triggered cell FDRE clocked by aclk  {rise@0.000ns fall@5.000ns period=10.000ns})
  Destination:            u_conv2/u_calc/stg1_mult_sum_reg[1][2][13]/D
                            (rising edge-triggered cell FDRE clocked by aclk  {rise@0.000ns fall@5.000ns period=10.000ns})
  Path Group:             aclk
  Path Type:              Setup (Max at Slow Process Corner)
  Requirement:            10.000ns  (aclk rise@10.000ns - aclk rise@0.000ns)
  Data Path Delay:        9.610ns  (logic 5.571ns (57.970%)  route 4.039ns (42.030%))
  Logic Levels:           10  (CARRY4=5 DSP48E1=1 LUT2=1 LUT3=3)
  Clock Path Skew:        -0.145ns (DCD - SCD + CPR)
    Destination Clock Delay (DCD):    1.902ns = ( 11.902 - 10.000 ) 
    Source Clock Delay      (SCD):    2.218ns
    Clock Pessimism Removal (CPR):    0.171ns
  Clock Uncertainty:      0.035ns  ((TSJ^2 + TIJ^2)^1/2 + DJ) / 2 + PE
    Total System Jitter     (TSJ):    0.071ns
    Total Input Jitter      (TIJ):    0.000ns
    Discrete Jitter          (DJ):    0.000ns
    Phase Error              (PE):    0.000ns

    Location             Delay type                Incr(ns)  Path(ns)    Netlist Resource(s)
  -------------------------------------------------------------------    -------------------
                         (clock aclk rise edge)       0.000     0.000 r  
                                                      0.000     0.000 r  aclk (IN)
                         net (fo=0)                   0.000     0.000    aclk
                         IBUF (Prop_ibuf_I_O)         0.904     0.904 r  aclk_IBUF_inst/O
                         net (fo=1, unplaced)         0.646     1.549    aclk_IBUF
                         BUFG (Prop_bufg_I_O)         0.085     1.634 r  aclk_IBUF_BUFG_inst/O
                         net (fo=7229, unplaced)      0.584     2.218    u_conv2/u_calc/aclk_IBUF_BUFG
                         FDRE                                         r  u_conv2/u_calc/calc_state_reg[0]_rep/C
  -------------------------------------------------------------------    -------------------
                         FDRE (Prop_fdre_C_Q)         0.397     2.615 r  u_conv2/u_calc/calc_state_reg[0]_rep/Q
                         net (fo=114, unplaced)       0.702     3.317    u_conv2/u_calc/calc_state_reg[0]_rep_0
                         LUT3 (Prop_lut3_I0_O)        0.232     3.549 r  u_conv2/u_calc/p_0_out__46_i_2/O
                         net (fo=1, unplaced)         0.347     3.896    u_conv2/u_calc/p_0_out__46_i_2_n_0
                         LUT2 (Prop_lut2_I1_O)        0.105     4.001 r  u_conv2/u_calc/p_0_out__46_i_1/O
                         net (fo=2, unplaced)         0.646     4.647    u_conv2/u_calc/p_0_out__46_i_1_n_0
                         DSP48E1 (Prop_dsp48e1_B[2]_P[0])
                                                      3.076     7.723 r  u_conv2/u_calc/p_0_out__46/P[0]
                         net (fo=3, unplaced)         0.646     8.368    u_conv2/u_calc/p_0_out__46_n_105
                         LUT3 (Prop_lut3_I2_O)        0.105     8.473 r  u_conv2/u_calc/stg1_mult_sum[1][2][7]_i_15/O
                         net (fo=1, unplaced)         0.537     9.010    u_conv2_n_1068
                         CARRY4 (Prop_carry4_DI[1]_CO[3])
                                                      0.430     9.440 r  u_calc/stg1_mult_sum_reg[1][2][7]_i_10/CO[3]
                         net (fo=1, unplaced)         0.008     9.448    u_calc/stg1_mult_sum_reg[1][2][7]_i_10_n_0
                         CARRY4 (Prop_carry4_CI_CO[3])
                                                      0.100     9.548 r  u_calc/stg1_mult_sum_reg[1][2][11]_i_10/CO[3]
                         net (fo=1, unplaced)         0.000     9.548    u_calc/stg1_mult_sum_reg[1][2][11]_i_10_n_0
                         CARRY4 (Prop_carry4_CI_O[0])
                                                      0.189     9.737 r  u_calc/stg1_mult_sum_reg[1][2][15]_i_10/O[0]
                         net (fo=3, unplaced)         0.617    10.354    u_calc/stg1_mult_sum_reg[1][2][15]_i_10_n_7
                         LUT3 (Prop_lut3_I0_O)        0.238    10.592 r  u_calc/stg1_mult_sum[1][2][11]_i_4/O
                         net (fo=1, unplaced)         0.537    11.129    u_calc/stg1_mult_sum[1][2][11]_i_4_n_0
                         CARRY4 (Prop_carry4_DI[1]_CO[3])
                                                      0.430    11.559 r  u_calc/stg1_mult_sum_reg[1][2][11]_i_1/CO[3]
                         net (fo=1, unplaced)         0.000    11.559    u_calc/stg1_mult_sum_reg[1][2][11]_i_1_n_0
                         CARRY4 (Prop_carry4_CI_O[1])
                                                      0.269    11.828 r  u_calc/stg1_mult_sum_reg[1][2][15]_i_1/O[1]
                         net (fo=1, unplaced)         0.000    11.828    u_conv2/u_calc/stg1_mult_sum_reg[1][2][19]_0[13]
                         FDRE                                         r  u_conv2/u_calc/stg1_mult_sum_reg[1][2][13]/D
  -------------------------------------------------------------------    -------------------

                         (clock aclk rise edge)      10.000    10.000 r  
                                                      0.000    10.000 r  aclk (IN)
                         net (fo=0)                   0.000    10.000    aclk
                         IBUF (Prop_ibuf_I_O)         0.773    10.773 r  aclk_IBUF_inst/O
                         net (fo=1, unplaced)         0.613    11.386    aclk_IBUF
                         BUFG (Prop_bufg_I_O)         0.077    11.463 r  aclk_IBUF_BUFG_inst/O
                         net (fo=7229, unplaced)      0.439    11.902    u_conv2/u_calc/aclk_IBUF_BUFG
                         FDRE                                         r  u_conv2/u_calc/stg1_mult_sum_reg[1][2][13]/C
                         clock pessimism              0.171    12.073    
                         clock uncertainty           -0.035    12.038    
                         FDRE (Setup_fdre_C_D)        0.072    12.110    u_conv2/u_calc/stg1_mult_sum_reg[1][2][13]
  -------------------------------------------------------------------
                         required time                         12.110    
                         arrival time                         -11.828    
  -------------------------------------------------------------------
                         slack                                  0.282    

Slack (MET) :             0.311ns  (required time - arrival time)
  Source:                 u_conv2/u_calc/calc_state_reg[0]_rep/C
                            (rising edge-triggered cell FDRE clocked by aclk  {rise@0.000ns fall@5.000ns period=10.000ns})
  Destination:            u_conv2/u_calc/stg1_mult_sum_reg[1][3][23]/D
                            (rising edge-triggered cell FDRE clocked by aclk  {rise@0.000ns fall@5.000ns period=10.000ns})
  Path Group:             aclk
  Path Type:              Setup (Max at Slow Process Corner)
  Requirement:            10.000ns  (aclk rise@10.000ns - aclk rise@0.000ns)
  Data Path Delay:        9.581ns  (logic 5.779ns (60.316%)  route 3.802ns (39.684%))
  Logic Levels:           12  (CARRY4=7 DSP48E1=1 LUT2=1 LUT3=3)
  Clock Path Skew:        -0.145ns (DCD - SCD + CPR)
    Destination Clock Delay (DCD):    1.902ns = ( 11.902 - 10.000 ) 
    Source Clock Delay      (SCD):    2.218ns
    Clock Pessimism Removal (CPR):    0.171ns
  Clock Uncertainty:      0.035ns  ((TSJ^2 + TIJ^2)^1/2 + DJ) / 2 + PE
    Total System Jitter     (TSJ):    0.071ns
    Total Input Jitter      (TIJ):    0.000ns
    Discrete Jitter          (DJ):    0.000ns
    Phase Error              (PE):    0.000ns

    Location             Delay type                Incr(ns)  Path(ns)    Netlist Resource(s)
  -------------------------------------------------------------------    -------------------
                         (clock aclk rise edge)       0.000     0.000 r  
                                                      0.000     0.000 r  aclk (IN)
                         net (fo=0)                   0.000     0.000    aclk
                         IBUF (Prop_ibuf_I_O)         0.904     0.904 r  aclk_IBUF_inst/O
                         net (fo=1, unplaced)         0.646     1.549    aclk_IBUF
                         BUFG (Prop_bufg_I_O)         0.085     1.634 r  aclk_IBUF_BUFG_inst/O
                         net (fo=7229, unplaced)      0.584     2.218    u_conv2/u_calc/aclk_IBUF_BUFG
                         FDRE                                         r  u_conv2/u_calc/calc_state_reg[0]_rep/C
  -------------------------------------------------------------------    -------------------
                         FDRE (Prop_fdre_C_Q)         0.397     2.615 r  u_conv2/u_calc/calc_state_reg[0]_rep/Q
                         net (fo=114, unplaced)       0.702     3.317    u_conv2/u_calc/calc_state_reg[0]_rep_0
                         LUT3 (Prop_lut3_I0_O)        0.232     3.549 r  u_conv2/u_calc/p_0_out__46_i_2/O
                         net (fo=1, unplaced)         0.347     3.896    u_conv2/u_calc/p_0_out__46_i_2_n_0
                         LUT2 (Prop_lut2_I1_O)        0.105     4.001 r  u_conv2/u_calc/p_0_out__46_i_1/O
                         net (fo=2, unplaced)         0.646     4.647    u_conv2/u_calc/p_0_out__46_i_1_n_0
                         DSP48E1 (Prop_dsp48e1_B[5]_P[0])
                                                      3.076     7.723 r  u_conv2/u_calc/p_0_out__56/P[0]
                         net (fo=3, unplaced)         0.646     8.368    u_conv2/u_calc/p_0_out__56_n_105
                         LUT3 (Prop_lut3_I0_O)        0.105     8.473 r  u_conv2/u_calc/stg1_mult_sum[1][3][7]_i_22/O
                         net (fo=1, unplaced)         0.537     9.010    u_conv2_n_1143
                         CARRY4 (Prop_carry4_DI[1]_CO[3])
                                                      0.430     9.440 r  u_calc/stg1_mult_sum_reg[1][3][7]_i_11/CO[3]
                         net (fo=1, unplaced)         0.008     9.448    u_calc/stg1_mult_sum_reg[1][3][7]_i_11_n_0
                         CARRY4 (Prop_carry4_CI_CO[3])
                                                      0.100     9.548 r  u_calc/stg1_mult_sum_reg[1][3][11]_i_11/CO[3]
                         net (fo=1, unplaced)         0.000     9.548    u_calc/stg1_mult_sum_reg[1][3][11]_i_11_n_0
                         CARRY4 (Prop_carry4_CI_CO[3])
                                                      0.100     9.648 r  u_calc/stg1_mult_sum_reg[1][3][15]_i_11/CO[3]
                         net (fo=1, unplaced)         0.000     9.648    u_calc/stg1_mult_sum_reg[1][3][15]_i_11_n_0
                         CARRY4 (Prop_carry4_CI_CO[3])
                                                      0.100     9.748 r  u_calc/stg1_mult_sum_reg[1][3][19]_i_11/CO[3]
                         net (fo=1, unplaced)         0.000     9.748    u_calc/stg1_mult_sum_reg[1][3][19]_i_11_n_0
                         CARRY4 (Prop_carry4_CI_O[0])
                                                      0.189     9.937 r  u_calc/stg1_mult_sum_reg[1][3][23]_i_13/O[0]
                         net (fo=3, unplaced)         0.380    10.317    u_calc/stg1_mult_sum_reg[1][3][23]_i_13_n_7
                         LUT3 (Prop_lut3_I1_O)        0.238    10.555 r  u_calc/stg1_mult_sum[1][3][19]_i_4/O
                         net (fo=1, unplaced)         0.537    11.092    u_calc/stg1_mult_sum[1][3][19]_i_4_n_0
                         CARRY4 (Prop_carry4_DI[1]_CO[3])
                                                      0.430    11.522 r  u_calc/stg1_mult_sum_reg[1][3][19]_i_1/CO[3]
                         net (fo=1, unplaced)         0.000    11.522    u_conv2/u_calc/stg1_mult_sum_reg[1][3][23]_0[0]
                         CARRY4 (Prop_carry4_CI_O[3])
                                                      0.277    11.799 r  u_conv2/u_calc/stg1_mult_sum_reg[1][3][23]_i_1/O[3]
                         net (fo=1, unplaced)         0.000    11.799    u_conv2/u_calc/stg1_mult_sum_reg[1][3][23]_i_1_n_4
                         FDRE                                         r  u_conv2/u_calc/stg1_mult_sum_reg[1][3][23]/D
  -------------------------------------------------------------------    -------------------

                         (clock aclk rise edge)      10.000    10.000 r  
                                                      0.000    10.000 r  aclk (IN)
                         net (fo=0)                   0.000    10.000    aclk
                         IBUF (Prop_ibuf_I_O)         0.773    10.773 r  aclk_IBUF_inst/O
                         net (fo=1, unplaced)         0.613    11.386    aclk_IBUF
                         BUFG (Prop_bufg_I_O)         0.077    11.463 r  aclk_IBUF_BUFG_inst/O
                         net (fo=7229, unplaced)      0.439    11.902    u_conv2/u_calc/aclk_IBUF_BUFG
                         FDRE                                         r  u_conv2/u_calc/stg1_mult_sum_reg[1][3][23]/C
                         clock pessimism              0.171    12.073    
                         clock uncertainty           -0.035    12.038    
                         FDRE (Setup_fdre_C_D)        0.072    12.110    u_conv2/u_calc/stg1_mult_sum_reg[1][3][23]
  -------------------------------------------------------------------
                         required time                         12.110    
                         arrival time                         -11.799    
  -------------------------------------------------------------------
                         slack                                  0.311    

Slack (MET) :             0.319ns  (required time - arrival time)
  Source:                 u_conv2/u_calc/calc_state_reg[0]_rep/C
                            (rising edge-triggered cell FDRE clocked by aclk  {rise@0.000ns fall@5.000ns period=10.000ns})
  Destination:            u_conv2/u_calc/stg1_mult_sum_reg[1][3][21]/D
                            (rising edge-triggered cell FDRE clocked by aclk  {rise@0.000ns fall@5.000ns period=10.000ns})
  Path Group:             aclk
  Path Type:              Setup (Max at Slow Process Corner)
  Requirement:            10.000ns  (aclk rise@10.000ns - aclk rise@0.000ns)
  Data Path Delay:        9.573ns  (logic 5.771ns (60.283%)  route 3.802ns (39.717%))
  Logic Levels:           12  (CARRY4=7 DSP48E1=1 LUT2=1 LUT3=3)
  Clock Path Skew:        -0.145ns (DCD - SCD + CPR)
    Destination Clock Delay (DCD):    1.902ns = ( 11.902 - 10.000 ) 
    Source Clock Delay      (SCD):    2.218ns
    Clock Pessimism Removal (CPR):    0.171ns
  Clock Uncertainty:      0.035ns  ((TSJ^2 + TIJ^2)^1/2 + DJ) / 2 + PE
    Total System Jitter     (TSJ):    0.071ns
    Total Input Jitter      (TIJ):    0.000ns
    Discrete Jitter          (DJ):    0.000ns
    Phase Error              (PE):    0.000ns

    Location             Delay type                Incr(ns)  Path(ns)    Netlist Resource(s)
  -------------------------------------------------------------------    -------------------
                         (clock aclk rise edge)       0.000     0.000 r  
                                                      0.000     0.000 r  aclk (IN)
                         net (fo=0)                   0.000     0.000    aclk
                         IBUF (Prop_ibuf_I_O)         0.904     0.904 r  aclk_IBUF_inst/O
                         net (fo=1, unplaced)         0.646     1.549    aclk_IBUF
                         BUFG (Prop_bufg_I_O)         0.085     1.634 r  aclk_IBUF_BUFG_inst/O
                         net (fo=7229, unplaced)      0.584     2.218    u_conv2/u_calc/aclk_IBUF_BUFG
                         FDRE                                         r  u_conv2/u_calc/calc_state_reg[0]_rep/C
  -------------------------------------------------------------------    -------------------
                         FDRE (Prop_fdre_C_Q)         0.397     2.615 r  u_conv2/u_calc/calc_state_reg[0]_rep/Q
                         net (fo=114, unplaced)       0.702     3.317    u_conv2/u_calc/calc_state_reg[0]_rep_0
                         LUT3 (Prop_lut3_I0_O)        0.232     3.549 r  u_conv2/u_calc/p_0_out__46_i_2/O
                         net (fo=1, unplaced)         0.347     3.896    u_conv2/u_calc/p_0_out__46_i_2_n_0
                         LUT2 (Prop_lut2_I1_O)        0.105     4.001 r  u_conv2/u_calc/p_0_out__46_i_1/O
                         net (fo=2, unplaced)         0.646     4.647    u_conv2/u_calc/p_0_out__46_i_1_n_0
                         DSP48E1 (Prop_dsp48e1_B[5]_P[0])
                                                      3.076     7.723 r  u_conv2/u_calc/p_0_out__56/P[0]
                         net (fo=3, unplaced)         0.646     8.368    u_conv2/u_calc/p_0_out__56_n_105
                         LUT3 (Prop_lut3_I0_O)        0.105     8.473 r  u_conv2/u_calc/stg1_mult_sum[1][3][7]_i_22/O
                         net (fo=1, unplaced)         0.537     9.010    u_conv2_n_1143
                         CARRY4 (Prop_carry4_DI[1]_CO[3])
                                                      0.430     9.440 r  u_calc/stg1_mult_sum_reg[1][3][7]_i_11/CO[3]
                         net (fo=1, unplaced)         0.008     9.448    u_calc/stg1_mult_sum_reg[1][3][7]_i_11_n_0
                         CARRY4 (Prop_carry4_CI_CO[3])
                                                      0.100     9.548 r  u_calc/stg1_mult_sum_reg[1][3][11]_i_11/CO[3]
                         net (fo=1, unplaced)         0.000     9.548    u_calc/stg1_mult_sum_reg[1][3][11]_i_11_n_0
                         CARRY4 (Prop_carry4_CI_CO[3])
                                                      0.100     9.648 r  u_calc/stg1_mult_sum_reg[1][3][15]_i_11/CO[3]
                         net (fo=1, unplaced)         0.000     9.648    u_calc/stg1_mult_sum_reg[1][3][15]_i_11_n_0
                         CARRY4 (Prop_carry4_CI_CO[3])
                                                      0.100     9.748 r  u_calc/stg1_mult_sum_reg[1][3][19]_i_11/CO[3]
                         net (fo=1, unplaced)         0.000     9.748    u_calc/stg1_mult_sum_reg[1][3][19]_i_11_n_0
                         CARRY4 (Prop_carry4_CI_O[0])
                                                      0.189     9.937 r  u_calc/stg1_mult_sum_reg[1][3][23]_i_13/O[0]
                         net (fo=3, unplaced)         0.380    10.317    u_calc/stg1_mult_sum_reg[1][3][23]_i_13_n_7
                         LUT3 (Prop_lut3_I1_O)        0.238    10.555 r  u_calc/stg1_mult_sum[1][3][19]_i_4/O
                         net (fo=1, unplaced)         0.537    11.092    u_calc/stg1_mult_sum[1][3][19]_i_4_n_0
                         CARRY4 (Prop_carry4_DI[1]_CO[3])
                                                      0.430    11.522 r  u_calc/stg1_mult_sum_reg[1][3][19]_i_1/CO[3]
                         net (fo=1, unplaced)         0.000    11.522    u_conv2/u_calc/stg1_mult_sum_reg[1][3][23]_0[0]
                         CARRY4 (Prop_carry4_CI_O[1])
                                                      0.269    11.791 r  u_conv2/u_calc/stg1_mult_sum_reg[1][3][23]_i_1/O[1]
                         net (fo=1, unplaced)         0.000    11.791    u_conv2/u_calc/stg1_mult_sum_reg[1][3][23]_i_1_n_6
                         FDRE                                         r  u_conv2/u_calc/stg1_mult_sum_reg[1][3][21]/D
  -------------------------------------------------------------------    -------------------

                         (clock aclk rise edge)      10.000    10.000 r  
                                                      0.000    10.000 r  aclk (IN)
                         net (fo=0)                   0.000    10.000    aclk
                         IBUF (Prop_ibuf_I_O)         0.773    10.773 r  aclk_IBUF_inst/O
                         net (fo=1, unplaced)         0.613    11.386    aclk_IBUF
                         BUFG (Prop_bufg_I_O)         0.077    11.463 r  aclk_IBUF_BUFG_inst/O
                         net (fo=7229, unplaced)      0.439    11.902    u_conv2/u_calc/aclk_IBUF_BUFG
                         FDRE                                         r  u_conv2/u_calc/stg1_mult_sum_reg[1][3][21]/C
                         clock pessimism              0.171    12.073    
                         clock uncertainty           -0.035    12.038    
                         FDRE (Setup_fdre_C_D)        0.072    12.110    u_conv2/u_calc/stg1_mult_sum_reg[1][3][21]
  -------------------------------------------------------------------
                         required time                         12.110    
                         arrival time                         -11.791    
  -------------------------------------------------------------------
                         slack                                  0.319    

Slack (MET) :             0.337ns  (required time - arrival time)
  Source:                 u_conv2/u_calc/calc_state_reg[0]_rep/C
                            (rising edge-triggered cell FDRE clocked by aclk  {rise@0.000ns fall@5.000ns period=10.000ns})
  Destination:            u_conv2/u_calc/stg1_mult_sum_reg[1][2][14]/D
                            (rising edge-triggered cell FDRE clocked by aclk  {rise@0.000ns fall@5.000ns period=10.000ns})
  Path Group:             aclk
  Path Type:              Setup (Max at Slow Process Corner)
  Requirement:            10.000ns  (aclk rise@10.000ns - aclk rise@0.000ns)
  Data Path Delay:        9.555ns  (logic 5.516ns (57.728%)  route 4.039ns (42.272%))
  Logic Levels:           10  (CARRY4=5 DSP48E1=1 LUT2=1 LUT3=3)
  Clock Path Skew:        -0.145ns (DCD - SCD + CPR)
    Destination Clock Delay (DCD):    1.902ns = ( 11.902 - 10.000 ) 
    Source Clock Delay      (SCD):    2.218ns
    Clock Pessimism Removal (CPR):    0.171ns
  Clock Uncertainty:      0.035ns  ((TSJ^2 + TIJ^2)^1/2 + DJ) / 2 + PE
    Total System Jitter     (TSJ):    0.071ns
    Total Input Jitter      (TIJ):    0.000ns
    Discrete Jitter          (DJ):    0.000ns
    Phase Error              (PE):    0.000ns

    Location             Delay type                Incr(ns)  Path(ns)    Netlist Resource(s)
  -------------------------------------------------------------------    -------------------
                         (clock aclk rise edge)       0.000     0.000 r  
                                                      0.000     0.000 r  aclk (IN)
                         net (fo=0)                   0.000     0.000    aclk
                         IBUF (Prop_ibuf_I_O)         0.904     0.904 r  aclk_IBUF_inst/O
                         net (fo=1, unplaced)         0.646     1.549    aclk_IBUF
                         BUFG (Prop_bufg_I_O)         0.085     1.634 r  aclk_IBUF_BUFG_inst/O
                         net (fo=7229, unplaced)      0.584     2.218    u_conv2/u_calc/aclk_IBUF_BUFG
                         FDRE                                         r  u_conv2/u_calc/calc_state_reg[0]_rep/C
  -------------------------------------------------------------------    -------------------
                         FDRE (Prop_fdre_C_Q)         0.397     2.615 r  u_conv2/u_calc/calc_state_reg[0]_rep/Q
                         net (fo=114, unplaced)       0.702     3.317    u_conv2/u_calc/calc_state_reg[0]_rep_0
                         LUT3 (Prop_lut3_I0_O)        0.232     3.549 r  u_conv2/u_calc/p_0_out__46_i_2/O
                         net (fo=1, unplaced)         0.347     3.896    u_conv2/u_calc/p_0_out__46_i_2_n_0
                         LUT2 (Prop_lut2_I1_O)        0.105     4.001 r  u_conv2/u_calc/p_0_out__46_i_1/O
                         net (fo=2, unplaced)         0.646     4.647    u_conv2/u_calc/p_0_out__46_i_1_n_0
                         DSP48E1 (Prop_dsp48e1_B[2]_P[0])
                                                      3.076     7.723 r  u_conv2/u_calc/p_0_out__46/P[0]
                         net (fo=3, unplaced)         0.646     8.368    u_conv2/u_calc/p_0_out__46_n_105
                         LUT3 (Prop_lut3_I2_O)        0.105     8.473 r  u_conv2/u_calc/stg1_mult_sum[1][2][7]_i_15/O
                         net (fo=1, unplaced)         0.537     9.010    u_conv2_n_1068
                         CARRY4 (Prop_carry4_DI[1]_CO[3])
                                                      0.430     9.440 r  u_calc/stg1_mult_sum_reg[1][2][7]_i_10/CO[3]
                         net (fo=1, unplaced)         0.008     9.448    u_calc/stg1_mult_sum_reg[1][2][7]_i_10_n_0
                         CARRY4 (Prop_carry4_CI_CO[3])
                                                      0.100     9.548 r  u_calc/stg1_mult_sum_reg[1][2][11]_i_10/CO[3]
                         net (fo=1, unplaced)         0.000     9.548    u_calc/stg1_mult_sum_reg[1][2][11]_i_10_n_0
                         CARRY4 (Prop_carry4_CI_O[0])
                                                      0.189     9.737 r  u_calc/stg1_mult_sum_reg[1][2][15]_i_10/O[0]
                         net (fo=3, unplaced)         0.617    10.354    u_calc/stg1_mult_sum_reg[1][2][15]_i_10_n_7
                         LUT3 (Prop_lut3_I0_O)        0.238    10.592 r  u_calc/stg1_mult_sum[1][2][11]_i_4/O
                         net (fo=1, unplaced)         0.537    11.129    u_calc/stg1_mult_sum[1][2][11]_i_4_n_0
                         CARRY4 (Prop_carry4_DI[1]_CO[3])
                                                      0.430    11.559 r  u_calc/stg1_mult_sum_reg[1][2][11]_i_1/CO[3]
                         net (fo=1, unplaced)         0.000    11.559    u_calc/stg1_mult_sum_reg[1][2][11]_i_1_n_0
                         CARRY4 (Prop_carry4_CI_O[2])
                                                      0.214    11.773 r  u_calc/stg1_mult_sum_reg[1][2][15]_i_1/O[2]
                         net (fo=1, unplaced)         0.000    11.773    u_conv2/u_calc/stg1_mult_sum_reg[1][2][19]_0[14]
                         FDRE                                         r  u_conv2/u_calc/stg1_mult_sum_reg[1][2][14]/D
  -------------------------------------------------------------------    -------------------

                         (clock aclk rise edge)      10.000    10.000 r  
                                                      0.000    10.000 r  aclk (IN)
                         net (fo=0)                   0.000    10.000    aclk
                         IBUF (Prop_ibuf_I_O)         0.773    10.773 r  aclk_IBUF_inst/O
                         net (fo=1, unplaced)         0.613    11.386    aclk_IBUF
                         BUFG (Prop_bufg_I_O)         0.077    11.463 r  aclk_IBUF_BUFG_inst/O
                         net (fo=7229, unplaced)      0.439    11.902    u_conv2/u_calc/aclk_IBUF_BUFG
                         FDRE                                         r  u_conv2/u_calc/stg1_mult_sum_reg[1][2][14]/C
                         clock pessimism              0.171    12.073    
                         clock uncertainty           -0.035    12.038    
                         FDRE (Setup_fdre_C_D)        0.072    12.110    u_conv2/u_calc/stg1_mult_sum_reg[1][2][14]
  -------------------------------------------------------------------
                         required time                         12.110    
                         arrival time                         -11.773    
  -------------------------------------------------------------------
                         slack                                  0.337    

Slack (MET) :             0.362ns  (required time - arrival time)
  Source:                 u_conv2/u_calc/calc_state_reg[0]_rep/C
                            (rising edge-triggered cell FDRE clocked by aclk  {rise@0.000ns fall@5.000ns period=10.000ns})
  Destination:            u_conv2/u_calc/stg1_mult_sum_reg[1][2][12]/D
                            (rising edge-triggered cell FDRE clocked by aclk  {rise@0.000ns fall@5.000ns period=10.000ns})
  Path Group:             aclk
  Path Type:              Setup (Max at Slow Process Corner)
  Requirement:            10.000ns  (aclk rise@10.000ns - aclk rise@0.000ns)
  Data Path Delay:        9.530ns  (logic 5.491ns (57.617%)  route 4.039ns (42.383%))
  Logic Levels:           10  (CARRY4=5 DSP48E1=1 LUT2=1 LUT3=3)
  Clock Path Skew:        -0.145ns (DCD - SCD + CPR)
    Destination Clock Delay (DCD):    1.902ns = ( 11.902 - 10.000 ) 
    Source Clock Delay      (SCD):    2.218ns
    Clock Pessimism Removal (CPR):    0.171ns
  Clock Uncertainty:      0.035ns  ((TSJ^2 + TIJ^2)^1/2 + DJ) / 2 + PE
    Total System Jitter     (TSJ):    0.071ns
    Total Input Jitter      (TIJ):    0.000ns
    Discrete Jitter          (DJ):    0.000ns
    Phase Error              (PE):    0.000ns

    Location             Delay type                Incr(ns)  Path(ns)    Netlist Resource(s)
  -------------------------------------------------------------------    -------------------
                         (clock aclk rise edge)       0.000     0.000 r  
                                                      0.000     0.000 r  aclk (IN)
                         net (fo=0)                   0.000     0.000    aclk
                         IBUF (Prop_ibuf_I_O)         0.904     0.904 r  aclk_IBUF_inst/O
                         net (fo=1, unplaced)         0.646     1.549    aclk_IBUF
                         BUFG (Prop_bufg_I_O)         0.085     1.634 r  aclk_IBUF_BUFG_inst/O
                         net (fo=7229, unplaced)      0.584     2.218    u_conv2/u_calc/aclk_IBUF_BUFG
                         FDRE                                         r  u_conv2/u_calc/calc_state_reg[0]_rep/C
  -------------------------------------------------------------------    -------------------
                         FDRE (Prop_fdre_C_Q)         0.397     2.615 r  u_conv2/u_calc/calc_state_reg[0]_rep/Q
                         net (fo=114, unplaced)       0.702     3.317    u_conv2/u_calc/calc_state_reg[0]_rep_0
                         LUT3 (Prop_lut3_I0_O)        0.232     3.549 r  u_conv2/u_calc/p_0_out__46_i_2/O
                         net (fo=1, unplaced)         0.347     3.896    u_conv2/u_calc/p_0_out__46_i_2_n_0
                         LUT2 (Prop_lut2_I1_O)        0.105     4.001 r  u_conv2/u_calc/p_0_out__46_i_1/O
                         net (fo=2, unplaced)         0.646     4.647    u_conv2/u_calc/p_0_out__46_i_1_n_0
                         DSP48E1 (Prop_dsp48e1_B[2]_P[0])
                                                      3.076     7.723 r  u_conv2/u_calc/p_0_out__46/P[0]
                         net (fo=3, unplaced)         0.646     8.368    u_conv2/u_calc/p_0_out__46_n_105
                         LUT3 (Prop_lut3_I2_O)        0.105     8.473 r  u_conv2/u_calc/stg1_mult_sum[1][2][7]_i_15/O
                         net (fo=1, unplaced)         0.537     9.010    u_conv2_n_1068
                         CARRY4 (Prop_carry4_DI[1]_CO[3])
                                                      0.430     9.440 r  u_calc/stg1_mult_sum_reg[1][2][7]_i_10/CO[3]
                         net (fo=1, unplaced)         0.008     9.448    u_calc/stg1_mult_sum_reg[1][2][7]_i_10_n_0
                         CARRY4 (Prop_carry4_CI_CO[3])
                                                      0.100     9.548 r  u_calc/stg1_mult_sum_reg[1][2][11]_i_10/CO[3]
                         net (fo=1, unplaced)         0.000     9.548    u_calc/stg1_mult_sum_reg[1][2][11]_i_10_n_0
                         CARRY4 (Prop_carry4_CI_O[0])
                                                      0.189     9.737 r  u_calc/stg1_mult_sum_reg[1][2][15]_i_10/O[0]
                         net (fo=3, unplaced)         0.617    10.354    u_calc/stg1_mult_sum_reg[1][2][15]_i_10_n_7
                         LUT3 (Prop_lut3_I0_O)        0.238    10.592 r  u_calc/stg1_mult_sum[1][2][11]_i_4/O
                         net (fo=1, unplaced)         0.537    11.129    u_calc/stg1_mult_sum[1][2][11]_i_4_n_0
                         CARRY4 (Prop_carry4_DI[1]_CO[3])
                                                      0.430    11.559 r  u_calc/stg1_mult_sum_reg[1][2][11]_i_1/CO[3]
                         net (fo=1, unplaced)         0.000    11.559    u_calc/stg1_mult_sum_reg[1][2][11]_i_1_n_0
                         CARRY4 (Prop_carry4_CI_O[0])
                                                      0.189    11.748 r  u_calc/stg1_mult_sum_reg[1][2][15]_i_1/O[0]
                         net (fo=1, unplaced)         0.000    11.748    u_conv2/u_calc/stg1_mult_sum_reg[1][2][19]_0[12]
                         FDRE                                         r  u_conv2/u_calc/stg1_mult_sum_reg[1][2][12]/D
  -------------------------------------------------------------------    -------------------

                         (clock aclk rise edge)      10.000    10.000 r  
                                                      0.000    10.000 r  aclk (IN)
                         net (fo=0)                   0.000    10.000    aclk
                         IBUF (Prop_ibuf_I_O)         0.773    10.773 r  aclk_IBUF_inst/O
                         net (fo=1, unplaced)         0.613    11.386    aclk_IBUF
                         BUFG (Prop_bufg_I_O)         0.077    11.463 r  aclk_IBUF_BUFG_inst/O
                         net (fo=7229, unplaced)      0.439    11.902    u_conv2/u_calc/aclk_IBUF_BUFG
                         FDRE                                         r  u_conv2/u_calc/stg1_mult_sum_reg[1][2][12]/C
                         clock pessimism              0.171    12.073    
                         clock uncertainty           -0.035    12.038    
                         FDRE (Setup_fdre_C_D)        0.072    12.110    u_conv2/u_calc/stg1_mult_sum_reg[1][2][12]
  -------------------------------------------------------------------
                         required time                         12.110    
                         arrival time                         -11.748    
  -------------------------------------------------------------------
                         slack                                  0.362    

Slack (MET) :             0.374ns  (required time - arrival time)
  Source:                 u_conv2/u_calc/calc_state_reg[0]_rep/C
                            (rising edge-triggered cell FDRE clocked by aclk  {rise@0.000ns fall@5.000ns period=10.000ns})
  Destination:            u_conv2/u_calc/stg1_mult_sum_reg[1][3][22]/D
                            (rising edge-triggered cell FDRE clocked by aclk  {rise@0.000ns fall@5.000ns period=10.000ns})
  Path Group:             aclk
  Path Type:              Setup (Max at Slow Process Corner)
  Requirement:            10.000ns  (aclk rise@10.000ns - aclk rise@0.000ns)
  Data Path Delay:        9.518ns  (logic 5.716ns (60.054%)  route 3.802ns (39.946%))
  Logic Levels:           12  (CARRY4=7 DSP48E1=1 LUT2=1 LUT3=3)
  Clock Path Skew:        -0.145ns (DCD - SCD + CPR)
    Destination Clock Delay (DCD):    1.902ns = ( 11.902 - 10.000 ) 
    Source Clock Delay      (SCD):    2.218ns
    Clock Pessimism Removal (CPR):    0.171ns
  Clock Uncertainty:      0.035ns  ((TSJ^2 + TIJ^2)^1/2 + DJ) / 2 + PE
    Total System Jitter     (TSJ):    0.071ns
    Total Input Jitter      (TIJ):    0.000ns
    Discrete Jitter          (DJ):    0.000ns
    Phase Error              (PE):    0.000ns

    Location             Delay type                Incr(ns)  Path(ns)    Netlist Resource(s)
  -------------------------------------------------------------------    -------------------
                         (clock aclk rise edge)       0.000     0.000 r  
                                                      0.000     0.000 r  aclk (IN)
                         net (fo=0)                   0.000     0.000    aclk
                         IBUF (Prop_ibuf_I_O)         0.904     0.904 r  aclk_IBUF_inst/O
                         net (fo=1, unplaced)         0.646     1.549    aclk_IBUF
                         BUFG (Prop_bufg_I_O)         0.085     1.634 r  aclk_IBUF_BUFG_inst/O
                         net (fo=7229, unplaced)      0.584     2.218    u_conv2/u_calc/aclk_IBUF_BUFG
                         FDRE                                         r  u_conv2/u_calc/calc_state_reg[0]_rep/C
  -------------------------------------------------------------------    -------------------
                         FDRE (Prop_fdre_C_Q)         0.397     2.615 r  u_conv2/u_calc/calc_state_reg[0]_rep/Q
                         net (fo=114, unplaced)       0.702     3.317    u_conv2/u_calc/calc_state_reg[0]_rep_0
                         LUT3 (Prop_lut3_I0_O)        0.232     3.549 r  u_conv2/u_calc/p_0_out__46_i_2/O
                         net (fo=1, unplaced)         0.347     3.896    u_conv2/u_calc/p_0_out__46_i_2_n_0
                         LUT2 (Prop_lut2_I1_O)        0.105     4.001 r  u_conv2/u_calc/p_0_out__46_i_1/O
                         net (fo=2, unplaced)         0.646     4.647    u_conv2/u_calc/p_0_out__46_i_1_n_0
                         DSP48E1 (Prop_dsp48e1_B[5]_P[0])
                                                      3.076     7.723 r  u_conv2/u_calc/p_0_out__56/P[0]
                         net (fo=3, unplaced)         0.646     8.368    u_conv2/u_calc/p_0_out__56_n_105
                         LUT3 (Prop_lut3_I0_O)        0.105     8.473 r  u_conv2/u_calc/stg1_mult_sum[1][3][7]_i_22/O
                         net (fo=1, unplaced)         0.537     9.010    u_conv2_n_1143
                         CARRY4 (Prop_carry4_DI[1]_CO[3])
                                                      0.430     9.440 r  u_calc/stg1_mult_sum_reg[1][3][7]_i_11/CO[3]
                         net (fo=1, unplaced)         0.008     9.448    u_calc/stg1_mult_sum_reg[1][3][7]_i_11_n_0
                         CARRY4 (Prop_carry4_CI_CO[3])
                                                      0.100     9.548 r  u_calc/stg1_mult_sum_reg[1][3][11]_i_11/CO[3]
                         net (fo=1, unplaced)         0.000     9.548    u_calc/stg1_mult_sum_reg[1][3][11]_i_11_n_0
                         CARRY4 (Prop_carry4_CI_CO[3])
                                                      0.100     9.648 r  u_calc/stg1_mult_sum_reg[1][3][15]_i_11/CO[3]
                         net (fo=1, unplaced)         0.000     9.648    u_calc/stg1_mult_sum_reg[1][3][15]_i_11_n_0
                         CARRY4 (Prop_carry4_CI_CO[3])
                                                      0.100     9.748 r  u_calc/stg1_mult_sum_reg[1][3][19]_i_11/CO[3]
                         net (fo=1, unplaced)         0.000     9.748    u_calc/stg1_mult_sum_reg[1][3][19]_i_11_n_0
                         CARRY4 (Prop_carry4_CI_O[0])
                                                      0.189     9.937 r  u_calc/stg1_mult_sum_reg[1][3][23]_i_13/O[0]
                         net (fo=3, unplaced)         0.380    10.317    u_calc/stg1_mult_sum_reg[1][3][23]_i_13_n_7
                         LUT3 (Prop_lut3_I1_O)        0.238    10.555 r  u_calc/stg1_mult_sum[1][3][19]_i_4/O
                         net (fo=1, unplaced)         0.537    11.092    u_calc/stg1_mult_sum[1][3][19]_i_4_n_0
                         CARRY4 (Prop_carry4_DI[1]_CO[3])
                                                      0.430    11.522 r  u_calc/stg1_mult_sum_reg[1][3][19]_i_1/CO[3]
                         net (fo=1, unplaced)         0.000    11.522    u_conv2/u_calc/stg1_mult_sum_reg[1][3][23]_0[0]
                         CARRY4 (Prop_carry4_CI_O[2])
                                                      0.214    11.736 r  u_conv2/u_calc/stg1_mult_sum_reg[1][3][23]_i_1/O[2]
                         net (fo=1, unplaced)         0.000    11.736    u_conv2/u_calc/stg1_mult_sum_reg[1][3][23]_i_1_n_5
                         FDRE                                         r  u_conv2/u_calc/stg1_mult_sum_reg[1][3][22]/D
  -------------------------------------------------------------------    -------------------

                         (clock aclk rise edge)      10.000    10.000 r  
                                                      0.000    10.000 r  aclk (IN)
                         net (fo=0)                   0.000    10.000    aclk
                         IBUF (Prop_ibuf_I_O)         0.773    10.773 r  aclk_IBUF_inst/O
                         net (fo=1, unplaced)         0.613    11.386    aclk_IBUF
                         BUFG (Prop_bufg_I_O)         0.077    11.463 r  aclk_IBUF_BUFG_inst/O
                         net (fo=7229, unplaced)      0.439    11.902    u_conv2/u_calc/aclk_IBUF_BUFG
                         FDRE                                         r  u_conv2/u_calc/stg1_mult_sum_reg[1][3][22]/C
                         clock pessimism              0.171    12.073    
                         clock uncertainty           -0.035    12.038    
                         FDRE (Setup_fdre_C_D)        0.072    12.110    u_conv2/u_calc/stg1_mult_sum_reg[1][3][22]
  -------------------------------------------------------------------
                         required time                         12.110    
                         arrival time                         -11.736    
  -------------------------------------------------------------------
                         slack                                  0.374    

Slack (MET) :             0.374ns  (required time - arrival time)
  Source:                 u_conv2/u_calc/calc_state_reg[0]_rep/C
                            (rising edge-triggered cell FDRE clocked by aclk  {rise@0.000ns fall@5.000ns period=10.000ns})
  Destination:            u_conv2/u_calc/stg1_mult_sum_reg[1][2][11]/D
                            (rising edge-triggered cell FDRE clocked by aclk  {rise@0.000ns fall@5.000ns period=10.000ns})
  Path Group:             aclk
  Path Type:              Setup (Max at Slow Process Corner)
  Requirement:            10.000ns  (aclk rise@10.000ns - aclk rise@0.000ns)
  Data Path Delay:        9.518ns  (logic 5.479ns (57.564%)  route 4.039ns (42.436%))
  Logic Levels:           9  (CARRY4=4 DSP48E1=1 LUT2=1 LUT3=3)
  Clock Path Skew:        -0.145ns (DCD - SCD + CPR)
    Destination Clock Delay (DCD):    1.902ns = ( 11.902 - 10.000 ) 
    Source Clock Delay      (SCD):    2.218ns
    Clock Pessimism Removal (CPR):    0.171ns
  Clock Uncertainty:      0.035ns  ((TSJ^2 + TIJ^2)^1/2 + DJ) / 2 + PE
    Total System Jitter     (TSJ):    0.071ns
    Total Input Jitter      (TIJ):    0.000ns
    Discrete Jitter          (DJ):    0.000ns
    Phase Error              (PE):    0.000ns

    Location             Delay type                Incr(ns)  Path(ns)    Netlist Resource(s)
  -------------------------------------------------------------------    -------------------
                         (clock aclk rise edge)       0.000     0.000 r  
                                                      0.000     0.000 r  aclk (IN)
                         net (fo=0)                   0.000     0.000    aclk
                         IBUF (Prop_ibuf_I_O)         0.904     0.904 r  aclk_IBUF_inst/O
                         net (fo=1, unplaced)         0.646     1.549    aclk_IBUF
                         BUFG (Prop_bufg_I_O)         0.085     1.634 r  aclk_IBUF_BUFG_inst/O
                         net (fo=7229, unplaced)      0.584     2.218    u_conv2/u_calc/aclk_IBUF_BUFG
                         FDRE                                         r  u_conv2/u_calc/calc_state_reg[0]_rep/C
  -------------------------------------------------------------------    -------------------
                         FDRE (Prop_fdre_C_Q)         0.397     2.615 r  u_conv2/u_calc/calc_state_reg[0]_rep/Q
                         net (fo=114, unplaced)       0.702     3.317    u_conv2/u_calc/calc_state_reg[0]_rep_0
                         LUT3 (Prop_lut3_I0_O)        0.232     3.549 r  u_conv2/u_calc/p_0_out__46_i_2/O
                         net (fo=1, unplaced)         0.347     3.896    u_conv2/u_calc/p_0_out__46_i_2_n_0
                         LUT2 (Prop_lut2_I1_O)        0.105     4.001 r  u_conv2/u_calc/p_0_out__46_i_1/O
                         net (fo=2, unplaced)         0.646     4.647    u_conv2/u_calc/p_0_out__46_i_1_n_0
                         DSP48E1 (Prop_dsp48e1_B[2]_P[0])
                                                      3.076     7.723 r  u_conv2/u_calc/p_0_out__46/P[0]
                         net (fo=3, unplaced)         0.646     8.368    u_conv2/u_calc/p_0_out__46_n_105
                         LUT3 (Prop_lut3_I2_O)        0.105     8.473 r  u_conv2/u_calc/stg1_mult_sum[1][2][7]_i_15/O
                         net (fo=1, unplaced)         0.537     9.010    u_conv2_n_1068
                         CARRY4 (Prop_carry4_DI[1]_CO[3])
                                                      0.430     9.440 r  u_calc/stg1_mult_sum_reg[1][2][7]_i_10/CO[3]
                         net (fo=1, unplaced)         0.008     9.448    u_calc/stg1_mult_sum_reg[1][2][7]_i_10_n_0
                         CARRY4 (Prop_carry4_CI_O[0])
                                                      0.189     9.637 r  u_calc/stg1_mult_sum_reg[1][2][11]_i_10/O[0]
                         net (fo=3, unplaced)         0.617    10.254    u_calc/stg1_mult_sum_reg[1][2][11]_i_10_n_7
                         LUT3 (Prop_lut3_I0_O)        0.238    10.492 r  u_calc/stg1_mult_sum[1][2][7]_i_4/O
                         net (fo=1, unplaced)         0.537    11.029    u_calc/stg1_mult_sum[1][2][7]_i_4_n_0
                         CARRY4 (Prop_carry4_DI[1]_CO[3])
                                                      0.430    11.459 r  u_calc/stg1_mult_sum_reg[1][2][7]_i_1/CO[3]
                         net (fo=1, unplaced)         0.000    11.459    u_calc/stg1_mult_sum_reg[1][2][7]_i_1_n_0
                         CARRY4 (Prop_carry4_CI_O[3])
                                                      0.277    11.736 r  u_calc/stg1_mult_sum_reg[1][2][11]_i_1/O[3]
                         net (fo=1, unplaced)         0.000    11.736    u_conv2/u_calc/stg1_mult_sum_reg[1][2][19]_0[11]
                         FDRE                                         r  u_conv2/u_calc/stg1_mult_sum_reg[1][2][11]/D
  -------------------------------------------------------------------    -------------------

                         (clock aclk rise edge)      10.000    10.000 r  
                                                      0.000    10.000 r  aclk (IN)
                         net (fo=0)                   0.000    10.000    aclk
                         IBUF (Prop_ibuf_I_O)         0.773    10.773 r  aclk_IBUF_inst/O
                         net (fo=1, unplaced)         0.613    11.386    aclk_IBUF
                         BUFG (Prop_bufg_I_O)         0.077    11.463 r  aclk_IBUF_BUFG_inst/O
                         net (fo=7229, unplaced)      0.439    11.902    u_conv2/u_calc/aclk_IBUF_BUFG
                         FDRE                                         r  u_conv2/u_calc/stg1_mult_sum_reg[1][2][11]/C
                         clock pessimism              0.171    12.073    
                         clock uncertainty           -0.035    12.038    
                         FDRE (Setup_fdre_C_D)        0.072    12.110    u_conv2/u_calc/stg1_mult_sum_reg[1][2][11]
  -------------------------------------------------------------------
                         required time                         12.110    
                         arrival time                         -11.736    
  -------------------------------------------------------------------
                         slack                                  0.374    

Slack (MET) :             0.382ns  (required time - arrival time)
  Source:                 u_conv2/u_calc/calc_state_reg[0]_rep/C
                            (rising edge-triggered cell FDRE clocked by aclk  {rise@0.000ns fall@5.000ns period=10.000ns})
  Destination:            u_conv2/u_calc/stg1_mult_sum_reg[1][2][9]/D
                            (rising edge-triggered cell FDRE clocked by aclk  {rise@0.000ns fall@5.000ns period=10.000ns})
  Path Group:             aclk
  Path Type:              Setup (Max at Slow Process Corner)
  Requirement:            10.000ns  (aclk rise@10.000ns - aclk rise@0.000ns)
  Data Path Delay:        9.510ns  (logic 5.471ns (57.528%)  route 4.039ns (42.472%))
  Logic Levels:           9  (CARRY4=4 DSP48E1=1 LUT2=1 LUT3=3)
  Clock Path Skew:        -0.145ns (DCD - SCD + CPR)
    Destination Clock Delay (DCD):    1.902ns = ( 11.902 - 10.000 ) 
    Source Clock Delay      (SCD):    2.218ns
    Clock Pessimism Removal (CPR):    0.171ns
  Clock Uncertainty:      0.035ns  ((TSJ^2 + TIJ^2)^1/2 + DJ) / 2 + PE
    Total System Jitter     (TSJ):    0.071ns
    Total Input Jitter      (TIJ):    0.000ns
    Discrete Jitter          (DJ):    0.000ns
    Phase Error              (PE):    0.000ns

    Location             Delay type                Incr(ns)  Path(ns)    Netlist Resource(s)
  -------------------------------------------------------------------    -------------------
                         (clock aclk rise edge)       0.000     0.000 r  
                                                      0.000     0.000 r  aclk (IN)
                         net (fo=0)                   0.000     0.000    aclk
                         IBUF (Prop_ibuf_I_O)         0.904     0.904 r  aclk_IBUF_inst/O
                         net (fo=1, unplaced)         0.646     1.549    aclk_IBUF
                         BUFG (Prop_bufg_I_O)         0.085     1.634 r  aclk_IBUF_BUFG_inst/O
                         net (fo=7229, unplaced)      0.584     2.218    u_conv2/u_calc/aclk_IBUF_BUFG
                         FDRE                                         r  u_conv2/u_calc/calc_state_reg[0]_rep/C
  -------------------------------------------------------------------    -------------------
                         FDRE (Prop_fdre_C_Q)         0.397     2.615 r  u_conv2/u_calc/calc_state_reg[0]_rep/Q
                         net (fo=114, unplaced)       0.702     3.317    u_conv2/u_calc/calc_state_reg[0]_rep_0
                         LUT3 (Prop_lut3_I0_O)        0.232     3.549 r  u_conv2/u_calc/p_0_out__46_i_2/O
                         net (fo=1, unplaced)         0.347     3.896    u_conv2/u_calc/p_0_out__46_i_2_n_0
                         LUT2 (Prop_lut2_I1_O)        0.105     4.001 r  u_conv2/u_calc/p_0_out__46_i_1/O
                         net (fo=2, unplaced)         0.646     4.647    u_conv2/u_calc/p_0_out__46_i_1_n_0
                         DSP48E1 (Prop_dsp48e1_B[2]_P[0])
                                                      3.076     7.723 r  u_conv2/u_calc/p_0_out__46/P[0]
                         net (fo=3, unplaced)         0.646     8.368    u_conv2/u_calc/p_0_out__46_n_105
                         LUT3 (Prop_lut3_I2_O)        0.105     8.473 r  u_conv2/u_calc/stg1_mult_sum[1][2][7]_i_15/O
                         net (fo=1, unplaced)         0.537     9.010    u_conv2_n_1068
                         CARRY4 (Prop_carry4_DI[1]_CO[3])
                                                      0.430     9.440 r  u_calc/stg1_mult_sum_reg[1][2][7]_i_10/CO[3]
                         net (fo=1, unplaced)         0.008     9.448    u_calc/stg1_mult_sum_reg[1][2][7]_i_10_n_0
                         CARRY4 (Prop_carry4_CI_O[0])
                                                      0.189     9.637 r  u_calc/stg1_mult_sum_reg[1][2][11]_i_10/O[0]
                         net (fo=3, unplaced)         0.617    10.254    u_calc/stg1_mult_sum_reg[1][2][11]_i_10_n_7
                         LUT3 (Prop_lut3_I0_O)        0.238    10.492 r  u_calc/stg1_mult_sum[1][2][7]_i_4/O
                         net (fo=1, unplaced)         0.537    11.029    u_calc/stg1_mult_sum[1][2][7]_i_4_n_0
                         CARRY4 (Prop_carry4_DI[1]_CO[3])
                                                      0.430    11.459 r  u_calc/stg1_mult_sum_reg[1][2][7]_i_1/CO[3]
                         net (fo=1, unplaced)         0.000    11.459    u_calc/stg1_mult_sum_reg[1][2][7]_i_1_n_0
                         CARRY4 (Prop_carry4_CI_O[1])
                                                      0.269    11.728 r  u_calc/stg1_mult_sum_reg[1][2][11]_i_1/O[1]
                         net (fo=1, unplaced)         0.000    11.728    u_conv2/u_calc/stg1_mult_sum_reg[1][2][19]_0[9]
                         FDRE                                         r  u_conv2/u_calc/stg1_mult_sum_reg[1][2][9]/D
  -------------------------------------------------------------------    -------------------

                         (clock aclk rise edge)      10.000    10.000 r  
                                                      0.000    10.000 r  aclk (IN)
                         net (fo=0)                   0.000    10.000    aclk
                         IBUF (Prop_ibuf_I_O)         0.773    10.773 r  aclk_IBUF_inst/O
                         net (fo=1, unplaced)         0.613    11.386    aclk_IBUF
                         BUFG (Prop_bufg_I_O)         0.077    11.463 r  aclk_IBUF_BUFG_inst/O
                         net (fo=7229, unplaced)      0.439    11.902    u_conv2/u_calc/aclk_IBUF_BUFG
                         FDRE                                         r  u_conv2/u_calc/stg1_mult_sum_reg[1][2][9]/C
                         clock pessimism              0.171    12.073    
                         clock uncertainty           -0.035    12.038    
                         FDRE (Setup_fdre_C_D)        0.072    12.110    u_conv2/u_calc/stg1_mult_sum_reg[1][2][9]
  -------------------------------------------------------------------
                         required time                         12.110    
                         arrival time                         -11.728    
  -------------------------------------------------------------------
                         slack                                  0.382    

Slack (MET) :             0.399ns  (required time - arrival time)
  Source:                 u_conv2/u_calc/calc_state_reg[0]_rep/C
                            (rising edge-triggered cell FDRE clocked by aclk  {rise@0.000ns fall@5.000ns period=10.000ns})
  Destination:            u_conv2/u_calc/stg1_mult_sum_reg[1][3][20]/D
                            (rising edge-triggered cell FDRE clocked by aclk  {rise@0.000ns fall@5.000ns period=10.000ns})
  Path Group:             aclk
  Path Type:              Setup (Max at Slow Process Corner)
  Requirement:            10.000ns  (aclk rise@10.000ns - aclk rise@0.000ns)
  Data Path Delay:        9.493ns  (logic 5.691ns (59.949%)  route 3.802ns (40.051%))
  Logic Levels:           12  (CARRY4=7 DSP48E1=1 LUT2=1 LUT3=3)
  Clock Path Skew:        -0.145ns (DCD - SCD + CPR)
    Destination Clock Delay (DCD):    1.902ns = ( 11.902 - 10.000 ) 
    Source Clock Delay      (SCD):    2.218ns
    Clock Pessimism Removal (CPR):    0.171ns
  Clock Uncertainty:      0.035ns  ((TSJ^2 + TIJ^2)^1/2 + DJ) / 2 + PE
    Total System Jitter     (TSJ):    0.071ns
    Total Input Jitter      (TIJ):    0.000ns
    Discrete Jitter          (DJ):    0.000ns
    Phase Error              (PE):    0.000ns

    Location             Delay type                Incr(ns)  Path(ns)    Netlist Resource(s)
  -------------------------------------------------------------------    -------------------
                         (clock aclk rise edge)       0.000     0.000 r  
                                                      0.000     0.000 r  aclk (IN)
                         net (fo=0)                   0.000     0.000    aclk
                         IBUF (Prop_ibuf_I_O)         0.904     0.904 r  aclk_IBUF_inst/O
                         net (fo=1, unplaced)         0.646     1.549    aclk_IBUF
                         BUFG (Prop_bufg_I_O)         0.085     1.634 r  aclk_IBUF_BUFG_inst/O
                         net (fo=7229, unplaced)      0.584     2.218    u_conv2/u_calc/aclk_IBUF_BUFG
                         FDRE                                         r  u_conv2/u_calc/calc_state_reg[0]_rep/C
  -------------------------------------------------------------------    -------------------
                         FDRE (Prop_fdre_C_Q)         0.397     2.615 r  u_conv2/u_calc/calc_state_reg[0]_rep/Q
                         net (fo=114, unplaced)       0.702     3.317    u_conv2/u_calc/calc_state_reg[0]_rep_0
                         LUT3 (Prop_lut3_I0_O)        0.232     3.549 r  u_conv2/u_calc/p_0_out__46_i_2/O
                         net (fo=1, unplaced)         0.347     3.896    u_conv2/u_calc/p_0_out__46_i_2_n_0
                         LUT2 (Prop_lut2_I1_O)        0.105     4.001 r  u_conv2/u_calc/p_0_out__46_i_1/O
                         net (fo=2, unplaced)         0.646     4.647    u_conv2/u_calc/p_0_out__46_i_1_n_0
                         DSP48E1 (Prop_dsp48e1_B[5]_P[0])
                                                      3.076     7.723 r  u_conv2/u_calc/p_0_out__56/P[0]
                         net (fo=3, unplaced)         0.646     8.368    u_conv2/u_calc/p_0_out__56_n_105
                         LUT3 (Prop_lut3_I0_O)        0.105     8.473 r  u_conv2/u_calc/stg1_mult_sum[1][3][7]_i_22/O
                         net (fo=1, unplaced)         0.537     9.010    u_conv2_n_1143
                         CARRY4 (Prop_carry4_DI[1]_CO[3])
                                                      0.430     9.440 r  u_calc/stg1_mult_sum_reg[1][3][7]_i_11/CO[3]
                         net (fo=1, unplaced)         0.008     9.448    u_calc/stg1_mult_sum_reg[1][3][7]_i_11_n_0
                         CARRY4 (Prop_carry4_CI_CO[3])
                                                      0.100     9.548 r  u_calc/stg1_mult_sum_reg[1][3][11]_i_11/CO[3]
                         net (fo=1, unplaced)         0.000     9.548    u_calc/stg1_mult_sum_reg[1][3][11]_i_11_n_0
                         CARRY4 (Prop_carry4_CI_CO[3])
                                                      0.100     9.648 r  u_calc/stg1_mult_sum_reg[1][3][15]_i_11/CO[3]
                         net (fo=1, unplaced)         0.000     9.648    u_calc/stg1_mult_sum_reg[1][3][15]_i_11_n_0
                         CARRY4 (Prop_carry4_CI_CO[3])
                                                      0.100     9.748 r  u_calc/stg1_mult_sum_reg[1][3][19]_i_11/CO[3]
                         net (fo=1, unplaced)         0.000     9.748    u_calc/stg1_mult_sum_reg[1][3][19]_i_11_n_0
                         CARRY4 (Prop_carry4_CI_O[0])
                                                      0.189     9.937 r  u_calc/stg1_mult_sum_reg[1][3][23]_i_13/O[0]
                         net (fo=3, unplaced)         0.380    10.317    u_calc/stg1_mult_sum_reg[1][3][23]_i_13_n_7
                         LUT3 (Prop_lut3_I1_O)        0.238    10.555 r  u_calc/stg1_mult_sum[1][3][19]_i_4/O
                         net (fo=1, unplaced)         0.537    11.092    u_calc/stg1_mult_sum[1][3][19]_i_4_n_0
                         CARRY4 (Prop_carry4_DI[1]_CO[3])
                                                      0.430    11.522 r  u_calc/stg1_mult_sum_reg[1][3][19]_i_1/CO[3]
                         net (fo=1, unplaced)         0.000    11.522    u_conv2/u_calc/stg1_mult_sum_reg[1][3][23]_0[0]
                         CARRY4 (Prop_carry4_CI_O[0])
                                                      0.189    11.711 r  u_conv2/u_calc/stg1_mult_sum_reg[1][3][23]_i_1/O[0]
                         net (fo=1, unplaced)         0.000    11.711    u_conv2/u_calc/stg1_mult_sum_reg[1][3][23]_i_1_n_7
                         FDRE                                         r  u_conv2/u_calc/stg1_mult_sum_reg[1][3][20]/D
  -------------------------------------------------------------------    -------------------

                         (clock aclk rise edge)      10.000    10.000 r  
                                                      0.000    10.000 r  aclk (IN)
                         net (fo=0)                   0.000    10.000    aclk
                         IBUF (Prop_ibuf_I_O)         0.773    10.773 r  aclk_IBUF_inst/O
                         net (fo=1, unplaced)         0.613    11.386    aclk_IBUF
                         BUFG (Prop_bufg_I_O)         0.077    11.463 r  aclk_IBUF_BUFG_inst/O
                         net (fo=7229, unplaced)      0.439    11.902    u_conv2/u_calc/aclk_IBUF_BUFG
                         FDRE                                         r  u_conv2/u_calc/stg1_mult_sum_reg[1][3][20]/C
                         clock pessimism              0.171    12.073    
                         clock uncertainty           -0.035    12.038    
                         FDRE (Setup_fdre_C_D)        0.072    12.110    u_conv2/u_calc/stg1_mult_sum_reg[1][3][20]
  -------------------------------------------------------------------
                         required time                         12.110    
                         arrival time                         -11.711    
  -------------------------------------------------------------------
                         slack                                  0.399    

Slack (MET) :             0.411ns  (required time - arrival time)
  Source:                 u_conv2/u_calc/calc_state_reg[0]_rep/C
                            (rising edge-triggered cell FDRE clocked by aclk  {rise@0.000ns fall@5.000ns period=10.000ns})
  Destination:            u_conv2/u_calc/stg1_mult_sum_reg[1][3][19]/D
                            (rising edge-triggered cell FDRE clocked by aclk  {rise@0.000ns fall@5.000ns period=10.000ns})
  Path Group:             aclk
  Path Type:              Setup (Max at Slow Process Corner)
  Requirement:            10.000ns  (aclk rise@10.000ns - aclk rise@0.000ns)
  Data Path Delay:        9.481ns  (logic 5.679ns (59.898%)  route 3.802ns (40.102%))
  Logic Levels:           11  (CARRY4=6 DSP48E1=1 LUT2=1 LUT3=3)
  Clock Path Skew:        -0.145ns (DCD - SCD + CPR)
    Destination Clock Delay (DCD):    1.902ns = ( 11.902 - 10.000 ) 
    Source Clock Delay      (SCD):    2.218ns
    Clock Pessimism Removal (CPR):    0.171ns
  Clock Uncertainty:      0.035ns  ((TSJ^2 + TIJ^2)^1/2 + DJ) / 2 + PE
    Total System Jitter     (TSJ):    0.071ns
    Total Input Jitter      (TIJ):    0.000ns
    Discrete Jitter          (DJ):    0.000ns
    Phase Error              (PE):    0.000ns

    Location             Delay type                Incr(ns)  Path(ns)    Netlist Resource(s)
  -------------------------------------------------------------------    -------------------
                         (clock aclk rise edge)       0.000     0.000 r  
                                                      0.000     0.000 r  aclk (IN)
                         net (fo=0)                   0.000     0.000    aclk
                         IBUF (Prop_ibuf_I_O)         0.904     0.904 r  aclk_IBUF_inst/O
                         net (fo=1, unplaced)         0.646     1.549    aclk_IBUF
                         BUFG (Prop_bufg_I_O)         0.085     1.634 r  aclk_IBUF_BUFG_inst/O
                         net (fo=7229, unplaced)      0.584     2.218    u_conv2/u_calc/aclk_IBUF_BUFG
                         FDRE                                         r  u_conv2/u_calc/calc_state_reg[0]_rep/C
  -------------------------------------------------------------------    -------------------
                         FDRE (Prop_fdre_C_Q)         0.397     2.615 r  u_conv2/u_calc/calc_state_reg[0]_rep/Q
                         net (fo=114, unplaced)       0.702     3.317    u_conv2/u_calc/calc_state_reg[0]_rep_0
                         LUT3 (Prop_lut3_I0_O)        0.232     3.549 r  u_conv2/u_calc/p_0_out__46_i_2/O
                         net (fo=1, unplaced)         0.347     3.896    u_conv2/u_calc/p_0_out__46_i_2_n_0
                         LUT2 (Prop_lut2_I1_O)        0.105     4.001 r  u_conv2/u_calc/p_0_out__46_i_1/O
                         net (fo=2, unplaced)         0.646     4.647    u_conv2/u_calc/p_0_out__46_i_1_n_0
                         DSP48E1 (Prop_dsp48e1_B[5]_P[0])
                                                      3.076     7.723 r  u_conv2/u_calc/p_0_out__56/P[0]
                         net (fo=3, unplaced)         0.646     8.368    u_conv2/u_calc/p_0_out__56_n_105
                         LUT3 (Prop_lut3_I0_O)        0.105     8.473 r  u_conv2/u_calc/stg1_mult_sum[1][3][7]_i_22/O
                         net (fo=1, unplaced)         0.537     9.010    u_conv2_n_1143
                         CARRY4 (Prop_carry4_DI[1]_CO[3])
                                                      0.430     9.440 r  u_calc/stg1_mult_sum_reg[1][3][7]_i_11/CO[3]
                         net (fo=1, unplaced)         0.008     9.448    u_calc/stg1_mult_sum_reg[1][3][7]_i_11_n_0
                         CARRY4 (Prop_carry4_CI_CO[3])
                                                      0.100     9.548 r  u_calc/stg1_mult_sum_reg[1][3][11]_i_11/CO[3]
                         net (fo=1, unplaced)         0.000     9.548    u_calc/stg1_mult_sum_reg[1][3][11]_i_11_n_0
                         CARRY4 (Prop_carry4_CI_CO[3])
                                                      0.100     9.648 r  u_calc/stg1_mult_sum_reg[1][3][15]_i_11/CO[3]
                         net (fo=1, unplaced)         0.000     9.648    u_calc/stg1_mult_sum_reg[1][3][15]_i_11_n_0
                         CARRY4 (Prop_carry4_CI_O[0])
                                                      0.189     9.837 r  u_calc/stg1_mult_sum_reg[1][3][19]_i_11/O[0]
                         net (fo=3, unplaced)         0.380    10.217    u_calc/stg1_mult_sum_reg[1][3][19]_i_11_n_7
                         LUT3 (Prop_lut3_I1_O)        0.238    10.455 r  u_calc/stg1_mult_sum[1][3][15]_i_4/O
                         net (fo=1, unplaced)         0.537    10.992    u_calc/stg1_mult_sum[1][3][15]_i_4_n_0
                         CARRY4 (Prop_carry4_DI[1]_CO[3])
                                                      0.430    11.422 r  u_calc/stg1_mult_sum_reg[1][3][15]_i_1/CO[3]
                         net (fo=1, unplaced)         0.000    11.422    u_calc/stg1_mult_sum_reg[1][3][15]_i_1_n_0
                         CARRY4 (Prop_carry4_CI_O[3])
                                                      0.277    11.699 r  u_calc/stg1_mult_sum_reg[1][3][19]_i_1/O[3]
                         net (fo=1, unplaced)         0.000    11.699    u_conv2/u_calc/stg1_mult_sum_reg[1][3][19]_0[19]
                         FDRE                                         r  u_conv2/u_calc/stg1_mult_sum_reg[1][3][19]/D
  -------------------------------------------------------------------    -------------------

                         (clock aclk rise edge)      10.000    10.000 r  
                                                      0.000    10.000 r  aclk (IN)
                         net (fo=0)                   0.000    10.000    aclk
                         IBUF (Prop_ibuf_I_O)         0.773    10.773 r  aclk_IBUF_inst/O
                         net (fo=1, unplaced)         0.613    11.386    aclk_IBUF
                         BUFG (Prop_bufg_I_O)         0.077    11.463 r  aclk_IBUF_BUFG_inst/O
                         net (fo=7229, unplaced)      0.439    11.902    u_conv2/u_calc/aclk_IBUF_BUFG
                         FDRE                                         r  u_conv2/u_calc/stg1_mult_sum_reg[1][3][19]/C
                         clock pessimism              0.171    12.073    
                         clock uncertainty           -0.035    12.038    
                         FDRE (Setup_fdre_C_D)        0.072    12.110    u_conv2/u_calc/stg1_mult_sum_reg[1][3][19]
  -------------------------------------------------------------------
                         required time                         12.110    
                         arrival time                         -11.699    
  -------------------------------------------------------------------
                         slack                                  0.411    

Slack (MET) :             0.419ns  (required time - arrival time)
  Source:                 u_conv2/u_calc/calc_state_reg[0]_rep/C
                            (rising edge-triggered cell FDRE clocked by aclk  {rise@0.000ns fall@5.000ns period=10.000ns})
  Destination:            u_conv2/u_calc/stg1_mult_sum_reg[1][3][17]/D
                            (rising edge-triggered cell FDRE clocked by aclk  {rise@0.000ns fall@5.000ns period=10.000ns})
  Path Group:             aclk
  Path Type:              Setup (Max at Slow Process Corner)
  Requirement:            10.000ns  (aclk rise@10.000ns - aclk rise@0.000ns)
  Data Path Delay:        9.473ns  (logic 5.671ns (59.864%)  route 3.802ns (40.136%))
  Logic Levels:           11  (CARRY4=6 DSP48E1=1 LUT2=1 LUT3=3)
  Clock Path Skew:        -0.145ns (DCD - SCD + CPR)
    Destination Clock Delay (DCD):    1.902ns = ( 11.902 - 10.000 ) 
    Source Clock Delay      (SCD):    2.218ns
    Clock Pessimism Removal (CPR):    0.171ns
  Clock Uncertainty:      0.035ns  ((TSJ^2 + TIJ^2)^1/2 + DJ) / 2 + PE
    Total System Jitter     (TSJ):    0.071ns
    Total Input Jitter      (TIJ):    0.000ns
    Discrete Jitter          (DJ):    0.000ns
    Phase Error              (PE):    0.000ns

    Location             Delay type                Incr(ns)  Path(ns)    Netlist Resource(s)
  -------------------------------------------------------------------    -------------------
                         (clock aclk rise edge)       0.000     0.000 r  
                                                      0.000     0.000 r  aclk (IN)
                         net (fo=0)                   0.000     0.000    aclk
                         IBUF (Prop_ibuf_I_O)         0.904     0.904 r  aclk_IBUF_inst/O
                         net (fo=1, unplaced)         0.646     1.549    aclk_IBUF
                         BUFG (Prop_bufg_I_O)         0.085     1.634 r  aclk_IBUF_BUFG_inst/O
                         net (fo=7229, unplaced)      0.584     2.218    u_conv2/u_calc/aclk_IBUF_BUFG
                         FDRE                                         r  u_conv2/u_calc/calc_state_reg[0]_rep/C
  -------------------------------------------------------------------    -------------------
                         FDRE (Prop_fdre_C_Q)         0.397     2.615 r  u_conv2/u_calc/calc_state_reg[0]_rep/Q
                         net (fo=114, unplaced)       0.702     3.317    u_conv2/u_calc/calc_state_reg[0]_rep_0
                         LUT3 (Prop_lut3_I0_O)        0.232     3.549 r  u_conv2/u_calc/p_0_out__46_i_2/O
                         net (fo=1, unplaced)         0.347     3.896    u_conv2/u_calc/p_0_out__46_i_2_n_0
                         LUT2 (Prop_lut2_I1_O)        0.105     4.001 r  u_conv2/u_calc/p_0_out__46_i_1/O
                         net (fo=2, unplaced)         0.646     4.647    u_conv2/u_calc/p_0_out__46_i_1_n_0
                         DSP48E1 (Prop_dsp48e1_B[5]_P[0])
                                                      3.076     7.723 r  u_conv2/u_calc/p_0_out__56/P[0]
                         net (fo=3, unplaced)         0.646     8.368    u_conv2/u_calc/p_0_out__56_n_105
                         LUT3 (Prop_lut3_I0_O)        0.105     8.473 r  u_conv2/u_calc/stg1_mult_sum[1][3][7]_i_22/O
                         net (fo=1, unplaced)         0.537     9.010    u_conv2_n_1143
                         CARRY4 (Prop_carry4_DI[1]_CO[3])
                                                      0.430     9.440 r  u_calc/stg1_mult_sum_reg[1][3][7]_i_11/CO[3]
                         net (fo=1, unplaced)         0.008     9.448    u_calc/stg1_mult_sum_reg[1][3][7]_i_11_n_0
                         CARRY4 (Prop_carry4_CI_CO[3])
                                                      0.100     9.548 r  u_calc/stg1_mult_sum_reg[1][3][11]_i_11/CO[3]
                         net (fo=1, unplaced)         0.000     9.548    u_calc/stg1_mult_sum_reg[1][3][11]_i_11_n_0
                         CARRY4 (Prop_carry4_CI_CO[3])
                                                      0.100     9.648 r  u_calc/stg1_mult_sum_reg[1][3][15]_i_11/CO[3]
                         net (fo=1, unplaced)         0.000     9.648    u_calc/stg1_mult_sum_reg[1][3][15]_i_11_n_0
                         CARRY4 (Prop_carry4_CI_O[0])
                                                      0.189     9.837 r  u_calc/stg1_mult_sum_reg[1][3][19]_i_11/O[0]
                         net (fo=3, unplaced)         0.380    10.217    u_calc/stg1_mult_sum_reg[1][3][19]_i_11_n_7
                         LUT3 (Prop_lut3_I1_O)        0.238    10.455 r  u_calc/stg1_mult_sum[1][3][15]_i_4/O
                         net (fo=1, unplaced)         0.537    10.992    u_calc/stg1_mult_sum[1][3][15]_i_4_n_0
                         CARRY4 (Prop_carry4_DI[1]_CO[3])
                                                      0.430    11.422 r  u_calc/stg1_mult_sum_reg[1][3][15]_i_1/CO[3]
                         net (fo=1, unplaced)         0.000    11.422    u_calc/stg1_mult_sum_reg[1][3][15]_i_1_n_0
                         CARRY4 (Prop_carry4_CI_O[1])
                                                      0.269    11.691 r  u_calc/stg1_mult_sum_reg[1][3][19]_i_1/O[1]
                         net (fo=1, unplaced)         0.000    11.691    u_conv2/u_calc/stg1_mult_sum_reg[1][3][19]_0[17]
                         FDRE                                         r  u_conv2/u_calc/stg1_mult_sum_reg[1][3][17]/D
  -------------------------------------------------------------------    -------------------

                         (clock aclk rise edge)      10.000    10.000 r  
                                                      0.000    10.000 r  aclk (IN)
                         net (fo=0)                   0.000    10.000    aclk
                         IBUF (Prop_ibuf_I_O)         0.773    10.773 r  aclk_IBUF_inst/O
                         net (fo=1, unplaced)         0.613    11.386    aclk_IBUF
                         BUFG (Prop_bufg_I_O)         0.077    11.463 r  aclk_IBUF_BUFG_inst/O
                         net (fo=7229, unplaced)      0.439    11.902    u_conv2/u_calc/aclk_IBUF_BUFG
                         FDRE                                         r  u_conv2/u_calc/stg1_mult_sum_reg[1][3][17]/C
                         clock pessimism              0.171    12.073    
                         clock uncertainty           -0.035    12.038    
                         FDRE (Setup_fdre_C_D)        0.072    12.110    u_conv2/u_calc/stg1_mult_sum_reg[1][3][17]
  -------------------------------------------------------------------
                         required time                         12.110    
                         arrival time                         -11.691    
  -------------------------------------------------------------------
                         slack                                  0.419    





Pulse Width Checks
--------------------------------------------------------------------------------------
Clock Name:         aclk
Waveform(ns):       { 0.000 5.000 }
Period(ns):         10.000
Sources:            { aclk }

Check Type        Corner  Lib Pin      Reference Pin  Required(ns)  Actual(ns)  Slack(ns)  Location  Pin
Min Period        n/a     DSP48E1/CLK  n/a            3.272         10.000      6.728                u_fc/product_s1_reg[0]/CLK
Min Period        n/a     DSP48E1/CLK  n/a            3.272         10.000      6.728                u_fc/product_s1_reg[2]/CLK
Min Period        n/a     DSP48E1/CLK  n/a            3.272         10.000      6.728                u_fc/product_s1_reg[4]/CLK
Min Period        n/a     DSP48E1/CLK  n/a            3.272         10.000      6.728                u_fc/product_s1_reg[6]/CLK
Min Period        n/a     DSP48E1/CLK  n/a            1.816         10.000      8.184                u_conv2/u_calc/p_0_out__104/CLK
Min Period        n/a     DSP48E1/CLK  n/a            1.816         10.000      8.184                u_conv2/u_calc/p_0_out__113/CLK
Min Period        n/a     DSP48E1/CLK  n/a            1.816         10.000      8.184                u_conv2/u_calc/p_0_out__122/CLK
Min Period        n/a     DSP48E1/CLK  n/a            1.816         10.000      8.184                u_conv2/u_calc/p_0_out__131/CLK
Min Period        n/a     DSP48E1/CLK  n/a            1.816         10.000      8.184                u_conv2/u_calc/p_0_out__140/CLK
Min Period        n/a     DSP48E1/CLK  n/a            1.816         10.000      8.184                u_conv2/u_calc/p_0_out__21/CLK
Min Period        n/a     DSP48E1/CLK  n/a            1.816         10.000      8.184                u_conv2/u_calc/p_0_out__30/CLK
Min Period        n/a     DSP48E1/CLK  n/a            1.816         10.000      8.184                u_conv2/u_calc/p_0_out__4/CLK
Min Period        n/a     DSP48E1/CLK  n/a            1.816         10.000      8.184                u_conv2/u_calc/p_0_out__49/CLK
Min Period        n/a     DSP48E1/CLK  n/a            1.816         10.000      8.184                u_conv2/u_calc/p_0_out__58/CLK
Min Period        n/a     DSP48E1/CLK  n/a            1.816         10.000      8.184                u_conv2/u_calc/p_0_out__67/CLK
Min Period        n/a     DSP48E1/CLK  n/a            1.816         10.000      8.184                u_conv2/u_calc/p_0_out__76/CLK
Min Period        n/a     DSP48E1/CLK  n/a            1.816         10.000      8.184                u_conv2/u_calc/p_0_out__85/CLK
Min Period        n/a     DSP48E1/CLK  n/a            1.816         10.000      8.184                u_conv2/u_calc/p_0_out__94/CLK
Min Period        n/a     DSP48E1/CLK  n/a            1.816         10.000      8.184                u_conv2/u_calc/p_0_out__105/CLK
Min Period        n/a     DSP48E1/CLK  n/a            1.816         10.000      8.184                u_conv2/u_calc/p_0_out__114/CLK
Low Pulse Width   Fast    RAMD64E/CLK  n/a            1.130         5.000       3.870                u_conv1/u_conv1_buf/buffer_reg_r10_0_63_0_2/RAMA/CLK
Low Pulse Width   Fast    RAMD64E/CLK  n/a            1.130         5.000       3.870                u_conv1/u_conv1_buf/buffer_reg_r10_0_63_0_2/RAMB/CLK
Low Pulse Width   Fast    RAMD64E/CLK  n/a            1.130         5.000       3.870                u_conv1/u_conv1_buf/buffer_reg_r10_0_63_0_2/RAMC/CLK
Low Pulse Width   Fast    RAMD64E/CLK  n/a            1.130         5.000       3.870                u_conv1/u_conv1_buf/buffer_reg_r10_0_63_0_2/RAMD/CLK
Low Pulse Width   Fast    RAMD64E/CLK  n/a            1.130         5.000       3.870                u_conv1/u_conv1_buf/buffer_reg_r10_0_63_3_5/RAMA/CLK
Low Pulse Width   Fast    RAMD64E/CLK  n/a            1.130         5.000       3.870                u_conv1/u_conv1_buf/buffer_reg_r10_0_63_3_5/RAMB/CLK
Low Pulse Width   Fast    RAMD64E/CLK  n/a            1.130         5.000       3.870                u_conv1/u_conv1_buf/buffer_reg_r10_0_63_3_5/RAMC/CLK
Low Pulse Width   Fast    RAMD64E/CLK  n/a            1.130         5.000       3.870                u_conv1/u_conv1_buf/buffer_reg_r10_0_63_3_5/RAMD/CLK
Low Pulse Width   Fast    RAMD64E/CLK  n/a            1.130         5.000       3.870                u_conv1/u_conv1_buf/buffer_reg_r10_0_63_6_6/DP/CLK
Low Pulse Width   Fast    RAMD64E/CLK  n/a            1.130         5.000       3.870                u_conv1/u_conv1_buf/buffer_reg_r10_0_63_6_6/SP/CLK
Low Pulse Width   Fast    RAMD64E/CLK  n/a            1.130         5.000       3.870                u_conv1/u_conv1_buf/buffer_reg_r10_0_63_7_7/DP/CLK
Low Pulse Width   Fast    RAMD64E/CLK  n/a            1.130         5.000       3.870                u_conv1/u_conv1_buf/buffer_reg_r10_0_63_7_7/SP/CLK
Low Pulse Width   Fast    RAMD64E/CLK  n/a            1.130         5.000       3.870                u_conv1/u_conv1_buf/buffer_reg_r10_64_127_0_2/RAMA/CLK
Low Pulse Width   Fast    RAMD64E/CLK  n/a            1.130         5.000       3.870                u_conv1/u_conv1_buf/buffer_reg_r10_64_127_0_2/RAMB/CLK
Low Pulse Width   Fast    RAMD64E/CLK  n/a            1.130         5.000       3.870                u_conv1/u_conv1_buf/buffer_reg_r10_64_127_0_2/RAMC/CLK
Low Pulse Width   Fast    RAMD64E/CLK  n/a            1.130         5.000       3.870                u_conv1/u_conv1_buf/buffer_reg_r10_64_127_0_2/RAMD/CLK
Low Pulse Width   Fast    RAMD64E/CLK  n/a            1.130         5.000       3.870                u_conv1/u_conv1_buf/buffer_reg_r10_64_127_3_5/RAMA/CLK
Low Pulse Width   Fast    RAMD64E/CLK  n/a            1.130         5.000       3.870                u_conv1/u_conv1_buf/buffer_reg_r10_64_127_3_5/RAMB/CLK
Low Pulse Width   Fast    RAMD64E/CLK  n/a            1.130         5.000       3.870                u_conv1/u_conv1_buf/buffer_reg_r10_64_127_3_5/RAMC/CLK
Low Pulse Width   Fast    RAMD64E/CLK  n/a            1.130         5.000       3.870                u_conv1/u_conv1_buf/buffer_reg_r10_64_127_3_5/RAMD/CLK
High Pulse Width  Slow    RAMD64E/CLK  n/a            1.130         5.000       3.870                u_conv1/u_conv1_buf/buffer_reg_r10_0_63_0_2/RAMA/CLK
High Pulse Width  Fast    RAMD64E/CLK  n/a            1.130         5.000       3.870                u_conv1/u_conv1_buf/buffer_reg_r10_0_63_0_2/RAMA/CLK
High Pulse Width  Slow    RAMD64E/CLK  n/a            1.130         5.000       3.870                u_conv1/u_conv1_buf/buffer_reg_r10_0_63_0_2/RAMB/CLK
High Pulse Width  Fast    RAMD64E/CLK  n/a            1.130         5.000       3.870                u_conv1/u_conv1_buf/buffer_reg_r10_0_63_0_2/RAMB/CLK
High Pulse Width  Slow    RAMD64E/CLK  n/a            1.130         5.000       3.870                u_conv1/u_conv1_buf/buffer_reg_r10_0_63_0_2/RAMC/CLK
High Pulse Width  Fast    RAMD64E/CLK  n/a            1.130         5.000       3.870                u_conv1/u_conv1_buf/buffer_reg_r10_0_63_0_2/RAMC/CLK
High Pulse Width  Slow    RAMD64E/CLK  n/a            1.130         5.000       3.870                u_conv1/u_conv1_buf/buffer_reg_r10_0_63_0_2/RAMD/CLK
High Pulse Width  Fast    RAMD64E/CLK  n/a            1.130         5.000       3.870                u_conv1/u_conv1_buf/buffer_reg_r10_0_63_0_2/RAMD/CLK
High Pulse Width  Slow    RAMD64E/CLK  n/a            1.130         5.000       3.870                u_conv1/u_conv1_buf/buffer_reg_r10_0_63_3_5/RAMA/CLK
High Pulse Width  Fast    RAMD64E/CLK  n/a            1.130         5.000       3.870                u_conv1/u_conv1_buf/buffer_reg_r10_0_63_3_5/RAMA/CLK
High Pulse Width  Slow    RAMD64E/CLK  n/a            1.130         5.000       3.870                u_conv1/u_conv1_buf/buffer_reg_r10_0_63_3_5/RAMB/CLK
High Pulse Width  Fast    RAMD64E/CLK  n/a            1.130         5.000       3.870                u_conv1/u_conv1_buf/buffer_reg_r10_0_63_3_5/RAMB/CLK
High Pulse Width  Slow    RAMD64E/CLK  n/a            1.130         5.000       3.870                u_conv1/u_conv1_buf/buffer_reg_r10_0_63_3_5/RAMC/CLK
High Pulse Width  Fast    RAMD64E/CLK  n/a            1.130         5.000       3.870                u_conv1/u_conv1_buf/buffer_reg_r10_0_63_3_5/RAMC/CLK
High Pulse Width  Slow    RAMD64E/CLK  n/a            1.130         5.000       3.870                u_conv1/u_conv1_buf/buffer_reg_r10_0_63_3_5/RAMD/CLK
High Pulse Width  Fast    RAMD64E/CLK  n/a            1.130         5.000       3.870                u_conv1/u_conv1_buf/buffer_reg_r10_0_63_3_5/RAMD/CLK
High Pulse Width  Slow    RAMD64E/CLK  n/a            1.130         5.000       3.870                u_conv1/u_conv1_buf/buffer_reg_r10_0_63_6_6/DP/CLK
High Pulse Width  Fast    RAMD64E/CLK  n/a            1.130         5.000       3.870                u_conv1/u_conv1_buf/buffer_reg_r10_0_63_6_6/DP/CLK
High Pulse Width  Slow    RAMD64E/CLK  n/a            1.130         5.000       3.870                u_conv1/u_conv1_buf/buffer_reg_r10_0_63_6_6/SP/CLK
High Pulse Width  Fast    RAMD64E/CLK  n/a            1.130         5.000       3.870                u_conv1/u_conv1_buf/buffer_reg_r10_0_63_6_6/SP/CLK



--------------------------------------------------------------------------------------
Path Group:  (none)
From Clock:  aclk
  To Clock:  

Max Delay             7 Endpoints
Min Delay             0 Endpoints
--------------------------------------------------------------------------------------


Max Delay Paths
--------------------------------------------------------------------------------------
Slack:                    inf
  Source:                 frame_busy_reg/C
                            (rising edge-triggered cell FDRE clocked by aclk  {rise@0.000ns fall@5.000ns period=10.000ns})
  Destination:            s_axis_tready
                            (output port)
  Path Group:             (none)
  Path Type:              Max at Slow Process Corner
  Data Path Delay:        3.914ns  (logic 3.010ns (76.912%)  route 0.904ns (23.088%))
  Logic Levels:           2  (LUT1=1 OBUF=1)
  Clock Uncertainty:      0.025ns  ((TSJ^2 + TIJ^2)^1/2 + DJ) / 2 + PE
    Total System Jitter     (TSJ):    0.050ns
    Total Input Jitter      (TIJ):    0.000ns
    Discrete Jitter          (DJ):    0.000ns
    Phase Error              (PE):    0.000ns

    Location             Delay type                Incr(ns)  Path(ns)    Netlist Resource(s)
  -------------------------------------------------------------------    -------------------
                         (clock aclk rise edge)       0.000     0.000 r  
                                                      0.000     0.000 r  aclk (IN)
                         net (fo=0)                   0.000     0.000    aclk
                         IBUF (Prop_ibuf_I_O)         0.904     0.904 r  aclk_IBUF_inst/O
                         net (fo=1, unplaced)         0.646     1.549    aclk_IBUF
                         BUFG (Prop_bufg_I_O)         0.085     1.634 r  aclk_IBUF_BUFG_inst/O
                         net (fo=7229, unplaced)      0.584     2.218    aclk_IBUF_BUFG
                         FDRE                                         r  frame_busy_reg/C
  -------------------------------------------------------------------    -------------------
                         FDRE (Prop_fdre_C_Q)         0.397     2.615 f  frame_busy_reg/Q
                         net (fo=3, unplaced)         0.258     2.873    frame_busy_reg_n_0
                         LUT1 (Prop_lut1_I0_O)        0.232     3.105 r  s_axis_tready_OBUF_inst_i_1/O
                         net (fo=1, unplaced)         0.646     3.751    s_axis_tready_OBUF
                         OBUF (Prop_obuf_I_O)         2.381     6.132 r  s_axis_tready_OBUF_inst/O
                         net (fo=0)                   0.000     6.132    s_axis_tready
                                                                      r  s_axis_tready (OUT)
  -------------------------------------------------------------------    -------------------

Slack:                    inf
  Source:                 m_axis_tdata_reg_reg[0]/C
                            (rising edge-triggered cell FDRE clocked by aclk  {rise@0.000ns fall@5.000ns period=10.000ns})
  Destination:            m_axis_tdata[0]
                            (output port)
  Path Group:             (none)
  Path Type:              Max at Slow Process Corner
  Data Path Delay:        3.561ns  (logic 2.915ns (81.869%)  route 0.646ns (18.131%))
  Logic Levels:           1  (OBUF=1)
  Clock Uncertainty:      0.025ns  ((TSJ^2 + TIJ^2)^1/2 + DJ) / 2 + PE
    Total System Jitter     (TSJ):    0.050ns
    Total Input Jitter      (TIJ):    0.000ns
    Discrete Jitter          (DJ):    0.000ns
    Phase Error              (PE):    0.000ns

    Location             Delay type                Incr(ns)  Path(ns)    Netlist Resource(s)
  -------------------------------------------------------------------    -------------------
                         (clock aclk rise edge)       0.000     0.000 r  
                                                      0.000     0.000 r  aclk (IN)
                         net (fo=0)                   0.000     0.000    aclk
                         IBUF (Prop_ibuf_I_O)         0.904     0.904 r  aclk_IBUF_inst/O
                         net (fo=1, unplaced)         0.646     1.549    aclk_IBUF
                         BUFG (Prop_bufg_I_O)         0.085     1.634 r  aclk_IBUF_BUFG_inst/O
                         net (fo=7229, unplaced)      0.584     2.218    aclk_IBUF_BUFG
                         FDRE                                         r  m_axis_tdata_reg_reg[0]/C
  -------------------------------------------------------------------    -------------------
                         FDRE (Prop_fdre_C_Q)         0.397     2.615 r  m_axis_tdata_reg_reg[0]/Q
                         net (fo=1, unplaced)         0.646     3.261    m_axis_tdata_OBUF[0]
                         OBUF (Prop_obuf_I_O)         2.518     5.779 r  m_axis_tdata_OBUF[0]_inst/O
                         net (fo=0)                   0.000     5.779    m_axis_tdata[0]
                                                                      r  m_axis_tdata[0] (OUT)
  -------------------------------------------------------------------    -------------------

Slack:                    inf
  Source:                 m_axis_tdata_reg_reg[1]/C
                            (rising edge-triggered cell FDRE clocked by aclk  {rise@0.000ns fall@5.000ns period=10.000ns})
  Destination:            m_axis_tdata[1]
                            (output port)
  Path Group:             (none)
  Path Type:              Max at Slow Process Corner
  Data Path Delay:        3.561ns  (logic 2.915ns (81.869%)  route 0.646ns (18.131%))
  Logic Levels:           1  (OBUF=1)
  Clock Uncertainty:      0.025ns  ((TSJ^2 + TIJ^2)^1/2 + DJ) / 2 + PE
    Total System Jitter     (TSJ):    0.050ns
    Total Input Jitter      (TIJ):    0.000ns
    Discrete Jitter          (DJ):    0.000ns
    Phase Error              (PE):    0.000ns

    Location             Delay type                Incr(ns)  Path(ns)    Netlist Resource(s)
  -------------------------------------------------------------------    -------------------
                         (clock aclk rise edge)       0.000     0.000 r  
                                                      0.000     0.000 r  aclk (IN)
                         net (fo=0)                   0.000     0.000    aclk
                         IBUF (Prop_ibuf_I_O)         0.904     0.904 r  aclk_IBUF_inst/O
                         net (fo=1, unplaced)         0.646     1.549    aclk_IBUF
                         BUFG (Prop_bufg_I_O)         0.085     1.634 r  aclk_IBUF_BUFG_inst/O
                         net (fo=7229, unplaced)      0.584     2.218    aclk_IBUF_BUFG
                         FDRE                                         r  m_axis_tdata_reg_reg[1]/C
  -------------------------------------------------------------------    -------------------
                         FDRE (Prop_fdre_C_Q)         0.397     2.615 r  m_axis_tdata_reg_reg[1]/Q
                         net (fo=1, unplaced)         0.646     3.261    m_axis_tdata_OBUF[1]
                         OBUF (Prop_obuf_I_O)         2.518     5.779 r  m_axis_tdata_OBUF[1]_inst/O
                         net (fo=0)                   0.000     5.779    m_axis_tdata[1]
                                                                      r  m_axis_tdata[1] (OUT)
  -------------------------------------------------------------------    -------------------

Slack:                    inf
  Source:                 m_axis_tdata_reg_reg[2]/C
                            (rising edge-triggered cell FDRE clocked by aclk  {rise@0.000ns fall@5.000ns period=10.000ns})
  Destination:            m_axis_tdata[2]
                            (output port)
  Path Group:             (none)
  Path Type:              Max at Slow Process Corner
  Data Path Delay:        3.561ns  (logic 2.915ns (81.869%)  route 0.646ns (18.131%))
  Logic Levels:           1  (OBUF=1)
  Clock Uncertainty:      0.025ns  ((TSJ^2 + TIJ^2)^1/2 + DJ) / 2 + PE
    Total System Jitter     (TSJ):    0.050ns
    Total Input Jitter      (TIJ):    0.000ns
    Discrete Jitter          (DJ):    0.000ns
    Phase Error              (PE):    0.000ns

    Location             Delay type                Incr(ns)  Path(ns)    Netlist Resource(s)
  -------------------------------------------------------------------    -------------------
                         (clock aclk rise edge)       0.000     0.000 r  
                                                      0.000     0.000 r  aclk (IN)
                         net (fo=0)                   0.000     0.000    aclk
                         IBUF (Prop_ibuf_I_O)         0.904     0.904 r  aclk_IBUF_inst/O
                         net (fo=1, unplaced)         0.646     1.549    aclk_IBUF
                         BUFG (Prop_bufg_I_O)         0.085     1.634 r  aclk_IBUF_BUFG_inst/O
                         net (fo=7229, unplaced)      0.584     2.218    aclk_IBUF_BUFG
                         FDRE                                         r  m_axis_tdata_reg_reg[2]/C
  -------------------------------------------------------------------    -------------------
                         FDRE (Prop_fdre_C_Q)         0.397     2.615 r  m_axis_tdata_reg_reg[2]/Q
                         net (fo=1, unplaced)         0.646     3.261    m_axis_tdata_OBUF[2]
                         OBUF (Prop_obuf_I_O)         2.518     5.779 r  m_axis_tdata_OBUF[2]_inst/O
                         net (fo=0)                   0.000     5.779    m_axis_tdata[2]
                                                                      r  m_axis_tdata[2] (OUT)
  -------------------------------------------------------------------    -------------------

Slack:                    inf
  Source:                 m_axis_tdata_reg_reg[3]/C
                            (rising edge-triggered cell FDRE clocked by aclk  {rise@0.000ns fall@5.000ns period=10.000ns})
  Destination:            m_axis_tdata[3]
                            (output port)
  Path Group:             (none)
  Path Type:              Max at Slow Process Corner
  Data Path Delay:        3.561ns  (logic 2.915ns (81.869%)  route 0.646ns (18.131%))
  Logic Levels:           1  (OBUF=1)
  Clock Uncertainty:      0.025ns  ((TSJ^2 + TIJ^2)^1/2 + DJ) / 2 + PE
    Total System Jitter     (TSJ):    0.050ns
    Total Input Jitter      (TIJ):    0.000ns
    Discrete Jitter          (DJ):    0.000ns
    Phase Error              (PE):    0.000ns

    Location             Delay type                Incr(ns)  Path(ns)    Netlist Resource(s)
  -------------------------------------------------------------------    -------------------
                         (clock aclk rise edge)       0.000     0.000 r  
                                                      0.000     0.000 r  aclk (IN)
                         net (fo=0)                   0.000     0.000    aclk
                         IBUF (Prop_ibuf_I_O)         0.904     0.904 r  aclk_IBUF_inst/O
                         net (fo=1, unplaced)         0.646     1.549    aclk_IBUF
                         BUFG (Prop_bufg_I_O)         0.085     1.634 r  aclk_IBUF_BUFG_inst/O
                         net (fo=7229, unplaced)      0.584     2.218    aclk_IBUF_BUFG
                         FDRE                                         r  m_axis_tdata_reg_reg[3]/C
  -------------------------------------------------------------------    -------------------
                         FDRE (Prop_fdre_C_Q)         0.397     2.615 r  m_axis_tdata_reg_reg[3]/Q
                         net (fo=1, unplaced)         0.646     3.261    m_axis_tdata_OBUF[3]
                         OBUF (Prop_obuf_I_O)         2.518     5.779 r  m_axis_tdata_OBUF[3]_inst/O
                         net (fo=0)                   0.000     5.779    m_axis_tdata[3]
                                                                      r  m_axis_tdata[3] (OUT)
  -------------------------------------------------------------------    -------------------

Slack:                    inf
  Source:                 m_axis_tvalid_reg_reg/C
                            (rising edge-triggered cell FDRE clocked by aclk  {rise@0.000ns fall@5.000ns period=10.000ns})
  Destination:            m_axis_tlast
                            (output port)
  Path Group:             (none)
  Path Type:              Max at Slow Process Corner
  Data Path Delay:        3.561ns  (logic 2.915ns (81.869%)  route 0.646ns (18.131%))
  Logic Levels:           1  (OBUF=1)
  Clock Uncertainty:      0.025ns  ((TSJ^2 + TIJ^2)^1/2 + DJ) / 2 + PE
    Total System Jitter     (TSJ):    0.050ns
    Total Input Jitter      (TIJ):    0.000ns
    Discrete Jitter          (DJ):    0.000ns
    Phase Error              (PE):    0.000ns

    Location             Delay type                Incr(ns)  Path(ns)    Netlist Resource(s)
  -------------------------------------------------------------------    -------------------
                         (clock aclk rise edge)       0.000     0.000 r  
                                                      0.000     0.000 r  aclk (IN)
                         net (fo=0)                   0.000     0.000    aclk
                         IBUF (Prop_ibuf_I_O)         0.904     0.904 r  aclk_IBUF_inst/O
                         net (fo=1, unplaced)         0.646     1.549    aclk_IBUF
                         BUFG (Prop_bufg_I_O)         0.085     1.634 r  aclk_IBUF_BUFG_inst/O
                         net (fo=7229, unplaced)      0.584     2.218    aclk_IBUF_BUFG
                         FDRE                                         r  m_axis_tvalid_reg_reg/C
  -------------------------------------------------------------------    -------------------
                         FDRE (Prop_fdre_C_Q)         0.397     2.615 r  m_axis_tvalid_reg_reg/Q
                         net (fo=4, unplaced)         0.646     3.261    m_axis_tlast_OBUF
                         OBUF (Prop_obuf_I_O)         2.518     5.779 r  m_axis_tlast_OBUF_inst/O
                         net (fo=0)                   0.000     5.779    m_axis_tlast
                                                                      r  m_axis_tlast (OUT)
  -------------------------------------------------------------------    -------------------

Slack:                    inf
  Source:                 m_axis_tvalid_reg_reg/C
                            (rising edge-triggered cell FDRE clocked by aclk  {rise@0.000ns fall@5.000ns period=10.000ns})
  Destination:            m_axis_tvalid
                            (output port)
  Path Group:             (none)
  Path Type:              Max at Slow Process Corner
  Data Path Delay:        3.561ns  (logic 2.915ns (81.869%)  route 0.646ns (18.131%))
  Logic Levels:           1  (OBUF=1)
  Clock Uncertainty:      0.025ns  ((TSJ^2 + TIJ^2)^1/2 + DJ) / 2 + PE
    Total System Jitter     (TSJ):    0.050ns
    Total Input Jitter      (TIJ):    0.000ns
    Discrete Jitter          (DJ):    0.000ns
    Phase Error              (PE):    0.000ns

    Location             Delay type                Incr(ns)  Path(ns)    Netlist Resource(s)
  -------------------------------------------------------------------    -------------------
                         (clock aclk rise edge)       0.000     0.000 r  
                                                      0.000     0.000 r  aclk (IN)
                         net (fo=0)                   0.000     0.000    aclk
                         IBUF (Prop_ibuf_I_O)         0.904     0.904 r  aclk_IBUF_inst/O
                         net (fo=1, unplaced)         0.646     1.549    aclk_IBUF
                         BUFG (Prop_bufg_I_O)         0.085     1.634 r  aclk_IBUF_BUFG_inst/O
                         net (fo=7229, unplaced)      0.584     2.218    aclk_IBUF_BUFG
                         FDRE                                         r  m_axis_tvalid_reg_reg/C
  -------------------------------------------------------------------    -------------------
                         FDRE (Prop_fdre_C_Q)         0.397     2.615 r  m_axis_tvalid_reg_reg/Q
                         net (fo=4, unplaced)         0.646     3.261    m_axis_tlast_OBUF
                         OBUF (Prop_obuf_I_O)         2.518     5.779 r  m_axis_tvalid_OBUF_inst/O
                         net (fo=0)                   0.000     5.779    m_axis_tvalid
                                                                      r  m_axis_tvalid (OUT)
  -------------------------------------------------------------------    -------------------





--------------------------------------------------------------------------------------
Path Group:  (none)
From Clock:  
  To Clock:  aclk

Max Delay          7468 Endpoints
Min Delay             0 Endpoints
--------------------------------------------------------------------------------------


Max Delay Paths
--------------------------------------------------------------------------------------
Slack:                    inf
  Source:                 aresetn
                            (input port)
  Destination:            frame_busy_reg/R
                            (rising edge-triggered cell FDRE clocked by aclk  {rise@0.000ns fall@5.000ns period=10.000ns})
  Path Group:             (none)
  Path Type:              Setup (Max at Slow Process Corner)
  Data Path Delay:        2.438ns  (logic 1.009ns (41.369%)  route 1.430ns (58.631%))
  Logic Levels:           2  (IBUF=1 LUT1=1)
  Clock Path Skew:        1.902ns (DCD - SCD + CPR)
    Destination Clock Delay (DCD):    1.902ns
    Source Clock Delay      (SCD):    0.000ns
    Clock Pessimism Removal (CPR):    0.000ns

    Location             Delay type                Incr(ns)  Path(ns)    Netlist Resource(s)
  -------------------------------------------------------------------    -------------------
                                                      0.000     0.000 f  aresetn (IN)
                         net (fo=0)                   0.000     0.000    aresetn
                         IBUF (Prop_ibuf_I_O)         0.904     0.904 f  aresetn_IBUF_inst/O
                         net (fo=39, unplaced)        0.646     1.549    u_conv1/u_conv1_calc/aresetn_IBUF
                         LUT1 (Prop_lut1_I0_O)        0.105     1.654 r  u_conv1/u_conv1_calc/wr_ptr[7]_i_1/O
                         net (fo=2620, unplaced)      0.784     2.438    p_0_in_0
                         FDRE                                         r  frame_busy_reg/R
  -------------------------------------------------------------------    -------------------

                         (clock aclk rise edge)       0.000     0.000 r  
                                                      0.000     0.000 r  aclk (IN)
                         net (fo=0)                   0.000     0.000    aclk
                         IBUF (Prop_ibuf_I_O)         0.773     0.773 r  aclk_IBUF_inst/O
                         net (fo=1, unplaced)         0.613     1.386    aclk_IBUF
                         BUFG (Prop_bufg_I_O)         0.077     1.463 r  aclk_IBUF_BUFG_inst/O
                         net (fo=7229, unplaced)      0.439     1.902    aclk_IBUF_BUFG
                         FDRE                                         r  frame_busy_reg/C

Slack:                    inf
  Source:                 aresetn
                            (input port)
  Destination:            input_pixel_count_reg[0]/R
                            (rising edge-triggered cell FDRE clocked by aclk  {rise@0.000ns fall@5.000ns period=10.000ns})
  Path Group:             (none)
  Path Type:              Setup (Max at Slow Process Corner)
  Data Path Delay:        2.438ns  (logic 1.009ns (41.369%)  route 1.430ns (58.631%))
  Logic Levels:           2  (IBUF=1 LUT1=1)
  Clock Path Skew:        1.902ns (DCD - SCD + CPR)
    Destination Clock Delay (DCD):    1.902ns
    Source Clock Delay      (SCD):    0.000ns
    Clock Pessimism Removal (CPR):    0.000ns

    Location             Delay type                Incr(ns)  Path(ns)    Netlist Resource(s)
  -------------------------------------------------------------------    -------------------
                                                      0.000     0.000 f  aresetn (IN)
                         net (fo=0)                   0.000     0.000    aresetn
                         IBUF (Prop_ibuf_I_O)         0.904     0.904 f  aresetn_IBUF_inst/O
                         net (fo=39, unplaced)        0.646     1.549    u_conv1/u_conv1_calc/aresetn_IBUF
                         LUT1 (Prop_lut1_I0_O)        0.105     1.654 r  u_conv1/u_conv1_calc/wr_ptr[7]_i_1/O
                         net (fo=2620, unplaced)      0.784     2.438    p_0_in_0
                         FDRE                                         r  input_pixel_count_reg[0]/R
  -------------------------------------------------------------------    -------------------

                         (clock aclk rise edge)       0.000     0.000 r  
                                                      0.000     0.000 r  aclk (IN)
                         net (fo=0)                   0.000     0.000    aclk
                         IBUF (Prop_ibuf_I_O)         0.773     0.773 r  aclk_IBUF_inst/O
                         net (fo=1, unplaced)         0.613     1.386    aclk_IBUF
                         BUFG (Prop_bufg_I_O)         0.077     1.463 r  aclk_IBUF_BUFG_inst/O
                         net (fo=7229, unplaced)      0.439     1.902    aclk_IBUF_BUFG
                         FDRE                                         r  input_pixel_count_reg[0]/C

Slack:                    inf
  Source:                 aresetn
                            (input port)
  Destination:            input_pixel_count_reg[1]/R
                            (rising edge-triggered cell FDRE clocked by aclk  {rise@0.000ns fall@5.000ns period=10.000ns})
  Path Group:             (none)
  Path Type:              Setup (Max at Slow Process Corner)
  Data Path Delay:        2.438ns  (logic 1.009ns (41.369%)  route 1.430ns (58.631%))
  Logic Levels:           2  (IBUF=1 LUT1=1)
  Clock Path Skew:        1.902ns (DCD - SCD + CPR)
    Destination Clock Delay (DCD):    1.902ns
    Source Clock Delay      (SCD):    0.000ns
    Clock Pessimism Removal (CPR):    0.000ns

    Location             Delay type                Incr(ns)  Path(ns)    Netlist Resource(s)
  -------------------------------------------------------------------    -------------------
                                                      0.000     0.000 f  aresetn (IN)
                         net (fo=0)                   0.000     0.000    aresetn
                         IBUF (Prop_ibuf_I_O)         0.904     0.904 f  aresetn_IBUF_inst/O
                         net (fo=39, unplaced)        0.646     1.549    u_conv1/u_conv1_calc/aresetn_IBUF
                         LUT1 (Prop_lut1_I0_O)        0.105     1.654 r  u_conv1/u_conv1_calc/wr_ptr[7]_i_1/O
                         net (fo=2620, unplaced)      0.784     2.438    p_0_in_0
                         FDRE                                         r  input_pixel_count_reg[1]/R
  -------------------------------------------------------------------    -------------------

                         (clock aclk rise edge)       0.000     0.000 r  
                                                      0.000     0.000 r  aclk (IN)
                         net (fo=0)                   0.000     0.000    aclk
                         IBUF (Prop_ibuf_I_O)         0.773     0.773 r  aclk_IBUF_inst/O
                         net (fo=1, unplaced)         0.613     1.386    aclk_IBUF
                         BUFG (Prop_bufg_I_O)         0.077     1.463 r  aclk_IBUF_BUFG_inst/O
                         net (fo=7229, unplaced)      0.439     1.902    aclk_IBUF_BUFG
                         FDRE                                         r  input_pixel_count_reg[1]/C

Slack:                    inf
  Source:                 aresetn
                            (input port)
  Destination:            input_pixel_count_reg[2]/R
                            (rising edge-triggered cell FDRE clocked by aclk  {rise@0.000ns fall@5.000ns period=10.000ns})
  Path Group:             (none)
  Path Type:              Setup (Max at Slow Process Corner)
  Data Path Delay:        2.438ns  (logic 1.009ns (41.369%)  route 1.430ns (58.631%))
  Logic Levels:           2  (IBUF=1 LUT1=1)
  Clock Path Skew:        1.902ns (DCD - SCD + CPR)
    Destination Clock Delay (DCD):    1.902ns
    Source Clock Delay      (SCD):    0.000ns
    Clock Pessimism Removal (CPR):    0.000ns

    Location             Delay type                Incr(ns)  Path(ns)    Netlist Resource(s)
  -------------------------------------------------------------------    -------------------
                                                      0.000     0.000 f  aresetn (IN)
                         net (fo=0)                   0.000     0.000    aresetn
                         IBUF (Prop_ibuf_I_O)         0.904     0.904 f  aresetn_IBUF_inst/O
                         net (fo=39, unplaced)        0.646     1.549    u_conv1/u_conv1_calc/aresetn_IBUF
                         LUT1 (Prop_lut1_I0_O)        0.105     1.654 r  u_conv1/u_conv1_calc/wr_ptr[7]_i_1/O
                         net (fo=2620, unplaced)      0.784     2.438    p_0_in_0
                         FDRE                                         r  input_pixel_count_reg[2]/R
  -------------------------------------------------------------------    -------------------

                         (clock aclk rise edge)       0.000     0.000 r  
                                                      0.000     0.000 r  aclk (IN)
                         net (fo=0)                   0.000     0.000    aclk
                         IBUF (Prop_ibuf_I_O)         0.773     0.773 r  aclk_IBUF_inst/O
                         net (fo=1, unplaced)         0.613     1.386    aclk_IBUF
                         BUFG (Prop_bufg_I_O)         0.077     1.463 r  aclk_IBUF_BUFG_inst/O
                         net (fo=7229, unplaced)      0.439     1.902    aclk_IBUF_BUFG
                         FDRE                                         r  input_pixel_count_reg[2]/C

Slack:                    inf
  Source:                 aresetn
                            (input port)
  Destination:            input_pixel_count_reg[3]/R
                            (rising edge-triggered cell FDRE clocked by aclk  {rise@0.000ns fall@5.000ns period=10.000ns})
  Path Group:             (none)
  Path Type:              Setup (Max at Slow Process Corner)
  Data Path Delay:        2.438ns  (logic 1.009ns (41.369%)  route 1.430ns (58.631%))
  Logic Levels:           2  (IBUF=1 LUT1=1)
  Clock Path Skew:        1.902ns (DCD - SCD + CPR)
    Destination Clock Delay (DCD):    1.902ns
    Source Clock Delay      (SCD):    0.000ns
    Clock Pessimism Removal (CPR):    0.000ns

    Location             Delay type                Incr(ns)  Path(ns)    Netlist Resource(s)
  -------------------------------------------------------------------    -------------------
                                                      0.000     0.000 f  aresetn (IN)
                         net (fo=0)                   0.000     0.000    aresetn
                         IBUF (Prop_ibuf_I_O)         0.904     0.904 f  aresetn_IBUF_inst/O
                         net (fo=39, unplaced)        0.646     1.549    u_conv1/u_conv1_calc/aresetn_IBUF
                         LUT1 (Prop_lut1_I0_O)        0.105     1.654 r  u_conv1/u_conv1_calc/wr_ptr[7]_i_1/O
                         net (fo=2620, unplaced)      0.784     2.438    p_0_in_0
                         FDRE                                         r  input_pixel_count_reg[3]/R
  -------------------------------------------------------------------    -------------------

                         (clock aclk rise edge)       0.000     0.000 r  
                                                      0.000     0.000 r  aclk (IN)
                         net (fo=0)                   0.000     0.000    aclk
                         IBUF (Prop_ibuf_I_O)         0.773     0.773 r  aclk_IBUF_inst/O
                         net (fo=1, unplaced)         0.613     1.386    aclk_IBUF
                         BUFG (Prop_bufg_I_O)         0.077     1.463 r  aclk_IBUF_BUFG_inst/O
                         net (fo=7229, unplaced)      0.439     1.902    aclk_IBUF_BUFG
                         FDRE                                         r  input_pixel_count_reg[3]/C

Slack:                    inf
  Source:                 aresetn
                            (input port)
  Destination:            input_pixel_count_reg[4]/R
                            (rising edge-triggered cell FDRE clocked by aclk  {rise@0.000ns fall@5.000ns period=10.000ns})
  Path Group:             (none)
  Path Type:              Setup (Max at Slow Process Corner)
  Data Path Delay:        2.438ns  (logic 1.009ns (41.369%)  route 1.430ns (58.631%))
  Logic Levels:           2  (IBUF=1 LUT1=1)
  Clock Path Skew:        1.902ns (DCD - SCD + CPR)
    Destination Clock Delay (DCD):    1.902ns
    Source Clock Delay      (SCD):    0.000ns
    Clock Pessimism Removal (CPR):    0.000ns

    Location             Delay type                Incr(ns)  Path(ns)    Netlist Resource(s)
  -------------------------------------------------------------------    -------------------
                                                      0.000     0.000 f  aresetn (IN)
                         net (fo=0)                   0.000     0.000    aresetn
                         IBUF (Prop_ibuf_I_O)         0.904     0.904 f  aresetn_IBUF_inst/O
                         net (fo=39, unplaced)        0.646     1.549    u_conv1/u_conv1_calc/aresetn_IBUF
                         LUT1 (Prop_lut1_I0_O)        0.105     1.654 r  u_conv1/u_conv1_calc/wr_ptr[7]_i_1/O
                         net (fo=2620, unplaced)      0.784     2.438    p_0_in_0
                         FDRE                                         r  input_pixel_count_reg[4]/R
  -------------------------------------------------------------------    -------------------

                         (clock aclk rise edge)       0.000     0.000 r  
                                                      0.000     0.000 r  aclk (IN)
                         net (fo=0)                   0.000     0.000    aclk
                         IBUF (Prop_ibuf_I_O)         0.773     0.773 r  aclk_IBUF_inst/O
                         net (fo=1, unplaced)         0.613     1.386    aclk_IBUF
                         BUFG (Prop_bufg_I_O)         0.077     1.463 r  aclk_IBUF_BUFG_inst/O
                         net (fo=7229, unplaced)      0.439     1.902    aclk_IBUF_BUFG
                         FDRE                                         r  input_pixel_count_reg[4]/C

Slack:                    inf
  Source:                 aresetn
                            (input port)
  Destination:            input_pixel_count_reg[5]/R
                            (rising edge-triggered cell FDRE clocked by aclk  {rise@0.000ns fall@5.000ns period=10.000ns})
  Path Group:             (none)
  Path Type:              Setup (Max at Slow Process Corner)
  Data Path Delay:        2.438ns  (logic 1.009ns (41.369%)  route 1.430ns (58.631%))
  Logic Levels:           2  (IBUF=1 LUT1=1)
  Clock Path Skew:        1.902ns (DCD - SCD + CPR)
    Destination Clock Delay (DCD):    1.902ns
    Source Clock Delay      (SCD):    0.000ns
    Clock Pessimism Removal (CPR):    0.000ns

    Location             Delay type                Incr(ns)  Path(ns)    Netlist Resource(s)
  -------------------------------------------------------------------    -------------------
                                                      0.000     0.000 f  aresetn (IN)
                         net (fo=0)                   0.000     0.000    aresetn
                         IBUF (Prop_ibuf_I_O)         0.904     0.904 f  aresetn_IBUF_inst/O
                         net (fo=39, unplaced)        0.646     1.549    u_conv1/u_conv1_calc/aresetn_IBUF
                         LUT1 (Prop_lut1_I0_O)        0.105     1.654 r  u_conv1/u_conv1_calc/wr_ptr[7]_i_1/O
                         net (fo=2620, unplaced)      0.784     2.438    p_0_in_0
                         FDRE                                         r  input_pixel_count_reg[5]/R
  -------------------------------------------------------------------    -------------------

                         (clock aclk rise edge)       0.000     0.000 r  
                                                      0.000     0.000 r  aclk (IN)
                         net (fo=0)                   0.000     0.000    aclk
                         IBUF (Prop_ibuf_I_O)         0.773     0.773 r  aclk_IBUF_inst/O
                         net (fo=1, unplaced)         0.613     1.386    aclk_IBUF
                         BUFG (Prop_bufg_I_O)         0.077     1.463 r  aclk_IBUF_BUFG_inst/O
                         net (fo=7229, unplaced)      0.439     1.902    aclk_IBUF_BUFG
                         FDRE                                         r  input_pixel_count_reg[5]/C

Slack:                    inf
  Source:                 aresetn
                            (input port)
  Destination:            input_pixel_count_reg[6]/R
                            (rising edge-triggered cell FDRE clocked by aclk  {rise@0.000ns fall@5.000ns period=10.000ns})
  Path Group:             (none)
  Path Type:              Setup (Max at Slow Process Corner)
  Data Path Delay:        2.438ns  (logic 1.009ns (41.369%)  route 1.430ns (58.631%))
  Logic Levels:           2  (IBUF=1 LUT1=1)
  Clock Path Skew:        1.902ns (DCD - SCD + CPR)
    Destination Clock Delay (DCD):    1.902ns
    Source Clock Delay      (SCD):    0.000ns
    Clock Pessimism Removal (CPR):    0.000ns

    Location             Delay type                Incr(ns)  Path(ns)    Netlist Resource(s)
  -------------------------------------------------------------------    -------------------
                                                      0.000     0.000 f  aresetn (IN)
                         net (fo=0)                   0.000     0.000    aresetn
                         IBUF (Prop_ibuf_I_O)         0.904     0.904 f  aresetn_IBUF_inst/O
                         net (fo=39, unplaced)        0.646     1.549    u_conv1/u_conv1_calc/aresetn_IBUF
                         LUT1 (Prop_lut1_I0_O)        0.105     1.654 r  u_conv1/u_conv1_calc/wr_ptr[7]_i_1/O
                         net (fo=2620, unplaced)      0.784     2.438    p_0_in_0
                         FDRE                                         r  input_pixel_count_reg[6]/R
  -------------------------------------------------------------------    -------------------

                         (clock aclk rise edge)       0.000     0.000 r  
                                                      0.000     0.000 r  aclk (IN)
                         net (fo=0)                   0.000     0.000    aclk
                         IBUF (Prop_ibuf_I_O)         0.773     0.773 r  aclk_IBUF_inst/O
                         net (fo=1, unplaced)         0.613     1.386    aclk_IBUF
                         BUFG (Prop_bufg_I_O)         0.077     1.463 r  aclk_IBUF_BUFG_inst/O
                         net (fo=7229, unplaced)      0.439     1.902    aclk_IBUF_BUFG
                         FDRE                                         r  input_pixel_count_reg[6]/C

Slack:                    inf
  Source:                 aresetn
                            (input port)
  Destination:            input_pixel_count_reg[7]/R
                            (rising edge-triggered cell FDRE clocked by aclk  {rise@0.000ns fall@5.000ns period=10.000ns})
  Path Group:             (none)
  Path Type:              Setup (Max at Slow Process Corner)
  Data Path Delay:        2.438ns  (logic 1.009ns (41.369%)  route 1.430ns (58.631%))
  Logic Levels:           2  (IBUF=1 LUT1=1)
  Clock Path Skew:        1.902ns (DCD - SCD + CPR)
    Destination Clock Delay (DCD):    1.902ns
    Source Clock Delay      (SCD):    0.000ns
    Clock Pessimism Removal (CPR):    0.000ns

    Location             Delay type                Incr(ns)  Path(ns)    Netlist Resource(s)
  -------------------------------------------------------------------    -------------------
                                                      0.000     0.000 f  aresetn (IN)
                         net (fo=0)                   0.000     0.000    aresetn
                         IBUF (Prop_ibuf_I_O)         0.904     0.904 f  aresetn_IBUF_inst/O
                         net (fo=39, unplaced)        0.646     1.549    u_conv1/u_conv1_calc/aresetn_IBUF
                         LUT1 (Prop_lut1_I0_O)        0.105     1.654 r  u_conv1/u_conv1_calc/wr_ptr[7]_i_1/O
                         net (fo=2620, unplaced)      0.784     2.438    p_0_in_0
                         FDRE                                         r  input_pixel_count_reg[7]/R
  -------------------------------------------------------------------    -------------------

                         (clock aclk rise edge)       0.000     0.000 r  
                                                      0.000     0.000 r  aclk (IN)
                         net (fo=0)                   0.000     0.000    aclk
                         IBUF (Prop_ibuf_I_O)         0.773     0.773 r  aclk_IBUF_inst/O
                         net (fo=1, unplaced)         0.613     1.386    aclk_IBUF
                         BUFG (Prop_bufg_I_O)         0.077     1.463 r  aclk_IBUF_BUFG_inst/O
                         net (fo=7229, unplaced)      0.439     1.902    aclk_IBUF_BUFG
                         FDRE                                         r  input_pixel_count_reg[7]/C

Slack:                    inf
  Source:                 aresetn
                            (input port)
  Destination:            input_pixel_count_reg[8]/R
                            (rising edge-triggered cell FDRE clocked by aclk  {rise@0.000ns fall@5.000ns period=10.000ns})
  Path Group:             (none)
  Path Type:              Setup (Max at Slow Process Corner)
  Data Path Delay:        2.438ns  (logic 1.009ns (41.369%)  route 1.430ns (58.631%))
  Logic Levels:           2  (IBUF=1 LUT1=1)
  Clock Path Skew:        1.902ns (DCD - SCD + CPR)
    Destination Clock Delay (DCD):    1.902ns
    Source Clock Delay      (SCD):    0.000ns
    Clock Pessimism Removal (CPR):    0.000ns

    Location             Delay type                Incr(ns)  Path(ns)    Netlist Resource(s)
  -------------------------------------------------------------------    -------------------
                                                      0.000     0.000 f  aresetn (IN)
                         net (fo=0)                   0.000     0.000    aresetn
                         IBUF (Prop_ibuf_I_O)         0.904     0.904 f  aresetn_IBUF_inst/O
                         net (fo=39, unplaced)        0.646     1.549    u_conv1/u_conv1_calc/aresetn_IBUF
                         LUT1 (Prop_lut1_I0_O)        0.105     1.654 r  u_conv1/u_conv1_calc/wr_ptr[7]_i_1/O
                         net (fo=2620, unplaced)      0.784     2.438    p_0_in_0
                         FDRE                                         r  input_pixel_count_reg[8]/R
  -------------------------------------------------------------------    -------------------

                         (clock aclk rise edge)       0.000     0.000 r  
                                                      0.000     0.000 r  aclk (IN)
                         net (fo=0)                   0.000     0.000    aclk
                         IBUF (Prop_ibuf_I_O)         0.773     0.773 r  aclk_IBUF_inst/O
                         net (fo=1, unplaced)         0.613     1.386    aclk_IBUF
                         BUFG (Prop_bufg_I_O)         0.077     1.463 r  aclk_IBUF_BUFG_inst/O
                         net (fo=7229, unplaced)      0.439     1.902    aclk_IBUF_BUFG
                         FDRE                                         r  input_pixel_count_reg[8]/C

Slack:                    inf
  Source:                 aresetn
                            (input port)
  Destination:            input_pixel_count_reg[9]/R
                            (rising edge-triggered cell FDRE clocked by aclk  {rise@0.000ns fall@5.000ns period=10.000ns})
  Path Group:             (none)
  Path Type:              Setup (Max at Slow Process Corner)
  Data Path Delay:        2.438ns  (logic 1.009ns (41.369%)  route 1.430ns (58.631%))
  Logic Levels:           2  (IBUF=1 LUT1=1)
  Clock Path Skew:        1.902ns (DCD - SCD + CPR)
    Destination Clock Delay (DCD):    1.902ns
    Source Clock Delay      (SCD):    0.000ns
    Clock Pessimism Removal (CPR):    0.000ns

    Location             Delay type                Incr(ns)  Path(ns)    Netlist Resource(s)
  -------------------------------------------------------------------    -------------------
                                                      0.000     0.000 f  aresetn (IN)
                         net (fo=0)                   0.000     0.000    aresetn
                         IBUF (Prop_ibuf_I_O)         0.904     0.904 f  aresetn_IBUF_inst/O
                         net (fo=39, unplaced)        0.646     1.549    u_conv1/u_conv1_calc/aresetn_IBUF
                         LUT1 (Prop_lut1_I0_O)        0.105     1.654 r  u_conv1/u_conv1_calc/wr_ptr[7]_i_1/O
                         net (fo=2620, unplaced)      0.784     2.438    p_0_in_0
                         FDRE                                         r  input_pixel_count_reg[9]/R
  -------------------------------------------------------------------    -------------------

                         (clock aclk rise edge)       0.000     0.000 r  
                                                      0.000     0.000 r  aclk (IN)
                         net (fo=0)                   0.000     0.000    aclk
                         IBUF (Prop_ibuf_I_O)         0.773     0.773 r  aclk_IBUF_inst/O
                         net (fo=1, unplaced)         0.613     1.386    aclk_IBUF
                         BUFG (Prop_bufg_I_O)         0.077     1.463 r  aclk_IBUF_BUFG_inst/O
                         net (fo=7229, unplaced)      0.439     1.902    aclk_IBUF_BUFG
                         FDRE                                         r  input_pixel_count_reg[9]/C

Slack:                    inf
  Source:                 aresetn
                            (input port)
  Destination:            m_axis_tdata_reg_reg[0]/R
                            (rising edge-triggered cell FDRE clocked by aclk  {rise@0.000ns fall@5.000ns period=10.000ns})
  Path Group:             (none)
  Path Type:              Setup (Max at Slow Process Corner)
  Data Path Delay:        2.438ns  (logic 1.009ns (41.369%)  route 1.430ns (58.631%))
  Logic Levels:           2  (IBUF=1 LUT1=1)
  Clock Path Skew:        1.902ns (DCD - SCD + CPR)
    Destination Clock Delay (DCD):    1.902ns
    Source Clock Delay      (SCD):    0.000ns
    Clock Pessimism Removal (CPR):    0.000ns

    Location             Delay type                Incr(ns)  Path(ns)    Netlist Resource(s)
  -------------------------------------------------------------------    -------------------
                                                      0.000     0.000 f  aresetn (IN)
                         net (fo=0)                   0.000     0.000    aresetn
                         IBUF (Prop_ibuf_I_O)         0.904     0.904 f  aresetn_IBUF_inst/O
                         net (fo=39, unplaced)        0.646     1.549    u_conv1/u_conv1_calc/aresetn_IBUF
                         LUT1 (Prop_lut1_I0_O)        0.105     1.654 r  u_conv1/u_conv1_calc/wr_ptr[7]_i_1/O
                         net (fo=2620, unplaced)      0.784     2.438    p_0_in_0
                         FDRE                                         r  m_axis_tdata_reg_reg[0]/R
  -------------------------------------------------------------------    -------------------

                         (clock aclk rise edge)       0.000     0.000 r  
                                                      0.000     0.000 r  aclk (IN)
                         net (fo=0)                   0.000     0.000    aclk
                         IBUF (Prop_ibuf_I_O)         0.773     0.773 r  aclk_IBUF_inst/O
                         net (fo=1, unplaced)         0.613     1.386    aclk_IBUF
                         BUFG (Prop_bufg_I_O)         0.077     1.463 r  aclk_IBUF_BUFG_inst/O
                         net (fo=7229, unplaced)      0.439     1.902    aclk_IBUF_BUFG
                         FDRE                                         r  m_axis_tdata_reg_reg[0]/C

Slack:                    inf
  Source:                 aresetn
                            (input port)
  Destination:            m_axis_tdata_reg_reg[1]/R
                            (rising edge-triggered cell FDRE clocked by aclk  {rise@0.000ns fall@5.000ns period=10.000ns})
  Path Group:             (none)
  Path Type:              Setup (Max at Slow Process Corner)
  Data Path Delay:        2.438ns  (logic 1.009ns (41.369%)  route 1.430ns (58.631%))
  Logic Levels:           2  (IBUF=1 LUT1=1)
  Clock Path Skew:        1.902ns (DCD - SCD + CPR)
    Destination Clock Delay (DCD):    1.902ns
    Source Clock Delay      (SCD):    0.000ns
    Clock Pessimism Removal (CPR):    0.000ns

    Location             Delay type                Incr(ns)  Path(ns)    Netlist Resource(s)
  -------------------------------------------------------------------    -------------------
                                                      0.000     0.000 f  aresetn (IN)
                         net (fo=0)                   0.000     0.000    aresetn
                         IBUF (Prop_ibuf_I_O)         0.904     0.904 f  aresetn_IBUF_inst/O
                         net (fo=39, unplaced)        0.646     1.549    u_conv1/u_conv1_calc/aresetn_IBUF
                         LUT1 (Prop_lut1_I0_O)        0.105     1.654 r  u_conv1/u_conv1_calc/wr_ptr[7]_i_1/O
                         net (fo=2620, unplaced)      0.784     2.438    p_0_in_0
                         FDRE                                         r  m_axis_tdata_reg_reg[1]/R
  -------------------------------------------------------------------    -------------------

                         (clock aclk rise edge)       0.000     0.000 r  
                                                      0.000     0.000 r  aclk (IN)
                         net (fo=0)                   0.000     0.000    aclk
                         IBUF (Prop_ibuf_I_O)         0.773     0.773 r  aclk_IBUF_inst/O
                         net (fo=1, unplaced)         0.613     1.386    aclk_IBUF
                         BUFG (Prop_bufg_I_O)         0.077     1.463 r  aclk_IBUF_BUFG_inst/O
                         net (fo=7229, unplaced)      0.439     1.902    aclk_IBUF_BUFG
                         FDRE                                         r  m_axis_tdata_reg_reg[1]/C

Slack:                    inf
  Source:                 aresetn
                            (input port)
  Destination:            m_axis_tdata_reg_reg[2]/R
                            (rising edge-triggered cell FDRE clocked by aclk  {rise@0.000ns fall@5.000ns period=10.000ns})
  Path Group:             (none)
  Path Type:              Setup (Max at Slow Process Corner)
  Data Path Delay:        2.438ns  (logic 1.009ns (41.369%)  route 1.430ns (58.631%))
  Logic Levels:           2  (IBUF=1 LUT1=1)
  Clock Path Skew:        1.902ns (DCD - SCD + CPR)
    Destination Clock Delay (DCD):    1.902ns
    Source Clock Delay      (SCD):    0.000ns
    Clock Pessimism Removal (CPR):    0.000ns

    Location             Delay type                Incr(ns)  Path(ns)    Netlist Resource(s)
  -------------------------------------------------------------------    -------------------
                                                      0.000     0.000 f  aresetn (IN)
                         net (fo=0)                   0.000     0.000    aresetn
                         IBUF (Prop_ibuf_I_O)         0.904     0.904 f  aresetn_IBUF_inst/O
                         net (fo=39, unplaced)        0.646     1.549    u_conv1/u_conv1_calc/aresetn_IBUF
                         LUT1 (Prop_lut1_I0_O)        0.105     1.654 r  u_conv1/u_conv1_calc/wr_ptr[7]_i_1/O
                         net (fo=2620, unplaced)      0.784     2.438    p_0_in_0
                         FDRE                                         r  m_axis_tdata_reg_reg[2]/R
  -------------------------------------------------------------------    -------------------

                         (clock aclk rise edge)       0.000     0.000 r  
                                                      0.000     0.000 r  aclk (IN)
                         net (fo=0)                   0.000     0.000    aclk
                         IBUF (Prop_ibuf_I_O)         0.773     0.773 r  aclk_IBUF_inst/O
                         net (fo=1, unplaced)         0.613     1.386    aclk_IBUF
                         BUFG (Prop_bufg_I_O)         0.077     1.463 r  aclk_IBUF_BUFG_inst/O
                         net (fo=7229, unplaced)      0.439     1.902    aclk_IBUF_BUFG
                         FDRE                                         r  m_axis_tdata_reg_reg[2]/C

Slack:                    inf
  Source:                 aresetn
                            (input port)
  Destination:            m_axis_tdata_reg_reg[3]/R
                            (rising edge-triggered cell FDRE clocked by aclk  {rise@0.000ns fall@5.000ns period=10.000ns})
  Path Group:             (none)
  Path Type:              Setup (Max at Slow Process Corner)
  Data Path Delay:        2.438ns  (logic 1.009ns (41.369%)  route 1.430ns (58.631%))
  Logic Levels:           2  (IBUF=1 LUT1=1)
  Clock Path Skew:        1.902ns (DCD - SCD + CPR)
    Destination Clock Delay (DCD):    1.902ns
    Source Clock Delay      (SCD):    0.000ns
    Clock Pessimism Removal (CPR):    0.000ns

    Location             Delay type                Incr(ns)  Path(ns)    Netlist Resource(s)
  -------------------------------------------------------------------    -------------------
                                                      0.000     0.000 f  aresetn (IN)
                         net (fo=0)                   0.000     0.000    aresetn
                         IBUF (Prop_ibuf_I_O)         0.904     0.904 f  aresetn_IBUF_inst/O
                         net (fo=39, unplaced)        0.646     1.549    u_conv1/u_conv1_calc/aresetn_IBUF
                         LUT1 (Prop_lut1_I0_O)        0.105     1.654 r  u_conv1/u_conv1_calc/wr_ptr[7]_i_1/O
                         net (fo=2620, unplaced)      0.784     2.438    p_0_in_0
                         FDRE                                         r  m_axis_tdata_reg_reg[3]/R
  -------------------------------------------------------------------    -------------------

                         (clock aclk rise edge)       0.000     0.000 r  
                                                      0.000     0.000 r  aclk (IN)
                         net (fo=0)                   0.000     0.000    aclk
                         IBUF (Prop_ibuf_I_O)         0.773     0.773 r  aclk_IBUF_inst/O
                         net (fo=1, unplaced)         0.613     1.386    aclk_IBUF
                         BUFG (Prop_bufg_I_O)         0.077     1.463 r  aclk_IBUF_BUFG_inst/O
                         net (fo=7229, unplaced)      0.439     1.902    aclk_IBUF_BUFG
                         FDRE                                         r  m_axis_tdata_reg_reg[3]/C

Slack:                    inf
  Source:                 aresetn
                            (input port)
  Destination:            m_axis_tvalid_reg_reg/R
                            (rising edge-triggered cell FDRE clocked by aclk  {rise@0.000ns fall@5.000ns period=10.000ns})
  Path Group:             (none)
  Path Type:              Setup (Max at Slow Process Corner)
  Data Path Delay:        2.438ns  (logic 1.009ns (41.369%)  route 1.430ns (58.631%))
  Logic Levels:           2  (IBUF=1 LUT1=1)
  Clock Path Skew:        1.902ns (DCD - SCD + CPR)
    Destination Clock Delay (DCD):    1.902ns
    Source Clock Delay      (SCD):    0.000ns
    Clock Pessimism Removal (CPR):    0.000ns

    Location             Delay type                Incr(ns)  Path(ns)    Netlist Resource(s)
  -------------------------------------------------------------------    -------------------
                                                      0.000     0.000 f  aresetn (IN)
                         net (fo=0)                   0.000     0.000    aresetn
                         IBUF (Prop_ibuf_I_O)         0.904     0.904 f  aresetn_IBUF_inst/O
                         net (fo=39, unplaced)        0.646     1.549    u_conv1/u_conv1_calc/aresetn_IBUF
                         LUT1 (Prop_lut1_I0_O)        0.105     1.654 r  u_conv1/u_conv1_calc/wr_ptr[7]_i_1/O
                         net (fo=2620, unplaced)      0.784     2.438    p_0_in_0
                         FDRE                                         r  m_axis_tvalid_reg_reg/R
  -------------------------------------------------------------------    -------------------

                         (clock aclk rise edge)       0.000     0.000 r  
                                                      0.000     0.000 r  aclk (IN)
                         net (fo=0)                   0.000     0.000    aclk
                         IBUF (Prop_ibuf_I_O)         0.773     0.773 r  aclk_IBUF_inst/O
                         net (fo=1, unplaced)         0.613     1.386    aclk_IBUF
                         BUFG (Prop_bufg_I_O)         0.077     1.463 r  aclk_IBUF_BUFG_inst/O
                         net (fo=7229, unplaced)      0.439     1.902    aclk_IBUF_BUFG
                         FDRE                                         r  m_axis_tvalid_reg_reg/C

Slack:                    inf
  Source:                 aresetn
                            (input port)
  Destination:            s_axis_tdata_reg_reg[0]/R
                            (rising edge-triggered cell FDRE clocked by aclk  {rise@0.000ns fall@5.000ns period=10.000ns})
  Path Group:             (none)
  Path Type:              Setup (Max at Slow Process Corner)
  Data Path Delay:        2.438ns  (logic 1.009ns (41.369%)  route 1.430ns (58.631%))
  Logic Levels:           2  (IBUF=1 LUT1=1)
  Clock Path Skew:        1.902ns (DCD - SCD + CPR)
    Destination Clock Delay (DCD):    1.902ns
    Source Clock Delay      (SCD):    0.000ns
    Clock Pessimism Removal (CPR):    0.000ns

    Location             Delay type                Incr(ns)  Path(ns)    Netlist Resource(s)
  -------------------------------------------------------------------    -------------------
                                                      0.000     0.000 f  aresetn (IN)
                         net (fo=0)                   0.000     0.000    aresetn
                         IBUF (Prop_ibuf_I_O)         0.904     0.904 f  aresetn_IBUF_inst/O
                         net (fo=39, unplaced)        0.646     1.549    u_conv1/u_conv1_calc/aresetn_IBUF
                         LUT1 (Prop_lut1_I0_O)        0.105     1.654 r  u_conv1/u_conv1_calc/wr_ptr[7]_i_1/O
                         net (fo=2620, unplaced)      0.784     2.438    p_0_in_0
                         FDRE                                         r  s_axis_tdata_reg_reg[0]/R
  -------------------------------------------------------------------    -------------------

                         (clock aclk rise edge)       0.000     0.000 r  
                                                      0.000     0.000 r  aclk (IN)
                         net (fo=0)                   0.000     0.000    aclk
                         IBUF (Prop_ibuf_I_O)         0.773     0.773 r  aclk_IBUF_inst/O
                         net (fo=1, unplaced)         0.613     1.386    aclk_IBUF
                         BUFG (Prop_bufg_I_O)         0.077     1.463 r  aclk_IBUF_BUFG_inst/O
                         net (fo=7229, unplaced)      0.439     1.902    aclk_IBUF_BUFG
                         FDRE                                         r  s_axis_tdata_reg_reg[0]/C

Slack:                    inf
  Source:                 aresetn
                            (input port)
  Destination:            s_axis_tdata_reg_reg[1]/R
                            (rising edge-triggered cell FDRE clocked by aclk  {rise@0.000ns fall@5.000ns period=10.000ns})
  Path Group:             (none)
  Path Type:              Setup (Max at Slow Process Corner)
  Data Path Delay:        2.438ns  (logic 1.009ns (41.369%)  route 1.430ns (58.631%))
  Logic Levels:           2  (IBUF=1 LUT1=1)
  Clock Path Skew:        1.902ns (DCD - SCD + CPR)
    Destination Clock Delay (DCD):    1.902ns
    Source Clock Delay      (SCD):    0.000ns
    Clock Pessimism Removal (CPR):    0.000ns

    Location             Delay type                Incr(ns)  Path(ns)    Netlist Resource(s)
  -------------------------------------------------------------------    -------------------
                                                      0.000     0.000 f  aresetn (IN)
                         net (fo=0)                   0.000     0.000    aresetn
                         IBUF (Prop_ibuf_I_O)         0.904     0.904 f  aresetn_IBUF_inst/O
                         net (fo=39, unplaced)        0.646     1.549    u_conv1/u_conv1_calc/aresetn_IBUF
                         LUT1 (Prop_lut1_I0_O)        0.105     1.654 r  u_conv1/u_conv1_calc/wr_ptr[7]_i_1/O
                         net (fo=2620, unplaced)      0.784     2.438    p_0_in_0
                         FDRE                                         r  s_axis_tdata_reg_reg[1]/R
  -------------------------------------------------------------------    -------------------

                         (clock aclk rise edge)       0.000     0.000 r  
                                                      0.000     0.000 r  aclk (IN)
                         net (fo=0)                   0.000     0.000    aclk
                         IBUF (Prop_ibuf_I_O)         0.773     0.773 r  aclk_IBUF_inst/O
                         net (fo=1, unplaced)         0.613     1.386    aclk_IBUF
                         BUFG (Prop_bufg_I_O)         0.077     1.463 r  aclk_IBUF_BUFG_inst/O
                         net (fo=7229, unplaced)      0.439     1.902    aclk_IBUF_BUFG
                         FDRE                                         r  s_axis_tdata_reg_reg[1]/C

Slack:                    inf
  Source:                 aresetn
                            (input port)
  Destination:            s_axis_tdata_reg_reg[2]/R
                            (rising edge-triggered cell FDRE clocked by aclk  {rise@0.000ns fall@5.000ns period=10.000ns})
  Path Group:             (none)
  Path Type:              Setup (Max at Slow Process Corner)
  Data Path Delay:        2.438ns  (logic 1.009ns (41.369%)  route 1.430ns (58.631%))
  Logic Levels:           2  (IBUF=1 LUT1=1)
  Clock Path Skew:        1.902ns (DCD - SCD + CPR)
    Destination Clock Delay (DCD):    1.902ns
    Source Clock Delay      (SCD):    0.000ns
    Clock Pessimism Removal (CPR):    0.000ns

    Location             Delay type                Incr(ns)  Path(ns)    Netlist Resource(s)
  -------------------------------------------------------------------    -------------------
                                                      0.000     0.000 f  aresetn (IN)
                         net (fo=0)                   0.000     0.000    aresetn
                         IBUF (Prop_ibuf_I_O)         0.904     0.904 f  aresetn_IBUF_inst/O
                         net (fo=39, unplaced)        0.646     1.549    u_conv1/u_conv1_calc/aresetn_IBUF
                         LUT1 (Prop_lut1_I0_O)        0.105     1.654 r  u_conv1/u_conv1_calc/wr_ptr[7]_i_1/O
                         net (fo=2620, unplaced)      0.784     2.438    p_0_in_0
                         FDRE                                         r  s_axis_tdata_reg_reg[2]/R
  -------------------------------------------------------------------    -------------------

                         (clock aclk rise edge)       0.000     0.000 r  
                                                      0.000     0.000 r  aclk (IN)
                         net (fo=0)                   0.000     0.000    aclk
                         IBUF (Prop_ibuf_I_O)         0.773     0.773 r  aclk_IBUF_inst/O
                         net (fo=1, unplaced)         0.613     1.386    aclk_IBUF
                         BUFG (Prop_bufg_I_O)         0.077     1.463 r  aclk_IBUF_BUFG_inst/O
                         net (fo=7229, unplaced)      0.439     1.902    aclk_IBUF_BUFG
                         FDRE                                         r  s_axis_tdata_reg_reg[2]/C

Slack:                    inf
  Source:                 aresetn
                            (input port)
  Destination:            s_axis_tdata_reg_reg[3]/R
                            (rising edge-triggered cell FDRE clocked by aclk  {rise@0.000ns fall@5.000ns period=10.000ns})
  Path Group:             (none)
  Path Type:              Setup (Max at Slow Process Corner)
  Data Path Delay:        2.438ns  (logic 1.009ns (41.369%)  route 1.430ns (58.631%))
  Logic Levels:           2  (IBUF=1 LUT1=1)
  Clock Path Skew:        1.902ns (DCD - SCD + CPR)
    Destination Clock Delay (DCD):    1.902ns
    Source Clock Delay      (SCD):    0.000ns
    Clock Pessimism Removal (CPR):    0.000ns

    Location             Delay type                Incr(ns)  Path(ns)    Netlist Resource(s)
  -------------------------------------------------------------------    -------------------
                                                      0.000     0.000 f  aresetn (IN)
                         net (fo=0)                   0.000     0.000    aresetn
                         IBUF (Prop_ibuf_I_O)         0.904     0.904 f  aresetn_IBUF_inst/O
                         net (fo=39, unplaced)        0.646     1.549    u_conv1/u_conv1_calc/aresetn_IBUF
                         LUT1 (Prop_lut1_I0_O)        0.105     1.654 r  u_conv1/u_conv1_calc/wr_ptr[7]_i_1/O
                         net (fo=2620, unplaced)      0.784     2.438    p_0_in_0
                         FDRE                                         r  s_axis_tdata_reg_reg[3]/R
  -------------------------------------------------------------------    -------------------

                         (clock aclk rise edge)       0.000     0.000 r  
                                                      0.000     0.000 r  aclk (IN)
                         net (fo=0)                   0.000     0.000    aclk
                         IBUF (Prop_ibuf_I_O)         0.773     0.773 r  aclk_IBUF_inst/O
                         net (fo=1, unplaced)         0.613     1.386    aclk_IBUF
                         BUFG (Prop_bufg_I_O)         0.077     1.463 r  aclk_IBUF_BUFG_inst/O
                         net (fo=7229, unplaced)      0.439     1.902    aclk_IBUF_BUFG
                         FDRE                                         r  s_axis_tdata_reg_reg[3]/C





