Copyright 1986-2020 Xilinx, Inc. All Rights Reserved.
---------------------------------------------------------------------------------------------------------------------------------------------------------------------------------------
| Tool Version : Vivado v.2020.2 (win64) Build 3064766 Wed Nov 18 09:12:45 MST 2020
| Date         : Thu Sep  3 12:58:20 2026
| Host         : duyu running 64-bit major release  (build 9200)
| Command      : report_timing_summary -delay_type max -max_paths 20 -report_unconstrained -check_timing_verbose -file D:/Xilinx/zynq7020/cnn_soc/reports/soc_synth_timing_summary.rpt
| Design       : cnn_system_wrapper
| Device       : 7z020-clg400
| Speed File   : -2  PRODUCTION 1.12 2019-11-22
---------------------------------------------------------------------------------------------------------------------------------------------------------------------------------------

Timing Summary Report

------------------------------------------------------------------------------------------------
| Timer Settings
| --------------
------------------------------------------------------------------------------------------------

  Enable Multi Corner Analysis               :  Yes
  Enable Pessimism Removal                   :  Yes
  Pessimism Removal Resolution               :  Nearest Common Node
  Enable Input Delay Default Clock           :  No
  Enable Preset / Clear Arcs                 :  No
  Disable Flight Delays                      :  No
  Ignore I/O Paths                           :  No
  Timing Early Launch at Borrowing Latches   :  No
  Borrow Time for Max Delay Exceptions       :  Yes
  Merge Timing Exceptions                    :  Yes

  Corner  Analyze    Analyze    
  Name    Max Paths  Min Paths  
  ------  ---------  ---------  
  Slow    Yes        Yes        
  Fast    Yes        Yes        



check_timing report

Table of Contents
-----------------
1. checking no_clock (0)
2. checking constant_clock (0)
3. checking pulse_width_clock (0)
4. checking unconstrained_internal_endpoints (0)
5. checking no_input_delay (0)
6. checking no_output_delay (0)
7. checking multiple_clock (0)
8. checking generated_clocks (0)
9. checking loops (0)
10. checking partial_input_delay (0)
11. checking partial_output_delay (0)
12. checking latch_loops (0)

1. checking no_clock (0)
------------------------
 There are 0 register/latch pins with no clock.


2. checking constant_clock (0)
------------------------------
 There are 0 register/latch pins with constant_clock.


3. checking pulse_width_clock (0)
---------------------------------
 There are 0 register/latch pins which need pulse_width check


4. checking unconstrained_internal_endpoints (0)
------------------------------------------------
 There are 0 pins that are not constrained for maximum delay.

 There are 0 pins that are not constrained for maximum delay due to constant clock.


5. checking no_input_delay (0)
------------------------------
 There are 0 input ports with no input delay specified.

 There are 0 input ports with no input delay but user has a false path constraint.


6. checking no_output_delay (0)
-------------------------------
 There are 0 ports with no output delay specified.

 There are 0 ports with no output delay but user has a false path constraint

 There are 0 ports with no output delay but with a timing clock defined on it or propagating through it


7. checking multiple_clock (0)
------------------------------
 There are 0 register/latch pins with multiple clocks.


8. checking generated_clocks (0)
--------------------------------
 There are 0 generated clocks that are not connected to a clock source.


9. checking loops (0)
---------------------
 There are 0 combinational loops in the design.


10. checking partial_input_delay (0)
------------------------------------
 There are 0 input ports with partial input delay specified.


11. checking partial_output_delay (0)
-------------------------------------
 There are 0 ports with partial output delay specified.


12. checking latch_loops (0)
----------------------------
 There are 0 combinational latch loops in the design through latch input



------------------------------------------------------------------------------------------------
| Design Timing Summary
| ---------------------
------------------------------------------------------------------------------------------------

    WNS(ns)      TNS(ns)  TNS Failing Endpoints  TNS Total Endpoints     WPWS(ns)     TPWS(ns)  TPWS Failing Endpoints  TPWS Total Endpoints  
    -------      -------  ---------------------  -------------------     --------     --------  ----------------------  --------------------  
      2.442        0.000                      0                53681        3.870        0.000                       0                 11558  


All user specified timing constraints are met.


------------------------------------------------------------------------------------------------
| Clock Summary
| -------------
------------------------------------------------------------------------------------------------

Clock       Waveform(ns)       Period(ns)      Frequency(MHz)
-----       ------------       ----------      --------------
clk_fpga_0  {0.000 5.000}      10.000          100.000         


------------------------------------------------------------------------------------------------
| Intra Clock Table
| -----------------
------------------------------------------------------------------------------------------------

Clock             WNS(ns)      TNS(ns)  TNS Failing Endpoints  TNS Total Endpoints     WPWS(ns)     TPWS(ns)  TPWS Failing Endpoints  TPWS Total Endpoints  
-----             -------      -------  ---------------------  -------------------     --------     --------  ----------------------  --------------------  
clk_fpga_0          2.442        0.000                      0                53681        3.870        0.000                       0                 11558  


------------------------------------------------------------------------------------------------
| Inter Clock Table
| -----------------
------------------------------------------------------------------------------------------------

From Clock    To Clock          WNS(ns)      TNS(ns)  TNS Failing Endpoints  TNS Total Endpoints  
----------    --------          -------      -------  ---------------------  -------------------  


------------------------------------------------------------------------------------------------
| Other Path Groups Table
| -----------------------
------------------------------------------------------------------------------------------------

Path Group    From Clock    To Clock          WNS(ns)      TNS(ns)  TNS Failing Endpoints  TNS Total Endpoints  
----------    ----------    --------          -------      -------  ---------------------  -------------------  


------------------------------------------------------------------------------------------------
| User Ignored Path Table
| -----------------------
------------------------------------------------------------------------------------------------

Path Group    From Clock    To Clock    
----------    ----------    --------    
(none)                      clk_fpga_0    
(none)        clk_fpga_0    clk_fpga_0    


------------------------------------------------------------------------------------------------
| Unconstrained Path Table
| ------------------------
------------------------------------------------------------------------------------------------

Path Group    From Clock    To Clock    
----------    ----------    --------    


------------------------------------------------------------------------------------------------
| Timing Details
| --------------
------------------------------------------------------------------------------------------------


---------------------------------------------------------------------------------------------------
From Clock:  clk_fpga_0
  To Clock:  clk_fpga_0

Setup :            0  Failing Endpoints,  Worst Slack        2.442ns,  Total Violation        0.000ns
Hold  :           NA  Failing Endpoints,  Worst Slack           NA  ,  Total Violation           NA
PW    :            0  Failing Endpoints,  Worst Slack        3.870ns,  Total Violation        0.000ns
---------------------------------------------------------------------------------------------------


Max Delay Paths
--------------------------------------------------------------------------------------
Slack (MET) :             2.442ns  (required time - arrival time)
  Source:                 cnn_system_i/axis_cnn_mnist_0/inst/u_conv2/u_calc/stg2_total_sum_reg[0][8]/C
                            (rising edge-triggered cell FDRE clocked by clk_fpga_0  {rise@0.000ns fall@5.000ns period=10.000ns})
  Destination:            cnn_system_i/axis_cnn_mnist_0/inst/u_conv2/u_calc/conv_out_reg[0]/S
                            (rising edge-triggered cell FDSE clocked by clk_fpga_0  {rise@0.000ns fall@5.000ns period=10.000ns})
  Path Group:             clk_fpga_0
  Path Type:              Setup (Max at Slow Process Corner)
  Requirement:            10.000ns  (clk_fpga_0 rise@10.000ns - clk_fpga_0 rise@0.000ns)
  Data Path Delay:        6.807ns  (logic 3.499ns (51.403%)  route 3.308ns (48.597%))
  Logic Levels:           11  (CARRY4=10 LUT4=1)
  Clock Path Skew:        -0.145ns (DCD - SCD + CPR)
    Destination Clock Delay (DCD):    1.191ns = ( 11.191 - 10.000 ) 
    Source Clock Delay      (SCD):    1.376ns
    Clock Pessimism Removal (CPR):    0.040ns
  Clock Uncertainty:      0.154ns  ((TSJ^2 + TIJ^2)^1/2 + DJ) / 2 + PE
    Total System Jitter     (TSJ):    0.071ns
    Total Input Jitter      (TIJ):    0.300ns
    Discrete Jitter          (DJ):    0.000ns
    Phase Error              (PE):    0.000ns

    Location             Delay type                Incr(ns)  Path(ns)    Netlist Resource(s)
  -------------------------------------------------------------------    -------------------
                         (clock clk_fpga_0 rise edge)
                                                      0.000     0.000 r  
    PS7_X0Y0             PS7                          0.000     0.000 r  cnn_system_i/processing_system7_0/inst/PS7_i/FCLKCLK[0]
                         net (fo=1, unplaced)         0.646     0.646    cnn_system_i/processing_system7_0/inst/FCLK_CLK_unbuffered[0]
                         BUFG (Prop_bufg_I_O)         0.085     0.731 r  cnn_system_i/processing_system7_0/inst/buffer_fclk_clk_0.FCLK_CLK_0_BUFG/O
                         net (fo=11562, unplaced)     0.646     1.376    cnn_system_i/axis_cnn_mnist_0/inst/u_conv2/u_calc/aclk
                         FDRE                                         r  cnn_system_i/axis_cnn_mnist_0/inst/u_conv2/u_calc/stg2_total_sum_reg[0][8]/C
  -------------------------------------------------------------------    -------------------
                         FDRE (Prop_fdre_C_Q)         0.397     1.773 r  cnn_system_i/axis_cnn_mnist_0/inst/u_conv2/u_calc/stg2_total_sum_reg[0][8]/Q
                         net (fo=1, unplaced)         0.818     2.591    cnn_system_i/axis_cnn_mnist_0/inst/u_conv2/u_calc/stg2_total_sum_reg[0]_7[8]
                         CARRY4 (Prop_carry4_S[3]_CO[3])
                                                      0.546     3.137 r  cnn_system_i/axis_cnn_mnist_0/inst/u_conv2/u_calc/conv_out_reg[49]_i_2/CO[3]
                         net (fo=1, unplaced)         0.008     3.145    cnn_system_i/axis_cnn_mnist_0/inst/u_conv2/u_calc/conv_out_reg[49]_i_2_n_0
                         CARRY4 (Prop_carry4_CI_O[2])
                                                      0.214     3.359 r  cnn_system_i/axis_cnn_mnist_0/inst/u_conv2/u_calc/conv_out_reg[56]_i_3/O[2]
                         net (fo=2, unplaced)         0.657     4.016    cnn_system_i/axis_cnn_mnist_0/inst/u_conv2/u_calc/conv_out_reg[56]_i_3_n_5
                         CARRY4 (Prop_carry4_S[3]_CO[3])
                                                      0.558     4.574 r  cnn_system_i/axis_cnn_mnist_0/inst/u_conv2/u_calc/conv_out_reg[52]_i_2/CO[3]
                         net (fo=1, unplaced)         0.008     4.582    cnn_system_i/axis_cnn_mnist_0/inst/u_conv2/u_calc/conv_out_reg[52]_i_2_n_0
                         CARRY4 (Prop_carry4_CI_CO[3])
                                                      0.100     4.682 r  cnn_system_i/axis_cnn_mnist_0/inst/u_conv2/u_calc/conv_out_reg[56]_i_2/CO[3]
                         net (fo=1, unplaced)         0.000     4.682    cnn_system_i/axis_cnn_mnist_0/inst/u_conv2/u_calc/conv_out_reg[56]_i_2_n_0
                         CARRY4 (Prop_carry4_CI_CO[3])
                                                      0.100     4.782 r  cnn_system_i/axis_cnn_mnist_0/inst/u_conv2/u_calc/conv_out_reg[59]_i_2/CO[3]
                         net (fo=1, unplaced)         0.000     4.782    cnn_system_i/axis_cnn_mnist_0/inst/u_conv2/u_calc/conv_out_reg[59]_i_2_n_0
                         CARRY4 (Prop_carry4_CI_CO[3])
                                                      0.100     4.882 r  cnn_system_i/axis_cnn_mnist_0/inst/u_conv2/u_calc/conv_out_reg[59]_i_45/CO[3]
                         net (fo=1, unplaced)         0.000     4.882    cnn_system_i/axis_cnn_mnist_0/inst/u_conv2/u_calc/conv_out_reg[59]_i_45_n_0
                         CARRY4 (Prop_carry4_CI_CO[3])
                                                      0.100     4.982 r  cnn_system_i/axis_cnn_mnist_0/inst/u_conv2/u_calc/conv_out_reg[59]_i_29/CO[3]
                         net (fo=1, unplaced)         0.000     4.982    cnn_system_i/axis_cnn_mnist_0/inst/u_conv2/u_calc/conv_out_reg[59]_i_29_n_0
                         CARRY4 (Prop_carry4_CI_CO[0])
                                                      0.238     5.220 r  cnn_system_i/axis_cnn_mnist_0/inst/u_conv2/u_calc/conv_out_reg[59]_i_14/CO[0]
                         net (fo=14, unplaced)        0.869     6.089    cnn_system_i/axis_cnn_mnist_0/inst/u_conv2/u_calc/conv_out_reg[59]_i_14_n_3
                         CARRY4 (Prop_carry4_S[3]_CO[3])
                                                      0.611     6.700 r  cnn_system_i/axis_cnn_mnist_0/inst/u_conv2/u_calc/conv_out_reg[59]_i_13/CO[3]
                         net (fo=1, unplaced)         0.000     6.700    cnn_system_i/axis_cnn_mnist_0/inst/u_conv2/u_calc/conv_out_reg[59]_i_13_n_0
                         CARRY4 (Prop_carry4_CI_CO[0])
                                                      0.238     6.938 r  cnn_system_i/axis_cnn_mnist_0/inst/u_conv2/u_calc/conv_out_reg[59]_i_4/CO[0]
                         net (fo=3, unplaced)         0.258     7.196    cnn_system_i/axis_cnn_mnist_0/inst/u_conv2/u_calc/final_pixel_wire[0]1
                         LUT4 (Prop_lut4_I0_O)        0.297     7.493 r  cnn_system_i/axis_cnn_mnist_0/inst/u_conv2/u_calc/conv_out[10]_i_1/O
                         net (fo=11, unplaced)        0.690     8.183    cnn_system_i/axis_cnn_mnist_0/inst/u_conv2/u_calc/conv_out[10]_i_1_n_0
                         FDSE                                         r  cnn_system_i/axis_cnn_mnist_0/inst/u_conv2/u_calc/conv_out_reg[0]/S
  -------------------------------------------------------------------    -------------------

                         (clock clk_fpga_0 rise edge)
                                                     10.000    10.000 r  
    PS7_X0Y0             PS7                          0.000    10.000 r  cnn_system_i/processing_system7_0/inst/PS7_i/FCLKCLK[0]
                         net (fo=1, unplaced)         0.613    10.613    cnn_system_i/processing_system7_0/inst/FCLK_CLK_unbuffered[0]
                         BUFG (Prop_bufg_I_O)         0.077    10.690 r  cnn_system_i/processing_system7_0/inst/buffer_fclk_clk_0.FCLK_CLK_0_BUFG/O
                         net (fo=11562, unplaced)     0.501    11.191    cnn_system_i/axis_cnn_mnist_0/inst/u_conv2/u_calc/aclk
                         FDSE                                         r  cnn_system_i/axis_cnn_mnist_0/inst/u_conv2/u_calc/conv_out_reg[0]/C
                         clock pessimism              0.040    11.231    
                         clock uncertainty           -0.154    11.077    
                         FDSE (Setup_fdse_C_S)       -0.452    10.625    cnn_system_i/axis_cnn_mnist_0/inst/u_conv2/u_calc/conv_out_reg[0]
  -------------------------------------------------------------------
                         required time                         10.625    
                         arrival time                          -8.183    
  -------------------------------------------------------------------
                         slack                                  2.442    

Slack (MET) :             2.442ns  (required time - arrival time)
  Source:                 cnn_system_i/axis_cnn_mnist_0/inst/u_conv2/u_calc/stg2_total_sum_reg[0][8]/C
                            (rising edge-triggered cell FDRE clocked by clk_fpga_0  {rise@0.000ns fall@5.000ns period=10.000ns})
  Destination:            cnn_system_i/axis_cnn_mnist_0/inst/u_conv2/u_calc/conv_out_reg[10]/S
                            (rising edge-triggered cell FDSE clocked by clk_fpga_0  {rise@0.000ns fall@5.000ns period=10.000ns})
  Path Group:             clk_fpga_0
  Path Type:              Setup (Max at Slow Process Corner)
  Requirement:            10.000ns  (clk_fpga_0 rise@10.000ns - clk_fpga_0 rise@0.000ns)
  Data Path Delay:        6.807ns  (logic 3.499ns (51.403%)  route 3.308ns (48.597%))
  Logic Levels:           11  (CARRY4=10 LUT4=1)
  Clock Path Skew:        -0.145ns (DCD - SCD + CPR)
    Destination Clock Delay (DCD):    1.191ns = ( 11.191 - 10.000 ) 
    Source Clock Delay      (SCD):    1.376ns
    Clock Pessimism Removal (CPR):    0.040ns
  Clock Uncertainty:      0.154ns  ((TSJ^2 + TIJ^2)^1/2 + DJ) / 2 + PE
    Total System Jitter     (TSJ):    0.071ns
    Total Input Jitter      (TIJ):    0.300ns
    Discrete Jitter          (DJ):    0.000ns
    Phase Error              (PE):    0.000ns

    Location             Delay type                Incr(ns)  Path(ns)    Netlist Resource(s)
  -------------------------------------------------------------------    -------------------
                         (clock clk_fpga_0 rise edge)
                                                      0.000     0.000 r  
    PS7_X0Y0             PS7                          0.000     0.000 r  cnn_system_i/processing_system7_0/inst/PS7_i/FCLKCLK[0]
                         net (fo=1, unplaced)         0.646     0.646    cnn_system_i/processing_system7_0/inst/FCLK_CLK_unbuffered[0]
                         BUFG (Prop_bufg_I_O)         0.085     0.731 r  cnn_system_i/processing_system7_0/inst/buffer_fclk_clk_0.FCLK_CLK_0_BUFG/O
                         net (fo=11562, unplaced)     0.646     1.376    cnn_system_i/axis_cnn_mnist_0/inst/u_conv2/u_calc/aclk
                         FDRE                                         r  cnn_system_i/axis_cnn_mnist_0/inst/u_conv2/u_calc/stg2_total_sum_reg[0][8]/C
  -------------------------------------------------------------------    -------------------
                         FDRE (Prop_fdre_C_Q)         0.397     1.773 r  cnn_system_i/axis_cnn_mnist_0/inst/u_conv2/u_calc/stg2_total_sum_reg[0][8]/Q
                         net (fo=1, unplaced)         0.818     2.591    cnn_system_i/axis_cnn_mnist_0/inst/u_conv2/u_calc/stg2_total_sum_reg[0]_7[8]
                         CARRY4 (Prop_carry4_S[3]_CO[3])
                                                      0.546     3.137 r  cnn_system_i/axis_cnn_mnist_0/inst/u_conv2/u_calc/conv_out_reg[49]_i_2/CO[3]
                         net (fo=1, unplaced)         0.008     3.145    cnn_system_i/axis_cnn_mnist_0/inst/u_conv2/u_calc/conv_out_reg[49]_i_2_n_0
                         CARRY4 (Prop_carry4_CI_O[2])
                                                      0.214     3.359 r  cnn_system_i/axis_cnn_mnist_0/inst/u_conv2/u_calc/conv_out_reg[56]_i_3/O[2]
                         net (fo=2, unplaced)         0.657     4.016    cnn_system_i/axis_cnn_mnist_0/inst/u_conv2/u_calc/conv_out_reg[56]_i_3_n_5
                         CARRY4 (Prop_carry4_S[3]_CO[3])
                                                      0.558     4.574 r  cnn_system_i/axis_cnn_mnist_0/inst/u_conv2/u_calc/conv_out_reg[52]_i_2/CO[3]
                         net (fo=1, unplaced)         0.008     4.582    cnn_system_i/axis_cnn_mnist_0/inst/u_conv2/u_calc/conv_out_reg[52]_i_2_n_0
                         CARRY4 (Prop_carry4_CI_CO[3])
                                                      0.100     4.682 r  cnn_system_i/axis_cnn_mnist_0/inst/u_conv2/u_calc/conv_out_reg[56]_i_2/CO[3]
                         net (fo=1, unplaced)         0.000     4.682    cnn_system_i/axis_cnn_mnist_0/inst/u_conv2/u_calc/conv_out_reg[56]_i_2_n_0
                         CARRY4 (Prop_carry4_CI_CO[3])
                                                      0.100     4.782 r  cnn_system_i/axis_cnn_mnist_0/inst/u_conv2/u_calc/conv_out_reg[59]_i_2/CO[3]
                         net (fo=1, unplaced)         0.000     4.782    cnn_system_i/axis_cnn_mnist_0/inst/u_conv2/u_calc/conv_out_reg[59]_i_2_n_0
                         CARRY4 (Prop_carry4_CI_CO[3])
                                                      0.100     4.882 r  cnn_system_i/axis_cnn_mnist_0/inst/u_conv2/u_calc/conv_out_reg[59]_i_45/CO[3]
                         net (fo=1, unplaced)         0.000     4.882    cnn_system_i/axis_cnn_mnist_0/inst/u_conv2/u_calc/conv_out_reg[59]_i_45_n_0
                         CARRY4 (Prop_carry4_CI_CO[3])
                                                      0.100     4.982 r  cnn_system_i/axis_cnn_mnist_0/inst/u_conv2/u_calc/conv_out_reg[59]_i_29/CO[3]
                         net (fo=1, unplaced)         0.000     4.982    cnn_system_i/axis_cnn_mnist_0/inst/u_conv2/u_calc/conv_out_reg[59]_i_29_n_0
                         CARRY4 (Prop_carry4_CI_CO[0])
                                                      0.238     5.220 r  cnn_system_i/axis_cnn_mnist_0/inst/u_conv2/u_calc/conv_out_reg[59]_i_14/CO[0]
                         net (fo=14, unplaced)        0.869     6.089    cnn_system_i/axis_cnn_mnist_0/inst/u_conv2/u_calc/conv_out_reg[59]_i_14_n_3
                         CARRY4 (Prop_carry4_S[3]_CO[3])
                                                      0.611     6.700 r  cnn_system_i/axis_cnn_mnist_0/inst/u_conv2/u_calc/conv_out_reg[59]_i_13/CO[3]
                         net (fo=1, unplaced)         0.000     6.700    cnn_system_i/axis_cnn_mnist_0/inst/u_conv2/u_calc/conv_out_reg[59]_i_13_n_0
                         CARRY4 (Prop_carry4_CI_CO[0])
                                                      0.238     6.938 r  cnn_system_i/axis_cnn_mnist_0/inst/u_conv2/u_calc/conv_out_reg[59]_i_4/CO[0]
                         net (fo=3, unplaced)         0.258     7.196    cnn_system_i/axis_cnn_mnist_0/inst/u_conv2/u_calc/final_pixel_wire[0]1
                         LUT4 (Prop_lut4_I0_O)        0.297     7.493 r  cnn_system_i/axis_cnn_mnist_0/inst/u_conv2/u_calc/conv_out[10]_i_1/O
                         net (fo=11, unplaced)        0.690     8.183    cnn_system_i/axis_cnn_mnist_0/inst/u_conv2/u_calc/conv_out[10]_i_1_n_0
                         FDSE                                         r  cnn_system_i/axis_cnn_mnist_0/inst/u_conv2/u_calc/conv_out_reg[10]/S
  -------------------------------------------------------------------    -------------------

                         (clock clk_fpga_0 rise edge)
                                                     10.000    10.000 r  
    PS7_X0Y0             PS7                          0.000    10.000 r  cnn_system_i/processing_system7_0/inst/PS7_i/FCLKCLK[0]
                         net (fo=1, unplaced)         0.613    10.613    cnn_system_i/processing_system7_0/inst/FCLK_CLK_unbuffered[0]
                         BUFG (Prop_bufg_I_O)         0.077    10.690 r  cnn_system_i/processing_system7_0/inst/buffer_fclk_clk_0.FCLK_CLK_0_BUFG/O
                         net (fo=11562, unplaced)     0.501    11.191    cnn_system_i/axis_cnn_mnist_0/inst/u_conv2/u_calc/aclk
                         FDSE                                         r  cnn_system_i/axis_cnn_mnist_0/inst/u_conv2/u_calc/conv_out_reg[10]/C
                         clock pessimism              0.040    11.231    
                         clock uncertainty           -0.154    11.077    
                         FDSE (Setup_fdse_C_S)       -0.452    10.625    cnn_system_i/axis_cnn_mnist_0/inst/u_conv2/u_calc/conv_out_reg[10]
  -------------------------------------------------------------------
                         required time                         10.625    
                         arrival time                          -8.183    
  -------------------------------------------------------------------
                         slack                                  2.442    

Slack (MET) :             2.442ns  (required time - arrival time)
  Source:                 cnn_system_i/axis_cnn_mnist_0/inst/u_conv2/u_calc/stg2_total_sum_reg[0][8]/C
                            (rising edge-triggered cell FDRE clocked by clk_fpga_0  {rise@0.000ns fall@5.000ns period=10.000ns})
  Destination:            cnn_system_i/axis_cnn_mnist_0/inst/u_conv2/u_calc/conv_out_reg[1]/S
                            (rising edge-triggered cell FDSE clocked by clk_fpga_0  {rise@0.000ns fall@5.000ns period=10.000ns})
  Path Group:             clk_fpga_0
  Path Type:              Setup (Max at Slow Process Corner)
  Requirement:            10.000ns  (clk_fpga_0 rise@10.000ns - clk_fpga_0 rise@0.000ns)
  Data Path Delay:        6.807ns  (logic 3.499ns (51.403%)  route 3.308ns (48.597%))
  Logic Levels:           11  (CARRY4=10 LUT4=1)
  Clock Path Skew:        -0.145ns (DCD - SCD + CPR)
    Destination Clock Delay (DCD):    1.191ns = ( 11.191 - 10.000 ) 
    Source Clock Delay      (SCD):    1.376ns
    Clock Pessimism Removal (CPR):    0.040ns
  Clock Uncertainty:      0.154ns  ((TSJ^2 + TIJ^2)^1/2 + DJ) / 2 + PE
    Total System Jitter     (TSJ):    0.071ns
    Total Input Jitter      (TIJ):    0.300ns
    Discrete Jitter          (DJ):    0.000ns
    Phase Error              (PE):    0.000ns

    Location             Delay type                Incr(ns)  Path(ns)    Netlist Resource(s)
  -------------------------------------------------------------------    -------------------
                         (clock clk_fpga_0 rise edge)
                                                      0.000     0.000 r  
    PS7_X0Y0             PS7                          0.000     0.000 r  cnn_system_i/processing_system7_0/inst/PS7_i/FCLKCLK[0]
                         net (fo=1, unplaced)         0.646     0.646    cnn_system_i/processing_system7_0/inst/FCLK_CLK_unbuffered[0]
                         BUFG (Prop_bufg_I_O)         0.085     0.731 r  cnn_system_i/processing_system7_0/inst/buffer_fclk_clk_0.FCLK_CLK_0_BUFG/O
                         net (fo=11562, unplaced)     0.646     1.376    cnn_system_i/axis_cnn_mnist_0/inst/u_conv2/u_calc/aclk
                         FDRE                                         r  cnn_system_i/axis_cnn_mnist_0/inst/u_conv2/u_calc/stg2_total_sum_reg[0][8]/C
  -------------------------------------------------------------------    -------------------
                         FDRE (Prop_fdre_C_Q)         0.397     1.773 r  cnn_system_i/axis_cnn_mnist_0/inst/u_conv2/u_calc/stg2_total_sum_reg[0][8]/Q
                         net (fo=1, unplaced)         0.818     2.591    cnn_system_i/axis_cnn_mnist_0/inst/u_conv2/u_calc/stg2_total_sum_reg[0]_7[8]
                         CARRY4 (Prop_carry4_S[3]_CO[3])
                                                      0.546     3.137 r  cnn_system_i/axis_cnn_mnist_0/inst/u_conv2/u_calc/conv_out_reg[49]_i_2/CO[3]
                         net (fo=1, unplaced)         0.008     3.145    cnn_system_i/axis_cnn_mnist_0/inst/u_conv2/u_calc/conv_out_reg[49]_i_2_n_0
                         CARRY4 (Prop_carry4_CI_O[2])
                                                      0.214     3.359 r  cnn_system_i/axis_cnn_mnist_0/inst/u_conv2/u_calc/conv_out_reg[56]_i_3/O[2]
                         net (fo=2, unplaced)         0.657     4.016    cnn_system_i/axis_cnn_mnist_0/inst/u_conv2/u_calc/conv_out_reg[56]_i_3_n_5
                         CARRY4 (Prop_carry4_S[3]_CO[3])
                                                      0.558     4.574 r  cnn_system_i/axis_cnn_mnist_0/inst/u_conv2/u_calc/conv_out_reg[52]_i_2/CO[3]
                         net (fo=1, unplaced)         0.008     4.582    cnn_system_i/axis_cnn_mnist_0/inst/u_conv2/u_calc/conv_out_reg[52]_i_2_n_0
                         CARRY4 (Prop_carry4_CI_CO[3])
                                                      0.100     4.682 r  cnn_system_i/axis_cnn_mnist_0/inst/u_conv2/u_calc/conv_out_reg[56]_i_2/CO[3]
                         net (fo=1, unplaced)         0.000     4.682    cnn_system_i/axis_cnn_mnist_0/inst/u_conv2/u_calc/conv_out_reg[56]_i_2_n_0
                         CARRY4 (Prop_carry4_CI_CO[3])
                                                      0.100     4.782 r  cnn_system_i/axis_cnn_mnist_0/inst/u_conv2/u_calc/conv_out_reg[59]_i_2/CO[3]
                         net (fo=1, unplaced)         0.000     4.782    cnn_system_i/axis_cnn_mnist_0/inst/u_conv2/u_calc/conv_out_reg[59]_i_2_n_0
                         CARRY4 (Prop_carry4_CI_CO[3])
                                                      0.100     4.882 r  cnn_system_i/axis_cnn_mnist_0/inst/u_conv2/u_calc/conv_out_reg[59]_i_45/CO[3]
                         net (fo=1, unplaced)         0.000     4.882    cnn_system_i/axis_cnn_mnist_0/inst/u_conv2/u_calc/conv_out_reg[59]_i_45_n_0
                         CARRY4 (Prop_carry4_CI_CO[3])
                                                      0.100     4.982 r  cnn_system_i/axis_cnn_mnist_0/inst/u_conv2/u_calc/conv_out_reg[59]_i_29/CO[3]
                         net (fo=1, unplaced)         0.000     4.982    cnn_system_i/axis_cnn_mnist_0/inst/u_conv2/u_calc/conv_out_reg[59]_i_29_n_0
                         CARRY4 (Prop_carry4_CI_CO[0])
                                                      0.238     5.220 r  cnn_system_i/axis_cnn_mnist_0/inst/u_conv2/u_calc/conv_out_reg[59]_i_14/CO[0]
                         net (fo=14, unplaced)        0.869     6.089    cnn_system_i/axis_cnn_mnist_0/inst/u_conv2/u_calc/conv_out_reg[59]_i_14_n_3
                         CARRY4 (Prop_carry4_S[3]_CO[3])
                                                      0.611     6.700 r  cnn_system_i/axis_cnn_mnist_0/inst/u_conv2/u_calc/conv_out_reg[59]_i_13/CO[3]
                         net (fo=1, unplaced)         0.000     6.700    cnn_system_i/axis_cnn_mnist_0/inst/u_conv2/u_calc/conv_out_reg[59]_i_13_n_0
                         CARRY4 (Prop_carry4_CI_CO[0])
                                                      0.238     6.938 r  cnn_system_i/axis_cnn_mnist_0/inst/u_conv2/u_calc/conv_out_reg[59]_i_4/CO[0]
                         net (fo=3, unplaced)         0.258     7.196    cnn_system_i/axis_cnn_mnist_0/inst/u_conv2/u_calc/final_pixel_wire[0]1
                         LUT4 (Prop_lut4_I0_O)        0.297     7.493 r  cnn_system_i/axis_cnn_mnist_0/inst/u_conv2/u_calc/conv_out[10]_i_1/O
                         net (fo=11, unplaced)        0.690     8.183    cnn_system_i/axis_cnn_mnist_0/inst/u_conv2/u_calc/conv_out[10]_i_1_n_0
                         FDSE                                         r  cnn_system_i/axis_cnn_mnist_0/inst/u_conv2/u_calc/conv_out_reg[1]/S
  -------------------------------------------------------------------    -------------------

                         (clock clk_fpga_0 rise edge)
                                                     10.000    10.000 r  
    PS7_X0Y0             PS7                          0.000    10.000 r  cnn_system_i/processing_system7_0/inst/PS7_i/FCLKCLK[0]
                         net (fo=1, unplaced)         0.613    10.613    cnn_system_i/processing_system7_0/inst/FCLK_CLK_unbuffered[0]
                         BUFG (Prop_bufg_I_O)         0.077    10.690 r  cnn_system_i/processing_system7_0/inst/buffer_fclk_clk_0.FCLK_CLK_0_BUFG/O
                         net (fo=11562, unplaced)     0.501    11.191    cnn_system_i/axis_cnn_mnist_0/inst/u_conv2/u_calc/aclk
                         FDSE                                         r  cnn_system_i/axis_cnn_mnist_0/inst/u_conv2/u_calc/conv_out_reg[1]/C
                         clock pessimism              0.040    11.231    
                         clock uncertainty           -0.154    11.077    
                         FDSE (Setup_fdse_C_S)       -0.452    10.625    cnn_system_i/axis_cnn_mnist_0/inst/u_conv2/u_calc/conv_out_reg[1]
  -------------------------------------------------------------------
                         required time                         10.625    
                         arrival time                          -8.183    
  -------------------------------------------------------------------
                         slack                                  2.442    

Slack (MET) :             2.442ns  (required time - arrival time)
  Source:                 cnn_system_i/axis_cnn_mnist_0/inst/u_conv2/u_calc/stg2_total_sum_reg[0][8]/C
                            (rising edge-triggered cell FDRE clocked by clk_fpga_0  {rise@0.000ns fall@5.000ns period=10.000ns})
  Destination:            cnn_system_i/axis_cnn_mnist_0/inst/u_conv2/u_calc/conv_out_reg[2]/S
                            (rising edge-triggered cell FDSE clocked by clk_fpga_0  {rise@0.000ns fall@5.000ns period=10.000ns})
  Path Group:             clk_fpga_0
  Path Type:              Setup (Max at Slow Process Corner)
  Requirement:            10.000ns  (clk_fpga_0 rise@10.000ns - clk_fpga_0 rise@0.000ns)
  Data Path Delay:        6.807ns  (logic 3.499ns (51.403%)  route 3.308ns (48.597%))
  Logic Levels:           11  (CARRY4=10 LUT4=1)
  Clock Path Skew:        -0.145ns (DCD - SCD + CPR)
    Destination Clock Delay (DCD):    1.191ns = ( 11.191 - 10.000 ) 
    Source Clock Delay      (SCD):    1.376ns
    Clock Pessimism Removal (CPR):    0.040ns
  Clock Uncertainty:      0.154ns  ((TSJ^2 + TIJ^2)^1/2 + DJ) / 2 + PE
    Total System Jitter     (TSJ):    0.071ns
    Total Input Jitter      (TIJ):    0.300ns
    Discrete Jitter          (DJ):    0.000ns
    Phase Error              (PE):    0.000ns

    Location             Delay type                Incr(ns)  Path(ns)    Netlist Resource(s)
  -------------------------------------------------------------------    -------------------
                         (clock clk_fpga_0 rise edge)
                                                      0.000     0.000 r  
    PS7_X0Y0             PS7                          0.000     0.000 r  cnn_system_i/processing_system7_0/inst/PS7_i/FCLKCLK[0]
                         net (fo=1, unplaced)         0.646     0.646    cnn_system_i/processing_system7_0/inst/FCLK_CLK_unbuffered[0]
                         BUFG (Prop_bufg_I_O)         0.085     0.731 r  cnn_system_i/processing_system7_0/inst/buffer_fclk_clk_0.FCLK_CLK_0_BUFG/O
                         net (fo=11562, unplaced)     0.646     1.376    cnn_system_i/axis_cnn_mnist_0/inst/u_conv2/u_calc/aclk
                         FDRE                                         r  cnn_system_i/axis_cnn_mnist_0/inst/u_conv2/u_calc/stg2_total_sum_reg[0][8]/C
  -------------------------------------------------------------------    -------------------
                         FDRE (Prop_fdre_C_Q)         0.397     1.773 r  cnn_system_i/axis_cnn_mnist_0/inst/u_conv2/u_calc/stg2_total_sum_reg[0][8]/Q
                         net (fo=1, unplaced)         0.818     2.591    cnn_system_i/axis_cnn_mnist_0/inst/u_conv2/u_calc/stg2_total_sum_reg[0]_7[8]
                         CARRY4 (Prop_carry4_S[3]_CO[3])
                                                      0.546     3.137 r  cnn_system_i/axis_cnn_mnist_0/inst/u_conv2/u_calc/conv_out_reg[49]_i_2/CO[3]
                         net (fo=1, unplaced)         0.008     3.145    cnn_system_i/axis_cnn_mnist_0/inst/u_conv2/u_calc/conv_out_reg[49]_i_2_n_0
                         CARRY4 (Prop_carry4_CI_O[2])
                                                      0.214     3.359 r  cnn_system_i/axis_cnn_mnist_0/inst/u_conv2/u_calc/conv_out_reg[56]_i_3/O[2]
                         net (fo=2, unplaced)         0.657     4.016    cnn_system_i/axis_cnn_mnist_0/inst/u_conv2/u_calc/conv_out_reg[56]_i_3_n_5
                         CARRY4 (Prop_carry4_S[3]_CO[3])
                                                      0.558     4.574 r  cnn_system_i/axis_cnn_mnist_0/inst/u_conv2/u_calc/conv_out_reg[52]_i_2/CO[3]
                         net (fo=1, unplaced)         0.008     4.582    cnn_system_i/axis_cnn_mnist_0/inst/u_conv2/u_calc/conv_out_reg[52]_i_2_n_0
                         CARRY4 (Prop_carry4_CI_CO[3])
                                                      0.100     4.682 r  cnn_system_i/axis_cnn_mnist_0/inst/u_conv2/u_calc/conv_out_reg[56]_i_2/CO[3]
                         net (fo=1, unplaced)         0.000     4.682    cnn_system_i/axis_cnn_mnist_0/inst/u_conv2/u_calc/conv_out_reg[56]_i_2_n_0
                         CARRY4 (Prop_carry4_CI_CO[3])
                                                      0.100     4.782 r  cnn_system_i/axis_cnn_mnist_0/inst/u_conv2/u_calc/conv_out_reg[59]_i_2/CO[3]
                         net (fo=1, unplaced)         0.000     4.782    cnn_system_i/axis_cnn_mnist_0/inst/u_conv2/u_calc/conv_out_reg[59]_i_2_n_0
                         CARRY4 (Prop_carry4_CI_CO[3])
                                                      0.100     4.882 r  cnn_system_i/axis_cnn_mnist_0/inst/u_conv2/u_calc/conv_out_reg[59]_i_45/CO[3]
                         net (fo=1, unplaced)         0.000     4.882    cnn_system_i/axis_cnn_mnist_0/inst/u_conv2/u_calc/conv_out_reg[59]_i_45_n_0
                         CARRY4 (Prop_carry4_CI_CO[3])
                                                      0.100     4.982 r  cnn_system_i/axis_cnn_mnist_0/inst/u_conv2/u_calc/conv_out_reg[59]_i_29/CO[3]
                         net (fo=1, unplaced)         0.000     4.982    cnn_system_i/axis_cnn_mnist_0/inst/u_conv2/u_calc/conv_out_reg[59]_i_29_n_0
                         CARRY4 (Prop_carry4_CI_CO[0])
                                                      0.238     5.220 r  cnn_system_i/axis_cnn_mnist_0/inst/u_conv2/u_calc/conv_out_reg[59]_i_14/CO[0]
                         net (fo=14, unplaced)        0.869     6.089    cnn_system_i/axis_cnn_mnist_0/inst/u_conv2/u_calc/conv_out_reg[59]_i_14_n_3
                         CARRY4 (Prop_carry4_S[3]_CO[3])
                                                      0.611     6.700 r  cnn_system_i/axis_cnn_mnist_0/inst/u_conv2/u_calc/conv_out_reg[59]_i_13/CO[3]
                         net (fo=1, unplaced)         0.000     6.700    cnn_system_i/axis_cnn_mnist_0/inst/u_conv2/u_calc/conv_out_reg[59]_i_13_n_0
                         CARRY4 (Prop_carry4_CI_CO[0])
                                                      0.238     6.938 r  cnn_system_i/axis_cnn_mnist_0/inst/u_conv2/u_calc/conv_out_reg[59]_i_4/CO[0]
                         net (fo=3, unplaced)         0.258     7.196    cnn_system_i/axis_cnn_mnist_0/inst/u_conv2/u_calc/final_pixel_wire[0]1
                         LUT4 (Prop_lut4_I0_O)        0.297     7.493 r  cnn_system_i/axis_cnn_mnist_0/inst/u_conv2/u_calc/conv_out[10]_i_1/O
                         net (fo=11, unplaced)        0.690     8.183    cnn_system_i/axis_cnn_mnist_0/inst/u_conv2/u_calc/conv_out[10]_i_1_n_0
                         FDSE                                         r  cnn_system_i/axis_cnn_mnist_0/inst/u_conv2/u_calc/conv_out_reg[2]/S
  -------------------------------------------------------------------    -------------------

                         (clock clk_fpga_0 rise edge)
                                                     10.000    10.000 r  
    PS7_X0Y0             PS7                          0.000    10.000 r  cnn_system_i/processing_system7_0/inst/PS7_i/FCLKCLK[0]
                         net (fo=1, unplaced)         0.613    10.613    cnn_system_i/processing_system7_0/inst/FCLK_CLK_unbuffered[0]
                         BUFG (Prop_bufg_I_O)         0.077    10.690 r  cnn_system_i/processing_system7_0/inst/buffer_fclk_clk_0.FCLK_CLK_0_BUFG/O
                         net (fo=11562, unplaced)     0.501    11.191    cnn_system_i/axis_cnn_mnist_0/inst/u_conv2/u_calc/aclk
                         FDSE                                         r  cnn_system_i/axis_cnn_mnist_0/inst/u_conv2/u_calc/conv_out_reg[2]/C
                         clock pessimism              0.040    11.231    
                         clock uncertainty           -0.154    11.077    
                         FDSE (Setup_fdse_C_S)       -0.452    10.625    cnn_system_i/axis_cnn_mnist_0/inst/u_conv2/u_calc/conv_out_reg[2]
  -------------------------------------------------------------------
                         required time                         10.625    
                         arrival time                          -8.183    
  -------------------------------------------------------------------
                         slack                                  2.442    

Slack (MET) :             2.442ns  (required time - arrival time)
  Source:                 cnn_system_i/axis_cnn_mnist_0/inst/u_conv2/u_calc/stg2_total_sum_reg[0][8]/C
                            (rising edge-triggered cell FDRE clocked by clk_fpga_0  {rise@0.000ns fall@5.000ns period=10.000ns})
  Destination:            cnn_system_i/axis_cnn_mnist_0/inst/u_conv2/u_calc/conv_out_reg[3]/S
                            (rising edge-triggered cell FDSE clocked by clk_fpga_0  {rise@0.000ns fall@5.000ns period=10.000ns})
  Path Group:             clk_fpga_0
  Path Type:              Setup (Max at Slow Process Corner)
  Requirement:            10.000ns  (clk_fpga_0 rise@10.000ns - clk_fpga_0 rise@0.000ns)
  Data Path Delay:        6.807ns  (logic 3.499ns (51.403%)  route 3.308ns (48.597%))
  Logic Levels:           11  (CARRY4=10 LUT4=1)
  Clock Path Skew:        -0.145ns (DCD - SCD + CPR)
    Destination Clock Delay (DCD):    1.191ns = ( 11.191 - 10.000 ) 
    Source Clock Delay      (SCD):    1.376ns
    Clock Pessimism Removal (CPR):    0.040ns
  Clock Uncertainty:      0.154ns  ((TSJ^2 + TIJ^2)^1/2 + DJ) / 2 + PE
    Total System Jitter     (TSJ):    0.071ns
    Total Input Jitter      (TIJ):    0.300ns
    Discrete Jitter          (DJ):    0.000ns
    Phase Error              (PE):    0.000ns

    Location             Delay type                Incr(ns)  Path(ns)    Netlist Resource(s)
  -------------------------------------------------------------------    -------------------
                         (clock clk_fpga_0 rise edge)
                                                      0.000     0.000 r  
    PS7_X0Y0             PS7                          0.000     0.000 r  cnn_system_i/processing_system7_0/inst/PS7_i/FCLKCLK[0]
                         net (fo=1, unplaced)         0.646     0.646    cnn_system_i/processing_system7_0/inst/FCLK_CLK_unbuffered[0]
                         BUFG (Prop_bufg_I_O)         0.085     0.731 r  cnn_system_i/processing_system7_0/inst/buffer_fclk_clk_0.FCLK_CLK_0_BUFG/O
                         net (fo=11562, unplaced)     0.646     1.376    cnn_system_i/axis_cnn_mnist_0/inst/u_conv2/u_calc/aclk
                         FDRE                                         r  cnn_system_i/axis_cnn_mnist_0/inst/u_conv2/u_calc/stg2_total_sum_reg[0][8]/C
  -------------------------------------------------------------------    -------------------
                         FDRE (Prop_fdre_C_Q)         0.397     1.773 r  cnn_system_i/axis_cnn_mnist_0/inst/u_conv2/u_calc/stg2_total_sum_reg[0][8]/Q
                         net (fo=1, unplaced)         0.818     2.591    cnn_system_i/axis_cnn_mnist_0/inst/u_conv2/u_calc/stg2_total_sum_reg[0]_7[8]
                         CARRY4 (Prop_carry4_S[3]_CO[3])
                                                      0.546     3.137 r  cnn_system_i/axis_cnn_mnist_0/inst/u_conv2/u_calc/conv_out_reg[49]_i_2/CO[3]
                         net (fo=1, unplaced)         0.008     3.145    cnn_system_i/axis_cnn_mnist_0/inst/u_conv2/u_calc/conv_out_reg[49]_i_2_n_0
                         CARRY4 (Prop_carry4_CI_O[2])
                                                      0.214     3.359 r  cnn_system_i/axis_cnn_mnist_0/inst/u_conv2/u_calc/conv_out_reg[56]_i_3/O[2]
                         net (fo=2, unplaced)         0.657     4.016    cnn_system_i/axis_cnn_mnist_0/inst/u_conv2/u_calc/conv_out_reg[56]_i_3_n_5
                         CARRY4 (Prop_carry4_S[3]_CO[3])
                                                      0.558     4.574 r  cnn_system_i/axis_cnn_mnist_0/inst/u_conv2/u_calc/conv_out_reg[52]_i_2/CO[3]
                         net (fo=1, unplaced)         0.008     4.582    cnn_system_i/axis_cnn_mnist_0/inst/u_conv2/u_calc/conv_out_reg[52]_i_2_n_0
                         CARRY4 (Prop_carry4_CI_CO[3])
                                                      0.100     4.682 r  cnn_system_i/axis_cnn_mnist_0/inst/u_conv2/u_calc/conv_out_reg[56]_i_2/CO[3]
                         net (fo=1, unplaced)         0.000     4.682    cnn_system_i/axis_cnn_mnist_0/inst/u_conv2/u_calc/conv_out_reg[56]_i_2_n_0
                         CARRY4 (Prop_carry4_CI_CO[3])
                                                      0.100     4.782 r  cnn_system_i/axis_cnn_mnist_0/inst/u_conv2/u_calc/conv_out_reg[59]_i_2/CO[3]
                         net (fo=1, unplaced)         0.000     4.782    cnn_system_i/axis_cnn_mnist_0/inst/u_conv2/u_calc/conv_out_reg[59]_i_2_n_0
                         CARRY4 (Prop_carry4_CI_CO[3])
                                                      0.100     4.882 r  cnn_system_i/axis_cnn_mnist_0/inst/u_conv2/u_calc/conv_out_reg[59]_i_45/CO[3]
                         net (fo=1, unplaced)         0.000     4.882    cnn_system_i/axis_cnn_mnist_0/inst/u_conv2/u_calc/conv_out_reg[59]_i_45_n_0
                         CARRY4 (Prop_carry4_CI_CO[3])
                                                      0.100     4.982 r  cnn_system_i/axis_cnn_mnist_0/inst/u_conv2/u_calc/conv_out_reg[59]_i_29/CO[3]
                         net (fo=1, unplaced)         0.000     4.982    cnn_system_i/axis_cnn_mnist_0/inst/u_conv2/u_calc/conv_out_reg[59]_i_29_n_0
                         CARRY4 (Prop_carry4_CI_CO[0])
                                                      0.238     5.220 r  cnn_system_i/axis_cnn_mnist_0/inst/u_conv2/u_calc/conv_out_reg[59]_i_14/CO[0]
                         net (fo=14, unplaced)        0.869     6.089    cnn_system_i/axis_cnn_mnist_0/inst/u_conv2/u_calc/conv_out_reg[59]_i_14_n_3
                         CARRY4 (Prop_carry4_S[3]_CO[3])
                                                      0.611     6.700 r  cnn_system_i/axis_cnn_mnist_0/inst/u_conv2/u_calc/conv_out_reg[59]_i_13/CO[3]
                         net (fo=1, unplaced)         0.000     6.700    cnn_system_i/axis_cnn_mnist_0/inst/u_conv2/u_calc/conv_out_reg[59]_i_13_n_0
                         CARRY4 (Prop_carry4_CI_CO[0])
                                                      0.238     6.938 r  cnn_system_i/axis_cnn_mnist_0/inst/u_conv2/u_calc/conv_out_reg[59]_i_4/CO[0]
                         net (fo=3, unplaced)         0.258     7.196    cnn_system_i/axis_cnn_mnist_0/inst/u_conv2/u_calc/final_pixel_wire[0]1
                         LUT4 (Prop_lut4_I0_O)        0.297     7.493 r  cnn_system_i/axis_cnn_mnist_0/inst/u_conv2/u_calc/conv_out[10]_i_1/O
                         net (fo=11, unplaced)        0.690     8.183    cnn_system_i/axis_cnn_mnist_0/inst/u_conv2/u_calc/conv_out[10]_i_1_n_0
                         FDSE                                         r  cnn_system_i/axis_cnn_mnist_0/inst/u_conv2/u_calc/conv_out_reg[3]/S
  -------------------------------------------------------------------    -------------------

                         (clock clk_fpga_0 rise edge)
                                                     10.000    10.000 r  
    PS7_X0Y0             PS7                          0.000    10.000 r  cnn_system_i/processing_system7_0/inst/PS7_i/FCLKCLK[0]
                         net (fo=1, unplaced)         0.613    10.613    cnn_system_i/processing_system7_0/inst/FCLK_CLK_unbuffered[0]
                         BUFG (Prop_bufg_I_O)         0.077    10.690 r  cnn_system_i/processing_system7_0/inst/buffer_fclk_clk_0.FCLK_CLK_0_BUFG/O
                         net (fo=11562, unplaced)     0.501    11.191    cnn_system_i/axis_cnn_mnist_0/inst/u_conv2/u_calc/aclk
                         FDSE                                         r  cnn_system_i/axis_cnn_mnist_0/inst/u_conv2/u_calc/conv_out_reg[3]/C
                         clock pessimism              0.040    11.231    
                         clock uncertainty           -0.154    11.077    
                         FDSE (Setup_fdse_C_S)       -0.452    10.625    cnn_system_i/axis_cnn_mnist_0/inst/u_conv2/u_calc/conv_out_reg[3]
  -------------------------------------------------------------------
                         required time                         10.625    
                         arrival time                          -8.183    
  -------------------------------------------------------------------
                         slack                                  2.442    

Slack (MET) :             2.442ns  (required time - arrival time)
  Source:                 cnn_system_i/axis_cnn_mnist_0/inst/u_conv2/u_calc/stg2_total_sum_reg[0][8]/C
                            (rising edge-triggered cell FDRE clocked by clk_fpga_0  {rise@0.000ns fall@5.000ns period=10.000ns})
  Destination:            cnn_system_i/axis_cnn_mnist_0/inst/u_conv2/u_calc/conv_out_reg[48]/S
                            (rising edge-triggered cell FDSE clocked by clk_fpga_0  {rise@0.000ns fall@5.000ns period=10.000ns})
  Path Group:             clk_fpga_0
  Path Type:              Setup (Max at Slow Process Corner)
  Requirement:            10.000ns  (clk_fpga_0 rise@10.000ns - clk_fpga_0 rise@0.000ns)
  Data Path Delay:        6.807ns  (logic 3.499ns (51.403%)  route 3.308ns (48.597%))
  Logic Levels:           11  (CARRY4=10 LUT4=1)
  Clock Path Skew:        -0.145ns (DCD - SCD + CPR)
    Destination Clock Delay (DCD):    1.191ns = ( 11.191 - 10.000 ) 
    Source Clock Delay      (SCD):    1.376ns
    Clock Pessimism Removal (CPR):    0.040ns
  Clock Uncertainty:      0.154ns  ((TSJ^2 + TIJ^2)^1/2 + DJ) / 2 + PE
    Total System Jitter     (TSJ):    0.071ns
    Total Input Jitter      (TIJ):    0.300ns
    Discrete Jitter          (DJ):    0.000ns
    Phase Error              (PE):    0.000ns

    Location             Delay type                Incr(ns)  Path(ns)    Netlist Resource(s)
  -------------------------------------------------------------------    -------------------
                         (clock clk_fpga_0 rise edge)
                                                      0.000     0.000 r  
    PS7_X0Y0             PS7                          0.000     0.000 r  cnn_system_i/processing_system7_0/inst/PS7_i/FCLKCLK[0]
                         net (fo=1, unplaced)         0.646     0.646    cnn_system_i/processing_system7_0/inst/FCLK_CLK_unbuffered[0]
                         BUFG (Prop_bufg_I_O)         0.085     0.731 r  cnn_system_i/processing_system7_0/inst/buffer_fclk_clk_0.FCLK_CLK_0_BUFG/O
                         net (fo=11562, unplaced)     0.646     1.376    cnn_system_i/axis_cnn_mnist_0/inst/u_conv2/u_calc/aclk
                         FDRE                                         r  cnn_system_i/axis_cnn_mnist_0/inst/u_conv2/u_calc/stg2_total_sum_reg[0][8]/C
  -------------------------------------------------------------------    -------------------
                         FDRE (Prop_fdre_C_Q)         0.397     1.773 r  cnn_system_i/axis_cnn_mnist_0/inst/u_conv2/u_calc/stg2_total_sum_reg[0][8]/Q
                         net (fo=1, unplaced)         0.818     2.591    cnn_system_i/axis_cnn_mnist_0/inst/u_conv2/u_calc/stg2_total_sum_reg[0]_7[8]
                         CARRY4 (Prop_carry4_S[3]_CO[3])
                                                      0.546     3.137 r  cnn_system_i/axis_cnn_mnist_0/inst/u_conv2/u_calc/conv_out_reg[49]_i_2/CO[3]
                         net (fo=1, unplaced)         0.008     3.145    cnn_system_i/axis_cnn_mnist_0/inst/u_conv2/u_calc/conv_out_reg[49]_i_2_n_0
                         CARRY4 (Prop_carry4_CI_O[2])
                                                      0.214     3.359 r  cnn_system_i/axis_cnn_mnist_0/inst/u_conv2/u_calc/conv_out_reg[56]_i_3/O[2]
                         net (fo=2, unplaced)         0.657     4.016    cnn_system_i/axis_cnn_mnist_0/inst/u_conv2/u_calc/conv_out_reg[56]_i_3_n_5
                         CARRY4 (Prop_carry4_S[3]_CO[3])
                                                      0.558     4.574 r  cnn_system_i/axis_cnn_mnist_0/inst/u_conv2/u_calc/conv_out_reg[52]_i_2/CO[3]
                         net (fo=1, unplaced)         0.008     4.582    cnn_system_i/axis_cnn_mnist_0/inst/u_conv2/u_calc/conv_out_reg[52]_i_2_n_0
                         CARRY4 (Prop_carry4_CI_CO[3])
                                                      0.100     4.682 r  cnn_system_i/axis_cnn_mnist_0/inst/u_conv2/u_calc/conv_out_reg[56]_i_2/CO[3]
                         net (fo=1, unplaced)         0.000     4.682    cnn_system_i/axis_cnn_mnist_0/inst/u_conv2/u_calc/conv_out_reg[56]_i_2_n_0
                         CARRY4 (Prop_carry4_CI_CO[3])
                                                      0.100     4.782 r  cnn_system_i/axis_cnn_mnist_0/inst/u_conv2/u_calc/conv_out_reg[59]_i_2/CO[3]
                         net (fo=1, unplaced)         0.000     4.782    cnn_system_i/axis_cnn_mnist_0/inst/u_conv2/u_calc/conv_out_reg[59]_i_2_n_0
                         CARRY4 (Prop_carry4_CI_CO[3])
                                                      0.100     4.882 r  cnn_system_i/axis_cnn_mnist_0/inst/u_conv2/u_calc/conv_out_reg[59]_i_45/CO[3]
                         net (fo=1, unplaced)         0.000     4.882    cnn_system_i/axis_cnn_mnist_0/inst/u_conv2/u_calc/conv_out_reg[59]_i_45_n_0
                         CARRY4 (Prop_carry4_CI_CO[3])
                                                      0.100     4.982 r  cnn_system_i/axis_cnn_mnist_0/inst/u_conv2/u_calc/conv_out_reg[59]_i_29/CO[3]
                         net (fo=1, unplaced)         0.000     4.982    cnn_system_i/axis_cnn_mnist_0/inst/u_conv2/u_calc/conv_out_reg[59]_i_29_n_0
                         CARRY4 (Prop_carry4_CI_CO[0])
                                                      0.238     5.220 r  cnn_system_i/axis_cnn_mnist_0/inst/u_conv2/u_calc/conv_out_reg[59]_i_14/CO[0]
                         net (fo=14, unplaced)        0.869     6.089    cnn_system_i/axis_cnn_mnist_0/inst/u_conv2/u_calc/conv_out_reg[59]_i_14_n_3
                         CARRY4 (Prop_carry4_S[3]_CO[3])
                                                      0.611     6.700 r  cnn_system_i/axis_cnn_mnist_0/inst/u_conv2/u_calc/conv_out_reg[59]_i_13/CO[3]
                         net (fo=1, unplaced)         0.000     6.700    cnn_system_i/axis_cnn_mnist_0/inst/u_conv2/u_calc/conv_out_reg[59]_i_13_n_0
                         CARRY4 (Prop_carry4_CI_CO[0])
                                                      0.238     6.938 r  cnn_system_i/axis_cnn_mnist_0/inst/u_conv2/u_calc/conv_out_reg[59]_i_4/CO[0]
                         net (fo=3, unplaced)         0.258     7.196    cnn_system_i/axis_cnn_mnist_0/inst/u_conv2/u_calc/final_pixel_wire[0]1
                         LUT4 (Prop_lut4_I0_O)        0.297     7.493 r  cnn_system_i/axis_cnn_mnist_0/inst/u_conv2/u_calc/conv_out[58]_i_1/O
                         net (fo=11, unplaced)        0.690     8.183    cnn_system_i/axis_cnn_mnist_0/inst/u_conv2/u_calc/conv_out[58]_i_1_n_0
                         FDSE                                         r  cnn_system_i/axis_cnn_mnist_0/inst/u_conv2/u_calc/conv_out_reg[48]/S
  -------------------------------------------------------------------    -------------------

                         (clock clk_fpga_0 rise edge)
                                                     10.000    10.000 r  
    PS7_X0Y0             PS7                          0.000    10.000 r  cnn_system_i/processing_system7_0/inst/PS7_i/FCLKCLK[0]
                         net (fo=1, unplaced)         0.613    10.613    cnn_system_i/processing_system7_0/inst/FCLK_CLK_unbuffered[0]
                         BUFG (Prop_bufg_I_O)         0.077    10.690 r  cnn_system_i/processing_system7_0/inst/buffer_fclk_clk_0.FCLK_CLK_0_BUFG/O
                         net (fo=11562, unplaced)     0.501    11.191    cnn_system_i/axis_cnn_mnist_0/inst/u_conv2/u_calc/aclk
                         FDSE                                         r  cnn_system_i/axis_cnn_mnist_0/inst/u_conv2/u_calc/conv_out_reg[48]/C
                         clock pessimism              0.040    11.231    
                         clock uncertainty           -0.154    11.077    
                         FDSE (Setup_fdse_C_S)       -0.452    10.625    cnn_system_i/axis_cnn_mnist_0/inst/u_conv2/u_calc/conv_out_reg[48]
  -------------------------------------------------------------------
                         required time                         10.625    
                         arrival time                          -8.183    
  -------------------------------------------------------------------
                         slack                                  2.442    

Slack (MET) :             2.442ns  (required time - arrival time)
  Source:                 cnn_system_i/axis_cnn_mnist_0/inst/u_conv2/u_calc/stg2_total_sum_reg[0][8]/C
                            (rising edge-triggered cell FDRE clocked by clk_fpga_0  {rise@0.000ns fall@5.000ns period=10.000ns})
  Destination:            cnn_system_i/axis_cnn_mnist_0/inst/u_conv2/u_calc/conv_out_reg[49]/S
                            (rising edge-triggered cell FDSE clocked by clk_fpga_0  {rise@0.000ns fall@5.000ns period=10.000ns})
  Path Group:             clk_fpga_0
  Path Type:              Setup (Max at Slow Process Corner)
  Requirement:            10.000ns  (clk_fpga_0 rise@10.000ns - clk_fpga_0 rise@0.000ns)
  Data Path Delay:        6.807ns  (logic 3.499ns (51.403%)  route 3.308ns (48.597%))
  Logic Levels:           11  (CARRY4=10 LUT4=1)
  Clock Path Skew:        -0.145ns (DCD - SCD + CPR)
    Destination Clock Delay (DCD):    1.191ns = ( 11.191 - 10.000 ) 
    Source Clock Delay      (SCD):    1.376ns
    Clock Pessimism Removal (CPR):    0.040ns
  Clock Uncertainty:      0.154ns  ((TSJ^2 + TIJ^2)^1/2 + DJ) / 2 + PE
    Total System Jitter     (TSJ):    0.071ns
    Total Input Jitter      (TIJ):    0.300ns
    Discrete Jitter          (DJ):    0.000ns
    Phase Error              (PE):    0.000ns

    Location             Delay type                Incr(ns)  Path(ns)    Netlist Resource(s)
  -------------------------------------------------------------------    -------------------
                         (clock clk_fpga_0 rise edge)
                                                      0.000     0.000 r  
    PS7_X0Y0             PS7                          0.000     0.000 r  cnn_system_i/processing_system7_0/inst/PS7_i/FCLKCLK[0]
                         net (fo=1, unplaced)         0.646     0.646    cnn_system_i/processing_system7_0/inst/FCLK_CLK_unbuffered[0]
                         BUFG (Prop_bufg_I_O)         0.085     0.731 r  cnn_system_i/processing_system7_0/inst/buffer_fclk_clk_0.FCLK_CLK_0_BUFG/O
                         net (fo=11562, unplaced)     0.646     1.376    cnn_system_i/axis_cnn_mnist_0/inst/u_conv2/u_calc/aclk
                         FDRE                                         r  cnn_system_i/axis_cnn_mnist_0/inst/u_conv2/u_calc/stg2_total_sum_reg[0][8]/C
  -------------------------------------------------------------------    -------------------
                         FDRE (Prop_fdre_C_Q)         0.397     1.773 r  cnn_system_i/axis_cnn_mnist_0/inst/u_conv2/u_calc/stg2_total_sum_reg[0][8]/Q
                         net (fo=1, unplaced)         0.818     2.591    cnn_system_i/axis_cnn_mnist_0/inst/u_conv2/u_calc/stg2_total_sum_reg[0]_7[8]
                         CARRY4 (Prop_carry4_S[3]_CO[3])
                                                      0.546     3.137 r  cnn_system_i/axis_cnn_mnist_0/inst/u_conv2/u_calc/conv_out_reg[49]_i_2/CO[3]
                         net (fo=1, unplaced)         0.008     3.145    cnn_system_i/axis_cnn_mnist_0/inst/u_conv2/u_calc/conv_out_reg[49]_i_2_n_0
                         CARRY4 (Prop_carry4_CI_O[2])
                                                      0.214     3.359 r  cnn_system_i/axis_cnn_mnist_0/inst/u_conv2/u_calc/conv_out_reg[56]_i_3/O[2]
                         net (fo=2, unplaced)         0.657     4.016    cnn_system_i/axis_cnn_mnist_0/inst/u_conv2/u_calc/conv_out_reg[56]_i_3_n_5
                         CARRY4 (Prop_carry4_S[3]_CO[3])
                                                      0.558     4.574 r  cnn_system_i/axis_cnn_mnist_0/inst/u_conv2/u_calc/conv_out_reg[52]_i_2/CO[3]
                         net (fo=1, unplaced)         0.008     4.582    cnn_system_i/axis_cnn_mnist_0/inst/u_conv2/u_calc/conv_out_reg[52]_i_2_n_0
                         CARRY4 (Prop_carry4_CI_CO[3])
                                                      0.100     4.682 r  cnn_system_i/axis_cnn_mnist_0/inst/u_conv2/u_calc/conv_out_reg[56]_i_2/CO[3]
                         net (fo=1, unplaced)         0.000     4.682    cnn_system_i/axis_cnn_mnist_0/inst/u_conv2/u_calc/conv_out_reg[56]_i_2_n_0
                         CARRY4 (Prop_carry4_CI_CO[3])
                                                      0.100     4.782 r  cnn_system_i/axis_cnn_mnist_0/inst/u_conv2/u_calc/conv_out_reg[59]_i_2/CO[3]
                         net (fo=1, unplaced)         0.000     4.782    cnn_system_i/axis_cnn_mnist_0/inst/u_conv2/u_calc/conv_out_reg[59]_i_2_n_0
                         CARRY4 (Prop_carry4_CI_CO[3])
                                                      0.100     4.882 r  cnn_system_i/axis_cnn_mnist_0/inst/u_conv2/u_calc/conv_out_reg[59]_i_45/CO[3]
                         net (fo=1, unplaced)         0.000     4.882    cnn_system_i/axis_cnn_mnist_0/inst/u_conv2/u_calc/conv_out_reg[59]_i_45_n_0
                         CARRY4 (Prop_carry4_CI_CO[3])
                                                      0.100     4.982 r  cnn_system_i/axis_cnn_mnist_0/inst/u_conv2/u_calc/conv_out_reg[59]_i_29/CO[3]
                         net (fo=1, unplaced)         0.000     4.982    cnn_system_i/axis_cnn_mnist_0/inst/u_conv2/u_calc/conv_out_reg[59]_i_29_n_0
                         CARRY4 (Prop_carry4_CI_CO[0])
                                                      0.238     5.220 r  cnn_system_i/axis_cnn_mnist_0/inst/u_conv2/u_calc/conv_out_reg[59]_i_14/CO[0]
                         net (fo=14, unplaced)        0.869     6.089    cnn_system_i/axis_cnn_mnist_0/inst/u_conv2/u_calc/conv_out_reg[59]_i_14_n_3
                         CARRY4 (Prop_carry4_S[3]_CO[3])
                                                      0.611     6.700 r  cnn_system_i/axis_cnn_mnist_0/inst/u_conv2/u_calc/conv_out_reg[59]_i_13/CO[3]
                         net (fo=1, unplaced)         0.000     6.700    cnn_system_i/axis_cnn_mnist_0/inst/u_conv2/u_calc/conv_out_reg[59]_i_13_n_0
                         CARRY4 (Prop_carry4_CI_CO[0])
                                                      0.238     6.938 r  cnn_system_i/axis_cnn_mnist_0/inst/u_conv2/u_calc/conv_out_reg[59]_i_4/CO[0]
                         net (fo=3, unplaced)         0.258     7.196    cnn_system_i/axis_cnn_mnist_0/inst/u_conv2/u_calc/final_pixel_wire[0]1
                         LUT4 (Prop_lut4_I0_O)        0.297     7.493 r  cnn_system_i/axis_cnn_mnist_0/inst/u_conv2/u_calc/conv_out[58]_i_1/O
                         net (fo=11, unplaced)        0.690     8.183    cnn_system_i/axis_cnn_mnist_0/inst/u_conv2/u_calc/conv_out[58]_i_1_n_0
                         FDSE                                         r  cnn_system_i/axis_cnn_mnist_0/inst/u_conv2/u_calc/conv_out_reg[49]/S
  -------------------------------------------------------------------    -------------------

                         (clock clk_fpga_0 rise edge)
                                                     10.000    10.000 r  
    PS7_X0Y0             PS7                          0.000    10.000 r  cnn_system_i/processing_system7_0/inst/PS7_i/FCLKCLK[0]
                         net (fo=1, unplaced)         0.613    10.613    cnn_system_i/processing_system7_0/inst/FCLK_CLK_unbuffered[0]
                         BUFG (Prop_bufg_I_O)         0.077    10.690 r  cnn_system_i/processing_system7_0/inst/buffer_fclk_clk_0.FCLK_CLK_0_BUFG/O
                         net (fo=11562, unplaced)     0.501    11.191    cnn_system_i/axis_cnn_mnist_0/inst/u_conv2/u_calc/aclk
                         FDSE                                         r  cnn_system_i/axis_cnn_mnist_0/inst/u_conv2/u_calc/conv_out_reg[49]/C
                         clock pessimism              0.040    11.231    
                         clock uncertainty           -0.154    11.077    
                         FDSE (Setup_fdse_C_S)       -0.452    10.625    cnn_system_i/axis_cnn_mnist_0/inst/u_conv2/u_calc/conv_out_reg[49]
  -------------------------------------------------------------------
                         required time                         10.625    
                         arrival time                          -8.183    
  -------------------------------------------------------------------
                         slack                                  2.442    

Slack (MET) :             2.442ns  (required time - arrival time)
  Source:                 cnn_system_i/axis_cnn_mnist_0/inst/u_conv2/u_calc/stg2_total_sum_reg[0][8]/C
                            (rising edge-triggered cell FDRE clocked by clk_fpga_0  {rise@0.000ns fall@5.000ns period=10.000ns})
  Destination:            cnn_system_i/axis_cnn_mnist_0/inst/u_conv2/u_calc/conv_out_reg[4]/S
                            (rising edge-triggered cell FDSE clocked by clk_fpga_0  {rise@0.000ns fall@5.000ns period=10.000ns})
  Path Group:             clk_fpga_0
  Path Type:              Setup (Max at Slow Process Corner)
  Requirement:            10.000ns  (clk_fpga_0 rise@10.000ns - clk_fpga_0 rise@0.000ns)
  Data Path Delay:        6.807ns  (logic 3.499ns (51.403%)  route 3.308ns (48.597%))
  Logic Levels:           11  (CARRY4=10 LUT4=1)
  Clock Path Skew:        -0.145ns (DCD - SCD + CPR)
    Destination Clock Delay (DCD):    1.191ns = ( 11.191 - 10.000 ) 
    Source Clock Delay      (SCD):    1.376ns
    Clock Pessimism Removal (CPR):    0.040ns
  Clock Uncertainty:      0.154ns  ((TSJ^2 + TIJ^2)^1/2 + DJ) / 2 + PE
    Total System Jitter     (TSJ):    0.071ns
    Total Input Jitter      (TIJ):    0.300ns
    Discrete Jitter          (DJ):    0.000ns
    Phase Error              (PE):    0.000ns

    Location             Delay type                Incr(ns)  Path(ns)    Netlist Resource(s)
  -------------------------------------------------------------------    -------------------
                         (clock clk_fpga_0 rise edge)
                                                      0.000     0.000 r  
    PS7_X0Y0             PS7                          0.000     0.000 r  cnn_system_i/processing_system7_0/inst/PS7_i/FCLKCLK[0]
                         net (fo=1, unplaced)         0.646     0.646    cnn_system_i/processing_system7_0/inst/FCLK_CLK_unbuffered[0]
                         BUFG (Prop_bufg_I_O)         0.085     0.731 r  cnn_system_i/processing_system7_0/inst/buffer_fclk_clk_0.FCLK_CLK_0_BUFG/O
                         net (fo=11562, unplaced)     0.646     1.376    cnn_system_i/axis_cnn_mnist_0/inst/u_conv2/u_calc/aclk
                         FDRE                                         r  cnn_system_i/axis_cnn_mnist_0/inst/u_conv2/u_calc/stg2_total_sum_reg[0][8]/C
  -------------------------------------------------------------------    -------------------
                         FDRE (Prop_fdre_C_Q)         0.397     1.773 r  cnn_system_i/axis_cnn_mnist_0/inst/u_conv2/u_calc/stg2_total_sum_reg[0][8]/Q
                         net (fo=1, unplaced)         0.818     2.591    cnn_system_i/axis_cnn_mnist_0/inst/u_conv2/u_calc/stg2_total_sum_reg[0]_7[8]
                         CARRY4 (Prop_carry4_S[3]_CO[3])
                                                      0.546     3.137 r  cnn_system_i/axis_cnn_mnist_0/inst/u_conv2/u_calc/conv_out_reg[49]_i_2/CO[3]
                         net (fo=1, unplaced)         0.008     3.145    cnn_system_i/axis_cnn_mnist_0/inst/u_conv2/u_calc/conv_out_reg[49]_i_2_n_0
                         CARRY4 (Prop_carry4_CI_O[2])
                                                      0.214     3.359 r  cnn_system_i/axis_cnn_mnist_0/inst/u_conv2/u_calc/conv_out_reg[56]_i_3/O[2]
                         net (fo=2, unplaced)         0.657     4.016    cnn_system_i/axis_cnn_mnist_0/inst/u_conv2/u_calc/conv_out_reg[56]_i_3_n_5
                         CARRY4 (Prop_carry4_S[3]_CO[3])
                                                      0.558     4.574 r  cnn_system_i/axis_cnn_mnist_0/inst/u_conv2/u_calc/conv_out_reg[52]_i_2/CO[3]
                         net (fo=1, unplaced)         0.008     4.582    cnn_system_i/axis_cnn_mnist_0/inst/u_conv2/u_calc/conv_out_reg[52]_i_2_n_0
                         CARRY4 (Prop_carry4_CI_CO[3])
                                                      0.100     4.682 r  cnn_system_i/axis_cnn_mnist_0/inst/u_conv2/u_calc/conv_out_reg[56]_i_2/CO[3]
                         net (fo=1, unplaced)         0.000     4.682    cnn_system_i/axis_cnn_mnist_0/inst/u_conv2/u_calc/conv_out_reg[56]_i_2_n_0
                         CARRY4 (Prop_carry4_CI_CO[3])
                                                      0.100     4.782 r  cnn_system_i/axis_cnn_mnist_0/inst/u_conv2/u_calc/conv_out_reg[59]_i_2/CO[3]
                         net (fo=1, unplaced)         0.000     4.782    cnn_system_i/axis_cnn_mnist_0/inst/u_conv2/u_calc/conv_out_reg[59]_i_2_n_0
                         CARRY4 (Prop_carry4_CI_CO[3])
                                                      0.100     4.882 r  cnn_system_i/axis_cnn_mnist_0/inst/u_conv2/u_calc/conv_out_reg[59]_i_45/CO[3]
                         net (fo=1, unplaced)         0.000     4.882    cnn_system_i/axis_cnn_mnist_0/inst/u_conv2/u_calc/conv_out_reg[59]_i_45_n_0
                         CARRY4 (Prop_carry4_CI_CO[3])
                                                      0.100     4.982 r  cnn_system_i/axis_cnn_mnist_0/inst/u_conv2/u_calc/conv_out_reg[59]_i_29/CO[3]
                         net (fo=1, unplaced)         0.000     4.982    cnn_system_i/axis_cnn_mnist_0/inst/u_conv2/u_calc/conv_out_reg[59]_i_29_n_0
                         CARRY4 (Prop_carry4_CI_CO[0])
                                                      0.238     5.220 r  cnn_system_i/axis_cnn_mnist_0/inst/u_conv2/u_calc/conv_out_reg[59]_i_14/CO[0]
                         net (fo=14, unplaced)        0.869     6.089    cnn_system_i/axis_cnn_mnist_0/inst/u_conv2/u_calc/conv_out_reg[59]_i_14_n_3
                         CARRY4 (Prop_carry4_S[3]_CO[3])
                                                      0.611     6.700 r  cnn_system_i/axis_cnn_mnist_0/inst/u_conv2/u_calc/conv_out_reg[59]_i_13/CO[3]
                         net (fo=1, unplaced)         0.000     6.700    cnn_system_i/axis_cnn_mnist_0/inst/u_conv2/u_calc/conv_out_reg[59]_i_13_n_0
                         CARRY4 (Prop_carry4_CI_CO[0])
                                                      0.238     6.938 r  cnn_system_i/axis_cnn_mnist_0/inst/u_conv2/u_calc/conv_out_reg[59]_i_4/CO[0]
                         net (fo=3, unplaced)         0.258     7.196    cnn_system_i/axis_cnn_mnist_0/inst/u_conv2/u_calc/final_pixel_wire[0]1
                         LUT4 (Prop_lut4_I0_O)        0.297     7.493 r  cnn_system_i/axis_cnn_mnist_0/inst/u_conv2/u_calc/conv_out[10]_i_1/O
                         net (fo=11, unplaced)        0.690     8.183    cnn_system_i/axis_cnn_mnist_0/inst/u_conv2/u_calc/conv_out[10]_i_1_n_0
                         FDSE                                         r  cnn_system_i/axis_cnn_mnist_0/inst/u_conv2/u_calc/conv_out_reg[4]/S
  -------------------------------------------------------------------    -------------------

                         (clock clk_fpga_0 rise edge)
                                                     10.000    10.000 r  
    PS7_X0Y0             PS7                          0.000    10.000 r  cnn_system_i/processing_system7_0/inst/PS7_i/FCLKCLK[0]
                         net (fo=1, unplaced)         0.613    10.613    cnn_system_i/processing_system7_0/inst/FCLK_CLK_unbuffered[0]
                         BUFG (Prop_bufg_I_O)         0.077    10.690 r  cnn_system_i/processing_system7_0/inst/buffer_fclk_clk_0.FCLK_CLK_0_BUFG/O
                         net (fo=11562, unplaced)     0.501    11.191    cnn_system_i/axis_cnn_mnist_0/inst/u_conv2/u_calc/aclk
                         FDSE                                         r  cnn_system_i/axis_cnn_mnist_0/inst/u_conv2/u_calc/conv_out_reg[4]/C
                         clock pessimism              0.040    11.231    
                         clock uncertainty           -0.154    11.077    
                         FDSE (Setup_fdse_C_S)       -0.452    10.625    cnn_system_i/axis_cnn_mnist_0/inst/u_conv2/u_calc/conv_out_reg[4]
  -------------------------------------------------------------------
                         required time                         10.625    
                         arrival time                          -8.183    
  -------------------------------------------------------------------
                         slack                                  2.442    

Slack (MET) :             2.442ns  (required time - arrival time)
  Source:                 cnn_system_i/axis_cnn_mnist_0/inst/u_conv2/u_calc/stg2_total_sum_reg[0][8]/C
                            (rising edge-triggered cell FDRE clocked by clk_fpga_0  {rise@0.000ns fall@5.000ns period=10.000ns})
  Destination:            cnn_system_i/axis_cnn_mnist_0/inst/u_conv2/u_calc/conv_out_reg[50]/S
                            (rising edge-triggered cell FDSE clocked by clk_fpga_0  {rise@0.000ns fall@5.000ns period=10.000ns})
  Path Group:             clk_fpga_0
  Path Type:              Setup (Max at Slow Process Corner)
  Requirement:            10.000ns  (clk_fpga_0 rise@10.000ns - clk_fpga_0 rise@0.000ns)
  Data Path Delay:        6.807ns  (logic 3.499ns (51.403%)  route 3.308ns (48.597%))
  Logic Levels:           11  (CARRY4=10 LUT4=1)
  Clock Path Skew:        -0.145ns (DCD - SCD + CPR)
    Destination Clock Delay (DCD):    1.191ns = ( 11.191 - 10.000 ) 
    Source Clock Delay      (SCD):    1.376ns
    Clock Pessimism Removal (CPR):    0.040ns
  Clock Uncertainty:      0.154ns  ((TSJ^2 + TIJ^2)^1/2 + DJ) / 2 + PE
    Total System Jitter     (TSJ):    0.071ns
    Total Input Jitter      (TIJ):    0.300ns
    Discrete Jitter          (DJ):    0.000ns
    Phase Error              (PE):    0.000ns

    Location             Delay type                Incr(ns)  Path(ns)    Netlist Resource(s)
  -------------------------------------------------------------------    -------------------
                         (clock clk_fpga_0 rise edge)
                                                      0.000     0.000 r  
    PS7_X0Y0             PS7                          0.000     0.000 r  cnn_system_i/processing_system7_0/inst/PS7_i/FCLKCLK[0]
                         net (fo=1, unplaced)         0.646     0.646    cnn_system_i/processing_system7_0/inst/FCLK_CLK_unbuffered[0]
                         BUFG (Prop_bufg_I_O)         0.085     0.731 r  cnn_system_i/processing_system7_0/inst/buffer_fclk_clk_0.FCLK_CLK_0_BUFG/O
                         net (fo=11562, unplaced)     0.646     1.376    cnn_system_i/axis_cnn_mnist_0/inst/u_conv2/u_calc/aclk
                         FDRE                                         r  cnn_system_i/axis_cnn_mnist_0/inst/u_conv2/u_calc/stg2_total_sum_reg[0][8]/C
  -------------------------------------------------------------------    -------------------
                         FDRE (Prop_fdre_C_Q)         0.397     1.773 r  cnn_system_i/axis_cnn_mnist_0/inst/u_conv2/u_calc/stg2_total_sum_reg[0][8]/Q
                         net (fo=1, unplaced)         0.818     2.591    cnn_system_i/axis_cnn_mnist_0/inst/u_conv2/u_calc/stg2_total_sum_reg[0]_7[8]
                         CARRY4 (Prop_carry4_S[3]_CO[3])
                                                      0.546     3.137 r  cnn_system_i/axis_cnn_mnist_0/inst/u_conv2/u_calc/conv_out_reg[49]_i_2/CO[3]
                         net (fo=1, unplaced)         0.008     3.145    cnn_system_i/axis_cnn_mnist_0/inst/u_conv2/u_calc/conv_out_reg[49]_i_2_n_0
                         CARRY4 (Prop_carry4_CI_O[2])
                                                      0.214     3.359 r  cnn_system_i/axis_cnn_mnist_0/inst/u_conv2/u_calc/conv_out_reg[56]_i_3/O[2]
                         net (fo=2, unplaced)         0.657     4.016    cnn_system_i/axis_cnn_mnist_0/inst/u_conv2/u_calc/conv_out_reg[56]_i_3_n_5
                         CARRY4 (Prop_carry4_S[3]_CO[3])
                                                      0.558     4.574 r  cnn_system_i/axis_cnn_mnist_0/inst/u_conv2/u_calc/conv_out_reg[52]_i_2/CO[3]
                         net (fo=1, unplaced)         0.008     4.582    cnn_system_i/axis_cnn_mnist_0/inst/u_conv2/u_calc/conv_out_reg[52]_i_2_n_0
                         CARRY4 (Prop_carry4_CI_CO[3])
                                                      0.100     4.682 r  cnn_system_i/axis_cnn_mnist_0/inst/u_conv2/u_calc/conv_out_reg[56]_i_2/CO[3]
                         net (fo=1, unplaced)         0.000     4.682    cnn_system_i/axis_cnn_mnist_0/inst/u_conv2/u_calc/conv_out_reg[56]_i_2_n_0
                         CARRY4 (Prop_carry4_CI_CO[3])
                                                      0.100     4.782 r  cnn_system_i/axis_cnn_mnist_0/inst/u_conv2/u_calc/conv_out_reg[59]_i_2/CO[3]
                         net (fo=1, unplaced)         0.000     4.782    cnn_system_i/axis_cnn_mnist_0/inst/u_conv2/u_calc/conv_out_reg[59]_i_2_n_0
                         CARRY4 (Prop_carry4_CI_CO[3])
                                                      0.100     4.882 r  cnn_system_i/axis_cnn_mnist_0/inst/u_conv2/u_calc/conv_out_reg[59]_i_45/CO[3]
                         net (fo=1, unplaced)         0.000     4.882    cnn_system_i/axis_cnn_mnist_0/inst/u_conv2/u_calc/conv_out_reg[59]_i_45_n_0
                         CARRY4 (Prop_carry4_CI_CO[3])
                                                      0.100     4.982 r  cnn_system_i/axis_cnn_mnist_0/inst/u_conv2/u_calc/conv_out_reg[59]_i_29/CO[3]
                         net (fo=1, unplaced)         0.000     4.982    cnn_system_i/axis_cnn_mnist_0/inst/u_conv2/u_calc/conv_out_reg[59]_i_29_n_0
                         CARRY4 (Prop_carry4_CI_CO[0])
                                                      0.238     5.220 r  cnn_system_i/axis_cnn_mnist_0/inst/u_conv2/u_calc/conv_out_reg[59]_i_14/CO[0]
                         net (fo=14, unplaced)        0.869     6.089    cnn_system_i/axis_cnn_mnist_0/inst/u_conv2/u_calc/conv_out_reg[59]_i_14_n_3
                         CARRY4 (Prop_carry4_S[3]_CO[3])
                                                      0.611     6.700 r  cnn_system_i/axis_cnn_mnist_0/inst/u_conv2/u_calc/conv_out_reg[59]_i_13/CO[3]
                         net (fo=1, unplaced)         0.000     6.700    cnn_system_i/axis_cnn_mnist_0/inst/u_conv2/u_calc/conv_out_reg[59]_i_13_n_0
                         CARRY4 (Prop_carry4_CI_CO[0])
                                                      0.238     6.938 r  cnn_system_i/axis_cnn_mnist_0/inst/u_conv2/u_calc/conv_out_reg[59]_i_4/CO[0]
                         net (fo=3, unplaced)         0.258     7.196    cnn_system_i/axis_cnn_mnist_0/inst/u_conv2/u_calc/final_pixel_wire[0]1
                         LUT4 (Prop_lut4_I0_O)        0.297     7.493 r  cnn_system_i/axis_cnn_mnist_0/inst/u_conv2/u_calc/conv_out[58]_i_1/O
                         net (fo=11, unplaced)        0.690     8.183    cnn_system_i/axis_cnn_mnist_0/inst/u_conv2/u_calc/conv_out[58]_i_1_n_0
                         FDSE                                         r  cnn_system_i/axis_cnn_mnist_0/inst/u_conv2/u_calc/conv_out_reg[50]/S
  -------------------------------------------------------------------    -------------------

                         (clock clk_fpga_0 rise edge)
                                                     10.000    10.000 r  
    PS7_X0Y0             PS7                          0.000    10.000 r  cnn_system_i/processing_system7_0/inst/PS7_i/FCLKCLK[0]
                         net (fo=1, unplaced)         0.613    10.613    cnn_system_i/processing_system7_0/inst/FCLK_CLK_unbuffered[0]
                         BUFG (Prop_bufg_I_O)         0.077    10.690 r  cnn_system_i/processing_system7_0/inst/buffer_fclk_clk_0.FCLK_CLK_0_BUFG/O
                         net (fo=11562, unplaced)     0.501    11.191    cnn_system_i/axis_cnn_mnist_0/inst/u_conv2/u_calc/aclk
                         FDSE                                         r  cnn_system_i/axis_cnn_mnist_0/inst/u_conv2/u_calc/conv_out_reg[50]/C
                         clock pessimism              0.040    11.231    
                         clock uncertainty           -0.154    11.077    
                         FDSE (Setup_fdse_C_S)       -0.452    10.625    cnn_system_i/axis_cnn_mnist_0/inst/u_conv2/u_calc/conv_out_reg[50]
  -------------------------------------------------------------------
                         required time                         10.625    
                         arrival time                          -8.183    
  -------------------------------------------------------------------
                         slack                                  2.442    

Slack (MET) :             2.442ns  (required time - arrival time)
  Source:                 cnn_system_i/axis_cnn_mnist_0/inst/u_conv2/u_calc/stg2_total_sum_reg[0][8]/C
                            (rising edge-triggered cell FDRE clocked by clk_fpga_0  {rise@0.000ns fall@5.000ns period=10.000ns})
  Destination:            cnn_system_i/axis_cnn_mnist_0/inst/u_conv2/u_calc/conv_out_reg[51]/S
                            (rising edge-triggered cell FDSE clocked by clk_fpga_0  {rise@0.000ns fall@5.000ns period=10.000ns})
  Path Group:             clk_fpga_0
  Path Type:              Setup (Max at Slow Process Corner)
  Requirement:            10.000ns  (clk_fpga_0 rise@10.000ns - clk_fpga_0 rise@0.000ns)
  Data Path Delay:        6.807ns  (logic 3.499ns (51.403%)  route 3.308ns (48.597%))
  Logic Levels:           11  (CARRY4=10 LUT4=1)
  Clock Path Skew:        -0.145ns (DCD - SCD + CPR)
    Destination Clock Delay (DCD):    1.191ns = ( 11.191 - 10.000 ) 
    Source Clock Delay      (SCD):    1.376ns
    Clock Pessimism Removal (CPR):    0.040ns
  Clock Uncertainty:      0.154ns  ((TSJ^2 + TIJ^2)^1/2 + DJ) / 2 + PE
    Total System Jitter     (TSJ):    0.071ns
    Total Input Jitter      (TIJ):    0.300ns
    Discrete Jitter          (DJ):    0.000ns
    Phase Error              (PE):    0.000ns

    Location             Delay type                Incr(ns)  Path(ns)    Netlist Resource(s)
  -------------------------------------------------------------------    -------------------
                         (clock clk_fpga_0 rise edge)
                                                      0.000     0.000 r  
    PS7_X0Y0             PS7                          0.000     0.000 r  cnn_system_i/processing_system7_0/inst/PS7_i/FCLKCLK[0]
                         net (fo=1, unplaced)         0.646     0.646    cnn_system_i/processing_system7_0/inst/FCLK_CLK_unbuffered[0]
                         BUFG (Prop_bufg_I_O)         0.085     0.731 r  cnn_system_i/processing_system7_0/inst/buffer_fclk_clk_0.FCLK_CLK_0_BUFG/O
                         net (fo=11562, unplaced)     0.646     1.376    cnn_system_i/axis_cnn_mnist_0/inst/u_conv2/u_calc/aclk
                         FDRE                                         r  cnn_system_i/axis_cnn_mnist_0/inst/u_conv2/u_calc/stg2_total_sum_reg[0][8]/C
  -------------------------------------------------------------------    -------------------
                         FDRE (Prop_fdre_C_Q)         0.397     1.773 r  cnn_system_i/axis_cnn_mnist_0/inst/u_conv2/u_calc/stg2_total_sum_reg[0][8]/Q
                         net (fo=1, unplaced)         0.818     2.591    cnn_system_i/axis_cnn_mnist_0/inst/u_conv2/u_calc/stg2_total_sum_reg[0]_7[8]
                         CARRY4 (Prop_carry4_S[3]_CO[3])
                                                      0.546     3.137 r  cnn_system_i/axis_cnn_mnist_0/inst/u_conv2/u_calc/conv_out_reg[49]_i_2/CO[3]
                         net (fo=1, unplaced)         0.008     3.145    cnn_system_i/axis_cnn_mnist_0/inst/u_conv2/u_calc/conv_out_reg[49]_i_2_n_0
                         CARRY4 (Prop_carry4_CI_O[2])
                                                      0.214     3.359 r  cnn_system_i/axis_cnn_mnist_0/inst/u_conv2/u_calc/conv_out_reg[56]_i_3/O[2]
                         net (fo=2, unplaced)         0.657     4.016    cnn_system_i/axis_cnn_mnist_0/inst/u_conv2/u_calc/conv_out_reg[56]_i_3_n_5
                         CARRY4 (Prop_carry4_S[3]_CO[3])
                                                      0.558     4.574 r  cnn_system_i/axis_cnn_mnist_0/inst/u_conv2/u_calc/conv_out_reg[52]_i_2/CO[3]
                         net (fo=1, unplaced)         0.008     4.582    cnn_system_i/axis_cnn_mnist_0/inst/u_conv2/u_calc/conv_out_reg[52]_i_2_n_0
                         CARRY4 (Prop_carry4_CI_CO[3])
                                                      0.100     4.682 r  cnn_system_i/axis_cnn_mnist_0/inst/u_conv2/u_calc/conv_out_reg[56]_i_2/CO[3]
                         net (fo=1, unplaced)         0.000     4.682    cnn_system_i/axis_cnn_mnist_0/inst/u_conv2/u_calc/conv_out_reg[56]_i_2_n_0
                         CARRY4 (Prop_carry4_CI_CO[3])
                                                      0.100     4.782 r  cnn_system_i/axis_cnn_mnist_0/inst/u_conv2/u_calc/conv_out_reg[59]_i_2/CO[3]
                         net (fo=1, unplaced)         0.000     4.782    cnn_system_i/axis_cnn_mnist_0/inst/u_conv2/u_calc/conv_out_reg[59]_i_2_n_0
                         CARRY4 (Prop_carry4_CI_CO[3])
                                                      0.100     4.882 r  cnn_system_i/axis_cnn_mnist_0/inst/u_conv2/u_calc/conv_out_reg[59]_i_45/CO[3]
                         net (fo=1, unplaced)         0.000     4.882    cnn_system_i/axis_cnn_mnist_0/inst/u_conv2/u_calc/conv_out_reg[59]_i_45_n_0
                         CARRY4 (Prop_carry4_CI_CO[3])
                                                      0.100     4.982 r  cnn_system_i/axis_cnn_mnist_0/inst/u_conv2/u_calc/conv_out_reg[59]_i_29/CO[3]
                         net (fo=1, unplaced)         0.000     4.982    cnn_system_i/axis_cnn_mnist_0/inst/u_conv2/u_calc/conv_out_reg[59]_i_29_n_0
                         CARRY4 (Prop_carry4_CI_CO[0])
                                                      0.238     5.220 r  cnn_system_i/axis_cnn_mnist_0/inst/u_conv2/u_calc/conv_out_reg[59]_i_14/CO[0]
                         net (fo=14, unplaced)        0.869     6.089    cnn_system_i/axis_cnn_mnist_0/inst/u_conv2/u_calc/conv_out_reg[59]_i_14_n_3
                         CARRY4 (Prop_carry4_S[3]_CO[3])
                                                      0.611     6.700 r  cnn_system_i/axis_cnn_mnist_0/inst/u_conv2/u_calc/conv_out_reg[59]_i_13/CO[3]
                         net (fo=1, unplaced)         0.000     6.700    cnn_system_i/axis_cnn_mnist_0/inst/u_conv2/u_calc/conv_out_reg[59]_i_13_n_0
                         CARRY4 (Prop_carry4_CI_CO[0])
                                                      0.238     6.938 r  cnn_system_i/axis_cnn_mnist_0/inst/u_conv2/u_calc/conv_out_reg[59]_i_4/CO[0]
                         net (fo=3, unplaced)         0.258     7.196    cnn_system_i/axis_cnn_mnist_0/inst/u_conv2/u_calc/final_pixel_wire[0]1
                         LUT4 (Prop_lut4_I0_O)        0.297     7.493 r  cnn_system_i/axis_cnn_mnist_0/inst/u_conv2/u_calc/conv_out[58]_i_1/O
                         net (fo=11, unplaced)        0.690     8.183    cnn_system_i/axis_cnn_mnist_0/inst/u_conv2/u_calc/conv_out[58]_i_1_n_0
                         FDSE                                         r  cnn_system_i/axis_cnn_mnist_0/inst/u_conv2/u_calc/conv_out_reg[51]/S
  -------------------------------------------------------------------    -------------------

                         (clock clk_fpga_0 rise edge)
                                                     10.000    10.000 r  
    PS7_X0Y0             PS7                          0.000    10.000 r  cnn_system_i/processing_system7_0/inst/PS7_i/FCLKCLK[0]
                         net (fo=1, unplaced)         0.613    10.613    cnn_system_i/processing_system7_0/inst/FCLK_CLK_unbuffered[0]
                         BUFG (Prop_bufg_I_O)         0.077    10.690 r  cnn_system_i/processing_system7_0/inst/buffer_fclk_clk_0.FCLK_CLK_0_BUFG/O
                         net (fo=11562, unplaced)     0.501    11.191    cnn_system_i/axis_cnn_mnist_0/inst/u_conv2/u_calc/aclk
                         FDSE                                         r  cnn_system_i/axis_cnn_mnist_0/inst/u_conv2/u_calc/conv_out_reg[51]/C
                         clock pessimism              0.040    11.231    
                         clock uncertainty           -0.154    11.077    
                         FDSE (Setup_fdse_C_S)       -0.452    10.625    cnn_system_i/axis_cnn_mnist_0/inst/u_conv2/u_calc/conv_out_reg[51]
  -------------------------------------------------------------------
                         required time                         10.625    
                         arrival time                          -8.183    
  -------------------------------------------------------------------
                         slack                                  2.442    

Slack (MET) :             2.442ns  (required time - arrival time)
  Source:                 cnn_system_i/axis_cnn_mnist_0/inst/u_conv2/u_calc/stg2_total_sum_reg[0][8]/C
                            (rising edge-triggered cell FDRE clocked by clk_fpga_0  {rise@0.000ns fall@5.000ns period=10.000ns})
  Destination:            cnn_system_i/axis_cnn_mnist_0/inst/u_conv2/u_calc/conv_out_reg[52]/S
                            (rising edge-triggered cell FDSE clocked by clk_fpga_0  {rise@0.000ns fall@5.000ns period=10.000ns})
  Path Group:             clk_fpga_0
  Path Type:              Setup (Max at Slow Process Corner)
  Requirement:            10.000ns  (clk_fpga_0 rise@10.000ns - clk_fpga_0 rise@0.000ns)
  Data Path Delay:        6.807ns  (logic 3.499ns (51.403%)  route 3.308ns (48.597%))
  Logic Levels:           11  (CARRY4=10 LUT4=1)
  Clock Path Skew:        -0.145ns (DCD - SCD + CPR)
    Destination Clock Delay (DCD):    1.191ns = ( 11.191 - 10.000 ) 
    Source Clock Delay      (SCD):    1.376ns
    Clock Pessimism Removal (CPR):    0.040ns
  Clock Uncertainty:      0.154ns  ((TSJ^2 + TIJ^2)^1/2 + DJ) / 2 + PE
    Total System Jitter     (TSJ):    0.071ns
    Total Input Jitter      (TIJ):    0.300ns
    Discrete Jitter          (DJ):    0.000ns
    Phase Error              (PE):    0.000ns

    Location             Delay type                Incr(ns)  Path(ns)    Netlist Resource(s)
  -------------------------------------------------------------------    -------------------
                         (clock clk_fpga_0 rise edge)
                                                      0.000     0.000 r  
    PS7_X0Y0             PS7                          0.000     0.000 r  cnn_system_i/processing_system7_0/inst/PS7_i/FCLKCLK[0]
                         net (fo=1, unplaced)         0.646     0.646    cnn_system_i/processing_system7_0/inst/FCLK_CLK_unbuffered[0]
                         BUFG (Prop_bufg_I_O)         0.085     0.731 r  cnn_system_i/processing_system7_0/inst/buffer_fclk_clk_0.FCLK_CLK_0_BUFG/O
                         net (fo=11562, unplaced)     0.646     1.376    cnn_system_i/axis_cnn_mnist_0/inst/u_conv2/u_calc/aclk
                         FDRE                                         r  cnn_system_i/axis_cnn_mnist_0/inst/u_conv2/u_calc/stg2_total_sum_reg[0][8]/C
  -------------------------------------------------------------------    -------------------
                         FDRE (Prop_fdre_C_Q)         0.397     1.773 r  cnn_system_i/axis_cnn_mnist_0/inst/u_conv2/u_calc/stg2_total_sum_reg[0][8]/Q
                         net (fo=1, unplaced)         0.818     2.591    cnn_system_i/axis_cnn_mnist_0/inst/u_conv2/u_calc/stg2_total_sum_reg[0]_7[8]
                         CARRY4 (Prop_carry4_S[3]_CO[3])
                                                      0.546     3.137 r  cnn_system_i/axis_cnn_mnist_0/inst/u_conv2/u_calc/conv_out_reg[49]_i_2/CO[3]
                         net (fo=1, unplaced)         0.008     3.145    cnn_system_i/axis_cnn_mnist_0/inst/u_conv2/u_calc/conv_out_reg[49]_i_2_n_0
                         CARRY4 (Prop_carry4_CI_O[2])
                                                      0.214     3.359 r  cnn_system_i/axis_cnn_mnist_0/inst/u_conv2/u_calc/conv_out_reg[56]_i_3/O[2]
                         net (fo=2, unplaced)         0.657     4.016    cnn_system_i/axis_cnn_mnist_0/inst/u_conv2/u_calc/conv_out_reg[56]_i_3_n_5
                         CARRY4 (Prop_carry4_S[3]_CO[3])
                                                      0.558     4.574 r  cnn_system_i/axis_cnn_mnist_0/inst/u_conv2/u_calc/conv_out_reg[52]_i_2/CO[3]
                         net (fo=1, unplaced)         0.008     4.582    cnn_system_i/axis_cnn_mnist_0/inst/u_conv2/u_calc/conv_out_reg[52]_i_2_n_0
                         CARRY4 (Prop_carry4_CI_CO[3])
                                                      0.100     4.682 r  cnn_system_i/axis_cnn_mnist_0/inst/u_conv2/u_calc/conv_out_reg[56]_i_2/CO[3]
                         net (fo=1, unplaced)         0.000     4.682    cnn_system_i/axis_cnn_mnist_0/inst/u_conv2/u_calc/conv_out_reg[56]_i_2_n_0
                         CARRY4 (Prop_carry4_CI_CO[3])
                                                      0.100     4.782 r  cnn_system_i/axis_cnn_mnist_0/inst/u_conv2/u_calc/conv_out_reg[59]_i_2/CO[3]
                         net (fo=1, unplaced)         0.000     4.782    cnn_system_i/axis_cnn_mnist_0/inst/u_conv2/u_calc/conv_out_reg[59]_i_2_n_0
                         CARRY4 (Prop_carry4_CI_CO[3])
                                                      0.100     4.882 r  cnn_system_i/axis_cnn_mnist_0/inst/u_conv2/u_calc/conv_out_reg[59]_i_45/CO[3]
                         net (fo=1, unplaced)         0.000     4.882    cnn_system_i/axis_cnn_mnist_0/inst/u_conv2/u_calc/conv_out_reg[59]_i_45_n_0
                         CARRY4 (Prop_carry4_CI_CO[3])
                                                      0.100     4.982 r  cnn_system_i/axis_cnn_mnist_0/inst/u_conv2/u_calc/conv_out_reg[59]_i_29/CO[3]
                         net (fo=1, unplaced)         0.000     4.982    cnn_system_i/axis_cnn_mnist_0/inst/u_conv2/u_calc/conv_out_reg[59]_i_29_n_0
                         CARRY4 (Prop_carry4_CI_CO[0])
                                                      0.238     5.220 r  cnn_system_i/axis_cnn_mnist_0/inst/u_conv2/u_calc/conv_out_reg[59]_i_14/CO[0]
                         net (fo=14, unplaced)        0.869     6.089    cnn_system_i/axis_cnn_mnist_0/inst/u_conv2/u_calc/conv_out_reg[59]_i_14_n_3
                         CARRY4 (Prop_carry4_S[3]_CO[3])
                                                      0.611     6.700 r  cnn_system_i/axis_cnn_mnist_0/inst/u_conv2/u_calc/conv_out_reg[59]_i_13/CO[3]
                         net (fo=1, unplaced)         0.000     6.700    cnn_system_i/axis_cnn_mnist_0/inst/u_conv2/u_calc/conv_out_reg[59]_i_13_n_0
                         CARRY4 (Prop_carry4_CI_CO[0])
                                                      0.238     6.938 r  cnn_system_i/axis_cnn_mnist_0/inst/u_conv2/u_calc/conv_out_reg[59]_i_4/CO[0]
                         net (fo=3, unplaced)         0.258     7.196    cnn_system_i/axis_cnn_mnist_0/inst/u_conv2/u_calc/final_pixel_wire[0]1
                         LUT4 (Prop_lut4_I0_O)        0.297     7.493 r  cnn_system_i/axis_cnn_mnist_0/inst/u_conv2/u_calc/conv_out[58]_i_1/O
                         net (fo=11, unplaced)        0.690     8.183    cnn_system_i/axis_cnn_mnist_0/inst/u_conv2/u_calc/conv_out[58]_i_1_n_0
                         FDSE                                         r  cnn_system_i/axis_cnn_mnist_0/inst/u_conv2/u_calc/conv_out_reg[52]/S
  -------------------------------------------------------------------    -------------------

                         (clock clk_fpga_0 rise edge)
                                                     10.000    10.000 r  
    PS7_X0Y0             PS7                          0.000    10.000 r  cnn_system_i/processing_system7_0/inst/PS7_i/FCLKCLK[0]
                         net (fo=1, unplaced)         0.613    10.613    cnn_system_i/processing_system7_0/inst/FCLK_CLK_unbuffered[0]
                         BUFG (Prop_bufg_I_O)         0.077    10.690 r  cnn_system_i/processing_system7_0/inst/buffer_fclk_clk_0.FCLK_CLK_0_BUFG/O
                         net (fo=11562, unplaced)     0.501    11.191    cnn_system_i/axis_cnn_mnist_0/inst/u_conv2/u_calc/aclk
                         FDSE                                         r  cnn_system_i/axis_cnn_mnist_0/inst/u_conv2/u_calc/conv_out_reg[52]/C
                         clock pessimism              0.040    11.231    
                         clock uncertainty           -0.154    11.077    
                         FDSE (Setup_fdse_C_S)       -0.452    10.625    cnn_system_i/axis_cnn_mnist_0/inst/u_conv2/u_calc/conv_out_reg[52]
  -------------------------------------------------------------------
                         required time                         10.625    
                         arrival time                          -8.183    
  -------------------------------------------------------------------
                         slack                                  2.442    

Slack (MET) :             2.442ns  (required time - arrival time)
  Source:                 cnn_system_i/axis_cnn_mnist_0/inst/u_conv2/u_calc/stg2_total_sum_reg[0][8]/C
                            (rising edge-triggered cell FDRE clocked by clk_fpga_0  {rise@0.000ns fall@5.000ns period=10.000ns})
  Destination:            cnn_system_i/axis_cnn_mnist_0/inst/u_conv2/u_calc/conv_out_reg[53]/S
                            (rising edge-triggered cell FDSE clocked by clk_fpga_0  {rise@0.000ns fall@5.000ns period=10.000ns})
  Path Group:             clk_fpga_0
  Path Type:              Setup (Max at Slow Process Corner)
  Requirement:            10.000ns  (clk_fpga_0 rise@10.000ns - clk_fpga_0 rise@0.000ns)
  Data Path Delay:        6.807ns  (logic 3.499ns (51.403%)  route 3.308ns (48.597%))
  Logic Levels:           11  (CARRY4=10 LUT4=1)
  Clock Path Skew:        -0.145ns (DCD - SCD + CPR)
    Destination Clock Delay (DCD):    1.191ns = ( 11.191 - 10.000 ) 
    Source Clock Delay      (SCD):    1.376ns
    Clock Pessimism Removal (CPR):    0.040ns
  Clock Uncertainty:      0.154ns  ((TSJ^2 + TIJ^2)^1/2 + DJ) / 2 + PE
    Total System Jitter     (TSJ):    0.071ns
    Total Input Jitter      (TIJ):    0.300ns
    Discrete Jitter          (DJ):    0.000ns
    Phase Error              (PE):    0.000ns

    Location             Delay type                Incr(ns)  Path(ns)    Netlist Resource(s)
  -------------------------------------------------------------------    -------------------
                         (clock clk_fpga_0 rise edge)
                                                      0.000     0.000 r  
    PS7_X0Y0             PS7                          0.000     0.000 r  cnn_system_i/processing_system7_0/inst/PS7_i/FCLKCLK[0]
                         net (fo=1, unplaced)         0.646     0.646    cnn_system_i/processing_system7_0/inst/FCLK_CLK_unbuffered[0]
                         BUFG (Prop_bufg_I_O)         0.085     0.731 r  cnn_system_i/processing_system7_0/inst/buffer_fclk_clk_0.FCLK_CLK_0_BUFG/O
                         net (fo=11562, unplaced)     0.646     1.376    cnn_system_i/axis_cnn_mnist_0/inst/u_conv2/u_calc/aclk
                         FDRE                                         r  cnn_system_i/axis_cnn_mnist_0/inst/u_conv2/u_calc/stg2_total_sum_reg[0][8]/C
  -------------------------------------------------------------------    -------------------
                         FDRE (Prop_fdre_C_Q)         0.397     1.773 r  cnn_system_i/axis_cnn_mnist_0/inst/u_conv2/u_calc/stg2_total_sum_reg[0][8]/Q
                         net (fo=1, unplaced)         0.818     2.591    cnn_system_i/axis_cnn_mnist_0/inst/u_conv2/u_calc/stg2_total_sum_reg[0]_7[8]
                         CARRY4 (Prop_carry4_S[3]_CO[3])
                                                      0.546     3.137 r  cnn_system_i/axis_cnn_mnist_0/inst/u_conv2/u_calc/conv_out_reg[49]_i_2/CO[3]
                         net (fo=1, unplaced)         0.008     3.145    cnn_system_i/axis_cnn_mnist_0/inst/u_conv2/u_calc/conv_out_reg[49]_i_2_n_0
                         CARRY4 (Prop_carry4_CI_O[2])
                                                      0.214     3.359 r  cnn_system_i/axis_cnn_mnist_0/inst/u_conv2/u_calc/conv_out_reg[56]_i_3/O[2]
                         net (fo=2, unplaced)         0.657     4.016    cnn_system_i/axis_cnn_mnist_0/inst/u_conv2/u_calc/conv_out_reg[56]_i_3_n_5
                         CARRY4 (Prop_carry4_S[3]_CO[3])
                                                      0.558     4.574 r  cnn_system_i/axis_cnn_mnist_0/inst/u_conv2/u_calc/conv_out_reg[52]_i_2/CO[3]
                         net (fo=1, unplaced)         0.008     4.582    cnn_system_i/axis_cnn_mnist_0/inst/u_conv2/u_calc/conv_out_reg[52]_i_2_n_0
                         CARRY4 (Prop_carry4_CI_CO[3])
                                                      0.100     4.682 r  cnn_system_i/axis_cnn_mnist_0/inst/u_conv2/u_calc/conv_out_reg[56]_i_2/CO[3]
                         net (fo=1, unplaced)         0.000     4.682    cnn_system_i/axis_cnn_mnist_0/inst/u_conv2/u_calc/conv_out_reg[56]_i_2_n_0
                         CARRY4 (Prop_carry4_CI_CO[3])
                                                      0.100     4.782 r  cnn_system_i/axis_cnn_mnist_0/inst/u_conv2/u_calc/conv_out_reg[59]_i_2/CO[3]
                         net (fo=1, unplaced)         0.000     4.782    cnn_system_i/axis_cnn_mnist_0/inst/u_conv2/u_calc/conv_out_reg[59]_i_2_n_0
                         CARRY4 (Prop_carry4_CI_CO[3])
                                                      0.100     4.882 r  cnn_system_i/axis_cnn_mnist_0/inst/u_conv2/u_calc/conv_out_reg[59]_i_45/CO[3]
                         net (fo=1, unplaced)         0.000     4.882    cnn_system_i/axis_cnn_mnist_0/inst/u_conv2/u_calc/conv_out_reg[59]_i_45_n_0
                         CARRY4 (Prop_carry4_CI_CO[3])
                                                      0.100     4.982 r  cnn_system_i/axis_cnn_mnist_0/inst/u_conv2/u_calc/conv_out_reg[59]_i_29/CO[3]
                         net (fo=1, unplaced)         0.000     4.982    cnn_system_i/axis_cnn_mnist_0/inst/u_conv2/u_calc/conv_out_reg[59]_i_29_n_0
                         CARRY4 (Prop_carry4_CI_CO[0])
                                                      0.238     5.220 r  cnn_system_i/axis_cnn_mnist_0/inst/u_conv2/u_calc/conv_out_reg[59]_i_14/CO[0]
                         net (fo=14, unplaced)        0.869     6.089    cnn_system_i/axis_cnn_mnist_0/inst/u_conv2/u_calc/conv_out_reg[59]_i_14_n_3
                         CARRY4 (Prop_carry4_S[3]_CO[3])
                                                      0.611     6.700 r  cnn_system_i/axis_cnn_mnist_0/inst/u_conv2/u_calc/conv_out_reg[59]_i_13/CO[3]
                         net (fo=1, unplaced)         0.000     6.700    cnn_system_i/axis_cnn_mnist_0/inst/u_conv2/u_calc/conv_out_reg[59]_i_13_n_0
                         CARRY4 (Prop_carry4_CI_CO[0])
                                                      0.238     6.938 r  cnn_system_i/axis_cnn_mnist_0/inst/u_conv2/u_calc/conv_out_reg[59]_i_4/CO[0]
                         net (fo=3, unplaced)         0.258     7.196    cnn_system_i/axis_cnn_mnist_0/inst/u_conv2/u_calc/final_pixel_wire[0]1
                         LUT4 (Prop_lut4_I0_O)        0.297     7.493 r  cnn_system_i/axis_cnn_mnist_0/inst/u_conv2/u_calc/conv_out[58]_i_1/O
                         net (fo=11, unplaced)        0.690     8.183    cnn_system_i/axis_cnn_mnist_0/inst/u_conv2/u_calc/conv_out[58]_i_1_n_0
                         FDSE                                         r  cnn_system_i/axis_cnn_mnist_0/inst/u_conv2/u_calc/conv_out_reg[53]/S
  -------------------------------------------------------------------    -------------------

                         (clock clk_fpga_0 rise edge)
                                                     10.000    10.000 r  
    PS7_X0Y0             PS7                          0.000    10.000 r  cnn_system_i/processing_system7_0/inst/PS7_i/FCLKCLK[0]
                         net (fo=1, unplaced)         0.613    10.613    cnn_system_i/processing_system7_0/inst/FCLK_CLK_unbuffered[0]
                         BUFG (Prop_bufg_I_O)         0.077    10.690 r  cnn_system_i/processing_system7_0/inst/buffer_fclk_clk_0.FCLK_CLK_0_BUFG/O
                         net (fo=11562, unplaced)     0.501    11.191    cnn_system_i/axis_cnn_mnist_0/inst/u_conv2/u_calc/aclk
                         FDSE                                         r  cnn_system_i/axis_cnn_mnist_0/inst/u_conv2/u_calc/conv_out_reg[53]/C
                         clock pessimism              0.040    11.231    
                         clock uncertainty           -0.154    11.077    
                         FDSE (Setup_fdse_C_S)       -0.452    10.625    cnn_system_i/axis_cnn_mnist_0/inst/u_conv2/u_calc/conv_out_reg[53]
  -------------------------------------------------------------------
                         required time                         10.625    
                         arrival time                          -8.183    
  -------------------------------------------------------------------
                         slack                                  2.442    

Slack (MET) :             2.442ns  (required time - arrival time)
  Source:                 cnn_system_i/axis_cnn_mnist_0/inst/u_conv2/u_calc/stg2_total_sum_reg[0][8]/C
                            (rising edge-triggered cell FDRE clocked by clk_fpga_0  {rise@0.000ns fall@5.000ns period=10.000ns})
  Destination:            cnn_system_i/axis_cnn_mnist_0/inst/u_conv2/u_calc/conv_out_reg[54]/S
                            (rising edge-triggered cell FDSE clocked by clk_fpga_0  {rise@0.000ns fall@5.000ns period=10.000ns})
  Path Group:             clk_fpga_0
  Path Type:              Setup (Max at Slow Process Corner)
  Requirement:            10.000ns  (clk_fpga_0 rise@10.000ns - clk_fpga_0 rise@0.000ns)
  Data Path Delay:        6.807ns  (logic 3.499ns (51.403%)  route 3.308ns (48.597%))
  Logic Levels:           11  (CARRY4=10 LUT4=1)
  Clock Path Skew:        -0.145ns (DCD - SCD + CPR)
    Destination Clock Delay (DCD):    1.191ns = ( 11.191 - 10.000 ) 
    Source Clock Delay      (SCD):    1.376ns
    Clock Pessimism Removal (CPR):    0.040ns
  Clock Uncertainty:      0.154ns  ((TSJ^2 + TIJ^2)^1/2 + DJ) / 2 + PE
    Total System Jitter     (TSJ):    0.071ns
    Total Input Jitter      (TIJ):    0.300ns
    Discrete Jitter          (DJ):    0.000ns
    Phase Error              (PE):    0.000ns

    Location             Delay type                Incr(ns)  Path(ns)    Netlist Resource(s)
  -------------------------------------------------------------------    -------------------
                         (clock clk_fpga_0 rise edge)
                                                      0.000     0.000 r  
    PS7_X0Y0             PS7                          0.000     0.000 r  cnn_system_i/processing_system7_0/inst/PS7_i/FCLKCLK[0]
                         net (fo=1, unplaced)         0.646     0.646    cnn_system_i/processing_system7_0/inst/FCLK_CLK_unbuffered[0]
                         BUFG (Prop_bufg_I_O)         0.085     0.731 r  cnn_system_i/processing_system7_0/inst/buffer_fclk_clk_0.FCLK_CLK_0_BUFG/O
                         net (fo=11562, unplaced)     0.646     1.376    cnn_system_i/axis_cnn_mnist_0/inst/u_conv2/u_calc/aclk
                         FDRE                                         r  cnn_system_i/axis_cnn_mnist_0/inst/u_conv2/u_calc/stg2_total_sum_reg[0][8]/C
  -------------------------------------------------------------------    -------------------
                         FDRE (Prop_fdre_C_Q)         0.397     1.773 r  cnn_system_i/axis_cnn_mnist_0/inst/u_conv2/u_calc/stg2_total_sum_reg[0][8]/Q
                         net (fo=1, unplaced)         0.818     2.591    cnn_system_i/axis_cnn_mnist_0/inst/u_conv2/u_calc/stg2_total_sum_reg[0]_7[8]
                         CARRY4 (Prop_carry4_S[3]_CO[3])
                                                      0.546     3.137 r  cnn_system_i/axis_cnn_mnist_0/inst/u_conv2/u_calc/conv_out_reg[49]_i_2/CO[3]
                         net (fo=1, unplaced)         0.008     3.145    cnn_system_i/axis_cnn_mnist_0/inst/u_conv2/u_calc/conv_out_reg[49]_i_2_n_0
                         CARRY4 (Prop_carry4_CI_O[2])
                                                      0.214     3.359 r  cnn_system_i/axis_cnn_mnist_0/inst/u_conv2/u_calc/conv_out_reg[56]_i_3/O[2]
                         net (fo=2, unplaced)         0.657     4.016    cnn_system_i/axis_cnn_mnist_0/inst/u_conv2/u_calc/conv_out_reg[56]_i_3_n_5
                         CARRY4 (Prop_carry4_S[3]_CO[3])
                                                      0.558     4.574 r  cnn_system_i/axis_cnn_mnist_0/inst/u_conv2/u_calc/conv_out_reg[52]_i_2/CO[3]
                         net (fo=1, unplaced)         0.008     4.582    cnn_system_i/axis_cnn_mnist_0/inst/u_conv2/u_calc/conv_out_reg[52]_i_2_n_0
                         CARRY4 (Prop_carry4_CI_CO[3])
                                                      0.100     4.682 r  cnn_system_i/axis_cnn_mnist_0/inst/u_conv2/u_calc/conv_out_reg[56]_i_2/CO[3]
                         net (fo=1, unplaced)         0.000     4.682    cnn_system_i/axis_cnn_mnist_0/inst/u_conv2/u_calc/conv_out_reg[56]_i_2_n_0
                         CARRY4 (Prop_carry4_CI_CO[3])
                                                      0.100     4.782 r  cnn_system_i/axis_cnn_mnist_0/inst/u_conv2/u_calc/conv_out_reg[59]_i_2/CO[3]
                         net (fo=1, unplaced)         0.000     4.782    cnn_system_i/axis_cnn_mnist_0/inst/u_conv2/u_calc/conv_out_reg[59]_i_2_n_0
                         CARRY4 (Prop_carry4_CI_CO[3])
                                                      0.100     4.882 r  cnn_system_i/axis_cnn_mnist_0/inst/u_conv2/u_calc/conv_out_reg[59]_i_45/CO[3]
                         net (fo=1, unplaced)         0.000     4.882    cnn_system_i/axis_cnn_mnist_0/inst/u_conv2/u_calc/conv_out_reg[59]_i_45_n_0
                         CARRY4 (Prop_carry4_CI_CO[3])
                                                      0.100     4.982 r  cnn_system_i/axis_cnn_mnist_0/inst/u_conv2/u_calc/conv_out_reg[59]_i_29/CO[3]
                         net (fo=1, unplaced)         0.000     4.982    cnn_system_i/axis_cnn_mnist_0/inst/u_conv2/u_calc/conv_out_reg[59]_i_29_n_0
                         CARRY4 (Prop_carry4_CI_CO[0])
                                                      0.238     5.220 r  cnn_system_i/axis_cnn_mnist_0/inst/u_conv2/u_calc/conv_out_reg[59]_i_14/CO[0]
                         net (fo=14, unplaced)        0.869     6.089    cnn_system_i/axis_cnn_mnist_0/inst/u_conv2/u_calc/conv_out_reg[59]_i_14_n_3
                         CARRY4 (Prop_carry4_S[3]_CO[3])
                                                      0.611     6.700 r  cnn_system_i/axis_cnn_mnist_0/inst/u_conv2/u_calc/conv_out_reg[59]_i_13/CO[3]
                         net (fo=1, unplaced)         0.000     6.700    cnn_system_i/axis_cnn_mnist_0/inst/u_conv2/u_calc/conv_out_reg[59]_i_13_n_0
                         CARRY4 (Prop_carry4_CI_CO[0])
                                                      0.238     6.938 r  cnn_system_i/axis_cnn_mnist_0/inst/u_conv2/u_calc/conv_out_reg[59]_i_4/CO[0]
                         net (fo=3, unplaced)         0.258     7.196    cnn_system_i/axis_cnn_mnist_0/inst/u_conv2/u_calc/final_pixel_wire[0]1
                         LUT4 (Prop_lut4_I0_O)        0.297     7.493 r  cnn_system_i/axis_cnn_mnist_0/inst/u_conv2/u_calc/conv_out[58]_i_1/O
                         net (fo=11, unplaced)        0.690     8.183    cnn_system_i/axis_cnn_mnist_0/inst/u_conv2/u_calc/conv_out[58]_i_1_n_0
                         FDSE                                         r  cnn_system_i/axis_cnn_mnist_0/inst/u_conv2/u_calc/conv_out_reg[54]/S
  -------------------------------------------------------------------    -------------------

                         (clock clk_fpga_0 rise edge)
                                                     10.000    10.000 r  
    PS7_X0Y0             PS7                          0.000    10.000 r  cnn_system_i/processing_system7_0/inst/PS7_i/FCLKCLK[0]
                         net (fo=1, unplaced)         0.613    10.613    cnn_system_i/processing_system7_0/inst/FCLK_CLK_unbuffered[0]
                         BUFG (Prop_bufg_I_O)         0.077    10.690 r  cnn_system_i/processing_system7_0/inst/buffer_fclk_clk_0.FCLK_CLK_0_BUFG/O
                         net (fo=11562, unplaced)     0.501    11.191    cnn_system_i/axis_cnn_mnist_0/inst/u_conv2/u_calc/aclk
                         FDSE                                         r  cnn_system_i/axis_cnn_mnist_0/inst/u_conv2/u_calc/conv_out_reg[54]/C
                         clock pessimism              0.040    11.231    
                         clock uncertainty           -0.154    11.077    
                         FDSE (Setup_fdse_C_S)       -0.452    10.625    cnn_system_i/axis_cnn_mnist_0/inst/u_conv2/u_calc/conv_out_reg[54]
  -------------------------------------------------------------------
                         required time                         10.625    
                         arrival time                          -8.183    
  -------------------------------------------------------------------
                         slack                                  2.442    

Slack (MET) :             2.442ns  (required time - arrival time)
  Source:                 cnn_system_i/axis_cnn_mnist_0/inst/u_conv2/u_calc/stg2_total_sum_reg[0][8]/C
                            (rising edge-triggered cell FDRE clocked by clk_fpga_0  {rise@0.000ns fall@5.000ns period=10.000ns})
  Destination:            cnn_system_i/axis_cnn_mnist_0/inst/u_conv2/u_calc/conv_out_reg[55]/S
                            (rising edge-triggered cell FDSE clocked by clk_fpga_0  {rise@0.000ns fall@5.000ns period=10.000ns})
  Path Group:             clk_fpga_0
  Path Type:              Setup (Max at Slow Process Corner)
  Requirement:            10.000ns  (clk_fpga_0 rise@10.000ns - clk_fpga_0 rise@0.000ns)
  Data Path Delay:        6.807ns  (logic 3.499ns (51.403%)  route 3.308ns (48.597%))
  Logic Levels:           11  (CARRY4=10 LUT4=1)
  Clock Path Skew:        -0.145ns (DCD - SCD + CPR)
    Destination Clock Delay (DCD):    1.191ns = ( 11.191 - 10.000 ) 
    Source Clock Delay      (SCD):    1.376ns
    Clock Pessimism Removal (CPR):    0.040ns
  Clock Uncertainty:      0.154ns  ((TSJ^2 + TIJ^2)^1/2 + DJ) / 2 + PE
    Total System Jitter     (TSJ):    0.071ns
    Total Input Jitter      (TIJ):    0.300ns
    Discrete Jitter          (DJ):    0.000ns
    Phase Error              (PE):    0.000ns

    Location             Delay type                Incr(ns)  Path(ns)    Netlist Resource(s)
  -------------------------------------------------------------------    -------------------
                         (clock clk_fpga_0 rise edge)
                                                      0.000     0.000 r  
    PS7_X0Y0             PS7                          0.000     0.000 r  cnn_system_i/processing_system7_0/inst/PS7_i/FCLKCLK[0]
                         net (fo=1, unplaced)         0.646     0.646    cnn_system_i/processing_system7_0/inst/FCLK_CLK_unbuffered[0]
                         BUFG (Prop_bufg_I_O)         0.085     0.731 r  cnn_system_i/processing_system7_0/inst/buffer_fclk_clk_0.FCLK_CLK_0_BUFG/O
                         net (fo=11562, unplaced)     0.646     1.376    cnn_system_i/axis_cnn_mnist_0/inst/u_conv2/u_calc/aclk
                         FDRE                                         r  cnn_system_i/axis_cnn_mnist_0/inst/u_conv2/u_calc/stg2_total_sum_reg[0][8]/C
  -------------------------------------------------------------------    -------------------
                         FDRE (Prop_fdre_C_Q)         0.397     1.773 r  cnn_system_i/axis_cnn_mnist_0/inst/u_conv2/u_calc/stg2_total_sum_reg[0][8]/Q
                         net (fo=1, unplaced)         0.818     2.591    cnn_system_i/axis_cnn_mnist_0/inst/u_conv2/u_calc/stg2_total_sum_reg[0]_7[8]
                         CARRY4 (Prop_carry4_S[3]_CO[3])
                                                      0.546     3.137 r  cnn_system_i/axis_cnn_mnist_0/inst/u_conv2/u_calc/conv_out_reg[49]_i_2/CO[3]
                         net (fo=1, unplaced)         0.008     3.145    cnn_system_i/axis_cnn_mnist_0/inst/u_conv2/u_calc/conv_out_reg[49]_i_2_n_0
                         CARRY4 (Prop_carry4_CI_O[2])
                                                      0.214     3.359 r  cnn_system_i/axis_cnn_mnist_0/inst/u_conv2/u_calc/conv_out_reg[56]_i_3/O[2]
                         net (fo=2, unplaced)         0.657     4.016    cnn_system_i/axis_cnn_mnist_0/inst/u_conv2/u_calc/conv_out_reg[56]_i_3_n_5
                         CARRY4 (Prop_carry4_S[3]_CO[3])
                                                      0.558     4.574 r  cnn_system_i/axis_cnn_mnist_0/inst/u_conv2/u_calc/conv_out_reg[52]_i_2/CO[3]
                         net (fo=1, unplaced)         0.008     4.582    cnn_system_i/axis_cnn_mnist_0/inst/u_conv2/u_calc/conv_out_reg[52]_i_2_n_0
                         CARRY4 (Prop_carry4_CI_CO[3])
                                                      0.100     4.682 r  cnn_system_i/axis_cnn_mnist_0/inst/u_conv2/u_calc/conv_out_reg[56]_i_2/CO[3]
                         net (fo=1, unplaced)         0.000     4.682    cnn_system_i/axis_cnn_mnist_0/inst/u_conv2/u_calc/conv_out_reg[56]_i_2_n_0
                         CARRY4 (Prop_carry4_CI_CO[3])
                                                      0.100     4.782 r  cnn_system_i/axis_cnn_mnist_0/inst/u_conv2/u_calc/conv_out_reg[59]_i_2/CO[3]
                         net (fo=1, unplaced)         0.000     4.782    cnn_system_i/axis_cnn_mnist_0/inst/u_conv2/u_calc/conv_out_reg[59]_i_2_n_0
                         CARRY4 (Prop_carry4_CI_CO[3])
                                                      0.100     4.882 r  cnn_system_i/axis_cnn_mnist_0/inst/u_conv2/u_calc/conv_out_reg[59]_i_45/CO[3]
                         net (fo=1, unplaced)         0.000     4.882    cnn_system_i/axis_cnn_mnist_0/inst/u_conv2/u_calc/conv_out_reg[59]_i_45_n_0
                         CARRY4 (Prop_carry4_CI_CO[3])
                                                      0.100     4.982 r  cnn_system_i/axis_cnn_mnist_0/inst/u_conv2/u_calc/conv_out_reg[59]_i_29/CO[3]
                         net (fo=1, unplaced)         0.000     4.982    cnn_system_i/axis_cnn_mnist_0/inst/u_conv2/u_calc/conv_out_reg[59]_i_29_n_0
                         CARRY4 (Prop_carry4_CI_CO[0])
                                                      0.238     5.220 r  cnn_system_i/axis_cnn_mnist_0/inst/u_conv2/u_calc/conv_out_reg[59]_i_14/CO[0]
                         net (fo=14, unplaced)        0.869     6.089    cnn_system_i/axis_cnn_mnist_0/inst/u_conv2/u_calc/conv_out_reg[59]_i_14_n_3
                         CARRY4 (Prop_carry4_S[3]_CO[3])
                                                      0.611     6.700 r  cnn_system_i/axis_cnn_mnist_0/inst/u_conv2/u_calc/conv_out_reg[59]_i_13/CO[3]
                         net (fo=1, unplaced)         0.000     6.700    cnn_system_i/axis_cnn_mnist_0/inst/u_conv2/u_calc/conv_out_reg[59]_i_13_n_0
                         CARRY4 (Prop_carry4_CI_CO[0])
                                                      0.238     6.938 r  cnn_system_i/axis_cnn_mnist_0/inst/u_conv2/u_calc/conv_out_reg[59]_i_4/CO[0]
                         net (fo=3, unplaced)         0.258     7.196    cnn_system_i/axis_cnn_mnist_0/inst/u_conv2/u_calc/final_pixel_wire[0]1
                         LUT4 (Prop_lut4_I0_O)        0.297     7.493 r  cnn_system_i/axis_cnn_mnist_0/inst/u_conv2/u_calc/conv_out[58]_i_1/O
                         net (fo=11, unplaced)        0.690     8.183    cnn_system_i/axis_cnn_mnist_0/inst/u_conv2/u_calc/conv_out[58]_i_1_n_0
                         FDSE                                         r  cnn_system_i/axis_cnn_mnist_0/inst/u_conv2/u_calc/conv_out_reg[55]/S
  -------------------------------------------------------------------    -------------------

                         (clock clk_fpga_0 rise edge)
                                                     10.000    10.000 r  
    PS7_X0Y0             PS7                          0.000    10.000 r  cnn_system_i/processing_system7_0/inst/PS7_i/FCLKCLK[0]
                         net (fo=1, unplaced)         0.613    10.613    cnn_system_i/processing_system7_0/inst/FCLK_CLK_unbuffered[0]
                         BUFG (Prop_bufg_I_O)         0.077    10.690 r  cnn_system_i/processing_system7_0/inst/buffer_fclk_clk_0.FCLK_CLK_0_BUFG/O
                         net (fo=11562, unplaced)     0.501    11.191    cnn_system_i/axis_cnn_mnist_0/inst/u_conv2/u_calc/aclk
                         FDSE                                         r  cnn_system_i/axis_cnn_mnist_0/inst/u_conv2/u_calc/conv_out_reg[55]/C
                         clock pessimism              0.040    11.231    
                         clock uncertainty           -0.154    11.077    
                         FDSE (Setup_fdse_C_S)       -0.452    10.625    cnn_system_i/axis_cnn_mnist_0/inst/u_conv2/u_calc/conv_out_reg[55]
  -------------------------------------------------------------------
                         required time                         10.625    
                         arrival time                          -8.183    
  -------------------------------------------------------------------
                         slack                                  2.442    

Slack (MET) :             2.442ns  (required time - arrival time)
  Source:                 cnn_system_i/axis_cnn_mnist_0/inst/u_conv2/u_calc/stg2_total_sum_reg[0][8]/C
                            (rising edge-triggered cell FDRE clocked by clk_fpga_0  {rise@0.000ns fall@5.000ns period=10.000ns})
  Destination:            cnn_system_i/axis_cnn_mnist_0/inst/u_conv2/u_calc/conv_out_reg[56]/S
                            (rising edge-triggered cell FDSE clocked by clk_fpga_0  {rise@0.000ns fall@5.000ns period=10.000ns})
  Path Group:             clk_fpga_0
  Path Type:              Setup (Max at Slow Process Corner)
  Requirement:            10.000ns  (clk_fpga_0 rise@10.000ns - clk_fpga_0 rise@0.000ns)
  Data Path Delay:        6.807ns  (logic 3.499ns (51.403%)  route 3.308ns (48.597%))
  Logic Levels:           11  (CARRY4=10 LUT4=1)
  Clock Path Skew:        -0.145ns (DCD - SCD + CPR)
    Destination Clock Delay (DCD):    1.191ns = ( 11.191 - 10.000 ) 
    Source Clock Delay      (SCD):    1.376ns
    Clock Pessimism Removal (CPR):    0.040ns
  Clock Uncertainty:      0.154ns  ((TSJ^2 + TIJ^2)^1/2 + DJ) / 2 + PE
    Total System Jitter     (TSJ):    0.071ns
    Total Input Jitter      (TIJ):    0.300ns
    Discrete Jitter          (DJ):    0.000ns
    Phase Error              (PE):    0.000ns

    Location             Delay type                Incr(ns)  Path(ns)    Netlist Resource(s)
  -------------------------------------------------------------------    -------------------
                         (clock clk_fpga_0 rise edge)
                                                      0.000     0.000 r  
    PS7_X0Y0             PS7                          0.000     0.000 r  cnn_system_i/processing_system7_0/inst/PS7_i/FCLKCLK[0]
                         net (fo=1, unplaced)         0.646     0.646    cnn_system_i/processing_system7_0/inst/FCLK_CLK_unbuffered[0]
                         BUFG (Prop_bufg_I_O)         0.085     0.731 r  cnn_system_i/processing_system7_0/inst/buffer_fclk_clk_0.FCLK_CLK_0_BUFG/O
                         net (fo=11562, unplaced)     0.646     1.376    cnn_system_i/axis_cnn_mnist_0/inst/u_conv2/u_calc/aclk
                         FDRE                                         r  cnn_system_i/axis_cnn_mnist_0/inst/u_conv2/u_calc/stg2_total_sum_reg[0][8]/C
  -------------------------------------------------------------------    -------------------
                         FDRE (Prop_fdre_C_Q)         0.397     1.773 r  cnn_system_i/axis_cnn_mnist_0/inst/u_conv2/u_calc/stg2_total_sum_reg[0][8]/Q
                         net (fo=1, unplaced)         0.818     2.591    cnn_system_i/axis_cnn_mnist_0/inst/u_conv2/u_calc/stg2_total_sum_reg[0]_7[8]
                         CARRY4 (Prop_carry4_S[3]_CO[3])
                                                      0.546     3.137 r  cnn_system_i/axis_cnn_mnist_0/inst/u_conv2/u_calc/conv_out_reg[49]_i_2/CO[3]
                         net (fo=1, unplaced)         0.008     3.145    cnn_system_i/axis_cnn_mnist_0/inst/u_conv2/u_calc/conv_out_reg[49]_i_2_n_0
                         CARRY4 (Prop_carry4_CI_O[2])
                                                      0.214     3.359 r  cnn_system_i/axis_cnn_mnist_0/inst/u_conv2/u_calc/conv_out_reg[56]_i_3/O[2]
                         net (fo=2, unplaced)         0.657     4.016    cnn_system_i/axis_cnn_mnist_0/inst/u_conv2/u_calc/conv_out_reg[56]_i_3_n_5
                         CARRY4 (Prop_carry4_S[3]_CO[3])
                                                      0.558     4.574 r  cnn_system_i/axis_cnn_mnist_0/inst/u_conv2/u_calc/conv_out_reg[52]_i_2/CO[3]
                         net (fo=1, unplaced)         0.008     4.582    cnn_system_i/axis_cnn_mnist_0/inst/u_conv2/u_calc/conv_out_reg[52]_i_2_n_0
                         CARRY4 (Prop_carry4_CI_CO[3])
                                                      0.100     4.682 r  cnn_system_i/axis_cnn_mnist_0/inst/u_conv2/u_calc/conv_out_reg[56]_i_2/CO[3]
                         net (fo=1, unplaced)         0.000     4.682    cnn_system_i/axis_cnn_mnist_0/inst/u_conv2/u_calc/conv_out_reg[56]_i_2_n_0
                         CARRY4 (Prop_carry4_CI_CO[3])
                                                      0.100     4.782 r  cnn_system_i/axis_cnn_mnist_0/inst/u_conv2/u_calc/conv_out_reg[59]_i_2/CO[3]
                         net (fo=1, unplaced)         0.000     4.782    cnn_system_i/axis_cnn_mnist_0/inst/u_conv2/u_calc/conv_out_reg[59]_i_2_n_0
                         CARRY4 (Prop_carry4_CI_CO[3])
                                                      0.100     4.882 r  cnn_system_i/axis_cnn_mnist_0/inst/u_conv2/u_calc/conv_out_reg[59]_i_45/CO[3]
                         net (fo=1, unplaced)         0.000     4.882    cnn_system_i/axis_cnn_mnist_0/inst/u_conv2/u_calc/conv_out_reg[59]_i_45_n_0
                         CARRY4 (Prop_carry4_CI_CO[3])
                                                      0.100     4.982 r  cnn_system_i/axis_cnn_mnist_0/inst/u_conv2/u_calc/conv_out_reg[59]_i_29/CO[3]
                         net (fo=1, unplaced)         0.000     4.982    cnn_system_i/axis_cnn_mnist_0/inst/u_conv2/u_calc/conv_out_reg[59]_i_29_n_0
                         CARRY4 (Prop_carry4_CI_CO[0])
                                                      0.238     5.220 r  cnn_system_i/axis_cnn_mnist_0/inst/u_conv2/u_calc/conv_out_reg[59]_i_14/CO[0]
                         net (fo=14, unplaced)        0.869     6.089    cnn_system_i/axis_cnn_mnist_0/inst/u_conv2/u_calc/conv_out_reg[59]_i_14_n_3
                         CARRY4 (Prop_carry4_S[3]_CO[3])
                                                      0.611     6.700 r  cnn_system_i/axis_cnn_mnist_0/inst/u_conv2/u_calc/conv_out_reg[59]_i_13/CO[3]
                         net (fo=1, unplaced)         0.000     6.700    cnn_system_i/axis_cnn_mnist_0/inst/u_conv2/u_calc/conv_out_reg[59]_i_13_n_0
                         CARRY4 (Prop_carry4_CI_CO[0])
                                                      0.238     6.938 r  cnn_system_i/axis_cnn_mnist_0/inst/u_conv2/u_calc/conv_out_reg[59]_i_4/CO[0]
                         net (fo=3, unplaced)         0.258     7.196    cnn_system_i/axis_cnn_mnist_0/inst/u_conv2/u_calc/final_pixel_wire[0]1
                         LUT4 (Prop_lut4_I0_O)        0.297     7.493 r  cnn_system_i/axis_cnn_mnist_0/inst/u_conv2/u_calc/conv_out[58]_i_1/O
                         net (fo=11, unplaced)        0.690     8.183    cnn_system_i/axis_cnn_mnist_0/inst/u_conv2/u_calc/conv_out[58]_i_1_n_0
                         FDSE                                         r  cnn_system_i/axis_cnn_mnist_0/inst/u_conv2/u_calc/conv_out_reg[56]/S
  -------------------------------------------------------------------    -------------------

                         (clock clk_fpga_0 rise edge)
                                                     10.000    10.000 r  
    PS7_X0Y0             PS7                          0.000    10.000 r  cnn_system_i/processing_system7_0/inst/PS7_i/FCLKCLK[0]
                         net (fo=1, unplaced)         0.613    10.613    cnn_system_i/processing_system7_0/inst/FCLK_CLK_unbuffered[0]
                         BUFG (Prop_bufg_I_O)         0.077    10.690 r  cnn_system_i/processing_system7_0/inst/buffer_fclk_clk_0.FCLK_CLK_0_BUFG/O
                         net (fo=11562, unplaced)     0.501    11.191    cnn_system_i/axis_cnn_mnist_0/inst/u_conv2/u_calc/aclk
                         FDSE                                         r  cnn_system_i/axis_cnn_mnist_0/inst/u_conv2/u_calc/conv_out_reg[56]/C
                         clock pessimism              0.040    11.231    
                         clock uncertainty           -0.154    11.077    
                         FDSE (Setup_fdse_C_S)       -0.452    10.625    cnn_system_i/axis_cnn_mnist_0/inst/u_conv2/u_calc/conv_out_reg[56]
  -------------------------------------------------------------------
                         required time                         10.625    
                         arrival time                          -8.183    
  -------------------------------------------------------------------
                         slack                                  2.442    

Slack (MET) :             2.442ns  (required time - arrival time)
  Source:                 cnn_system_i/axis_cnn_mnist_0/inst/u_conv2/u_calc/stg2_total_sum_reg[0][8]/C
                            (rising edge-triggered cell FDRE clocked by clk_fpga_0  {rise@0.000ns fall@5.000ns period=10.000ns})
  Destination:            cnn_system_i/axis_cnn_mnist_0/inst/u_conv2/u_calc/conv_out_reg[57]/S
                            (rising edge-triggered cell FDSE clocked by clk_fpga_0  {rise@0.000ns fall@5.000ns period=10.000ns})
  Path Group:             clk_fpga_0
  Path Type:              Setup (Max at Slow Process Corner)
  Requirement:            10.000ns  (clk_fpga_0 rise@10.000ns - clk_fpga_0 rise@0.000ns)
  Data Path Delay:        6.807ns  (logic 3.499ns (51.403%)  route 3.308ns (48.597%))
  Logic Levels:           11  (CARRY4=10 LUT4=1)
  Clock Path Skew:        -0.145ns (DCD - SCD + CPR)
    Destination Clock Delay (DCD):    1.191ns = ( 11.191 - 10.000 ) 
    Source Clock Delay      (SCD):    1.376ns
    Clock Pessimism Removal (CPR):    0.040ns
  Clock Uncertainty:      0.154ns  ((TSJ^2 + TIJ^2)^1/2 + DJ) / 2 + PE
    Total System Jitter     (TSJ):    0.071ns
    Total Input Jitter      (TIJ):    0.300ns
    Discrete Jitter          (DJ):    0.000ns
    Phase Error              (PE):    0.000ns

    Location             Delay type                Incr(ns)  Path(ns)    Netlist Resource(s)
  -------------------------------------------------------------------    -------------------
                         (clock clk_fpga_0 rise edge)
                                                      0.000     0.000 r  
    PS7_X0Y0             PS7                          0.000     0.000 r  cnn_system_i/processing_system7_0/inst/PS7_i/FCLKCLK[0]
                         net (fo=1, unplaced)         0.646     0.646    cnn_system_i/processing_system7_0/inst/FCLK_CLK_unbuffered[0]
                         BUFG (Prop_bufg_I_O)         0.085     0.731 r  cnn_system_i/processing_system7_0/inst/buffer_fclk_clk_0.FCLK_CLK_0_BUFG/O
                         net (fo=11562, unplaced)     0.646     1.376    cnn_system_i/axis_cnn_mnist_0/inst/u_conv2/u_calc/aclk
                         FDRE                                         r  cnn_system_i/axis_cnn_mnist_0/inst/u_conv2/u_calc/stg2_total_sum_reg[0][8]/C
  -------------------------------------------------------------------    -------------------
                         FDRE (Prop_fdre_C_Q)         0.397     1.773 r  cnn_system_i/axis_cnn_mnist_0/inst/u_conv2/u_calc/stg2_total_sum_reg[0][8]/Q
                         net (fo=1, unplaced)         0.818     2.591    cnn_system_i/axis_cnn_mnist_0/inst/u_conv2/u_calc/stg2_total_sum_reg[0]_7[8]
                         CARRY4 (Prop_carry4_S[3]_CO[3])
                                                      0.546     3.137 r  cnn_system_i/axis_cnn_mnist_0/inst/u_conv2/u_calc/conv_out_reg[49]_i_2/CO[3]
                         net (fo=1, unplaced)         0.008     3.145    cnn_system_i/axis_cnn_mnist_0/inst/u_conv2/u_calc/conv_out_reg[49]_i_2_n_0
                         CARRY4 (Prop_carry4_CI_O[2])
                                                      0.214     3.359 r  cnn_system_i/axis_cnn_mnist_0/inst/u_conv2/u_calc/conv_out_reg[56]_i_3/O[2]
                         net (fo=2, unplaced)         0.657     4.016    cnn_system_i/axis_cnn_mnist_0/inst/u_conv2/u_calc/conv_out_reg[56]_i_3_n_5
                         CARRY4 (Prop_carry4_S[3]_CO[3])
                                                      0.558     4.574 r  cnn_system_i/axis_cnn_mnist_0/inst/u_conv2/u_calc/conv_out_reg[52]_i_2/CO[3]
                         net (fo=1, unplaced)         0.008     4.582    cnn_system_i/axis_cnn_mnist_0/inst/u_conv2/u_calc/conv_out_reg[52]_i_2_n_0
                         CARRY4 (Prop_carry4_CI_CO[3])
                                                      0.100     4.682 r  cnn_system_i/axis_cnn_mnist_0/inst/u_conv2/u_calc/conv_out_reg[56]_i_2/CO[3]
                         net (fo=1, unplaced)         0.000     4.682    cnn_system_i/axis_cnn_mnist_0/inst/u_conv2/u_calc/conv_out_reg[56]_i_2_n_0
                         CARRY4 (Prop_carry4_CI_CO[3])
                                                      0.100     4.782 r  cnn_system_i/axis_cnn_mnist_0/inst/u_conv2/u_calc/conv_out_reg[59]_i_2/CO[3]
                         net (fo=1, unplaced)         0.000     4.782    cnn_system_i/axis_cnn_mnist_0/inst/u_conv2/u_calc/conv_out_reg[59]_i_2_n_0
                         CARRY4 (Prop_carry4_CI_CO[3])
                                                      0.100     4.882 r  cnn_system_i/axis_cnn_mnist_0/inst/u_conv2/u_calc/conv_out_reg[59]_i_45/CO[3]
                         net (fo=1, unplaced)         0.000     4.882    cnn_system_i/axis_cnn_mnist_0/inst/u_conv2/u_calc/conv_out_reg[59]_i_45_n_0
                         CARRY4 (Prop_carry4_CI_CO[3])
                                                      0.100     4.982 r  cnn_system_i/axis_cnn_mnist_0/inst/u_conv2/u_calc/conv_out_reg[59]_i_29/CO[3]
                         net (fo=1, unplaced)         0.000     4.982    cnn_system_i/axis_cnn_mnist_0/inst/u_conv2/u_calc/conv_out_reg[59]_i_29_n_0
                         CARRY4 (Prop_carry4_CI_CO[0])
                                                      0.238     5.220 r  cnn_system_i/axis_cnn_mnist_0/inst/u_conv2/u_calc/conv_out_reg[59]_i_14/CO[0]
                         net (fo=14, unplaced)        0.869     6.089    cnn_system_i/axis_cnn_mnist_0/inst/u_conv2/u_calc/conv_out_reg[59]_i_14_n_3
                         CARRY4 (Prop_carry4_S[3]_CO[3])
                                                      0.611     6.700 r  cnn_system_i/axis_cnn_mnist_0/inst/u_conv2/u_calc/conv_out_reg[59]_i_13/CO[3]
                         net (fo=1, unplaced)         0.000     6.700    cnn_system_i/axis_cnn_mnist_0/inst/u_conv2/u_calc/conv_out_reg[59]_i_13_n_0
                         CARRY4 (Prop_carry4_CI_CO[0])
                                                      0.238     6.938 r  cnn_system_i/axis_cnn_mnist_0/inst/u_conv2/u_calc/conv_out_reg[59]_i_4/CO[0]
                         net (fo=3, unplaced)         0.258     7.196    cnn_system_i/axis_cnn_mnist_0/inst/u_conv2/u_calc/final_pixel_wire[0]1
                         LUT4 (Prop_lut4_I0_O)        0.297     7.493 r  cnn_system_i/axis_cnn_mnist_0/inst/u_conv2/u_calc/conv_out[58]_i_1/O
                         net (fo=11, unplaced)        0.690     8.183    cnn_system_i/axis_cnn_mnist_0/inst/u_conv2/u_calc/conv_out[58]_i_1_n_0
                         FDSE                                         r  cnn_system_i/axis_cnn_mnist_0/inst/u_conv2/u_calc/conv_out_reg[57]/S
  -------------------------------------------------------------------    -------------------

                         (clock clk_fpga_0 rise edge)
                                                     10.000    10.000 r  
    PS7_X0Y0             PS7                          0.000    10.000 r  cnn_system_i/processing_system7_0/inst/PS7_i/FCLKCLK[0]
                         net (fo=1, unplaced)         0.613    10.613    cnn_system_i/processing_system7_0/inst/FCLK_CLK_unbuffered[0]
                         BUFG (Prop_bufg_I_O)         0.077    10.690 r  cnn_system_i/processing_system7_0/inst/buffer_fclk_clk_0.FCLK_CLK_0_BUFG/O
                         net (fo=11562, unplaced)     0.501    11.191    cnn_system_i/axis_cnn_mnist_0/inst/u_conv2/u_calc/aclk
                         FDSE                                         r  cnn_system_i/axis_cnn_mnist_0/inst/u_conv2/u_calc/conv_out_reg[57]/C
                         clock pessimism              0.040    11.231    
                         clock uncertainty           -0.154    11.077    
                         FDSE (Setup_fdse_C_S)       -0.452    10.625    cnn_system_i/axis_cnn_mnist_0/inst/u_conv2/u_calc/conv_out_reg[57]
  -------------------------------------------------------------------
                         required time                         10.625    
                         arrival time                          -8.183    
  -------------------------------------------------------------------
                         slack                                  2.442    

Slack (MET) :             2.442ns  (required time - arrival time)
  Source:                 cnn_system_i/axis_cnn_mnist_0/inst/u_conv2/u_calc/stg2_total_sum_reg[0][8]/C
                            (rising edge-triggered cell FDRE clocked by clk_fpga_0  {rise@0.000ns fall@5.000ns period=10.000ns})
  Destination:            cnn_system_i/axis_cnn_mnist_0/inst/u_conv2/u_calc/conv_out_reg[58]/S
                            (rising edge-triggered cell FDSE clocked by clk_fpga_0  {rise@0.000ns fall@5.000ns period=10.000ns})
  Path Group:             clk_fpga_0
  Path Type:              Setup (Max at Slow Process Corner)
  Requirement:            10.000ns  (clk_fpga_0 rise@10.000ns - clk_fpga_0 rise@0.000ns)
  Data Path Delay:        6.807ns  (logic 3.499ns (51.403%)  route 3.308ns (48.597%))
  Logic Levels:           11  (CARRY4=10 LUT4=1)
  Clock Path Skew:        -0.145ns (DCD - SCD + CPR)
    Destination Clock Delay (DCD):    1.191ns = ( 11.191 - 10.000 ) 
    Source Clock Delay      (SCD):    1.376ns
    Clock Pessimism Removal (CPR):    0.040ns
  Clock Uncertainty:      0.154ns  ((TSJ^2 + TIJ^2)^1/2 + DJ) / 2 + PE
    Total System Jitter     (TSJ):    0.071ns
    Total Input Jitter      (TIJ):    0.300ns
    Discrete Jitter          (DJ):    0.000ns
    Phase Error              (PE):    0.000ns

    Location             Delay type                Incr(ns)  Path(ns)    Netlist Resource(s)
  -------------------------------------------------------------------    -------------------
                         (clock clk_fpga_0 rise edge)
                                                      0.000     0.000 r  
    PS7_X0Y0             PS7                          0.000     0.000 r  cnn_system_i/processing_system7_0/inst/PS7_i/FCLKCLK[0]
                         net (fo=1, unplaced)         0.646     0.646    cnn_system_i/processing_system7_0/inst/FCLK_CLK_unbuffered[0]
                         BUFG (Prop_bufg_I_O)         0.085     0.731 r  cnn_system_i/processing_system7_0/inst/buffer_fclk_clk_0.FCLK_CLK_0_BUFG/O
                         net (fo=11562, unplaced)     0.646     1.376    cnn_system_i/axis_cnn_mnist_0/inst/u_conv2/u_calc/aclk
                         FDRE                                         r  cnn_system_i/axis_cnn_mnist_0/inst/u_conv2/u_calc/stg2_total_sum_reg[0][8]/C
  -------------------------------------------------------------------    -------------------
                         FDRE (Prop_fdre_C_Q)         0.397     1.773 r  cnn_system_i/axis_cnn_mnist_0/inst/u_conv2/u_calc/stg2_total_sum_reg[0][8]/Q
                         net (fo=1, unplaced)         0.818     2.591    cnn_system_i/axis_cnn_mnist_0/inst/u_conv2/u_calc/stg2_total_sum_reg[0]_7[8]
                         CARRY4 (Prop_carry4_S[3]_CO[3])
                                                      0.546     3.137 r  cnn_system_i/axis_cnn_mnist_0/inst/u_conv2/u_calc/conv_out_reg[49]_i_2/CO[3]
                         net (fo=1, unplaced)         0.008     3.145    cnn_system_i/axis_cnn_mnist_0/inst/u_conv2/u_calc/conv_out_reg[49]_i_2_n_0
                         CARRY4 (Prop_carry4_CI_O[2])
                                                      0.214     3.359 r  cnn_system_i/axis_cnn_mnist_0/inst/u_conv2/u_calc/conv_out_reg[56]_i_3/O[2]
                         net (fo=2, unplaced)         0.657     4.016    cnn_system_i/axis_cnn_mnist_0/inst/u_conv2/u_calc/conv_out_reg[56]_i_3_n_5
                         CARRY4 (Prop_carry4_S[3]_CO[3])
                                                      0.558     4.574 r  cnn_system_i/axis_cnn_mnist_0/inst/u_conv2/u_calc/conv_out_reg[52]_i_2/CO[3]
                         net (fo=1, unplaced)         0.008     4.582    cnn_system_i/axis_cnn_mnist_0/inst/u_conv2/u_calc/conv_out_reg[52]_i_2_n_0
                         CARRY4 (Prop_carry4_CI_CO[3])
                                                      0.100     4.682 r  cnn_system_i/axis_cnn_mnist_0/inst/u_conv2/u_calc/conv_out_reg[56]_i_2/CO[3]
                         net (fo=1, unplaced)         0.000     4.682    cnn_system_i/axis_cnn_mnist_0/inst/u_conv2/u_calc/conv_out_reg[56]_i_2_n_0
                         CARRY4 (Prop_carry4_CI_CO[3])
                                                      0.100     4.782 r  cnn_system_i/axis_cnn_mnist_0/inst/u_conv2/u_calc/conv_out_reg[59]_i_2/CO[3]
                         net (fo=1, unplaced)         0.000     4.782    cnn_system_i/axis_cnn_mnist_0/inst/u_conv2/u_calc/conv_out_reg[59]_i_2_n_0
                         CARRY4 (Prop_carry4_CI_CO[3])
                                                      0.100     4.882 r  cnn_system_i/axis_cnn_mnist_0/inst/u_conv2/u_calc/conv_out_reg[59]_i_45/CO[3]
                         net (fo=1, unplaced)         0.000     4.882    cnn_system_i/axis_cnn_mnist_0/inst/u_conv2/u_calc/conv_out_reg[59]_i_45_n_0
                         CARRY4 (Prop_carry4_CI_CO[3])
                                                      0.100     4.982 r  cnn_system_i/axis_cnn_mnist_0/inst/u_conv2/u_calc/conv_out_reg[59]_i_29/CO[3]
                         net (fo=1, unplaced)         0.000     4.982    cnn_system_i/axis_cnn_mnist_0/inst/u_conv2/u_calc/conv_out_reg[59]_i_29_n_0
                         CARRY4 (Prop_carry4_CI_CO[0])
                                                      0.238     5.220 r  cnn_system_i/axis_cnn_mnist_0/inst/u_conv2/u_calc/conv_out_reg[59]_i_14/CO[0]
                         net (fo=14, unplaced)        0.869     6.089    cnn_system_i/axis_cnn_mnist_0/inst/u_conv2/u_calc/conv_out_reg[59]_i_14_n_3
                         CARRY4 (Prop_carry4_S[3]_CO[3])
                                                      0.611     6.700 r  cnn_system_i/axis_cnn_mnist_0/inst/u_conv2/u_calc/conv_out_reg[59]_i_13/CO[3]
                         net (fo=1, unplaced)         0.000     6.700    cnn_system_i/axis_cnn_mnist_0/inst/u_conv2/u_calc/conv_out_reg[59]_i_13_n_0
                         CARRY4 (Prop_carry4_CI_CO[0])
                                                      0.238     6.938 r  cnn_system_i/axis_cnn_mnist_0/inst/u_conv2/u_calc/conv_out_reg[59]_i_4/CO[0]
                         net (fo=3, unplaced)         0.258     7.196    cnn_system_i/axis_cnn_mnist_0/inst/u_conv2/u_calc/final_pixel_wire[0]1
                         LUT4 (Prop_lut4_I0_O)        0.297     7.493 r  cnn_system_i/axis_cnn_mnist_0/inst/u_conv2/u_calc/conv_out[58]_i_1/O
                         net (fo=11, unplaced)        0.690     8.183    cnn_system_i/axis_cnn_mnist_0/inst/u_conv2/u_calc/conv_out[58]_i_1_n_0
                         FDSE                                         r  cnn_system_i/axis_cnn_mnist_0/inst/u_conv2/u_calc/conv_out_reg[58]/S
  -------------------------------------------------------------------    -------------------

                         (clock clk_fpga_0 rise edge)
                                                     10.000    10.000 r  
    PS7_X0Y0             PS7                          0.000    10.000 r  cnn_system_i/processing_system7_0/inst/PS7_i/FCLKCLK[0]
                         net (fo=1, unplaced)         0.613    10.613    cnn_system_i/processing_system7_0/inst/FCLK_CLK_unbuffered[0]
                         BUFG (Prop_bufg_I_O)         0.077    10.690 r  cnn_system_i/processing_system7_0/inst/buffer_fclk_clk_0.FCLK_CLK_0_BUFG/O
                         net (fo=11562, unplaced)     0.501    11.191    cnn_system_i/axis_cnn_mnist_0/inst/u_conv2/u_calc/aclk
                         FDSE                                         r  cnn_system_i/axis_cnn_mnist_0/inst/u_conv2/u_calc/conv_out_reg[58]/C
                         clock pessimism              0.040    11.231    
                         clock uncertainty           -0.154    11.077    
                         FDSE (Setup_fdse_C_S)       -0.452    10.625    cnn_system_i/axis_cnn_mnist_0/inst/u_conv2/u_calc/conv_out_reg[58]
  -------------------------------------------------------------------
                         required time                         10.625    
                         arrival time                          -8.183    
  -------------------------------------------------------------------
                         slack                                  2.442    

Slack (MET) :             2.442ns  (required time - arrival time)
  Source:                 cnn_system_i/axis_cnn_mnist_0/inst/u_conv2/u_calc/stg2_total_sum_reg[0][8]/C
                            (rising edge-triggered cell FDRE clocked by clk_fpga_0  {rise@0.000ns fall@5.000ns period=10.000ns})
  Destination:            cnn_system_i/axis_cnn_mnist_0/inst/u_conv2/u_calc/conv_out_reg[5]/S
                            (rising edge-triggered cell FDSE clocked by clk_fpga_0  {rise@0.000ns fall@5.000ns period=10.000ns})
  Path Group:             clk_fpga_0
  Path Type:              Setup (Max at Slow Process Corner)
  Requirement:            10.000ns  (clk_fpga_0 rise@10.000ns - clk_fpga_0 rise@0.000ns)
  Data Path Delay:        6.807ns  (logic 3.499ns (51.403%)  route 3.308ns (48.597%))
  Logic Levels:           11  (CARRY4=10 LUT4=1)
  Clock Path Skew:        -0.145ns (DCD - SCD + CPR)
    Destination Clock Delay (DCD):    1.191ns = ( 11.191 - 10.000 ) 
    Source Clock Delay      (SCD):    1.376ns
    Clock Pessimism Removal (CPR):    0.040ns
  Clock Uncertainty:      0.154ns  ((TSJ^2 + TIJ^2)^1/2 + DJ) / 2 + PE
    Total System Jitter     (TSJ):    0.071ns
    Total Input Jitter      (TIJ):    0.300ns
    Discrete Jitter          (DJ):    0.000ns
    Phase Error              (PE):    0.000ns

    Location             Delay type                Incr(ns)  Path(ns)    Netlist Resource(s)
  -------------------------------------------------------------------    -------------------
                         (clock clk_fpga_0 rise edge)
                                                      0.000     0.000 r  
    PS7_X0Y0             PS7                          0.000     0.000 r  cnn_system_i/processing_system7_0/inst/PS7_i/FCLKCLK[0]
                         net (fo=1, unplaced)         0.646     0.646    cnn_system_i/processing_system7_0/inst/FCLK_CLK_unbuffered[0]
                         BUFG (Prop_bufg_I_O)         0.085     0.731 r  cnn_system_i/processing_system7_0/inst/buffer_fclk_clk_0.FCLK_CLK_0_BUFG/O
                         net (fo=11562, unplaced)     0.646     1.376    cnn_system_i/axis_cnn_mnist_0/inst/u_conv2/u_calc/aclk
                         FDRE                                         r  cnn_system_i/axis_cnn_mnist_0/inst/u_conv2/u_calc/stg2_total_sum_reg[0][8]/C
  -------------------------------------------------------------------    -------------------
                         FDRE (Prop_fdre_C_Q)         0.397     1.773 r  cnn_system_i/axis_cnn_mnist_0/inst/u_conv2/u_calc/stg2_total_sum_reg[0][8]/Q
                         net (fo=1, unplaced)         0.818     2.591    cnn_system_i/axis_cnn_mnist_0/inst/u_conv2/u_calc/stg2_total_sum_reg[0]_7[8]
                         CARRY4 (Prop_carry4_S[3]_CO[3])
                                                      0.546     3.137 r  cnn_system_i/axis_cnn_mnist_0/inst/u_conv2/u_calc/conv_out_reg[49]_i_2/CO[3]
                         net (fo=1, unplaced)         0.008     3.145    cnn_system_i/axis_cnn_mnist_0/inst/u_conv2/u_calc/conv_out_reg[49]_i_2_n_0
                         CARRY4 (Prop_carry4_CI_O[2])
                                                      0.214     3.359 r  cnn_system_i/axis_cnn_mnist_0/inst/u_conv2/u_calc/conv_out_reg[56]_i_3/O[2]
                         net (fo=2, unplaced)         0.657     4.016    cnn_system_i/axis_cnn_mnist_0/inst/u_conv2/u_calc/conv_out_reg[56]_i_3_n_5
                         CARRY4 (Prop_carry4_S[3]_CO[3])
                                                      0.558     4.574 r  cnn_system_i/axis_cnn_mnist_0/inst/u_conv2/u_calc/conv_out_reg[52]_i_2/CO[3]
                         net (fo=1, unplaced)         0.008     4.582    cnn_system_i/axis_cnn_mnist_0/inst/u_conv2/u_calc/conv_out_reg[52]_i_2_n_0
                         CARRY4 (Prop_carry4_CI_CO[3])
                                                      0.100     4.682 r  cnn_system_i/axis_cnn_mnist_0/inst/u_conv2/u_calc/conv_out_reg[56]_i_2/CO[3]
                         net (fo=1, unplaced)         0.000     4.682    cnn_system_i/axis_cnn_mnist_0/inst/u_conv2/u_calc/conv_out_reg[56]_i_2_n_0
                         CARRY4 (Prop_carry4_CI_CO[3])
                                                      0.100     4.782 r  cnn_system_i/axis_cnn_mnist_0/inst/u_conv2/u_calc/conv_out_reg[59]_i_2/CO[3]
                         net (fo=1, unplaced)         0.000     4.782    cnn_system_i/axis_cnn_mnist_0/inst/u_conv2/u_calc/conv_out_reg[59]_i_2_n_0
                         CARRY4 (Prop_carry4_CI_CO[3])
                                                      0.100     4.882 r  cnn_system_i/axis_cnn_mnist_0/inst/u_conv2/u_calc/conv_out_reg[59]_i_45/CO[3]
                         net (fo=1, unplaced)         0.000     4.882    cnn_system_i/axis_cnn_mnist_0/inst/u_conv2/u_calc/conv_out_reg[59]_i_45_n_0
                         CARRY4 (Prop_carry4_CI_CO[3])
                                                      0.100     4.982 r  cnn_system_i/axis_cnn_mnist_0/inst/u_conv2/u_calc/conv_out_reg[59]_i_29/CO[3]
                         net (fo=1, unplaced)         0.000     4.982    cnn_system_i/axis_cnn_mnist_0/inst/u_conv2/u_calc/conv_out_reg[59]_i_29_n_0
                         CARRY4 (Prop_carry4_CI_CO[0])
                                                      0.238     5.220 r  cnn_system_i/axis_cnn_mnist_0/inst/u_conv2/u_calc/conv_out_reg[59]_i_14/CO[0]
                         net (fo=14, unplaced)        0.869     6.089    cnn_system_i/axis_cnn_mnist_0/inst/u_conv2/u_calc/conv_out_reg[59]_i_14_n_3
                         CARRY4 (Prop_carry4_S[3]_CO[3])
                                                      0.611     6.700 r  cnn_system_i/axis_cnn_mnist_0/inst/u_conv2/u_calc/conv_out_reg[59]_i_13/CO[3]
                         net (fo=1, unplaced)         0.000     6.700    cnn_system_i/axis_cnn_mnist_0/inst/u_conv2/u_calc/conv_out_reg[59]_i_13_n_0
                         CARRY4 (Prop_carry4_CI_CO[0])
                                                      0.238     6.938 r  cnn_system_i/axis_cnn_mnist_0/inst/u_conv2/u_calc/conv_out_reg[59]_i_4/CO[0]
                         net (fo=3, unplaced)         0.258     7.196    cnn_system_i/axis_cnn_mnist_0/inst/u_conv2/u_calc/final_pixel_wire[0]1
                         LUT4 (Prop_lut4_I0_O)        0.297     7.493 r  cnn_system_i/axis_cnn_mnist_0/inst/u_conv2/u_calc/conv_out[10]_i_1/O
                         net (fo=11, unplaced)        0.690     8.183    cnn_system_i/axis_cnn_mnist_0/inst/u_conv2/u_calc/conv_out[10]_i_1_n_0
                         FDSE                                         r  cnn_system_i/axis_cnn_mnist_0/inst/u_conv2/u_calc/conv_out_reg[5]/S
  -------------------------------------------------------------------    -------------------

                         (clock clk_fpga_0 rise edge)
                                                     10.000    10.000 r  
    PS7_X0Y0             PS7                          0.000    10.000 r  cnn_system_i/processing_system7_0/inst/PS7_i/FCLKCLK[0]
                         net (fo=1, unplaced)         0.613    10.613    cnn_system_i/processing_system7_0/inst/FCLK_CLK_unbuffered[0]
                         BUFG (Prop_bufg_I_O)         0.077    10.690 r  cnn_system_i/processing_system7_0/inst/buffer_fclk_clk_0.FCLK_CLK_0_BUFG/O
                         net (fo=11562, unplaced)     0.501    11.191    cnn_system_i/axis_cnn_mnist_0/inst/u_conv2/u_calc/aclk
                         FDSE                                         r  cnn_system_i/axis_cnn_mnist_0/inst/u_conv2/u_calc/conv_out_reg[5]/C
                         clock pessimism              0.040    11.231    
                         clock uncertainty           -0.154    11.077    
                         FDSE (Setup_fdse_C_S)       -0.452    10.625    cnn_system_i/axis_cnn_mnist_0/inst/u_conv2/u_calc/conv_out_reg[5]
  -------------------------------------------------------------------
                         required time                         10.625    
                         arrival time                          -8.183    
  -------------------------------------------------------------------
                         slack                                  2.442    

Slack (MET) :             2.442ns  (required time - arrival time)
  Source:                 cnn_system_i/axis_cnn_mnist_0/inst/u_conv2/u_calc/stg2_total_sum_reg[0][8]/C
                            (rising edge-triggered cell FDRE clocked by clk_fpga_0  {rise@0.000ns fall@5.000ns period=10.000ns})
  Destination:            cnn_system_i/axis_cnn_mnist_0/inst/u_conv2/u_calc/conv_out_reg[6]/S
                            (rising edge-triggered cell FDSE clocked by clk_fpga_0  {rise@0.000ns fall@5.000ns period=10.000ns})
  Path Group:             clk_fpga_0
  Path Type:              Setup (Max at Slow Process Corner)
  Requirement:            10.000ns  (clk_fpga_0 rise@10.000ns - clk_fpga_0 rise@0.000ns)
  Data Path Delay:        6.807ns  (logic 3.499ns (51.403%)  route 3.308ns (48.597%))
  Logic Levels:           11  (CARRY4=10 LUT4=1)
  Clock Path Skew:        -0.145ns (DCD - SCD + CPR)
    Destination Clock Delay (DCD):    1.191ns = ( 11.191 - 10.000 ) 
    Source Clock Delay      (SCD):    1.376ns
    Clock Pessimism Removal (CPR):    0.040ns
  Clock Uncertainty:      0.154ns  ((TSJ^2 + TIJ^2)^1/2 + DJ) / 2 + PE
    Total System Jitter     (TSJ):    0.071ns
    Total Input Jitter      (TIJ):    0.300ns
    Discrete Jitter          (DJ):    0.000ns
    Phase Error              (PE):    0.000ns

    Location             Delay type                Incr(ns)  Path(ns)    Netlist Resource(s)
  -------------------------------------------------------------------    -------------------
                         (clock clk_fpga_0 rise edge)
                                                      0.000     0.000 r  
    PS7_X0Y0             PS7                          0.000     0.000 r  cnn_system_i/processing_system7_0/inst/PS7_i/FCLKCLK[0]
                         net (fo=1, unplaced)         0.646     0.646    cnn_system_i/processing_system7_0/inst/FCLK_CLK_unbuffered[0]
                         BUFG (Prop_bufg_I_O)         0.085     0.731 r  cnn_system_i/processing_system7_0/inst/buffer_fclk_clk_0.FCLK_CLK_0_BUFG/O
                         net (fo=11562, unplaced)     0.646     1.376    cnn_system_i/axis_cnn_mnist_0/inst/u_conv2/u_calc/aclk
                         FDRE                                         r  cnn_system_i/axis_cnn_mnist_0/inst/u_conv2/u_calc/stg2_total_sum_reg[0][8]/C
  -------------------------------------------------------------------    -------------------
                         FDRE (Prop_fdre_C_Q)         0.397     1.773 r  cnn_system_i/axis_cnn_mnist_0/inst/u_conv2/u_calc/stg2_total_sum_reg[0][8]/Q
                         net (fo=1, unplaced)         0.818     2.591    cnn_system_i/axis_cnn_mnist_0/inst/u_conv2/u_calc/stg2_total_sum_reg[0]_7[8]
                         CARRY4 (Prop_carry4_S[3]_CO[3])
                                                      0.546     3.137 r  cnn_system_i/axis_cnn_mnist_0/inst/u_conv2/u_calc/conv_out_reg[49]_i_2/CO[3]
                         net (fo=1, unplaced)         0.008     3.145    cnn_system_i/axis_cnn_mnist_0/inst/u_conv2/u_calc/conv_out_reg[49]_i_2_n_0
                         CARRY4 (Prop_carry4_CI_O[2])
                                                      0.214     3.359 r  cnn_system_i/axis_cnn_mnist_0/inst/u_conv2/u_calc/conv_out_reg[56]_i_3/O[2]
                         net (fo=2, unplaced)         0.657     4.016    cnn_system_i/axis_cnn_mnist_0/inst/u_conv2/u_calc/conv_out_reg[56]_i_3_n_5
                         CARRY4 (Prop_carry4_S[3]_CO[3])
                                                      0.558     4.574 r  cnn_system_i/axis_cnn_mnist_0/inst/u_conv2/u_calc/conv_out_reg[52]_i_2/CO[3]
                         net (fo=1, unplaced)         0.008     4.582    cnn_system_i/axis_cnn_mnist_0/inst/u_conv2/u_calc/conv_out_reg[52]_i_2_n_0
                         CARRY4 (Prop_carry4_CI_CO[3])
                                                      0.100     4.682 r  cnn_system_i/axis_cnn_mnist_0/inst/u_conv2/u_calc/conv_out_reg[56]_i_2/CO[3]
                         net (fo=1, unplaced)         0.000     4.682    cnn_system_i/axis_cnn_mnist_0/inst/u_conv2/u_calc/conv_out_reg[56]_i_2_n_0
                         CARRY4 (Prop_carry4_CI_CO[3])
                                                      0.100     4.782 r  cnn_system_i/axis_cnn_mnist_0/inst/u_conv2/u_calc/conv_out_reg[59]_i_2/CO[3]
                         net (fo=1, unplaced)         0.000     4.782    cnn_system_i/axis_cnn_mnist_0/inst/u_conv2/u_calc/conv_out_reg[59]_i_2_n_0
                         CARRY4 (Prop_carry4_CI_CO[3])
                                                      0.100     4.882 r  cnn_system_i/axis_cnn_mnist_0/inst/u_conv2/u_calc/conv_out_reg[59]_i_45/CO[3]
                         net (fo=1, unplaced)         0.000     4.882    cnn_system_i/axis_cnn_mnist_0/inst/u_conv2/u_calc/conv_out_reg[59]_i_45_n_0
                         CARRY4 (Prop_carry4_CI_CO[3])
                                                      0.100     4.982 r  cnn_system_i/axis_cnn_mnist_0/inst/u_conv2/u_calc/conv_out_reg[59]_i_29/CO[3]
                         net (fo=1, unplaced)         0.000     4.982    cnn_system_i/axis_cnn_mnist_0/inst/u_conv2/u_calc/conv_out_reg[59]_i_29_n_0
                         CARRY4 (Prop_carry4_CI_CO[0])
                                                      0.238     5.220 r  cnn_system_i/axis_cnn_mnist_0/inst/u_conv2/u_calc/conv_out_reg[59]_i_14/CO[0]
                         net (fo=14, unplaced)        0.869     6.089    cnn_system_i/axis_cnn_mnist_0/inst/u_conv2/u_calc/conv_out_reg[59]_i_14_n_3
                         CARRY4 (Prop_carry4_S[3]_CO[3])
                                                      0.611     6.700 r  cnn_system_i/axis_cnn_mnist_0/inst/u_conv2/u_calc/conv_out_reg[59]_i_13/CO[3]
                         net (fo=1, unplaced)         0.000     6.700    cnn_system_i/axis_cnn_mnist_0/inst/u_conv2/u_calc/conv_out_reg[59]_i_13_n_0
                         CARRY4 (Prop_carry4_CI_CO[0])
                                                      0.238     6.938 r  cnn_system_i/axis_cnn_mnist_0/inst/u_conv2/u_calc/conv_out_reg[59]_i_4/CO[0]
                         net (fo=3, unplaced)         0.258     7.196    cnn_system_i/axis_cnn_mnist_0/inst/u_conv2/u_calc/final_pixel_wire[0]1
                         LUT4 (Prop_lut4_I0_O)        0.297     7.493 r  cnn_system_i/axis_cnn_mnist_0/inst/u_conv2/u_calc/conv_out[10]_i_1/O
                         net (fo=11, unplaced)        0.690     8.183    cnn_system_i/axis_cnn_mnist_0/inst/u_conv2/u_calc/conv_out[10]_i_1_n_0
                         FDSE                                         r  cnn_system_i/axis_cnn_mnist_0/inst/u_conv2/u_calc/conv_out_reg[6]/S
  -------------------------------------------------------------------    -------------------

                         (clock clk_fpga_0 rise edge)
                                                     10.000    10.000 r  
    PS7_X0Y0             PS7                          0.000    10.000 r  cnn_system_i/processing_system7_0/inst/PS7_i/FCLKCLK[0]
                         net (fo=1, unplaced)         0.613    10.613    cnn_system_i/processing_system7_0/inst/FCLK_CLK_unbuffered[0]
                         BUFG (Prop_bufg_I_O)         0.077    10.690 r  cnn_system_i/processing_system7_0/inst/buffer_fclk_clk_0.FCLK_CLK_0_BUFG/O
                         net (fo=11562, unplaced)     0.501    11.191    cnn_system_i/axis_cnn_mnist_0/inst/u_conv2/u_calc/aclk
                         FDSE                                         r  cnn_system_i/axis_cnn_mnist_0/inst/u_conv2/u_calc/conv_out_reg[6]/C
                         clock pessimism              0.040    11.231    
                         clock uncertainty           -0.154    11.077    
                         FDSE (Setup_fdse_C_S)       -0.452    10.625    cnn_system_i/axis_cnn_mnist_0/inst/u_conv2/u_calc/conv_out_reg[6]
  -------------------------------------------------------------------
                         required time                         10.625    
                         arrival time                          -8.183    
  -------------------------------------------------------------------
                         slack                                  2.442    

Slack (MET) :             2.442ns  (required time - arrival time)
  Source:                 cnn_system_i/axis_cnn_mnist_0/inst/u_conv2/u_calc/stg2_total_sum_reg[0][8]/C
                            (rising edge-triggered cell FDRE clocked by clk_fpga_0  {rise@0.000ns fall@5.000ns period=10.000ns})
  Destination:            cnn_system_i/axis_cnn_mnist_0/inst/u_conv2/u_calc/conv_out_reg[7]/S
                            (rising edge-triggered cell FDSE clocked by clk_fpga_0  {rise@0.000ns fall@5.000ns period=10.000ns})
  Path Group:             clk_fpga_0
  Path Type:              Setup (Max at Slow Process Corner)
  Requirement:            10.000ns  (clk_fpga_0 rise@10.000ns - clk_fpga_0 rise@0.000ns)
  Data Path Delay:        6.807ns  (logic 3.499ns (51.403%)  route 3.308ns (48.597%))
  Logic Levels:           11  (CARRY4=10 LUT4=1)
  Clock Path Skew:        -0.145ns (DCD - SCD + CPR)
    Destination Clock Delay (DCD):    1.191ns = ( 11.191 - 10.000 ) 
    Source Clock Delay      (SCD):    1.376ns
    Clock Pessimism Removal (CPR):    0.040ns
  Clock Uncertainty:      0.154ns  ((TSJ^2 + TIJ^2)^1/2 + DJ) / 2 + PE
    Total System Jitter     (TSJ):    0.071ns
    Total Input Jitter      (TIJ):    0.300ns
    Discrete Jitter          (DJ):    0.000ns
    Phase Error              (PE):    0.000ns

    Location             Delay type                Incr(ns)  Path(ns)    Netlist Resource(s)
  -------------------------------------------------------------------    -------------------
                         (clock clk_fpga_0 rise edge)
                                                      0.000     0.000 r  
    PS7_X0Y0             PS7                          0.000     0.000 r  cnn_system_i/processing_system7_0/inst/PS7_i/FCLKCLK[0]
                         net (fo=1, unplaced)         0.646     0.646    cnn_system_i/processing_system7_0/inst/FCLK_CLK_unbuffered[0]
                         BUFG (Prop_bufg_I_O)         0.085     0.731 r  cnn_system_i/processing_system7_0/inst/buffer_fclk_clk_0.FCLK_CLK_0_BUFG/O
                         net (fo=11562, unplaced)     0.646     1.376    cnn_system_i/axis_cnn_mnist_0/inst/u_conv2/u_calc/aclk
                         FDRE                                         r  cnn_system_i/axis_cnn_mnist_0/inst/u_conv2/u_calc/stg2_total_sum_reg[0][8]/C
  -------------------------------------------------------------------    -------------------
                         FDRE (Prop_fdre_C_Q)         0.397     1.773 r  cnn_system_i/axis_cnn_mnist_0/inst/u_conv2/u_calc/stg2_total_sum_reg[0][8]/Q
                         net (fo=1, unplaced)         0.818     2.591    cnn_system_i/axis_cnn_mnist_0/inst/u_conv2/u_calc/stg2_total_sum_reg[0]_7[8]
                         CARRY4 (Prop_carry4_S[3]_CO[3])
                                                      0.546     3.137 r  cnn_system_i/axis_cnn_mnist_0/inst/u_conv2/u_calc/conv_out_reg[49]_i_2/CO[3]
                         net (fo=1, unplaced)         0.008     3.145    cnn_system_i/axis_cnn_mnist_0/inst/u_conv2/u_calc/conv_out_reg[49]_i_2_n_0
                         CARRY4 (Prop_carry4_CI_O[2])
                                                      0.214     3.359 r  cnn_system_i/axis_cnn_mnist_0/inst/u_conv2/u_calc/conv_out_reg[56]_i_3/O[2]
                         net (fo=2, unplaced)         0.657     4.016    cnn_system_i/axis_cnn_mnist_0/inst/u_conv2/u_calc/conv_out_reg[56]_i_3_n_5
                         CARRY4 (Prop_carry4_S[3]_CO[3])
                                                      0.558     4.574 r  cnn_system_i/axis_cnn_mnist_0/inst/u_conv2/u_calc/conv_out_reg[52]_i_2/CO[3]
                         net (fo=1, unplaced)         0.008     4.582    cnn_system_i/axis_cnn_mnist_0/inst/u_conv2/u_calc/conv_out_reg[52]_i_2_n_0
                         CARRY4 (Prop_carry4_CI_CO[3])
                                                      0.100     4.682 r  cnn_system_i/axis_cnn_mnist_0/inst/u_conv2/u_calc/conv_out_reg[56]_i_2/CO[3]
                         net (fo=1, unplaced)         0.000     4.682    cnn_system_i/axis_cnn_mnist_0/inst/u_conv2/u_calc/conv_out_reg[56]_i_2_n_0
                         CARRY4 (Prop_carry4_CI_CO[3])
                                                      0.100     4.782 r  cnn_system_i/axis_cnn_mnist_0/inst/u_conv2/u_calc/conv_out_reg[59]_i_2/CO[3]
                         net (fo=1, unplaced)         0.000     4.782    cnn_system_i/axis_cnn_mnist_0/inst/u_conv2/u_calc/conv_out_reg[59]_i_2_n_0
                         CARRY4 (Prop_carry4_CI_CO[3])
                                                      0.100     4.882 r  cnn_system_i/axis_cnn_mnist_0/inst/u_conv2/u_calc/conv_out_reg[59]_i_45/CO[3]
                         net (fo=1, unplaced)         0.000     4.882    cnn_system_i/axis_cnn_mnist_0/inst/u_conv2/u_calc/conv_out_reg[59]_i_45_n_0
                         CARRY4 (Prop_carry4_CI_CO[3])
                                                      0.100     4.982 r  cnn_system_i/axis_cnn_mnist_0/inst/u_conv2/u_calc/conv_out_reg[59]_i_29/CO[3]
                         net (fo=1, unplaced)         0.000     4.982    cnn_system_i/axis_cnn_mnist_0/inst/u_conv2/u_calc/conv_out_reg[59]_i_29_n_0
                         CARRY4 (Prop_carry4_CI_CO[0])
                                                      0.238     5.220 r  cnn_system_i/axis_cnn_mnist_0/inst/u_conv2/u_calc/conv_out_reg[59]_i_14/CO[0]
                         net (fo=14, unplaced)        0.869     6.089    cnn_system_i/axis_cnn_mnist_0/inst/u_conv2/u_calc/conv_out_reg[59]_i_14_n_3
                         CARRY4 (Prop_carry4_S[3]_CO[3])
                                                      0.611     6.700 r  cnn_system_i/axis_cnn_mnist_0/inst/u_conv2/u_calc/conv_out_reg[59]_i_13/CO[3]
                         net (fo=1, unplaced)         0.000     6.700    cnn_system_i/axis_cnn_mnist_0/inst/u_conv2/u_calc/conv_out_reg[59]_i_13_n_0
                         CARRY4 (Prop_carry4_CI_CO[0])
                                                      0.238     6.938 r  cnn_system_i/axis_cnn_mnist_0/inst/u_conv2/u_calc/conv_out_reg[59]_i_4/CO[0]
                         net (fo=3, unplaced)         0.258     7.196    cnn_system_i/axis_cnn_mnist_0/inst/u_conv2/u_calc/final_pixel_wire[0]1
                         LUT4 (Prop_lut4_I0_O)        0.297     7.493 r  cnn_system_i/axis_cnn_mnist_0/inst/u_conv2/u_calc/conv_out[10]_i_1/O
                         net (fo=11, unplaced)        0.690     8.183    cnn_system_i/axis_cnn_mnist_0/inst/u_conv2/u_calc/conv_out[10]_i_1_n_0
                         FDSE                                         r  cnn_system_i/axis_cnn_mnist_0/inst/u_conv2/u_calc/conv_out_reg[7]/S
  -------------------------------------------------------------------    -------------------

                         (clock clk_fpga_0 rise edge)
                                                     10.000    10.000 r  
    PS7_X0Y0             PS7                          0.000    10.000 r  cnn_system_i/processing_system7_0/inst/PS7_i/FCLKCLK[0]
                         net (fo=1, unplaced)         0.613    10.613    cnn_system_i/processing_system7_0/inst/FCLK_CLK_unbuffered[0]
                         BUFG (Prop_bufg_I_O)         0.077    10.690 r  cnn_system_i/processing_system7_0/inst/buffer_fclk_clk_0.FCLK_CLK_0_BUFG/O
                         net (fo=11562, unplaced)     0.501    11.191    cnn_system_i/axis_cnn_mnist_0/inst/u_conv2/u_calc/aclk
                         FDSE                                         r  cnn_system_i/axis_cnn_mnist_0/inst/u_conv2/u_calc/conv_out_reg[7]/C
                         clock pessimism              0.040    11.231    
                         clock uncertainty           -0.154    11.077    
                         FDSE (Setup_fdse_C_S)       -0.452    10.625    cnn_system_i/axis_cnn_mnist_0/inst/u_conv2/u_calc/conv_out_reg[7]
  -------------------------------------------------------------------
                         required time                         10.625    
                         arrival time                          -8.183    
  -------------------------------------------------------------------
                         slack                                  2.442    





Pulse Width Checks
--------------------------------------------------------------------------------------
Clock Name:         clk_fpga_0
Waveform(ns):       { 0.000 5.000 }
Period(ns):         10.000
Sources:            { cnn_system_i/processing_system7_0/inst/PS7_i/FCLKCLK[0] }

Check Type        Corner  Lib Pin      Reference Pin  Required(ns)  Actual(ns)  Slack(ns)  Location  Pin
Min Period        n/a     DSP48E1/CLK  n/a            3.272         10.000      6.728                cnn_system_i/axis_cnn_mnist_0/inst/u_conv2/u_calc/product_s1_reg[0][0][8]/CLK
Min Period        n/a     DSP48E1/CLK  n/a            3.272         10.000      6.728                cnn_system_i/axis_cnn_mnist_0/inst/u_conv2/u_calc/product_s1_reg[0][2][8]/CLK
Min Period        n/a     DSP48E1/CLK  n/a            3.272         10.000      6.728                cnn_system_i/axis_cnn_mnist_0/inst/u_conv2/u_calc/product_s1_reg[1][0][8]/CLK
Min Period        n/a     DSP48E1/CLK  n/a            3.272         10.000      6.728                cnn_system_i/axis_cnn_mnist_0/inst/u_conv2/u_calc/product_s1_reg[1][2][8]/CLK
Min Period        n/a     DSP48E1/CLK  n/a            3.272         10.000      6.728                cnn_system_i/axis_cnn_mnist_0/inst/u_conv2/u_calc/product_s1_reg[2][0][8]/CLK
Min Period        n/a     DSP48E1/CLK  n/a            3.272         10.000      6.728                cnn_system_i/axis_cnn_mnist_0/inst/u_conv2/u_calc/product_s1_reg[2][2][8]/CLK
Min Period        n/a     DSP48E1/CLK  n/a            3.272         10.000      6.728                cnn_system_i/axis_cnn_mnist_0/inst/u_conv2/u_calc/product_s1_reg[3][0][8]/CLK
Min Period        n/a     DSP48E1/CLK  n/a            3.272         10.000      6.728                cnn_system_i/axis_cnn_mnist_0/inst/u_conv2/u_calc/product_s1_reg[3][2][8]/CLK
Min Period        n/a     DSP48E1/CLK  n/a            3.272         10.000      6.728                cnn_system_i/axis_cnn_mnist_0/inst/u_conv2/u_calc/product_s1_reg[0][1][0]/CLK
Min Period        n/a     DSP48E1/CLK  n/a            3.272         10.000      6.728                cnn_system_i/axis_cnn_mnist_0/inst/u_conv2/u_calc/product_s1_reg[0][3][0]/CLK
Min Period        n/a     DSP48E1/CLK  n/a            3.272         10.000      6.728                cnn_system_i/axis_cnn_mnist_0/inst/u_conv2/u_calc/product_s1_reg[1][1][0]/CLK
Min Period        n/a     DSP48E1/CLK  n/a            3.272         10.000      6.728                cnn_system_i/axis_cnn_mnist_0/inst/u_conv2/u_calc/product_s1_reg[1][3][0]/CLK
Min Period        n/a     DSP48E1/CLK  n/a            3.272         10.000      6.728                cnn_system_i/axis_cnn_mnist_0/inst/u_conv2/u_calc/product_s1_reg[2][1][0]/CLK
Min Period        n/a     DSP48E1/CLK  n/a            3.272         10.000      6.728                cnn_system_i/axis_cnn_mnist_0/inst/u_conv2/u_calc/product_s1_reg[2][3][0]/CLK
Min Period        n/a     DSP48E1/CLK  n/a            3.272         10.000      6.728                cnn_system_i/axis_cnn_mnist_0/inst/u_conv2/u_calc/product_s1_reg[3][1][0]/CLK
Min Period        n/a     DSP48E1/CLK  n/a            3.272         10.000      6.728                cnn_system_i/axis_cnn_mnist_0/inst/u_conv2/u_calc/product_s1_reg[3][3][0]/CLK
Min Period        n/a     DSP48E1/CLK  n/a            3.272         10.000      6.728                cnn_system_i/axis_cnn_mnist_0/inst/u_conv2/u_calc/product_s1_reg[0][1][2]/CLK
Min Period        n/a     DSP48E1/CLK  n/a            3.272         10.000      6.728                cnn_system_i/axis_cnn_mnist_0/inst/u_conv2/u_calc/product_s1_reg[0][3][2]/CLK
Min Period        n/a     DSP48E1/CLK  n/a            3.272         10.000      6.728                cnn_system_i/axis_cnn_mnist_0/inst/u_conv2/u_calc/product_s1_reg[1][1][2]/CLK
Min Period        n/a     DSP48E1/CLK  n/a            3.272         10.000      6.728                cnn_system_i/axis_cnn_mnist_0/inst/u_conv2/u_calc/product_s1_reg[1][3][2]/CLK
Low Pulse Width   Slow    RAMD32/CLK   n/a            1.130         5.000       3.870                cnn_system_i/axi_dma_0/U0/I_PRMRY_DATAMOVER/GEN_S2MM_FULL.I_S2MM_FULL_WRAPPER/GEN_ENABLE_INDET_BTT_SF.I_INDET_BTT/I_XD_FIFO/NON_BLK_MEM.I_SYNC_FIFOGEN_FIFO/xpm_fifo_instance.xpm_fifo_sync_inst/xpm_fifo_base_inst/gen_sdpram.xpm_memory_base_inst/gen_wr_a.gen_word_narrow.mem_reg_0_15_0_5/RAMA/CLK
Low Pulse Width   Slow    RAMD32/CLK   n/a            1.130         5.000       3.870                cnn_system_i/axi_dma_0/U0/I_PRMRY_DATAMOVER/GEN_S2MM_FULL.I_S2MM_FULL_WRAPPER/GEN_ENABLE_INDET_BTT_SF.I_INDET_BTT/I_XD_FIFO/NON_BLK_MEM.I_SYNC_FIFOGEN_FIFO/xpm_fifo_instance.xpm_fifo_sync_inst/xpm_fifo_base_inst/gen_sdpram.xpm_memory_base_inst/gen_wr_a.gen_word_narrow.mem_reg_0_15_0_5/RAMA_D1/CLK
Low Pulse Width   Slow    RAMD32/CLK   n/a            1.130         5.000       3.870                cnn_system_i/axi_dma_0/U0/I_PRMRY_DATAMOVER/GEN_S2MM_FULL.I_S2MM_FULL_WRAPPER/GEN_ENABLE_INDET_BTT_SF.I_INDET_BTT/I_XD_FIFO/NON_BLK_MEM.I_SYNC_FIFOGEN_FIFO/xpm_fifo_instance.xpm_fifo_sync_inst/xpm_fifo_base_inst/gen_sdpram.xpm_memory_base_inst/gen_wr_a.gen_word_narrow.mem_reg_0_15_0_5/RAMB/CLK
Low Pulse Width   Slow    RAMD32/CLK   n/a            1.130         5.000       3.870                cnn_system_i/axi_dma_0/U0/I_PRMRY_DATAMOVER/GEN_S2MM_FULL.I_S2MM_FULL_WRAPPER/GEN_ENABLE_INDET_BTT_SF.I_INDET_BTT/I_XD_FIFO/NON_BLK_MEM.I_SYNC_FIFOGEN_FIFO/xpm_fifo_instance.xpm_fifo_sync_inst/xpm_fifo_base_inst/gen_sdpram.xpm_memory_base_inst/gen_wr_a.gen_word_narrow.mem_reg_0_15_0_5/RAMB_D1/CLK
Low Pulse Width   Slow    RAMD32/CLK   n/a            1.130         5.000       3.870                cnn_system_i/axi_dma_0/U0/I_PRMRY_DATAMOVER/GEN_S2MM_FULL.I_S2MM_FULL_WRAPPER/GEN_ENABLE_INDET_BTT_SF.I_INDET_BTT/I_XD_FIFO/NON_BLK_MEM.I_SYNC_FIFOGEN_FIFO/xpm_fifo_instance.xpm_fifo_sync_inst/xpm_fifo_base_inst/gen_sdpram.xpm_memory_base_inst/gen_wr_a.gen_word_narrow.mem_reg_0_15_0_5/RAMC/CLK
Low Pulse Width   Slow    RAMD32/CLK   n/a            1.130         5.000       3.870                cnn_system_i/axi_dma_0/U0/I_PRMRY_DATAMOVER/GEN_S2MM_FULL.I_S2MM_FULL_WRAPPER/GEN_ENABLE_INDET_BTT_SF.I_INDET_BTT/I_XD_FIFO/NON_BLK_MEM.I_SYNC_FIFOGEN_FIFO/xpm_fifo_instance.xpm_fifo_sync_inst/xpm_fifo_base_inst/gen_sdpram.xpm_memory_base_inst/gen_wr_a.gen_word_narrow.mem_reg_0_15_0_5/RAMC_D1/CLK
Low Pulse Width   Slow    RAMS32/CLK   n/a            1.130         5.000       3.870                cnn_system_i/axi_dma_0/U0/I_PRMRY_DATAMOVER/GEN_S2MM_FULL.I_S2MM_FULL_WRAPPER/GEN_ENABLE_INDET_BTT_SF.I_INDET_BTT/I_XD_FIFO/NON_BLK_MEM.I_SYNC_FIFOGEN_FIFO/xpm_fifo_instance.xpm_fifo_sync_inst/xpm_fifo_base_inst/gen_sdpram.xpm_memory_base_inst/gen_wr_a.gen_word_narrow.mem_reg_0_15_0_5/RAMD/CLK
Low Pulse Width   Slow    RAMS32/CLK   n/a            1.130         5.000       3.870                cnn_system_i/axi_dma_0/U0/I_PRMRY_DATAMOVER/GEN_S2MM_FULL.I_S2MM_FULL_WRAPPER/GEN_ENABLE_INDET_BTT_SF.I_INDET_BTT/I_XD_FIFO/NON_BLK_MEM.I_SYNC_FIFOGEN_FIFO/xpm_fifo_instance.xpm_fifo_sync_inst/xpm_fifo_base_inst/gen_sdpram.xpm_memory_base_inst/gen_wr_a.gen_word_narrow.mem_reg_0_15_0_5/RAMD_D1/CLK
Low Pulse Width   Slow    RAMD32/CLK   n/a            1.130         5.000       3.870                cnn_system_i/axi_dma_0/U0/I_PRMRY_DATAMOVER/GEN_S2MM_FULL.I_S2MM_FULL_WRAPPER/GEN_ENABLE_INDET_BTT_SF.I_INDET_BTT/I_XD_FIFO/NON_BLK_MEM.I_SYNC_FIFOGEN_FIFO/xpm_fifo_instance.xpm_fifo_sync_inst/xpm_fifo_base_inst/gen_sdpram.xpm_memory_base_inst/gen_wr_a.gen_word_narrow.mem_reg_0_15_6_8/RAMA/CLK
Low Pulse Width   Slow    RAMD32/CLK   n/a            1.130         5.000       3.870                cnn_system_i/axi_dma_0/U0/I_PRMRY_DATAMOVER/GEN_S2MM_FULL.I_S2MM_FULL_WRAPPER/GEN_ENABLE_INDET_BTT_SF.I_INDET_BTT/I_XD_FIFO/NON_BLK_MEM.I_SYNC_FIFOGEN_FIFO/xpm_fifo_instance.xpm_fifo_sync_inst/xpm_fifo_base_inst/gen_sdpram.xpm_memory_base_inst/gen_wr_a.gen_word_narrow.mem_reg_0_15_6_8/RAMA_D1/CLK
Low Pulse Width   Slow    RAMD32/CLK   n/a            1.130         5.000       3.870                cnn_system_i/axi_dma_0/U0/I_PRMRY_DATAMOVER/GEN_S2MM_FULL.I_S2MM_FULL_WRAPPER/GEN_ENABLE_INDET_BTT_SF.I_INDET_BTT/I_XD_FIFO/NON_BLK_MEM.I_SYNC_FIFOGEN_FIFO/xpm_fifo_instance.xpm_fifo_sync_inst/xpm_fifo_base_inst/gen_sdpram.xpm_memory_base_inst/gen_wr_a.gen_word_narrow.mem_reg_0_15_6_8/RAMB/CLK
Low Pulse Width   Slow    RAMD32/CLK   n/a            1.130         5.000       3.870                cnn_system_i/axi_dma_0/U0/I_PRMRY_DATAMOVER/GEN_S2MM_FULL.I_S2MM_FULL_WRAPPER/GEN_ENABLE_INDET_BTT_SF.I_INDET_BTT/I_XD_FIFO/NON_BLK_MEM.I_SYNC_FIFOGEN_FIFO/xpm_fifo_instance.xpm_fifo_sync_inst/xpm_fifo_base_inst/gen_sdpram.xpm_memory_base_inst/gen_wr_a.gen_word_narrow.mem_reg_0_15_6_8/RAMB_D1/CLK
Low Pulse Width   Slow    RAMD32/CLK   n/a            1.130         5.000       3.870                cnn_system_i/axi_dma_0/U0/I_PRMRY_DATAMOVER/GEN_S2MM_FULL.I_S2MM_FULL_WRAPPER/GEN_ENABLE_INDET_BTT_SF.I_INDET_BTT/I_XD_FIFO/NON_BLK_MEM.I_SYNC_FIFOGEN_FIFO/xpm_fifo_instance.xpm_fifo_sync_inst/xpm_fifo_base_inst/gen_sdpram.xpm_memory_base_inst/gen_wr_a.gen_word_narrow.mem_reg_0_15_6_8/RAMC/CLK
Low Pulse Width   Slow    RAMD32/CLK   n/a            1.130         5.000       3.870                cnn_system_i/axi_dma_0/U0/I_PRMRY_DATAMOVER/GEN_S2MM_FULL.I_S2MM_FULL_WRAPPER/GEN_ENABLE_INDET_BTT_SF.I_INDET_BTT/I_XD_FIFO/NON_BLK_MEM.I_SYNC_FIFOGEN_FIFO/xpm_fifo_instance.xpm_fifo_sync_inst/xpm_fifo_base_inst/gen_sdpram.xpm_memory_base_inst/gen_wr_a.gen_word_narrow.mem_reg_0_15_6_8/RAMC_D1/CLK
Low Pulse Width   Slow    RAMS32/CLK   n/a            1.130         5.000       3.870                cnn_system_i/axi_dma_0/U0/I_PRMRY_DATAMOVER/GEN_S2MM_FULL.I_S2MM_FULL_WRAPPER/GEN_ENABLE_INDET_BTT_SF.I_INDET_BTT/I_XD_FIFO/NON_BLK_MEM.I_SYNC_FIFOGEN_FIFO/xpm_fifo_instance.xpm_fifo_sync_inst/xpm_fifo_base_inst/gen_sdpram.xpm_memory_base_inst/gen_wr_a.gen_word_narrow.mem_reg_0_15_6_8/RAMD/CLK
Low Pulse Width   Slow    RAMS32/CLK   n/a            1.130         5.000       3.870                cnn_system_i/axi_dma_0/U0/I_PRMRY_DATAMOVER/GEN_S2MM_FULL.I_S2MM_FULL_WRAPPER/GEN_ENABLE_INDET_BTT_SF.I_INDET_BTT/I_XD_FIFO/NON_BLK_MEM.I_SYNC_FIFOGEN_FIFO/xpm_fifo_instance.xpm_fifo_sync_inst/xpm_fifo_base_inst/gen_sdpram.xpm_memory_base_inst/gen_wr_a.gen_word_narrow.mem_reg_0_15_6_8/RAMD_D1/CLK
Low Pulse Width   Slow    RAMD64E/CLK  n/a            1.130         5.000       3.870                cnn_system_i/axis_data_fifo_1/inst/gen_fifo.xpm_fifo_axis_inst/xpm_fifo_base_inst/gen_sdpram.xpm_memory_base_inst/gen_wr_a.gen_word_narrow.mem_reg_0_63_0_2/RAMA/CLK
Low Pulse Width   Slow    RAMD64E/CLK  n/a            1.130         5.000       3.870                cnn_system_i/axis_data_fifo_1/inst/gen_fifo.xpm_fifo_axis_inst/xpm_fifo_base_inst/gen_sdpram.xpm_memory_base_inst/gen_wr_a.gen_word_narrow.mem_reg_0_63_0_2/RAMB/CLK
Low Pulse Width   Slow    RAMD64E/CLK  n/a            1.130         5.000       3.870                cnn_system_i/axis_data_fifo_1/inst/gen_fifo.xpm_fifo_axis_inst/xpm_fifo_base_inst/gen_sdpram.xpm_memory_base_inst/gen_wr_a.gen_word_narrow.mem_reg_0_63_0_2/RAMC/CLK
Low Pulse Width   Slow    RAMD64E/CLK  n/a            1.130         5.000       3.870                cnn_system_i/axis_data_fifo_1/inst/gen_fifo.xpm_fifo_axis_inst/xpm_fifo_base_inst/gen_sdpram.xpm_memory_base_inst/gen_wr_a.gen_word_narrow.mem_reg_0_63_0_2/RAMD/CLK
High Pulse Width  Fast    RAMD32/CLK   n/a            1.130         5.000       3.870                cnn_system_i/axi_dma_0/U0/I_PRMRY_DATAMOVER/GEN_S2MM_FULL.I_S2MM_FULL_WRAPPER/GEN_ENABLE_INDET_BTT_SF.I_INDET_BTT/I_XD_FIFO/NON_BLK_MEM.I_SYNC_FIFOGEN_FIFO/xpm_fifo_instance.xpm_fifo_sync_inst/xpm_fifo_base_inst/gen_sdpram.xpm_memory_base_inst/gen_wr_a.gen_word_narrow.mem_reg_0_15_0_5/RAMA/CLK
High Pulse Width  Fast    RAMD32/CLK   n/a            1.130         5.000       3.870                cnn_system_i/axi_dma_0/U0/I_PRMRY_DATAMOVER/GEN_S2MM_FULL.I_S2MM_FULL_WRAPPER/GEN_ENABLE_INDET_BTT_SF.I_INDET_BTT/I_XD_FIFO/NON_BLK_MEM.I_SYNC_FIFOGEN_FIFO/xpm_fifo_instance.xpm_fifo_sync_inst/xpm_fifo_base_inst/gen_sdpram.xpm_memory_base_inst/gen_wr_a.gen_word_narrow.mem_reg_0_15_0_5/RAMA_D1/CLK
High Pulse Width  Fast    RAMD32/CLK   n/a            1.130         5.000       3.870                cnn_system_i/axi_dma_0/U0/I_PRMRY_DATAMOVER/GEN_S2MM_FULL.I_S2MM_FULL_WRAPPER/GEN_ENABLE_INDET_BTT_SF.I_INDET_BTT/I_XD_FIFO/NON_BLK_MEM.I_SYNC_FIFOGEN_FIFO/xpm_fifo_instance.xpm_fifo_sync_inst/xpm_fifo_base_inst/gen_sdpram.xpm_memory_base_inst/gen_wr_a.gen_word_narrow.mem_reg_0_15_0_5/RAMB/CLK
High Pulse Width  Fast    RAMD32/CLK   n/a            1.130         5.000       3.870                cnn_system_i/axi_dma_0/U0/I_PRMRY_DATAMOVER/GEN_S2MM_FULL.I_S2MM_FULL_WRAPPER/GEN_ENABLE_INDET_BTT_SF.I_INDET_BTT/I_XD_FIFO/NON_BLK_MEM.I_SYNC_FIFOGEN_FIFO/xpm_fifo_instance.xpm_fifo_sync_inst/xpm_fifo_base_inst/gen_sdpram.xpm_memory_base_inst/gen_wr_a.gen_word_narrow.mem_reg_0_15_0_5/RAMB_D1/CLK
High Pulse Width  Fast    RAMD32/CLK   n/a            1.130         5.000       3.870                cnn_system_i/axi_dma_0/U0/I_PRMRY_DATAMOVER/GEN_S2MM_FULL.I_S2MM_FULL_WRAPPER/GEN_ENABLE_INDET_BTT_SF.I_INDET_BTT/I_XD_FIFO/NON_BLK_MEM.I_SYNC_FIFOGEN_FIFO/xpm_fifo_instance.xpm_fifo_sync_inst/xpm_fifo_base_inst/gen_sdpram.xpm_memory_base_inst/gen_wr_a.gen_word_narrow.mem_reg_0_15_0_5/RAMC/CLK
High Pulse Width  Fast    RAMD32/CLK   n/a            1.130         5.000       3.870                cnn_system_i/axi_dma_0/U0/I_PRMRY_DATAMOVER/GEN_S2MM_FULL.I_S2MM_FULL_WRAPPER/GEN_ENABLE_INDET_BTT_SF.I_INDET_BTT/I_XD_FIFO/NON_BLK_MEM.I_SYNC_FIFOGEN_FIFO/xpm_fifo_instance.xpm_fifo_sync_inst/xpm_fifo_base_inst/gen_sdpram.xpm_memory_base_inst/gen_wr_a.gen_word_narrow.mem_reg_0_15_0_5/RAMC_D1/CLK
High Pulse Width  Fast    RAMS32/CLK   n/a            1.130         5.000       3.870                cnn_system_i/axi_dma_0/U0/I_PRMRY_DATAMOVER/GEN_S2MM_FULL.I_S2MM_FULL_WRAPPER/GEN_ENABLE_INDET_BTT_SF.I_INDET_BTT/I_XD_FIFO/NON_BLK_MEM.I_SYNC_FIFOGEN_FIFO/xpm_fifo_instance.xpm_fifo_sync_inst/xpm_fifo_base_inst/gen_sdpram.xpm_memory_base_inst/gen_wr_a.gen_word_narrow.mem_reg_0_15_0_5/RAMD/CLK
High Pulse Width  Fast    RAMS32/CLK   n/a            1.130         5.000       3.870                cnn_system_i/axi_dma_0/U0/I_PRMRY_DATAMOVER/GEN_S2MM_FULL.I_S2MM_FULL_WRAPPER/GEN_ENABLE_INDET_BTT_SF.I_INDET_BTT/I_XD_FIFO/NON_BLK_MEM.I_SYNC_FIFOGEN_FIFO/xpm_fifo_instance.xpm_fifo_sync_inst/xpm_fifo_base_inst/gen_sdpram.xpm_memory_base_inst/gen_wr_a.gen_word_narrow.mem_reg_0_15_0_5/RAMD_D1/CLK
High Pulse Width  Fast    RAMD32/CLK   n/a            1.130         5.000       3.870                cnn_system_i/axi_dma_0/U0/I_PRMRY_DATAMOVER/GEN_S2MM_FULL.I_S2MM_FULL_WRAPPER/GEN_ENABLE_INDET_BTT_SF.I_INDET_BTT/I_XD_FIFO/NON_BLK_MEM.I_SYNC_FIFOGEN_FIFO/xpm_fifo_instance.xpm_fifo_sync_inst/xpm_fifo_base_inst/gen_sdpram.xpm_memory_base_inst/gen_wr_a.gen_word_narrow.mem_reg_0_15_6_8/RAMA/CLK
High Pulse Width  Fast    RAMD32/CLK   n/a            1.130         5.000       3.870                cnn_system_i/axi_dma_0/U0/I_PRMRY_DATAMOVER/GEN_S2MM_FULL.I_S2MM_FULL_WRAPPER/GEN_ENABLE_INDET_BTT_SF.I_INDET_BTT/I_XD_FIFO/NON_BLK_MEM.I_SYNC_FIFOGEN_FIFO/xpm_fifo_instance.xpm_fifo_sync_inst/xpm_fifo_base_inst/gen_sdpram.xpm_memory_base_inst/gen_wr_a.gen_word_narrow.mem_reg_0_15_6_8/RAMA_D1/CLK
High Pulse Width  Fast    RAMD32/CLK   n/a            1.130         5.000       3.870                cnn_system_i/axi_dma_0/U0/I_PRMRY_DATAMOVER/GEN_S2MM_FULL.I_S2MM_FULL_WRAPPER/GEN_ENABLE_INDET_BTT_SF.I_INDET_BTT/I_XD_FIFO/NON_BLK_MEM.I_SYNC_FIFOGEN_FIFO/xpm_fifo_instance.xpm_fifo_sync_inst/xpm_fifo_base_inst/gen_sdpram.xpm_memory_base_inst/gen_wr_a.gen_word_narrow.mem_reg_0_15_6_8/RAMB/CLK
High Pulse Width  Fast    RAMD32/CLK   n/a            1.130         5.000       3.870                cnn_system_i/axi_dma_0/U0/I_PRMRY_DATAMOVER/GEN_S2MM_FULL.I_S2MM_FULL_WRAPPER/GEN_ENABLE_INDET_BTT_SF.I_INDET_BTT/I_XD_FIFO/NON_BLK_MEM.I_SYNC_FIFOGEN_FIFO/xpm_fifo_instance.xpm_fifo_sync_inst/xpm_fifo_base_inst/gen_sdpram.xpm_memory_base_inst/gen_wr_a.gen_word_narrow.mem_reg_0_15_6_8/RAMB_D1/CLK
High Pulse Width  Fast    RAMD32/CLK   n/a            1.130         5.000       3.870                cnn_system_i/axi_dma_0/U0/I_PRMRY_DATAMOVER/GEN_S2MM_FULL.I_S2MM_FULL_WRAPPER/GEN_ENABLE_INDET_BTT_SF.I_INDET_BTT/I_XD_FIFO/NON_BLK_MEM.I_SYNC_FIFOGEN_FIFO/xpm_fifo_instance.xpm_fifo_sync_inst/xpm_fifo_base_inst/gen_sdpram.xpm_memory_base_inst/gen_wr_a.gen_word_narrow.mem_reg_0_15_6_8/RAMC/CLK
High Pulse Width  Fast    RAMD32/CLK   n/a            1.130         5.000       3.870                cnn_system_i/axi_dma_0/U0/I_PRMRY_DATAMOVER/GEN_S2MM_FULL.I_S2MM_FULL_WRAPPER/GEN_ENABLE_INDET_BTT_SF.I_INDET_BTT/I_XD_FIFO/NON_BLK_MEM.I_SYNC_FIFOGEN_FIFO/xpm_fifo_instance.xpm_fifo_sync_inst/xpm_fifo_base_inst/gen_sdpram.xpm_memory_base_inst/gen_wr_a.gen_word_narrow.mem_reg_0_15_6_8/RAMC_D1/CLK
High Pulse Width  Fast    RAMS32/CLK   n/a            1.130         5.000       3.870                cnn_system_i/axi_dma_0/U0/I_PRMRY_DATAMOVER/GEN_S2MM_FULL.I_S2MM_FULL_WRAPPER/GEN_ENABLE_INDET_BTT_SF.I_INDET_BTT/I_XD_FIFO/NON_BLK_MEM.I_SYNC_FIFOGEN_FIFO/xpm_fifo_instance.xpm_fifo_sync_inst/xpm_fifo_base_inst/gen_sdpram.xpm_memory_base_inst/gen_wr_a.gen_word_narrow.mem_reg_0_15_6_8/RAMD/CLK
High Pulse Width  Fast    RAMS32/CLK   n/a            1.130         5.000       3.870                cnn_system_i/axi_dma_0/U0/I_PRMRY_DATAMOVER/GEN_S2MM_FULL.I_S2MM_FULL_WRAPPER/GEN_ENABLE_INDET_BTT_SF.I_INDET_BTT/I_XD_FIFO/NON_BLK_MEM.I_SYNC_FIFOGEN_FIFO/xpm_fifo_instance.xpm_fifo_sync_inst/xpm_fifo_base_inst/gen_sdpram.xpm_memory_base_inst/gen_wr_a.gen_word_narrow.mem_reg_0_15_6_8/RAMD_D1/CLK
High Pulse Width  Fast    RAMD64E/CLK  n/a            1.130         5.000       3.870                cnn_system_i/axis_data_fifo_1/inst/gen_fifo.xpm_fifo_axis_inst/xpm_fifo_base_inst/gen_sdpram.xpm_memory_base_inst/gen_wr_a.gen_word_narrow.mem_reg_0_63_0_2/RAMA/CLK
High Pulse Width  Fast    RAMD64E/CLK  n/a            1.130         5.000       3.870                cnn_system_i/axis_data_fifo_1/inst/gen_fifo.xpm_fifo_axis_inst/xpm_fifo_base_inst/gen_sdpram.xpm_memory_base_inst/gen_wr_a.gen_word_narrow.mem_reg_0_63_0_2/RAMB/CLK
High Pulse Width  Fast    RAMD64E/CLK  n/a            1.130         5.000       3.870                cnn_system_i/axis_data_fifo_1/inst/gen_fifo.xpm_fifo_axis_inst/xpm_fifo_base_inst/gen_sdpram.xpm_memory_base_inst/gen_wr_a.gen_word_narrow.mem_reg_0_63_0_2/RAMC/CLK
High Pulse Width  Fast    RAMD64E/CLK  n/a            1.130         5.000       3.870                cnn_system_i/axis_data_fifo_1/inst/gen_fifo.xpm_fifo_axis_inst/xpm_fifo_base_inst/gen_sdpram.xpm_memory_base_inst/gen_wr_a.gen_word_narrow.mem_reg_0_63_0_2/RAMD/CLK



--------------------------------------------------------------------------------------
Path Group:  (none)
From Clock:  
  To Clock:  clk_fpga_0

Max Delay             1 Endpoint
Min Delay             0 Endpoints
--------------------------------------------------------------------------------------


Max Delay Paths
--------------------------------------------------------------------------------------
Slack:                    inf
  Source:                 cnn_system_i/processing_system7_0/inst/PS7_i/FCLKRESETN[0]
                            (internal pin)
  Destination:            cnn_system_i/rst_ps7_0_100M/U0/EXT_LPF/ACTIVE_LOW_EXT.ACT_LO_EXT/GENERATE_LEVEL_P_S_CDC.SINGLE_BIT.CROSS_PLEVEL_IN2SCNDRY_IN_cdc_to/D
                            (rising edge-triggered cell FDRE clocked by clk_fpga_0  {rise@0.000ns fall@5.000ns period=10.000ns})
  Path Group:             (none)
  Path Type:              Setup (Max at Slow Process Corner)
  Data Path Delay:        0.751ns  (logic 0.105ns (13.989%)  route 0.646ns (86.011%))
  Logic Levels:           1  (LUT2=1)
  Clock Uncertainty:      0.152ns  ((TSJ^2 + TIJ^2)^1/2 + DJ) / 2 + PE
    Total System Jitter     (TSJ):    0.050ns
    Total Input Jitter      (TIJ):    0.300ns
    Discrete Jitter          (DJ):    0.000ns
    Phase Error              (PE):    0.000ns
  Timing Exception:       False Path

    Location             Delay type                Incr(ns)  Path(ns)    Netlist Resource(s)
  -------------------------------------------------------------------    -------------------
    PS7_X0Y0             PS7                          0.000     0.000 f  cnn_system_i/processing_system7_0/inst/PS7_i/FCLKRESETN[0]
                         net (fo=1, unplaced)         0.646     0.646    cnn_system_i/rst_ps7_0_100M/U0/EXT_LPF/ACTIVE_LOW_EXT.ACT_LO_EXT/ext_reset_in
                         LUT2 (Prop_lut2_I1_O)        0.105     0.751 r  cnn_system_i/rst_ps7_0_100M/U0/EXT_LPF/ACTIVE_LOW_EXT.ACT_LO_EXT/GENERATE_LEVEL_P_S_CDC.SINGLE_BIT.CROSS_PLEVEL_IN2SCNDRY_IN_cdc_to_i_1/O
                         net (fo=1, unplaced)         0.000     0.751    cnn_system_i/rst_ps7_0_100M/U0/EXT_LPF/ACTIVE_LOW_EXT.ACT_LO_EXT/exr_d1
                         FDRE                                         r  cnn_system_i/rst_ps7_0_100M/U0/EXT_LPF/ACTIVE_LOW_EXT.ACT_LO_EXT/GENERATE_LEVEL_P_S_CDC.SINGLE_BIT.CROSS_PLEVEL_IN2SCNDRY_IN_cdc_to/D
  -------------------------------------------------------------------    -------------------

                         (clock clk_fpga_0 rise edge)
                                                      0.000     0.000 r  
    PS7_X0Y0             PS7                          0.000     0.000 r  cnn_system_i/processing_system7_0/inst/PS7_i/FCLKCLK[0]
                         net (fo=1, unplaced)         0.613     0.613    cnn_system_i/processing_system7_0/inst/FCLK_CLK_unbuffered[0]
                         BUFG (Prop_bufg_I_O)         0.077     0.690 r  cnn_system_i/processing_system7_0/inst/buffer_fclk_clk_0.FCLK_CLK_0_BUFG/O
                         net (fo=11562, unplaced)     0.501     1.191    cnn_system_i/rst_ps7_0_100M/U0/EXT_LPF/ACTIVE_LOW_EXT.ACT_LO_EXT/slowest_sync_clk
                         FDRE                                         r  cnn_system_i/rst_ps7_0_100M/U0/EXT_LPF/ACTIVE_LOW_EXT.ACT_LO_EXT/GENERATE_LEVEL_P_S_CDC.SINGLE_BIT.CROSS_PLEVEL_IN2SCNDRY_IN_cdc_to/C





--------------------------------------------------------------------------------------
Path Group:  (none)
From Clock:  clk_fpga_0
  To Clock:  clk_fpga_0

Max Delay            60 Endpoints
Min Delay             0 Endpoints
--------------------------------------------------------------------------------------


Max Delay Paths
--------------------------------------------------------------------------------------
Slack:                    inf
  Source:                 cnn_system_i/axi_smc_1/inst/clk_map/psr_aclk/U0/ACTIVE_LOW_BSR_OUT_DFF[0].FDRE_BSR_N/C
                            (rising edge-triggered cell FDRE clocked by clk_fpga_0  {rise@0.000ns fall@5.000ns period=10.000ns})
  Destination:            cnn_system_i/axi_smc_1/inst/m00_exit_pipeline/m00_exit/inst/xpm_cdc_async_rst_inst/arststages_ff_reg[0]/CLR
                            (recovery check against rising-edge clock clk_fpga_0  {rise@0.000ns fall@5.000ns period=10.000ns})
  Path Group:             (none)
  Path Type:              Recovery (Max at Slow Process Corner)
  Data Path Delay:        1.574ns  (logic 0.629ns (39.962%)  route 0.945ns (60.038%))
  Logic Levels:           1  (LUT1=1)
  Clock Path Skew:        -0.185ns (DCD - SCD + CPR)
    Destination Clock Delay (DCD):    1.191ns
    Source Clock Delay      (SCD):    1.376ns
    Clock Pessimism Removal (CPR):    0.000ns
  Clock Uncertainty:      0.154ns  ((TSJ^2 + TIJ^2)^1/2 + DJ) / 2 + PE
    Total System Jitter     (TSJ):    0.071ns
    Total Input Jitter      (TIJ):    0.300ns
    Discrete Jitter          (DJ):    0.000ns
    Phase Error              (PE):    0.000ns
  Timing Exception:       False Path

    Location             Delay type                Incr(ns)  Path(ns)    Netlist Resource(s)
  -------------------------------------------------------------------    -------------------
                         (clock clk_fpga_0 rise edge)
                                                      0.000     0.000 r  
    PS7_X0Y0             PS7                          0.000     0.000 r  cnn_system_i/processing_system7_0/inst/PS7_i/FCLKCLK[0]
                         net (fo=1, unplaced)         0.646     0.646    cnn_system_i/processing_system7_0/inst/FCLK_CLK_unbuffered[0]
                         BUFG (Prop_bufg_I_O)         0.085     0.731 r  cnn_system_i/processing_system7_0/inst/buffer_fclk_clk_0.FCLK_CLK_0_BUFG/O
                         net (fo=11562, unplaced)     0.646     1.376    cnn_system_i/axi_smc_1/inst/clk_map/psr_aclk/U0/aclk
                         FDRE                                         r  cnn_system_i/axi_smc_1/inst/clk_map/psr_aclk/U0/ACTIVE_LOW_BSR_OUT_DFF[0].FDRE_BSR_N/C
  -------------------------------------------------------------------    -------------------
                         FDRE (Prop_fdre_C_Q)         0.397     1.773 r  cnn_system_i/axi_smc_1/inst/clk_map/psr_aclk/U0/ACTIVE_LOW_BSR_OUT_DFF[0].FDRE_BSR_N/Q
                         net (fo=10, unplaced)        0.283     2.056    cnn_system_i/axi_smc_1/inst/m00_exit_pipeline/m00_exit/inst/xpm_cdc_async_rst_inst/src_arst
                         LUT1 (Prop_lut1_I0_O)        0.232     2.288 f  cnn_system_i/axi_smc_1/inst/m00_exit_pipeline/m00_exit/inst/xpm_cdc_async_rst_inst/arststages_ff[2]_i_1/O
                         net (fo=3, unplaced)         0.662     2.950    cnn_system_i/axi_smc_1/inst/m00_exit_pipeline/m00_exit/inst/xpm_cdc_async_rst_inst/reset_pol
                         FDCE                                         f  cnn_system_i/axi_smc_1/inst/m00_exit_pipeline/m00_exit/inst/xpm_cdc_async_rst_inst/arststages_ff_reg[0]/CLR
  -------------------------------------------------------------------    -------------------

                         (clock clk_fpga_0 rise edge)
                                                      0.000     0.000 r  
    PS7_X0Y0             PS7                          0.000     0.000 r  cnn_system_i/processing_system7_0/inst/PS7_i/FCLKCLK[0]
                         net (fo=1, unplaced)         0.613     0.613    cnn_system_i/processing_system7_0/inst/FCLK_CLK_unbuffered[0]
                         BUFG (Prop_bufg_I_O)         0.077     0.690 r  cnn_system_i/processing_system7_0/inst/buffer_fclk_clk_0.FCLK_CLK_0_BUFG/O
                         net (fo=11562, unplaced)     0.501     1.191    cnn_system_i/axi_smc_1/inst/m00_exit_pipeline/m00_exit/inst/xpm_cdc_async_rst_inst/dest_clk
                         FDCE                                         r  cnn_system_i/axi_smc_1/inst/m00_exit_pipeline/m00_exit/inst/xpm_cdc_async_rst_inst/arststages_ff_reg[0]/C

Slack:                    inf
  Source:                 cnn_system_i/axi_smc_1/inst/clk_map/psr_aclk/U0/ACTIVE_LOW_BSR_OUT_DFF[0].FDRE_BSR_N/C
                            (rising edge-triggered cell FDRE clocked by clk_fpga_0  {rise@0.000ns fall@5.000ns period=10.000ns})
  Destination:            cnn_system_i/axi_smc_1/inst/m00_exit_pipeline/m00_exit/inst/xpm_cdc_async_rst_inst/arststages_ff_reg[1]/CLR
                            (recovery check against rising-edge clock clk_fpga_0  {rise@0.000ns fall@5.000ns period=10.000ns})
  Path Group:             (none)
  Path Type:              Recovery (Max at Slow Process Corner)
  Data Path Delay:        1.574ns  (logic 0.629ns (39.962%)  route 0.945ns (60.038%))
  Logic Levels:           1  (LUT1=1)
  Clock Path Skew:        -0.185ns (DCD - SCD + CPR)
    Destination Clock Delay (DCD):    1.191ns
    Source Clock Delay      (SCD):    1.376ns
    Clock Pessimism Removal (CPR):    0.000ns
  Clock Uncertainty:      0.154ns  ((TSJ^2 + TIJ^2)^1/2 + DJ) / 2 + PE
    Total System Jitter     (TSJ):    0.071ns
    Total Input Jitter      (TIJ):    0.300ns
    Discrete Jitter          (DJ):    0.000ns
    Phase Error              (PE):    0.000ns
  Timing Exception:       False Path

    Location             Delay type                Incr(ns)  Path(ns)    Netlist Resource(s)
  -------------------------------------------------------------------    -------------------
                         (clock clk_fpga_0 rise edge)
                                                      0.000     0.000 r  
    PS7_X0Y0             PS7                          0.000     0.000 r  cnn_system_i/processing_system7_0/inst/PS7_i/FCLKCLK[0]
                         net (fo=1, unplaced)         0.646     0.646    cnn_system_i/processing_system7_0/inst/FCLK_CLK_unbuffered[0]
                         BUFG (Prop_bufg_I_O)         0.085     0.731 r  cnn_system_i/processing_system7_0/inst/buffer_fclk_clk_0.FCLK_CLK_0_BUFG/O
                         net (fo=11562, unplaced)     0.646     1.376    cnn_system_i/axi_smc_1/inst/clk_map/psr_aclk/U0/aclk
                         FDRE                                         r  cnn_system_i/axi_smc_1/inst/clk_map/psr_aclk/U0/ACTIVE_LOW_BSR_OUT_DFF[0].FDRE_BSR_N/C
  -------------------------------------------------------------------    -------------------
                         FDRE (Prop_fdre_C_Q)         0.397     1.773 r  cnn_system_i/axi_smc_1/inst/clk_map/psr_aclk/U0/ACTIVE_LOW_BSR_OUT_DFF[0].FDRE_BSR_N/Q
                         net (fo=10, unplaced)        0.283     2.056    cnn_system_i/axi_smc_1/inst/m00_exit_pipeline/m00_exit/inst/xpm_cdc_async_rst_inst/src_arst
                         LUT1 (Prop_lut1_I0_O)        0.232     2.288 f  cnn_system_i/axi_smc_1/inst/m00_exit_pipeline/m00_exit/inst/xpm_cdc_async_rst_inst/arststages_ff[2]_i_1/O
                         net (fo=3, unplaced)         0.662     2.950    cnn_system_i/axi_smc_1/inst/m00_exit_pipeline/m00_exit/inst/xpm_cdc_async_rst_inst/reset_pol
                         FDCE                                         f  cnn_system_i/axi_smc_1/inst/m00_exit_pipeline/m00_exit/inst/xpm_cdc_async_rst_inst/arststages_ff_reg[1]/CLR
  -------------------------------------------------------------------    -------------------

                         (clock clk_fpga_0 rise edge)
                                                      0.000     0.000 r  
    PS7_X0Y0             PS7                          0.000     0.000 r  cnn_system_i/processing_system7_0/inst/PS7_i/FCLKCLK[0]
                         net (fo=1, unplaced)         0.613     0.613    cnn_system_i/processing_system7_0/inst/FCLK_CLK_unbuffered[0]
                         BUFG (Prop_bufg_I_O)         0.077     0.690 r  cnn_system_i/processing_system7_0/inst/buffer_fclk_clk_0.FCLK_CLK_0_BUFG/O
                         net (fo=11562, unplaced)     0.501     1.191    cnn_system_i/axi_smc_1/inst/m00_exit_pipeline/m00_exit/inst/xpm_cdc_async_rst_inst/dest_clk
                         FDCE                                         r  cnn_system_i/axi_smc_1/inst/m00_exit_pipeline/m00_exit/inst/xpm_cdc_async_rst_inst/arststages_ff_reg[1]/C

Slack:                    inf
  Source:                 cnn_system_i/axi_smc_1/inst/clk_map/psr_aclk/U0/ACTIVE_LOW_BSR_OUT_DFF[0].FDRE_BSR_N/C
                            (rising edge-triggered cell FDRE clocked by clk_fpga_0  {rise@0.000ns fall@5.000ns period=10.000ns})
  Destination:            cnn_system_i/axi_smc_1/inst/m00_exit_pipeline/m00_exit/inst/xpm_cdc_async_rst_inst/arststages_ff_reg[2]/CLR
                            (recovery check against rising-edge clock clk_fpga_0  {rise@0.000ns fall@5.000ns period=10.000ns})
  Path Group:             (none)
  Path Type:              Recovery (Max at Slow Process Corner)
  Data Path Delay:        1.574ns  (logic 0.629ns (39.962%)  route 0.945ns (60.038%))
  Logic Levels:           1  (LUT1=1)
  Clock Path Skew:        -0.185ns (DCD - SCD + CPR)
    Destination Clock Delay (DCD):    1.191ns
    Source Clock Delay      (SCD):    1.376ns
    Clock Pessimism Removal (CPR):    0.000ns
  Clock Uncertainty:      0.154ns  ((TSJ^2 + TIJ^2)^1/2 + DJ) / 2 + PE
    Total System Jitter     (TSJ):    0.071ns
    Total Input Jitter      (TIJ):    0.300ns
    Discrete Jitter          (DJ):    0.000ns
    Phase Error              (PE):    0.000ns
  Timing Exception:       False Path

    Location             Delay type                Incr(ns)  Path(ns)    Netlist Resource(s)
  -------------------------------------------------------------------    -------------------
                         (clock clk_fpga_0 rise edge)
                                                      0.000     0.000 r  
    PS7_X0Y0             PS7                          0.000     0.000 r  cnn_system_i/processing_system7_0/inst/PS7_i/FCLKCLK[0]
                         net (fo=1, unplaced)         0.646     0.646    cnn_system_i/processing_system7_0/inst/FCLK_CLK_unbuffered[0]
                         BUFG (Prop_bufg_I_O)         0.085     0.731 r  cnn_system_i/processing_system7_0/inst/buffer_fclk_clk_0.FCLK_CLK_0_BUFG/O
                         net (fo=11562, unplaced)     0.646     1.376    cnn_system_i/axi_smc_1/inst/clk_map/psr_aclk/U0/aclk
                         FDRE                                         r  cnn_system_i/axi_smc_1/inst/clk_map/psr_aclk/U0/ACTIVE_LOW_BSR_OUT_DFF[0].FDRE_BSR_N/C
  -------------------------------------------------------------------    -------------------
                         FDRE (Prop_fdre_C_Q)         0.397     1.773 r  cnn_system_i/axi_smc_1/inst/clk_map/psr_aclk/U0/ACTIVE_LOW_BSR_OUT_DFF[0].FDRE_BSR_N/Q
                         net (fo=10, unplaced)        0.283     2.056    cnn_system_i/axi_smc_1/inst/m00_exit_pipeline/m00_exit/inst/xpm_cdc_async_rst_inst/src_arst
                         LUT1 (Prop_lut1_I0_O)        0.232     2.288 f  cnn_system_i/axi_smc_1/inst/m00_exit_pipeline/m00_exit/inst/xpm_cdc_async_rst_inst/arststages_ff[2]_i_1/O
                         net (fo=3, unplaced)         0.662     2.950    cnn_system_i/axi_smc_1/inst/m00_exit_pipeline/m00_exit/inst/xpm_cdc_async_rst_inst/reset_pol
                         FDCE                                         f  cnn_system_i/axi_smc_1/inst/m00_exit_pipeline/m00_exit/inst/xpm_cdc_async_rst_inst/arststages_ff_reg[2]/CLR
  -------------------------------------------------------------------    -------------------

                         (clock clk_fpga_0 rise edge)
                                                      0.000     0.000 r  
    PS7_X0Y0             PS7                          0.000     0.000 r  cnn_system_i/processing_system7_0/inst/PS7_i/FCLKCLK[0]
                         net (fo=1, unplaced)         0.613     0.613    cnn_system_i/processing_system7_0/inst/FCLK_CLK_unbuffered[0]
                         BUFG (Prop_bufg_I_O)         0.077     0.690 r  cnn_system_i/processing_system7_0/inst/buffer_fclk_clk_0.FCLK_CLK_0_BUFG/O
                         net (fo=11562, unplaced)     0.501     1.191    cnn_system_i/axi_smc_1/inst/m00_exit_pipeline/m00_exit/inst/xpm_cdc_async_rst_inst/dest_clk
                         FDCE                                         r  cnn_system_i/axi_smc_1/inst/m00_exit_pipeline/m00_exit/inst/xpm_cdc_async_rst_inst/arststages_ff_reg[2]/C

Slack:                    inf
  Source:                 cnn_system_i/axi_smc_1/inst/clk_map/psr_aclk/U0/ACTIVE_LOW_BSR_OUT_DFF[0].FDRE_BSR_N/C
                            (rising edge-triggered cell FDRE clocked by clk_fpga_0  {rise@0.000ns fall@5.000ns period=10.000ns})
  Destination:            cnn_system_i/axi_smc_1/inst/s00_entry_pipeline/s00_mmu/inst/xpm_cdc_async_rst_inst/arststages_ff_reg[0]/CLR
                            (recovery check against rising-edge clock clk_fpga_0  {rise@0.000ns fall@5.000ns period=10.000ns})
  Path Group:             (none)
  Path Type:              Recovery (Max at Slow Process Corner)
  Data Path Delay:        1.574ns  (logic 0.629ns (39.962%)  route 0.945ns (60.038%))
  Logic Levels:           1  (LUT1=1)
  Clock Path Skew:        -0.185ns (DCD - SCD + CPR)
    Destination Clock Delay (DCD):    1.191ns
    Source Clock Delay      (SCD):    1.376ns
    Clock Pessimism Removal (CPR):    0.000ns
  Clock Uncertainty:      0.154ns  ((TSJ^2 + TIJ^2)^1/2 + DJ) / 2 + PE
    Total System Jitter     (TSJ):    0.071ns
    Total Input Jitter      (TIJ):    0.300ns
    Discrete Jitter          (DJ):    0.000ns
    Phase Error              (PE):    0.000ns
  Timing Exception:       False Path

    Location             Delay type                Incr(ns)  Path(ns)    Netlist Resource(s)
  -------------------------------------------------------------------    -------------------
                         (clock clk_fpga_0 rise edge)
                                                      0.000     0.000 r  
    PS7_X0Y0             PS7                          0.000     0.000 r  cnn_system_i/processing_system7_0/inst/PS7_i/FCLKCLK[0]
                         net (fo=1, unplaced)         0.646     0.646    cnn_system_i/processing_system7_0/inst/FCLK_CLK_unbuffered[0]
                         BUFG (Prop_bufg_I_O)         0.085     0.731 r  cnn_system_i/processing_system7_0/inst/buffer_fclk_clk_0.FCLK_CLK_0_BUFG/O
                         net (fo=11562, unplaced)     0.646     1.376    cnn_system_i/axi_smc_1/inst/clk_map/psr_aclk/U0/aclk
                         FDRE                                         r  cnn_system_i/axi_smc_1/inst/clk_map/psr_aclk/U0/ACTIVE_LOW_BSR_OUT_DFF[0].FDRE_BSR_N/C
  -------------------------------------------------------------------    -------------------
                         FDRE (Prop_fdre_C_Q)         0.397     1.773 r  cnn_system_i/axi_smc_1/inst/clk_map/psr_aclk/U0/ACTIVE_LOW_BSR_OUT_DFF[0].FDRE_BSR_N/Q
                         net (fo=10, unplaced)        0.283     2.056    cnn_system_i/axi_smc_1/inst/s00_entry_pipeline/s00_mmu/inst/xpm_cdc_async_rst_inst/src_arst
                         LUT1 (Prop_lut1_I0_O)        0.232     2.288 f  cnn_system_i/axi_smc_1/inst/s00_entry_pipeline/s00_mmu/inst/xpm_cdc_async_rst_inst/arststages_ff[2]_i_1/O
                         net (fo=3, unplaced)         0.662     2.950    cnn_system_i/axi_smc_1/inst/s00_entry_pipeline/s00_mmu/inst/xpm_cdc_async_rst_inst/reset_pol
                         FDCE                                         f  cnn_system_i/axi_smc_1/inst/s00_entry_pipeline/s00_mmu/inst/xpm_cdc_async_rst_inst/arststages_ff_reg[0]/CLR
  -------------------------------------------------------------------    -------------------

                         (clock clk_fpga_0 rise edge)
                                                      0.000     0.000 r  
    PS7_X0Y0             PS7                          0.000     0.000 r  cnn_system_i/processing_system7_0/inst/PS7_i/FCLKCLK[0]
                         net (fo=1, unplaced)         0.613     0.613    cnn_system_i/processing_system7_0/inst/FCLK_CLK_unbuffered[0]
                         BUFG (Prop_bufg_I_O)         0.077     0.690 r  cnn_system_i/processing_system7_0/inst/buffer_fclk_clk_0.FCLK_CLK_0_BUFG/O
                         net (fo=11562, unplaced)     0.501     1.191    cnn_system_i/axi_smc_1/inst/s00_entry_pipeline/s00_mmu/inst/xpm_cdc_async_rst_inst/dest_clk
                         FDCE                                         r  cnn_system_i/axi_smc_1/inst/s00_entry_pipeline/s00_mmu/inst/xpm_cdc_async_rst_inst/arststages_ff_reg[0]/C

Slack:                    inf
  Source:                 cnn_system_i/axi_smc_1/inst/clk_map/psr_aclk/U0/ACTIVE_LOW_BSR_OUT_DFF[0].FDRE_BSR_N/C
                            (rising edge-triggered cell FDRE clocked by clk_fpga_0  {rise@0.000ns fall@5.000ns period=10.000ns})
  Destination:            cnn_system_i/axi_smc_1/inst/s00_entry_pipeline/s00_mmu/inst/xpm_cdc_async_rst_inst/arststages_ff_reg[1]/CLR
                            (recovery check against rising-edge clock clk_fpga_0  {rise@0.000ns fall@5.000ns period=10.000ns})
  Path Group:             (none)
  Path Type:              Recovery (Max at Slow Process Corner)
  Data Path Delay:        1.574ns  (logic 0.629ns (39.962%)  route 0.945ns (60.038%))
  Logic Levels:           1  (LUT1=1)
  Clock Path Skew:        -0.185ns (DCD - SCD + CPR)
    Destination Clock Delay (DCD):    1.191ns
    Source Clock Delay      (SCD):    1.376ns
    Clock Pessimism Removal (CPR):    0.000ns
  Clock Uncertainty:      0.154ns  ((TSJ^2 + TIJ^2)^1/2 + DJ) / 2 + PE
    Total System Jitter     (TSJ):    0.071ns
    Total Input Jitter      (TIJ):    0.300ns
    Discrete Jitter          (DJ):    0.000ns
    Phase Error              (PE):    0.000ns
  Timing Exception:       False Path

    Location             Delay type                Incr(ns)  Path(ns)    Netlist Resource(s)
  -------------------------------------------------------------------    -------------------
                         (clock clk_fpga_0 rise edge)
                                                      0.000     0.000 r  
    PS7_X0Y0             PS7                          0.000     0.000 r  cnn_system_i/processing_system7_0/inst/PS7_i/FCLKCLK[0]
                         net (fo=1, unplaced)         0.646     0.646    cnn_system_i/processing_system7_0/inst/FCLK_CLK_unbuffered[0]
                         BUFG (Prop_bufg_I_O)         0.085     0.731 r  cnn_system_i/processing_system7_0/inst/buffer_fclk_clk_0.FCLK_CLK_0_BUFG/O
                         net (fo=11562, unplaced)     0.646     1.376    cnn_system_i/axi_smc_1/inst/clk_map/psr_aclk/U0/aclk
                         FDRE                                         r  cnn_system_i/axi_smc_1/inst/clk_map/psr_aclk/U0/ACTIVE_LOW_BSR_OUT_DFF[0].FDRE_BSR_N/C
  -------------------------------------------------------------------    -------------------
                         FDRE (Prop_fdre_C_Q)         0.397     1.773 r  cnn_system_i/axi_smc_1/inst/clk_map/psr_aclk/U0/ACTIVE_LOW_BSR_OUT_DFF[0].FDRE_BSR_N/Q
                         net (fo=10, unplaced)        0.283     2.056    cnn_system_i/axi_smc_1/inst/s00_entry_pipeline/s00_mmu/inst/xpm_cdc_async_rst_inst/src_arst
                         LUT1 (Prop_lut1_I0_O)        0.232     2.288 f  cnn_system_i/axi_smc_1/inst/s00_entry_pipeline/s00_mmu/inst/xpm_cdc_async_rst_inst/arststages_ff[2]_i_1/O
                         net (fo=3, unplaced)         0.662     2.950    cnn_system_i/axi_smc_1/inst/s00_entry_pipeline/s00_mmu/inst/xpm_cdc_async_rst_inst/reset_pol
                         FDCE                                         f  cnn_system_i/axi_smc_1/inst/s00_entry_pipeline/s00_mmu/inst/xpm_cdc_async_rst_inst/arststages_ff_reg[1]/CLR
  -------------------------------------------------------------------    -------------------

                         (clock clk_fpga_0 rise edge)
                                                      0.000     0.000 r  
    PS7_X0Y0             PS7                          0.000     0.000 r  cnn_system_i/processing_system7_0/inst/PS7_i/FCLKCLK[0]
                         net (fo=1, unplaced)         0.613     0.613    cnn_system_i/processing_system7_0/inst/FCLK_CLK_unbuffered[0]
                         BUFG (Prop_bufg_I_O)         0.077     0.690 r  cnn_system_i/processing_system7_0/inst/buffer_fclk_clk_0.FCLK_CLK_0_BUFG/O
                         net (fo=11562, unplaced)     0.501     1.191    cnn_system_i/axi_smc_1/inst/s00_entry_pipeline/s00_mmu/inst/xpm_cdc_async_rst_inst/dest_clk
                         FDCE                                         r  cnn_system_i/axi_smc_1/inst/s00_entry_pipeline/s00_mmu/inst/xpm_cdc_async_rst_inst/arststages_ff_reg[1]/C

Slack:                    inf
  Source:                 cnn_system_i/axi_smc_1/inst/clk_map/psr_aclk/U0/ACTIVE_LOW_BSR_OUT_DFF[0].FDRE_BSR_N/C
                            (rising edge-triggered cell FDRE clocked by clk_fpga_0  {rise@0.000ns fall@5.000ns period=10.000ns})
  Destination:            cnn_system_i/axi_smc_1/inst/s00_entry_pipeline/s00_mmu/inst/xpm_cdc_async_rst_inst/arststages_ff_reg[2]/CLR
                            (recovery check against rising-edge clock clk_fpga_0  {rise@0.000ns fall@5.000ns period=10.000ns})
  Path Group:             (none)
  Path Type:              Recovery (Max at Slow Process Corner)
  Data Path Delay:        1.574ns  (logic 0.629ns (39.962%)  route 0.945ns (60.038%))
  Logic Levels:           1  (LUT1=1)
  Clock Path Skew:        -0.185ns (DCD - SCD + CPR)
    Destination Clock Delay (DCD):    1.191ns
    Source Clock Delay      (SCD):    1.376ns
    Clock Pessimism Removal (CPR):    0.000ns
  Clock Uncertainty:      0.154ns  ((TSJ^2 + TIJ^2)^1/2 + DJ) / 2 + PE
    Total System Jitter     (TSJ):    0.071ns
    Total Input Jitter      (TIJ):    0.300ns
    Discrete Jitter          (DJ):    0.000ns
    Phase Error              (PE):    0.000ns
  Timing Exception:       False Path

    Location             Delay type                Incr(ns)  Path(ns)    Netlist Resource(s)
  -------------------------------------------------------------------    -------------------
                         (clock clk_fpga_0 rise edge)
                                                      0.000     0.000 r  
    PS7_X0Y0             PS7                          0.000     0.000 r  cnn_system_i/processing_system7_0/inst/PS7_i/FCLKCLK[0]
                         net (fo=1, unplaced)         0.646     0.646    cnn_system_i/processing_system7_0/inst/FCLK_CLK_unbuffered[0]
                         BUFG (Prop_bufg_I_O)         0.085     0.731 r  cnn_system_i/processing_system7_0/inst/buffer_fclk_clk_0.FCLK_CLK_0_BUFG/O
                         net (fo=11562, unplaced)     0.646     1.376    cnn_system_i/axi_smc_1/inst/clk_map/psr_aclk/U0/aclk
                         FDRE                                         r  cnn_system_i/axi_smc_1/inst/clk_map/psr_aclk/U0/ACTIVE_LOW_BSR_OUT_DFF[0].FDRE_BSR_N/C
  -------------------------------------------------------------------    -------------------
                         FDRE (Prop_fdre_C_Q)         0.397     1.773 r  cnn_system_i/axi_smc_1/inst/clk_map/psr_aclk/U0/ACTIVE_LOW_BSR_OUT_DFF[0].FDRE_BSR_N/Q
                         net (fo=10, unplaced)        0.283     2.056    cnn_system_i/axi_smc_1/inst/s00_entry_pipeline/s00_mmu/inst/xpm_cdc_async_rst_inst/src_arst
                         LUT1 (Prop_lut1_I0_O)        0.232     2.288 f  cnn_system_i/axi_smc_1/inst/s00_entry_pipeline/s00_mmu/inst/xpm_cdc_async_rst_inst/arststages_ff[2]_i_1/O
                         net (fo=3, unplaced)         0.662     2.950    cnn_system_i/axi_smc_1/inst/s00_entry_pipeline/s00_mmu/inst/xpm_cdc_async_rst_inst/reset_pol
                         FDCE                                         f  cnn_system_i/axi_smc_1/inst/s00_entry_pipeline/s00_mmu/inst/xpm_cdc_async_rst_inst/arststages_ff_reg[2]/CLR
  -------------------------------------------------------------------    -------------------

                         (clock clk_fpga_0 rise edge)
                                                      0.000     0.000 r  
    PS7_X0Y0             PS7                          0.000     0.000 r  cnn_system_i/processing_system7_0/inst/PS7_i/FCLKCLK[0]
                         net (fo=1, unplaced)         0.613     0.613    cnn_system_i/processing_system7_0/inst/FCLK_CLK_unbuffered[0]
                         BUFG (Prop_bufg_I_O)         0.077     0.690 r  cnn_system_i/processing_system7_0/inst/buffer_fclk_clk_0.FCLK_CLK_0_BUFG/O
                         net (fo=11562, unplaced)     0.501     1.191    cnn_system_i/axi_smc_1/inst/s00_entry_pipeline/s00_mmu/inst/xpm_cdc_async_rst_inst/dest_clk
                         FDCE                                         r  cnn_system_i/axi_smc_1/inst/s00_entry_pipeline/s00_mmu/inst/xpm_cdc_async_rst_inst/arststages_ff_reg[2]/C

Slack:                    inf
  Source:                 cnn_system_i/axi_smc_1/inst/clk_map/psr_aclk/U0/ACTIVE_LOW_BSR_OUT_DFF[0].FDRE_BSR_N/C
                            (rising edge-triggered cell FDRE clocked by clk_fpga_0  {rise@0.000ns fall@5.000ns period=10.000ns})
  Destination:            cnn_system_i/axi_smc_1/inst/s00_entry_pipeline/s00_si_converter/inst/xpm_cdc_async_rst_inst/arststages_ff_reg[0]/CLR
                            (recovery check against rising-edge clock clk_fpga_0  {rise@0.000ns fall@5.000ns period=10.000ns})
  Path Group:             (none)
  Path Type:              Recovery (Max at Slow Process Corner)
  Data Path Delay:        1.574ns  (logic 0.629ns (39.962%)  route 0.945ns (60.038%))
  Logic Levels:           1  (LUT1=1)
  Clock Path Skew:        -0.185ns (DCD - SCD + CPR)
    Destination Clock Delay (DCD):    1.191ns
    Source Clock Delay      (SCD):    1.376ns
    Clock Pessimism Removal (CPR):    0.000ns
  Clock Uncertainty:      0.154ns  ((TSJ^2 + TIJ^2)^1/2 + DJ) / 2 + PE
    Total System Jitter     (TSJ):    0.071ns
    Total Input Jitter      (TIJ):    0.300ns
    Discrete Jitter          (DJ):    0.000ns
    Phase Error              (PE):    0.000ns
  Timing Exception:       False Path

    Location             Delay type                Incr(ns)  Path(ns)    Netlist Resource(s)
  -------------------------------------------------------------------    -------------------
                         (clock clk_fpga_0 rise edge)
                                                      0.000     0.000 r  
    PS7_X0Y0             PS7                          0.000     0.000 r  cnn_system_i/processing_system7_0/inst/PS7_i/FCLKCLK[0]
                         net (fo=1, unplaced)         0.646     0.646    cnn_system_i/processing_system7_0/inst/FCLK_CLK_unbuffered[0]
                         BUFG (Prop_bufg_I_O)         0.085     0.731 r  cnn_system_i/processing_system7_0/inst/buffer_fclk_clk_0.FCLK_CLK_0_BUFG/O
                         net (fo=11562, unplaced)     0.646     1.376    cnn_system_i/axi_smc_1/inst/clk_map/psr_aclk/U0/aclk
                         FDRE                                         r  cnn_system_i/axi_smc_1/inst/clk_map/psr_aclk/U0/ACTIVE_LOW_BSR_OUT_DFF[0].FDRE_BSR_N/C
  -------------------------------------------------------------------    -------------------
                         FDRE (Prop_fdre_C_Q)         0.397     1.773 r  cnn_system_i/axi_smc_1/inst/clk_map/psr_aclk/U0/ACTIVE_LOW_BSR_OUT_DFF[0].FDRE_BSR_N/Q
                         net (fo=10, unplaced)        0.283     2.056    cnn_system_i/axi_smc_1/inst/s00_entry_pipeline/s00_si_converter/inst/xpm_cdc_async_rst_inst/src_arst
                         LUT1 (Prop_lut1_I0_O)        0.232     2.288 f  cnn_system_i/axi_smc_1/inst/s00_entry_pipeline/s00_si_converter/inst/xpm_cdc_async_rst_inst/arststages_ff[2]_i_1/O
                         net (fo=3, unplaced)         0.662     2.950    cnn_system_i/axi_smc_1/inst/s00_entry_pipeline/s00_si_converter/inst/xpm_cdc_async_rst_inst/reset_pol
                         FDCE                                         f  cnn_system_i/axi_smc_1/inst/s00_entry_pipeline/s00_si_converter/inst/xpm_cdc_async_rst_inst/arststages_ff_reg[0]/CLR
  -------------------------------------------------------------------    -------------------

                         (clock clk_fpga_0 rise edge)
                                                      0.000     0.000 r  
    PS7_X0Y0             PS7                          0.000     0.000 r  cnn_system_i/processing_system7_0/inst/PS7_i/FCLKCLK[0]
                         net (fo=1, unplaced)         0.613     0.613    cnn_system_i/processing_system7_0/inst/FCLK_CLK_unbuffered[0]
                         BUFG (Prop_bufg_I_O)         0.077     0.690 r  cnn_system_i/processing_system7_0/inst/buffer_fclk_clk_0.FCLK_CLK_0_BUFG/O
                         net (fo=11562, unplaced)     0.501     1.191    cnn_system_i/axi_smc_1/inst/s00_entry_pipeline/s00_si_converter/inst/xpm_cdc_async_rst_inst/dest_clk
                         FDCE                                         r  cnn_system_i/axi_smc_1/inst/s00_entry_pipeline/s00_si_converter/inst/xpm_cdc_async_rst_inst/arststages_ff_reg[0]/C

Slack:                    inf
  Source:                 cnn_system_i/axi_smc_1/inst/clk_map/psr_aclk/U0/ACTIVE_LOW_BSR_OUT_DFF[0].FDRE_BSR_N/C
                            (rising edge-triggered cell FDRE clocked by clk_fpga_0  {rise@0.000ns fall@5.000ns period=10.000ns})
  Destination:            cnn_system_i/axi_smc_1/inst/s00_entry_pipeline/s00_si_converter/inst/xpm_cdc_async_rst_inst/arststages_ff_reg[1]/CLR
                            (recovery check against rising-edge clock clk_fpga_0  {rise@0.000ns fall@5.000ns period=10.000ns})
  Path Group:             (none)
  Path Type:              Recovery (Max at Slow Process Corner)
  Data Path Delay:        1.574ns  (logic 0.629ns (39.962%)  route 0.945ns (60.038%))
  Logic Levels:           1  (LUT1=1)
  Clock Path Skew:        -0.185ns (DCD - SCD + CPR)
    Destination Clock Delay (DCD):    1.191ns
    Source Clock Delay      (SCD):    1.376ns
    Clock Pessimism Removal (CPR):    0.000ns
  Clock Uncertainty:      0.154ns  ((TSJ^2 + TIJ^2)^1/2 + DJ) / 2 + PE
    Total System Jitter     (TSJ):    0.071ns
    Total Input Jitter      (TIJ):    0.300ns
    Discrete Jitter          (DJ):    0.000ns
    Phase Error              (PE):    0.000ns
  Timing Exception:       False Path

    Location             Delay type                Incr(ns)  Path(ns)    Netlist Resource(s)
  -------------------------------------------------------------------    -------------------
                         (clock clk_fpga_0 rise edge)
                                                      0.000     0.000 r  
    PS7_X0Y0             PS7                          0.000     0.000 r  cnn_system_i/processing_system7_0/inst/PS7_i/FCLKCLK[0]
                         net (fo=1, unplaced)         0.646     0.646    cnn_system_i/processing_system7_0/inst/FCLK_CLK_unbuffered[0]
                         BUFG (Prop_bufg_I_O)         0.085     0.731 r  cnn_system_i/processing_system7_0/inst/buffer_fclk_clk_0.FCLK_CLK_0_BUFG/O
                         net (fo=11562, unplaced)     0.646     1.376    cnn_system_i/axi_smc_1/inst/clk_map/psr_aclk/U0/aclk
                         FDRE                                         r  cnn_system_i/axi_smc_1/inst/clk_map/psr_aclk/U0/ACTIVE_LOW_BSR_OUT_DFF[0].FDRE_BSR_N/C
  -------------------------------------------------------------------    -------------------
                         FDRE (Prop_fdre_C_Q)         0.397     1.773 r  cnn_system_i/axi_smc_1/inst/clk_map/psr_aclk/U0/ACTIVE_LOW_BSR_OUT_DFF[0].FDRE_BSR_N/Q
                         net (fo=10, unplaced)        0.283     2.056    cnn_system_i/axi_smc_1/inst/s00_entry_pipeline/s00_si_converter/inst/xpm_cdc_async_rst_inst/src_arst
                         LUT1 (Prop_lut1_I0_O)        0.232     2.288 f  cnn_system_i/axi_smc_1/inst/s00_entry_pipeline/s00_si_converter/inst/xpm_cdc_async_rst_inst/arststages_ff[2]_i_1/O
                         net (fo=3, unplaced)         0.662     2.950    cnn_system_i/axi_smc_1/inst/s00_entry_pipeline/s00_si_converter/inst/xpm_cdc_async_rst_inst/reset_pol
                         FDCE                                         f  cnn_system_i/axi_smc_1/inst/s00_entry_pipeline/s00_si_converter/inst/xpm_cdc_async_rst_inst/arststages_ff_reg[1]/CLR
  -------------------------------------------------------------------    -------------------

                         (clock clk_fpga_0 rise edge)
                                                      0.000     0.000 r  
    PS7_X0Y0             PS7                          0.000     0.000 r  cnn_system_i/processing_system7_0/inst/PS7_i/FCLKCLK[0]
                         net (fo=1, unplaced)         0.613     0.613    cnn_system_i/processing_system7_0/inst/FCLK_CLK_unbuffered[0]
                         BUFG (Prop_bufg_I_O)         0.077     0.690 r  cnn_system_i/processing_system7_0/inst/buffer_fclk_clk_0.FCLK_CLK_0_BUFG/O
                         net (fo=11562, unplaced)     0.501     1.191    cnn_system_i/axi_smc_1/inst/s00_entry_pipeline/s00_si_converter/inst/xpm_cdc_async_rst_inst/dest_clk
                         FDCE                                         r  cnn_system_i/axi_smc_1/inst/s00_entry_pipeline/s00_si_converter/inst/xpm_cdc_async_rst_inst/arststages_ff_reg[1]/C

Slack:                    inf
  Source:                 cnn_system_i/axi_smc_1/inst/clk_map/psr_aclk/U0/ACTIVE_LOW_BSR_OUT_DFF[0].FDRE_BSR_N/C
                            (rising edge-triggered cell FDRE clocked by clk_fpga_0  {rise@0.000ns fall@5.000ns period=10.000ns})
  Destination:            cnn_system_i/axi_smc_1/inst/s00_entry_pipeline/s00_si_converter/inst/xpm_cdc_async_rst_inst/arststages_ff_reg[2]/CLR
                            (recovery check against rising-edge clock clk_fpga_0  {rise@0.000ns fall@5.000ns period=10.000ns})
  Path Group:             (none)
  Path Type:              Recovery (Max at Slow Process Corner)
  Data Path Delay:        1.574ns  (logic 0.629ns (39.962%)  route 0.945ns (60.038%))
  Logic Levels:           1  (LUT1=1)
  Clock Path Skew:        -0.185ns (DCD - SCD + CPR)
    Destination Clock Delay (DCD):    1.191ns
    Source Clock Delay      (SCD):    1.376ns
    Clock Pessimism Removal (CPR):    0.000ns
  Clock Uncertainty:      0.154ns  ((TSJ^2 + TIJ^2)^1/2 + DJ) / 2 + PE
    Total System Jitter     (TSJ):    0.071ns
    Total Input Jitter      (TIJ):    0.300ns
    Discrete Jitter          (DJ):    0.000ns
    Phase Error              (PE):    0.000ns
  Timing Exception:       False Path

    Location             Delay type                Incr(ns)  Path(ns)    Netlist Resource(s)
  -------------------------------------------------------------------    -------------------
                         (clock clk_fpga_0 rise edge)
                                                      0.000     0.000 r  
    PS7_X0Y0             PS7                          0.000     0.000 r  cnn_system_i/processing_system7_0/inst/PS7_i/FCLKCLK[0]
                         net (fo=1, unplaced)         0.646     0.646    cnn_system_i/processing_system7_0/inst/FCLK_CLK_unbuffered[0]
                         BUFG (Prop_bufg_I_O)         0.085     0.731 r  cnn_system_i/processing_system7_0/inst/buffer_fclk_clk_0.FCLK_CLK_0_BUFG/O
                         net (fo=11562, unplaced)     0.646     1.376    cnn_system_i/axi_smc_1/inst/clk_map/psr_aclk/U0/aclk
                         FDRE                                         r  cnn_system_i/axi_smc_1/inst/clk_map/psr_aclk/U0/ACTIVE_LOW_BSR_OUT_DFF[0].FDRE_BSR_N/C
  -------------------------------------------------------------------    -------------------
                         FDRE (Prop_fdre_C_Q)         0.397     1.773 r  cnn_system_i/axi_smc_1/inst/clk_map/psr_aclk/U0/ACTIVE_LOW_BSR_OUT_DFF[0].FDRE_BSR_N/Q
                         net (fo=10, unplaced)        0.283     2.056    cnn_system_i/axi_smc_1/inst/s00_entry_pipeline/s00_si_converter/inst/xpm_cdc_async_rst_inst/src_arst
                         LUT1 (Prop_lut1_I0_O)        0.232     2.288 f  cnn_system_i/axi_smc_1/inst/s00_entry_pipeline/s00_si_converter/inst/xpm_cdc_async_rst_inst/arststages_ff[2]_i_1/O
                         net (fo=3, unplaced)         0.662     2.950    cnn_system_i/axi_smc_1/inst/s00_entry_pipeline/s00_si_converter/inst/xpm_cdc_async_rst_inst/reset_pol
                         FDCE                                         f  cnn_system_i/axi_smc_1/inst/s00_entry_pipeline/s00_si_converter/inst/xpm_cdc_async_rst_inst/arststages_ff_reg[2]/CLR
  -------------------------------------------------------------------    -------------------

                         (clock clk_fpga_0 rise edge)
                                                      0.000     0.000 r  
    PS7_X0Y0             PS7                          0.000     0.000 r  cnn_system_i/processing_system7_0/inst/PS7_i/FCLKCLK[0]
                         net (fo=1, unplaced)         0.613     0.613    cnn_system_i/processing_system7_0/inst/FCLK_CLK_unbuffered[0]
                         BUFG (Prop_bufg_I_O)         0.077     0.690 r  cnn_system_i/processing_system7_0/inst/buffer_fclk_clk_0.FCLK_CLK_0_BUFG/O
                         net (fo=11562, unplaced)     0.501     1.191    cnn_system_i/axi_smc_1/inst/s00_entry_pipeline/s00_si_converter/inst/xpm_cdc_async_rst_inst/dest_clk
                         FDCE                                         r  cnn_system_i/axi_smc_1/inst/s00_entry_pipeline/s00_si_converter/inst/xpm_cdc_async_rst_inst/arststages_ff_reg[2]/C

Slack:                    inf
  Source:                 cnn_system_i/axi_smc_1/inst/clk_map/psr_aclk/U0/ACTIVE_LOW_BSR_OUT_DFF[0].FDRE_BSR_N/C
                            (rising edge-triggered cell FDRE clocked by clk_fpga_0  {rise@0.000ns fall@5.000ns period=10.000ns})
  Destination:            cnn_system_i/axi_smc_1/inst/s00_entry_pipeline/s00_transaction_regulator/inst/xpm_cdc_async_rst_inst/arststages_ff_reg[0]/CLR
                            (recovery check against rising-edge clock clk_fpga_0  {rise@0.000ns fall@5.000ns period=10.000ns})
  Path Group:             (none)
  Path Type:              Recovery (Max at Slow Process Corner)
  Data Path Delay:        1.574ns  (logic 0.629ns (39.962%)  route 0.945ns (60.038%))
  Logic Levels:           1  (LUT1=1)
  Clock Path Skew:        -0.185ns (DCD - SCD + CPR)
    Destination Clock Delay (DCD):    1.191ns
    Source Clock Delay      (SCD):    1.376ns
    Clock Pessimism Removal (CPR):    0.000ns
  Clock Uncertainty:      0.154ns  ((TSJ^2 + TIJ^2)^1/2 + DJ) / 2 + PE
    Total System Jitter     (TSJ):    0.071ns
    Total Input Jitter      (TIJ):    0.300ns
    Discrete Jitter          (DJ):    0.000ns
    Phase Error              (PE):    0.000ns
  Timing Exception:       False Path

    Location             Delay type                Incr(ns)  Path(ns)    Netlist Resource(s)
  -------------------------------------------------------------------    -------------------
                         (clock clk_fpga_0 rise edge)
                                                      0.000     0.000 r  
    PS7_X0Y0             PS7                          0.000     0.000 r  cnn_system_i/processing_system7_0/inst/PS7_i/FCLKCLK[0]
                         net (fo=1, unplaced)         0.646     0.646    cnn_system_i/processing_system7_0/inst/FCLK_CLK_unbuffered[0]
                         BUFG (Prop_bufg_I_O)         0.085     0.731 r  cnn_system_i/processing_system7_0/inst/buffer_fclk_clk_0.FCLK_CLK_0_BUFG/O
                         net (fo=11562, unplaced)     0.646     1.376    cnn_system_i/axi_smc_1/inst/clk_map/psr_aclk/U0/aclk
                         FDRE                                         r  cnn_system_i/axi_smc_1/inst/clk_map/psr_aclk/U0/ACTIVE_LOW_BSR_OUT_DFF[0].FDRE_BSR_N/C
  -------------------------------------------------------------------    -------------------
                         FDRE (Prop_fdre_C_Q)         0.397     1.773 r  cnn_system_i/axi_smc_1/inst/clk_map/psr_aclk/U0/ACTIVE_LOW_BSR_OUT_DFF[0].FDRE_BSR_N/Q
                         net (fo=10, unplaced)        0.283     2.056    cnn_system_i/axi_smc_1/inst/s00_entry_pipeline/s00_transaction_regulator/inst/xpm_cdc_async_rst_inst/src_arst
                         LUT1 (Prop_lut1_I0_O)        0.232     2.288 f  cnn_system_i/axi_smc_1/inst/s00_entry_pipeline/s00_transaction_regulator/inst/xpm_cdc_async_rst_inst/arststages_ff[2]_i_1/O
                         net (fo=3, unplaced)         0.662     2.950    cnn_system_i/axi_smc_1/inst/s00_entry_pipeline/s00_transaction_regulator/inst/xpm_cdc_async_rst_inst/reset_pol
                         FDCE                                         f  cnn_system_i/axi_smc_1/inst/s00_entry_pipeline/s00_transaction_regulator/inst/xpm_cdc_async_rst_inst/arststages_ff_reg[0]/CLR
  -------------------------------------------------------------------    -------------------

                         (clock clk_fpga_0 rise edge)
                                                      0.000     0.000 r  
    PS7_X0Y0             PS7                          0.000     0.000 r  cnn_system_i/processing_system7_0/inst/PS7_i/FCLKCLK[0]
                         net (fo=1, unplaced)         0.613     0.613    cnn_system_i/processing_system7_0/inst/FCLK_CLK_unbuffered[0]
                         BUFG (Prop_bufg_I_O)         0.077     0.690 r  cnn_system_i/processing_system7_0/inst/buffer_fclk_clk_0.FCLK_CLK_0_BUFG/O
                         net (fo=11562, unplaced)     0.501     1.191    cnn_system_i/axi_smc_1/inst/s00_entry_pipeline/s00_transaction_regulator/inst/xpm_cdc_async_rst_inst/dest_clk
                         FDCE                                         r  cnn_system_i/axi_smc_1/inst/s00_entry_pipeline/s00_transaction_regulator/inst/xpm_cdc_async_rst_inst/arststages_ff_reg[0]/C

Slack:                    inf
  Source:                 cnn_system_i/axi_smc_1/inst/clk_map/psr_aclk/U0/ACTIVE_LOW_BSR_OUT_DFF[0].FDRE_BSR_N/C
                            (rising edge-triggered cell FDRE clocked by clk_fpga_0  {rise@0.000ns fall@5.000ns period=10.000ns})
  Destination:            cnn_system_i/axi_smc_1/inst/s00_entry_pipeline/s00_transaction_regulator/inst/xpm_cdc_async_rst_inst/arststages_ff_reg[1]/CLR
                            (recovery check against rising-edge clock clk_fpga_0  {rise@0.000ns fall@5.000ns period=10.000ns})
  Path Group:             (none)
  Path Type:              Recovery (Max at Slow Process Corner)
  Data Path Delay:        1.574ns  (logic 0.629ns (39.962%)  route 0.945ns (60.038%))
  Logic Levels:           1  (LUT1=1)
  Clock Path Skew:        -0.185ns (DCD - SCD + CPR)
    Destination Clock Delay (DCD):    1.191ns
    Source Clock Delay      (SCD):    1.376ns
    Clock Pessimism Removal (CPR):    0.000ns
  Clock Uncertainty:      0.154ns  ((TSJ^2 + TIJ^2)^1/2 + DJ) / 2 + PE
    Total System Jitter     (TSJ):    0.071ns
    Total Input Jitter      (TIJ):    0.300ns
    Discrete Jitter          (DJ):    0.000ns
    Phase Error              (PE):    0.000ns
  Timing Exception:       False Path

    Location             Delay type                Incr(ns)  Path(ns)    Netlist Resource(s)
  -------------------------------------------------------------------    -------------------
                         (clock clk_fpga_0 rise edge)
                                                      0.000     0.000 r  
    PS7_X0Y0             PS7                          0.000     0.000 r  cnn_system_i/processing_system7_0/inst/PS7_i/FCLKCLK[0]
                         net (fo=1, unplaced)         0.646     0.646    cnn_system_i/processing_system7_0/inst/FCLK_CLK_unbuffered[0]
                         BUFG (Prop_bufg_I_O)         0.085     0.731 r  cnn_system_i/processing_system7_0/inst/buffer_fclk_clk_0.FCLK_CLK_0_BUFG/O
                         net (fo=11562, unplaced)     0.646     1.376    cnn_system_i/axi_smc_1/inst/clk_map/psr_aclk/U0/aclk
                         FDRE                                         r  cnn_system_i/axi_smc_1/inst/clk_map/psr_aclk/U0/ACTIVE_LOW_BSR_OUT_DFF[0].FDRE_BSR_N/C
  -------------------------------------------------------------------    -------------------
                         FDRE (Prop_fdre_C_Q)         0.397     1.773 r  cnn_system_i/axi_smc_1/inst/clk_map/psr_aclk/U0/ACTIVE_LOW_BSR_OUT_DFF[0].FDRE_BSR_N/Q
                         net (fo=10, unplaced)        0.283     2.056    cnn_system_i/axi_smc_1/inst/s00_entry_pipeline/s00_transaction_regulator/inst/xpm_cdc_async_rst_inst/src_arst
                         LUT1 (Prop_lut1_I0_O)        0.232     2.288 f  cnn_system_i/axi_smc_1/inst/s00_entry_pipeline/s00_transaction_regulator/inst/xpm_cdc_async_rst_inst/arststages_ff[2]_i_1/O
                         net (fo=3, unplaced)         0.662     2.950    cnn_system_i/axi_smc_1/inst/s00_entry_pipeline/s00_transaction_regulator/inst/xpm_cdc_async_rst_inst/reset_pol
                         FDCE                                         f  cnn_system_i/axi_smc_1/inst/s00_entry_pipeline/s00_transaction_regulator/inst/xpm_cdc_async_rst_inst/arststages_ff_reg[1]/CLR
  -------------------------------------------------------------------    -------------------

                         (clock clk_fpga_0 rise edge)
                                                      0.000     0.000 r  
    PS7_X0Y0             PS7                          0.000     0.000 r  cnn_system_i/processing_system7_0/inst/PS7_i/FCLKCLK[0]
                         net (fo=1, unplaced)         0.613     0.613    cnn_system_i/processing_system7_0/inst/FCLK_CLK_unbuffered[0]
                         BUFG (Prop_bufg_I_O)         0.077     0.690 r  cnn_system_i/processing_system7_0/inst/buffer_fclk_clk_0.FCLK_CLK_0_BUFG/O
                         net (fo=11562, unplaced)     0.501     1.191    cnn_system_i/axi_smc_1/inst/s00_entry_pipeline/s00_transaction_regulator/inst/xpm_cdc_async_rst_inst/dest_clk
                         FDCE                                         r  cnn_system_i/axi_smc_1/inst/s00_entry_pipeline/s00_transaction_regulator/inst/xpm_cdc_async_rst_inst/arststages_ff_reg[1]/C

Slack:                    inf
  Source:                 cnn_system_i/axi_smc_1/inst/clk_map/psr_aclk/U0/ACTIVE_LOW_BSR_OUT_DFF[0].FDRE_BSR_N/C
                            (rising edge-triggered cell FDRE clocked by clk_fpga_0  {rise@0.000ns fall@5.000ns period=10.000ns})
  Destination:            cnn_system_i/axi_smc_1/inst/s00_entry_pipeline/s00_transaction_regulator/inst/xpm_cdc_async_rst_inst/arststages_ff_reg[2]/CLR
                            (recovery check against rising-edge clock clk_fpga_0  {rise@0.000ns fall@5.000ns period=10.000ns})
  Path Group:             (none)
  Path Type:              Recovery (Max at Slow Process Corner)
  Data Path Delay:        1.574ns  (logic 0.629ns (39.962%)  route 0.945ns (60.038%))
  Logic Levels:           1  (LUT1=1)
  Clock Path Skew:        -0.185ns (DCD - SCD + CPR)
    Destination Clock Delay (DCD):    1.191ns
    Source Clock Delay      (SCD):    1.376ns
    Clock Pessimism Removal (CPR):    0.000ns
  Clock Uncertainty:      0.154ns  ((TSJ^2 + TIJ^2)^1/2 + DJ) / 2 + PE
    Total System Jitter     (TSJ):    0.071ns
    Total Input Jitter      (TIJ):    0.300ns
    Discrete Jitter          (DJ):    0.000ns
    Phase Error              (PE):    0.000ns
  Timing Exception:       False Path

    Location             Delay type                Incr(ns)  Path(ns)    Netlist Resource(s)
  -------------------------------------------------------------------    -------------------
                         (clock clk_fpga_0 rise edge)
                                                      0.000     0.000 r  
    PS7_X0Y0             PS7                          0.000     0.000 r  cnn_system_i/processing_system7_0/inst/PS7_i/FCLKCLK[0]
                         net (fo=1, unplaced)         0.646     0.646    cnn_system_i/processing_system7_0/inst/FCLK_CLK_unbuffered[0]
                         BUFG (Prop_bufg_I_O)         0.085     0.731 r  cnn_system_i/processing_system7_0/inst/buffer_fclk_clk_0.FCLK_CLK_0_BUFG/O
                         net (fo=11562, unplaced)     0.646     1.376    cnn_system_i/axi_smc_1/inst/clk_map/psr_aclk/U0/aclk
                         FDRE                                         r  cnn_system_i/axi_smc_1/inst/clk_map/psr_aclk/U0/ACTIVE_LOW_BSR_OUT_DFF[0].FDRE_BSR_N/C
  -------------------------------------------------------------------    -------------------
                         FDRE (Prop_fdre_C_Q)         0.397     1.773 r  cnn_system_i/axi_smc_1/inst/clk_map/psr_aclk/U0/ACTIVE_LOW_BSR_OUT_DFF[0].FDRE_BSR_N/Q
                         net (fo=10, unplaced)        0.283     2.056    cnn_system_i/axi_smc_1/inst/s00_entry_pipeline/s00_transaction_regulator/inst/xpm_cdc_async_rst_inst/src_arst
                         LUT1 (Prop_lut1_I0_O)        0.232     2.288 f  cnn_system_i/axi_smc_1/inst/s00_entry_pipeline/s00_transaction_regulator/inst/xpm_cdc_async_rst_inst/arststages_ff[2]_i_1/O
                         net (fo=3, unplaced)         0.662     2.950    cnn_system_i/axi_smc_1/inst/s00_entry_pipeline/s00_transaction_regulator/inst/xpm_cdc_async_rst_inst/reset_pol
                         FDCE                                         f  cnn_system_i/axi_smc_1/inst/s00_entry_pipeline/s00_transaction_regulator/inst/xpm_cdc_async_rst_inst/arststages_ff_reg[2]/CLR
  -------------------------------------------------------------------    -------------------

                         (clock clk_fpga_0 rise edge)
                                                      0.000     0.000 r  
    PS7_X0Y0             PS7                          0.000     0.000 r  cnn_system_i/processing_system7_0/inst/PS7_i/FCLKCLK[0]
                         net (fo=1, unplaced)         0.613     0.613    cnn_system_i/processing_system7_0/inst/FCLK_CLK_unbuffered[0]
                         BUFG (Prop_bufg_I_O)         0.077     0.690 r  cnn_system_i/processing_system7_0/inst/buffer_fclk_clk_0.FCLK_CLK_0_BUFG/O
                         net (fo=11562, unplaced)     0.501     1.191    cnn_system_i/axi_smc_1/inst/s00_entry_pipeline/s00_transaction_regulator/inst/xpm_cdc_async_rst_inst/dest_clk
                         FDCE                                         r  cnn_system_i/axi_smc_1/inst/s00_entry_pipeline/s00_transaction_regulator/inst/xpm_cdc_async_rst_inst/arststages_ff_reg[2]/C

Slack:                    inf
  Source:                 cnn_system_i/axi_smc_1/inst/clk_map/psr_aclk/U0/ACTIVE_LOW_BSR_OUT_DFF[0].FDRE_BSR_N/C
                            (rising edge-triggered cell FDRE clocked by clk_fpga_0  {rise@0.000ns fall@5.000ns period=10.000ns})
  Destination:            cnn_system_i/axi_smc_1/inst/s00_nodes/s00_aw_node/inst/m_sc_xpm_cdc_async_rst_inst/arststages_ff_reg[0]/CLR
                            (recovery check against rising-edge clock clk_fpga_0  {rise@0.000ns fall@5.000ns period=10.000ns})
  Path Group:             (none)
  Path Type:              Recovery (Max at Slow Process Corner)
  Data Path Delay:        1.574ns  (logic 0.629ns (39.962%)  route 0.945ns (60.038%))
  Logic Levels:           1  (LUT1=1)
  Clock Path Skew:        -0.185ns (DCD - SCD + CPR)
    Destination Clock Delay (DCD):    1.191ns
    Source Clock Delay      (SCD):    1.376ns
    Clock Pessimism Removal (CPR):    0.000ns
  Clock Uncertainty:      0.154ns  ((TSJ^2 + TIJ^2)^1/2 + DJ) / 2 + PE
    Total System Jitter     (TSJ):    0.071ns
    Total Input Jitter      (TIJ):    0.300ns
    Discrete Jitter          (DJ):    0.000ns
    Phase Error              (PE):    0.000ns
  Timing Exception:       False Path

    Location             Delay type                Incr(ns)  Path(ns)    Netlist Resource(s)
  -------------------------------------------------------------------    -------------------
                         (clock clk_fpga_0 rise edge)
                                                      0.000     0.000 r  
    PS7_X0Y0             PS7                          0.000     0.000 r  cnn_system_i/processing_system7_0/inst/PS7_i/FCLKCLK[0]
                         net (fo=1, unplaced)         0.646     0.646    cnn_system_i/processing_system7_0/inst/FCLK_CLK_unbuffered[0]
                         BUFG (Prop_bufg_I_O)         0.085     0.731 r  cnn_system_i/processing_system7_0/inst/buffer_fclk_clk_0.FCLK_CLK_0_BUFG/O
                         net (fo=11562, unplaced)     0.646     1.376    cnn_system_i/axi_smc_1/inst/clk_map/psr_aclk/U0/aclk
                         FDRE                                         r  cnn_system_i/axi_smc_1/inst/clk_map/psr_aclk/U0/ACTIVE_LOW_BSR_OUT_DFF[0].FDRE_BSR_N/C
  -------------------------------------------------------------------    -------------------
                         FDRE (Prop_fdre_C_Q)         0.397     1.773 r  cnn_system_i/axi_smc_1/inst/clk_map/psr_aclk/U0/ACTIVE_LOW_BSR_OUT_DFF[0].FDRE_BSR_N/Q
                         net (fo=10, unplaced)        0.283     2.056    cnn_system_i/axi_smc_1/inst/s00_nodes/s00_aw_node/inst/m_sc_xpm_cdc_async_rst_inst/src_arst
                         LUT1 (Prop_lut1_I0_O)        0.232     2.288 f  cnn_system_i/axi_smc_1/inst/s00_nodes/s00_aw_node/inst/m_sc_xpm_cdc_async_rst_inst/arststages_ff[2]_i_1/O
                         net (fo=3, unplaced)         0.662     2.950    cnn_system_i/axi_smc_1/inst/s00_nodes/s00_aw_node/inst/m_sc_xpm_cdc_async_rst_inst/reset_pol
                         FDCE                                         f  cnn_system_i/axi_smc_1/inst/s00_nodes/s00_aw_node/inst/m_sc_xpm_cdc_async_rst_inst/arststages_ff_reg[0]/CLR
  -------------------------------------------------------------------    -------------------

                         (clock clk_fpga_0 rise edge)
                                                      0.000     0.000 r  
    PS7_X0Y0             PS7                          0.000     0.000 r  cnn_system_i/processing_system7_0/inst/PS7_i/FCLKCLK[0]
                         net (fo=1, unplaced)         0.613     0.613    cnn_system_i/processing_system7_0/inst/FCLK_CLK_unbuffered[0]
                         BUFG (Prop_bufg_I_O)         0.077     0.690 r  cnn_system_i/processing_system7_0/inst/buffer_fclk_clk_0.FCLK_CLK_0_BUFG/O
                         net (fo=11562, unplaced)     0.501     1.191    cnn_system_i/axi_smc_1/inst/s00_nodes/s00_aw_node/inst/m_sc_xpm_cdc_async_rst_inst/dest_clk
                         FDCE                                         r  cnn_system_i/axi_smc_1/inst/s00_nodes/s00_aw_node/inst/m_sc_xpm_cdc_async_rst_inst/arststages_ff_reg[0]/C

Slack:                    inf
  Source:                 cnn_system_i/axi_smc_1/inst/clk_map/psr_aclk/U0/ACTIVE_LOW_BSR_OUT_DFF[0].FDRE_BSR_N/C
                            (rising edge-triggered cell FDRE clocked by clk_fpga_0  {rise@0.000ns fall@5.000ns period=10.000ns})
  Destination:            cnn_system_i/axi_smc_1/inst/s00_nodes/s00_aw_node/inst/m_sc_xpm_cdc_async_rst_inst/arststages_ff_reg[1]/CLR
                            (recovery check against rising-edge clock clk_fpga_0  {rise@0.000ns fall@5.000ns period=10.000ns})
  Path Group:             (none)
  Path Type:              Recovery (Max at Slow Process Corner)
  Data Path Delay:        1.574ns  (logic 0.629ns (39.962%)  route 0.945ns (60.038%))
  Logic Levels:           1  (LUT1=1)
  Clock Path Skew:        -0.185ns (DCD - SCD + CPR)
    Destination Clock Delay (DCD):    1.191ns
    Source Clock Delay      (SCD):    1.376ns
    Clock Pessimism Removal (CPR):    0.000ns
  Clock Uncertainty:      0.154ns  ((TSJ^2 + TIJ^2)^1/2 + DJ) / 2 + PE
    Total System Jitter     (TSJ):    0.071ns
    Total Input Jitter      (TIJ):    0.300ns
    Discrete Jitter          (DJ):    0.000ns
    Phase Error              (PE):    0.000ns
  Timing Exception:       False Path

    Location             Delay type                Incr(ns)  Path(ns)    Netlist Resource(s)
  -------------------------------------------------------------------    -------------------
                         (clock clk_fpga_0 rise edge)
                                                      0.000     0.000 r  
    PS7_X0Y0             PS7                          0.000     0.000 r  cnn_system_i/processing_system7_0/inst/PS7_i/FCLKCLK[0]
                         net (fo=1, unplaced)         0.646     0.646    cnn_system_i/processing_system7_0/inst/FCLK_CLK_unbuffered[0]
                         BUFG (Prop_bufg_I_O)         0.085     0.731 r  cnn_system_i/processing_system7_0/inst/buffer_fclk_clk_0.FCLK_CLK_0_BUFG/O
                         net (fo=11562, unplaced)     0.646     1.376    cnn_system_i/axi_smc_1/inst/clk_map/psr_aclk/U0/aclk
                         FDRE                                         r  cnn_system_i/axi_smc_1/inst/clk_map/psr_aclk/U0/ACTIVE_LOW_BSR_OUT_DFF[0].FDRE_BSR_N/C
  -------------------------------------------------------------------    -------------------
                         FDRE (Prop_fdre_C_Q)         0.397     1.773 r  cnn_system_i/axi_smc_1/inst/clk_map/psr_aclk/U0/ACTIVE_LOW_BSR_OUT_DFF[0].FDRE_BSR_N/Q
                         net (fo=10, unplaced)        0.283     2.056    cnn_system_i/axi_smc_1/inst/s00_nodes/s00_aw_node/inst/m_sc_xpm_cdc_async_rst_inst/src_arst
                         LUT1 (Prop_lut1_I0_O)        0.232     2.288 f  cnn_system_i/axi_smc_1/inst/s00_nodes/s00_aw_node/inst/m_sc_xpm_cdc_async_rst_inst/arststages_ff[2]_i_1/O
                         net (fo=3, unplaced)         0.662     2.950    cnn_system_i/axi_smc_1/inst/s00_nodes/s00_aw_node/inst/m_sc_xpm_cdc_async_rst_inst/reset_pol
                         FDCE                                         f  cnn_system_i/axi_smc_1/inst/s00_nodes/s00_aw_node/inst/m_sc_xpm_cdc_async_rst_inst/arststages_ff_reg[1]/CLR
  -------------------------------------------------------------------    -------------------

                         (clock clk_fpga_0 rise edge)
                                                      0.000     0.000 r  
    PS7_X0Y0             PS7                          0.000     0.000 r  cnn_system_i/processing_system7_0/inst/PS7_i/FCLKCLK[0]
                         net (fo=1, unplaced)         0.613     0.613    cnn_system_i/processing_system7_0/inst/FCLK_CLK_unbuffered[0]
                         BUFG (Prop_bufg_I_O)         0.077     0.690 r  cnn_system_i/processing_system7_0/inst/buffer_fclk_clk_0.FCLK_CLK_0_BUFG/O
                         net (fo=11562, unplaced)     0.501     1.191    cnn_system_i/axi_smc_1/inst/s00_nodes/s00_aw_node/inst/m_sc_xpm_cdc_async_rst_inst/dest_clk
                         FDCE                                         r  cnn_system_i/axi_smc_1/inst/s00_nodes/s00_aw_node/inst/m_sc_xpm_cdc_async_rst_inst/arststages_ff_reg[1]/C

Slack:                    inf
  Source:                 cnn_system_i/axi_smc_1/inst/clk_map/psr_aclk/U0/ACTIVE_LOW_BSR_OUT_DFF[0].FDRE_BSR_N/C
                            (rising edge-triggered cell FDRE clocked by clk_fpga_0  {rise@0.000ns fall@5.000ns period=10.000ns})
  Destination:            cnn_system_i/axi_smc_1/inst/s00_nodes/s00_aw_node/inst/m_sc_xpm_cdc_async_rst_inst/arststages_ff_reg[2]/CLR
                            (recovery check against rising-edge clock clk_fpga_0  {rise@0.000ns fall@5.000ns period=10.000ns})
  Path Group:             (none)
  Path Type:              Recovery (Max at Slow Process Corner)
  Data Path Delay:        1.574ns  (logic 0.629ns (39.962%)  route 0.945ns (60.038%))
  Logic Levels:           1  (LUT1=1)
  Clock Path Skew:        -0.185ns (DCD - SCD + CPR)
    Destination Clock Delay (DCD):    1.191ns
    Source Clock Delay      (SCD):    1.376ns
    Clock Pessimism Removal (CPR):    0.000ns
  Clock Uncertainty:      0.154ns  ((TSJ^2 + TIJ^2)^1/2 + DJ) / 2 + PE
    Total System Jitter     (TSJ):    0.071ns
    Total Input Jitter      (TIJ):    0.300ns
    Discrete Jitter          (DJ):    0.000ns
    Phase Error              (PE):    0.000ns
  Timing Exception:       False Path

    Location             Delay type                Incr(ns)  Path(ns)    Netlist Resource(s)
  -------------------------------------------------------------------    -------------------
                         (clock clk_fpga_0 rise edge)
                                                      0.000     0.000 r  
    PS7_X0Y0             PS7                          0.000     0.000 r  cnn_system_i/processing_system7_0/inst/PS7_i/FCLKCLK[0]
                         net (fo=1, unplaced)         0.646     0.646    cnn_system_i/processing_system7_0/inst/FCLK_CLK_unbuffered[0]
                         BUFG (Prop_bufg_I_O)         0.085     0.731 r  cnn_system_i/processing_system7_0/inst/buffer_fclk_clk_0.FCLK_CLK_0_BUFG/O
                         net (fo=11562, unplaced)     0.646     1.376    cnn_system_i/axi_smc_1/inst/clk_map/psr_aclk/U0/aclk
                         FDRE                                         r  cnn_system_i/axi_smc_1/inst/clk_map/psr_aclk/U0/ACTIVE_LOW_BSR_OUT_DFF[0].FDRE_BSR_N/C
  -------------------------------------------------------------------    -------------------
                         FDRE (Prop_fdre_C_Q)         0.397     1.773 r  cnn_system_i/axi_smc_1/inst/clk_map/psr_aclk/U0/ACTIVE_LOW_BSR_OUT_DFF[0].FDRE_BSR_N/Q
                         net (fo=10, unplaced)        0.283     2.056    cnn_system_i/axi_smc_1/inst/s00_nodes/s00_aw_node/inst/m_sc_xpm_cdc_async_rst_inst/src_arst
                         LUT1 (Prop_lut1_I0_O)        0.232     2.288 f  cnn_system_i/axi_smc_1/inst/s00_nodes/s00_aw_node/inst/m_sc_xpm_cdc_async_rst_inst/arststages_ff[2]_i_1/O
                         net (fo=3, unplaced)         0.662     2.950    cnn_system_i/axi_smc_1/inst/s00_nodes/s00_aw_node/inst/m_sc_xpm_cdc_async_rst_inst/reset_pol
                         FDCE                                         f  cnn_system_i/axi_smc_1/inst/s00_nodes/s00_aw_node/inst/m_sc_xpm_cdc_async_rst_inst/arststages_ff_reg[2]/CLR
  -------------------------------------------------------------------    -------------------

                         (clock clk_fpga_0 rise edge)
                                                      0.000     0.000 r  
    PS7_X0Y0             PS7                          0.000     0.000 r  cnn_system_i/processing_system7_0/inst/PS7_i/FCLKCLK[0]
                         net (fo=1, unplaced)         0.613     0.613    cnn_system_i/processing_system7_0/inst/FCLK_CLK_unbuffered[0]
                         BUFG (Prop_bufg_I_O)         0.077     0.690 r  cnn_system_i/processing_system7_0/inst/buffer_fclk_clk_0.FCLK_CLK_0_BUFG/O
                         net (fo=11562, unplaced)     0.501     1.191    cnn_system_i/axi_smc_1/inst/s00_nodes/s00_aw_node/inst/m_sc_xpm_cdc_async_rst_inst/dest_clk
                         FDCE                                         r  cnn_system_i/axi_smc_1/inst/s00_nodes/s00_aw_node/inst/m_sc_xpm_cdc_async_rst_inst/arststages_ff_reg[2]/C

Slack:                    inf
  Source:                 cnn_system_i/axi_smc_1/inst/clk_map/psr_aclk/U0/ACTIVE_LOW_BSR_OUT_DFF[0].FDRE_BSR_N/C
                            (rising edge-triggered cell FDRE clocked by clk_fpga_0  {rise@0.000ns fall@5.000ns period=10.000ns})
  Destination:            cnn_system_i/axi_smc_1/inst/s00_nodes/s00_aw_node/inst/s_sc_xpm_cdc_async_rst_inst/arststages_ff_reg[0]/CLR
                            (recovery check against rising-edge clock clk_fpga_0  {rise@0.000ns fall@5.000ns period=10.000ns})
  Path Group:             (none)
  Path Type:              Recovery (Max at Slow Process Corner)
  Data Path Delay:        1.574ns  (logic 0.629ns (39.962%)  route 0.945ns (60.038%))
  Logic Levels:           1  (LUT1=1)
  Clock Path Skew:        -0.185ns (DCD - SCD + CPR)
    Destination Clock Delay (DCD):    1.191ns
    Source Clock Delay      (SCD):    1.376ns
    Clock Pessimism Removal (CPR):    0.000ns
  Clock Uncertainty:      0.154ns  ((TSJ^2 + TIJ^2)^1/2 + DJ) / 2 + PE
    Total System Jitter     (TSJ):    0.071ns
    Total Input Jitter      (TIJ):    0.300ns
    Discrete Jitter          (DJ):    0.000ns
    Phase Error              (PE):    0.000ns
  Timing Exception:       False Path

    Location             Delay type                Incr(ns)  Path(ns)    Netlist Resource(s)
  -------------------------------------------------------------------    -------------------
                         (clock clk_fpga_0 rise edge)
                                                      0.000     0.000 r  
    PS7_X0Y0             PS7                          0.000     0.000 r  cnn_system_i/processing_system7_0/inst/PS7_i/FCLKCLK[0]
                         net (fo=1, unplaced)         0.646     0.646    cnn_system_i/processing_system7_0/inst/FCLK_CLK_unbuffered[0]
                         BUFG (Prop_bufg_I_O)         0.085     0.731 r  cnn_system_i/processing_system7_0/inst/buffer_fclk_clk_0.FCLK_CLK_0_BUFG/O
                         net (fo=11562, unplaced)     0.646     1.376    cnn_system_i/axi_smc_1/inst/clk_map/psr_aclk/U0/aclk
                         FDRE                                         r  cnn_system_i/axi_smc_1/inst/clk_map/psr_aclk/U0/ACTIVE_LOW_BSR_OUT_DFF[0].FDRE_BSR_N/C
  -------------------------------------------------------------------    -------------------
                         FDRE (Prop_fdre_C_Q)         0.397     1.773 r  cnn_system_i/axi_smc_1/inst/clk_map/psr_aclk/U0/ACTIVE_LOW_BSR_OUT_DFF[0].FDRE_BSR_N/Q
                         net (fo=10, unplaced)        0.283     2.056    cnn_system_i/axi_smc_1/inst/s00_nodes/s00_aw_node/inst/s_sc_xpm_cdc_async_rst_inst/src_arst
                         LUT1 (Prop_lut1_I0_O)        0.232     2.288 f  cnn_system_i/axi_smc_1/inst/s00_nodes/s00_aw_node/inst/s_sc_xpm_cdc_async_rst_inst/arststages_ff[2]_i_1/O
                         net (fo=3, unplaced)         0.662     2.950    cnn_system_i/axi_smc_1/inst/s00_nodes/s00_aw_node/inst/s_sc_xpm_cdc_async_rst_inst/reset_pol
                         FDCE                                         f  cnn_system_i/axi_smc_1/inst/s00_nodes/s00_aw_node/inst/s_sc_xpm_cdc_async_rst_inst/arststages_ff_reg[0]/CLR
  -------------------------------------------------------------------    -------------------

                         (clock clk_fpga_0 rise edge)
                                                      0.000     0.000 r  
    PS7_X0Y0             PS7                          0.000     0.000 r  cnn_system_i/processing_system7_0/inst/PS7_i/FCLKCLK[0]
                         net (fo=1, unplaced)         0.613     0.613    cnn_system_i/processing_system7_0/inst/FCLK_CLK_unbuffered[0]
                         BUFG (Prop_bufg_I_O)         0.077     0.690 r  cnn_system_i/processing_system7_0/inst/buffer_fclk_clk_0.FCLK_CLK_0_BUFG/O
                         net (fo=11562, unplaced)     0.501     1.191    cnn_system_i/axi_smc_1/inst/s00_nodes/s00_aw_node/inst/s_sc_xpm_cdc_async_rst_inst/dest_clk
                         FDCE                                         r  cnn_system_i/axi_smc_1/inst/s00_nodes/s00_aw_node/inst/s_sc_xpm_cdc_async_rst_inst/arststages_ff_reg[0]/C

Slack:                    inf
  Source:                 cnn_system_i/axi_smc_1/inst/clk_map/psr_aclk/U0/ACTIVE_LOW_BSR_OUT_DFF[0].FDRE_BSR_N/C
                            (rising edge-triggered cell FDRE clocked by clk_fpga_0  {rise@0.000ns fall@5.000ns period=10.000ns})
  Destination:            cnn_system_i/axi_smc_1/inst/s00_nodes/s00_aw_node/inst/s_sc_xpm_cdc_async_rst_inst/arststages_ff_reg[1]/CLR
                            (recovery check against rising-edge clock clk_fpga_0  {rise@0.000ns fall@5.000ns period=10.000ns})
  Path Group:             (none)
  Path Type:              Recovery (Max at Slow Process Corner)
  Data Path Delay:        1.574ns  (logic 0.629ns (39.962%)  route 0.945ns (60.038%))
  Logic Levels:           1  (LUT1=1)
  Clock Path Skew:        -0.185ns (DCD - SCD + CPR)
    Destination Clock Delay (DCD):    1.191ns
    Source Clock Delay      (SCD):    1.376ns
    Clock Pessimism Removal (CPR):    0.000ns
  Clock Uncertainty:      0.154ns  ((TSJ^2 + TIJ^2)^1/2 + DJ) / 2 + PE
    Total System Jitter     (TSJ):    0.071ns
    Total Input Jitter      (TIJ):    0.300ns
    Discrete Jitter          (DJ):    0.000ns
    Phase Error              (PE):    0.000ns
  Timing Exception:       False Path

    Location             Delay type                Incr(ns)  Path(ns)    Netlist Resource(s)
  -------------------------------------------------------------------    -------------------
                         (clock clk_fpga_0 rise edge)
                                                      0.000     0.000 r  
    PS7_X0Y0             PS7                          0.000     0.000 r  cnn_system_i/processing_system7_0/inst/PS7_i/FCLKCLK[0]
                         net (fo=1, unplaced)         0.646     0.646    cnn_system_i/processing_system7_0/inst/FCLK_CLK_unbuffered[0]
                         BUFG (Prop_bufg_I_O)         0.085     0.731 r  cnn_system_i/processing_system7_0/inst/buffer_fclk_clk_0.FCLK_CLK_0_BUFG/O
                         net (fo=11562, unplaced)     0.646     1.376    cnn_system_i/axi_smc_1/inst/clk_map/psr_aclk/U0/aclk
                         FDRE                                         r  cnn_system_i/axi_smc_1/inst/clk_map/psr_aclk/U0/ACTIVE_LOW_BSR_OUT_DFF[0].FDRE_BSR_N/C
  -------------------------------------------------------------------    -------------------
                         FDRE (Prop_fdre_C_Q)         0.397     1.773 r  cnn_system_i/axi_smc_1/inst/clk_map/psr_aclk/U0/ACTIVE_LOW_BSR_OUT_DFF[0].FDRE_BSR_N/Q
                         net (fo=10, unplaced)        0.283     2.056    cnn_system_i/axi_smc_1/inst/s00_nodes/s00_aw_node/inst/s_sc_xpm_cdc_async_rst_inst/src_arst
                         LUT1 (Prop_lut1_I0_O)        0.232     2.288 f  cnn_system_i/axi_smc_1/inst/s00_nodes/s00_aw_node/inst/s_sc_xpm_cdc_async_rst_inst/arststages_ff[2]_i_1/O
                         net (fo=3, unplaced)         0.662     2.950    cnn_system_i/axi_smc_1/inst/s00_nodes/s00_aw_node/inst/s_sc_xpm_cdc_async_rst_inst/reset_pol
                         FDCE                                         f  cnn_system_i/axi_smc_1/inst/s00_nodes/s00_aw_node/inst/s_sc_xpm_cdc_async_rst_inst/arststages_ff_reg[1]/CLR
  -------------------------------------------------------------------    -------------------

                         (clock clk_fpga_0 rise edge)
                                                      0.000     0.000 r  
    PS7_X0Y0             PS7                          0.000     0.000 r  cnn_system_i/processing_system7_0/inst/PS7_i/FCLKCLK[0]
                         net (fo=1, unplaced)         0.613     0.613    cnn_system_i/processing_system7_0/inst/FCLK_CLK_unbuffered[0]
                         BUFG (Prop_bufg_I_O)         0.077     0.690 r  cnn_system_i/processing_system7_0/inst/buffer_fclk_clk_0.FCLK_CLK_0_BUFG/O
                         net (fo=11562, unplaced)     0.501     1.191    cnn_system_i/axi_smc_1/inst/s00_nodes/s00_aw_node/inst/s_sc_xpm_cdc_async_rst_inst/dest_clk
                         FDCE                                         r  cnn_system_i/axi_smc_1/inst/s00_nodes/s00_aw_node/inst/s_sc_xpm_cdc_async_rst_inst/arststages_ff_reg[1]/C

Slack:                    inf
  Source:                 cnn_system_i/axi_smc_1/inst/clk_map/psr_aclk/U0/ACTIVE_LOW_BSR_OUT_DFF[0].FDRE_BSR_N/C
                            (rising edge-triggered cell FDRE clocked by clk_fpga_0  {rise@0.000ns fall@5.000ns period=10.000ns})
  Destination:            cnn_system_i/axi_smc_1/inst/s00_nodes/s00_aw_node/inst/s_sc_xpm_cdc_async_rst_inst/arststages_ff_reg[2]/CLR
                            (recovery check against rising-edge clock clk_fpga_0  {rise@0.000ns fall@5.000ns period=10.000ns})
  Path Group:             (none)
  Path Type:              Recovery (Max at Slow Process Corner)
  Data Path Delay:        1.574ns  (logic 0.629ns (39.962%)  route 0.945ns (60.038%))
  Logic Levels:           1  (LUT1=1)
  Clock Path Skew:        -0.185ns (DCD - SCD + CPR)
    Destination Clock Delay (DCD):    1.191ns
    Source Clock Delay      (SCD):    1.376ns
    Clock Pessimism Removal (CPR):    0.000ns
  Clock Uncertainty:      0.154ns  ((TSJ^2 + TIJ^2)^1/2 + DJ) / 2 + PE
    Total System Jitter     (TSJ):    0.071ns
    Total Input Jitter      (TIJ):    0.300ns
    Discrete Jitter          (DJ):    0.000ns
    Phase Error              (PE):    0.000ns
  Timing Exception:       False Path

    Location             Delay type                Incr(ns)  Path(ns)    Netlist Resource(s)
  -------------------------------------------------------------------    -------------------
                         (clock clk_fpga_0 rise edge)
                                                      0.000     0.000 r  
    PS7_X0Y0             PS7                          0.000     0.000 r  cnn_system_i/processing_system7_0/inst/PS7_i/FCLKCLK[0]
                         net (fo=1, unplaced)         0.646     0.646    cnn_system_i/processing_system7_0/inst/FCLK_CLK_unbuffered[0]
                         BUFG (Prop_bufg_I_O)         0.085     0.731 r  cnn_system_i/processing_system7_0/inst/buffer_fclk_clk_0.FCLK_CLK_0_BUFG/O
                         net (fo=11562, unplaced)     0.646     1.376    cnn_system_i/axi_smc_1/inst/clk_map/psr_aclk/U0/aclk
                         FDRE                                         r  cnn_system_i/axi_smc_1/inst/clk_map/psr_aclk/U0/ACTIVE_LOW_BSR_OUT_DFF[0].FDRE_BSR_N/C
  -------------------------------------------------------------------    -------------------
                         FDRE (Prop_fdre_C_Q)         0.397     1.773 r  cnn_system_i/axi_smc_1/inst/clk_map/psr_aclk/U0/ACTIVE_LOW_BSR_OUT_DFF[0].FDRE_BSR_N/Q
                         net (fo=10, unplaced)        0.283     2.056    cnn_system_i/axi_smc_1/inst/s00_nodes/s00_aw_node/inst/s_sc_xpm_cdc_async_rst_inst/src_arst
                         LUT1 (Prop_lut1_I0_O)        0.232     2.288 f  cnn_system_i/axi_smc_1/inst/s00_nodes/s00_aw_node/inst/s_sc_xpm_cdc_async_rst_inst/arststages_ff[2]_i_1/O
                         net (fo=3, unplaced)         0.662     2.950    cnn_system_i/axi_smc_1/inst/s00_nodes/s00_aw_node/inst/s_sc_xpm_cdc_async_rst_inst/reset_pol
                         FDCE                                         f  cnn_system_i/axi_smc_1/inst/s00_nodes/s00_aw_node/inst/s_sc_xpm_cdc_async_rst_inst/arststages_ff_reg[2]/CLR
  -------------------------------------------------------------------    -------------------

                         (clock clk_fpga_0 rise edge)
                                                      0.000     0.000 r  
    PS7_X0Y0             PS7                          0.000     0.000 r  cnn_system_i/processing_system7_0/inst/PS7_i/FCLKCLK[0]
                         net (fo=1, unplaced)         0.613     0.613    cnn_system_i/processing_system7_0/inst/FCLK_CLK_unbuffered[0]
                         BUFG (Prop_bufg_I_O)         0.077     0.690 r  cnn_system_i/processing_system7_0/inst/buffer_fclk_clk_0.FCLK_CLK_0_BUFG/O
                         net (fo=11562, unplaced)     0.501     1.191    cnn_system_i/axi_smc_1/inst/s00_nodes/s00_aw_node/inst/s_sc_xpm_cdc_async_rst_inst/dest_clk
                         FDCE                                         r  cnn_system_i/axi_smc_1/inst/s00_nodes/s00_aw_node/inst/s_sc_xpm_cdc_async_rst_inst/arststages_ff_reg[2]/C

Slack:                    inf
  Source:                 cnn_system_i/axi_smc_1/inst/clk_map/psr_aclk/U0/ACTIVE_LOW_BSR_OUT_DFF[0].FDRE_BSR_N/C
                            (rising edge-triggered cell FDRE clocked by clk_fpga_0  {rise@0.000ns fall@5.000ns period=10.000ns})
  Destination:            cnn_system_i/axi_smc_1/inst/s00_nodes/s00_b_node/inst/m_sc_xpm_cdc_async_rst_inst/arststages_ff_reg[0]/CLR
                            (recovery check against rising-edge clock clk_fpga_0  {rise@0.000ns fall@5.000ns period=10.000ns})
  Path Group:             (none)
  Path Type:              Recovery (Max at Slow Process Corner)
  Data Path Delay:        1.574ns  (logic 0.629ns (39.962%)  route 0.945ns (60.038%))
  Logic Levels:           1  (LUT1=1)
  Clock Path Skew:        -0.185ns (DCD - SCD + CPR)
    Destination Clock Delay (DCD):    1.191ns
    Source Clock Delay      (SCD):    1.376ns
    Clock Pessimism Removal (CPR):    0.000ns
  Clock Uncertainty:      0.154ns  ((TSJ^2 + TIJ^2)^1/2 + DJ) / 2 + PE
    Total System Jitter     (TSJ):    0.071ns
    Total Input Jitter      (TIJ):    0.300ns
    Discrete Jitter          (DJ):    0.000ns
    Phase Error              (PE):    0.000ns
  Timing Exception:       False Path

    Location             Delay type                Incr(ns)  Path(ns)    Netlist Resource(s)
  -------------------------------------------------------------------    -------------------
                         (clock clk_fpga_0 rise edge)
                                                      0.000     0.000 r  
    PS7_X0Y0             PS7                          0.000     0.000 r  cnn_system_i/processing_system7_0/inst/PS7_i/FCLKCLK[0]
                         net (fo=1, unplaced)         0.646     0.646    cnn_system_i/processing_system7_0/inst/FCLK_CLK_unbuffered[0]
                         BUFG (Prop_bufg_I_O)         0.085     0.731 r  cnn_system_i/processing_system7_0/inst/buffer_fclk_clk_0.FCLK_CLK_0_BUFG/O
                         net (fo=11562, unplaced)     0.646     1.376    cnn_system_i/axi_smc_1/inst/clk_map/psr_aclk/U0/aclk
                         FDRE                                         r  cnn_system_i/axi_smc_1/inst/clk_map/psr_aclk/U0/ACTIVE_LOW_BSR_OUT_DFF[0].FDRE_BSR_N/C
  -------------------------------------------------------------------    -------------------
                         FDRE (Prop_fdre_C_Q)         0.397     1.773 r  cnn_system_i/axi_smc_1/inst/clk_map/psr_aclk/U0/ACTIVE_LOW_BSR_OUT_DFF[0].FDRE_BSR_N/Q
                         net (fo=10, unplaced)        0.283     2.056    cnn_system_i/axi_smc_1/inst/s00_nodes/s00_b_node/inst/m_sc_xpm_cdc_async_rst_inst/src_arst
                         LUT1 (Prop_lut1_I0_O)        0.232     2.288 f  cnn_system_i/axi_smc_1/inst/s00_nodes/s00_b_node/inst/m_sc_xpm_cdc_async_rst_inst/arststages_ff[2]_i_1/O
                         net (fo=3, unplaced)         0.662     2.950    cnn_system_i/axi_smc_1/inst/s00_nodes/s00_b_node/inst/m_sc_xpm_cdc_async_rst_inst/reset_pol
                         FDCE                                         f  cnn_system_i/axi_smc_1/inst/s00_nodes/s00_b_node/inst/m_sc_xpm_cdc_async_rst_inst/arststages_ff_reg[0]/CLR
  -------------------------------------------------------------------    -------------------

                         (clock clk_fpga_0 rise edge)
                                                      0.000     0.000 r  
    PS7_X0Y0             PS7                          0.000     0.000 r  cnn_system_i/processing_system7_0/inst/PS7_i/FCLKCLK[0]
                         net (fo=1, unplaced)         0.613     0.613    cnn_system_i/processing_system7_0/inst/FCLK_CLK_unbuffered[0]
                         BUFG (Prop_bufg_I_O)         0.077     0.690 r  cnn_system_i/processing_system7_0/inst/buffer_fclk_clk_0.FCLK_CLK_0_BUFG/O
                         net (fo=11562, unplaced)     0.501     1.191    cnn_system_i/axi_smc_1/inst/s00_nodes/s00_b_node/inst/m_sc_xpm_cdc_async_rst_inst/dest_clk
                         FDCE                                         r  cnn_system_i/axi_smc_1/inst/s00_nodes/s00_b_node/inst/m_sc_xpm_cdc_async_rst_inst/arststages_ff_reg[0]/C

Slack:                    inf
  Source:                 cnn_system_i/axi_smc_1/inst/clk_map/psr_aclk/U0/ACTIVE_LOW_BSR_OUT_DFF[0].FDRE_BSR_N/C
                            (rising edge-triggered cell FDRE clocked by clk_fpga_0  {rise@0.000ns fall@5.000ns period=10.000ns})
  Destination:            cnn_system_i/axi_smc_1/inst/s00_nodes/s00_b_node/inst/m_sc_xpm_cdc_async_rst_inst/arststages_ff_reg[1]/CLR
                            (recovery check against rising-edge clock clk_fpga_0  {rise@0.000ns fall@5.000ns period=10.000ns})
  Path Group:             (none)
  Path Type:              Recovery (Max at Slow Process Corner)
  Data Path Delay:        1.574ns  (logic 0.629ns (39.962%)  route 0.945ns (60.038%))
  Logic Levels:           1  (LUT1=1)
  Clock Path Skew:        -0.185ns (DCD - SCD + CPR)
    Destination Clock Delay (DCD):    1.191ns
    Source Clock Delay      (SCD):    1.376ns
    Clock Pessimism Removal (CPR):    0.000ns
  Clock Uncertainty:      0.154ns  ((TSJ^2 + TIJ^2)^1/2 + DJ) / 2 + PE
    Total System Jitter     (TSJ):    0.071ns
    Total Input Jitter      (TIJ):    0.300ns
    Discrete Jitter          (DJ):    0.000ns
    Phase Error              (PE):    0.000ns
  Timing Exception:       False Path

    Location             Delay type                Incr(ns)  Path(ns)    Netlist Resource(s)
  -------------------------------------------------------------------    -------------------
                         (clock clk_fpga_0 rise edge)
                                                      0.000     0.000 r  
    PS7_X0Y0             PS7                          0.000     0.000 r  cnn_system_i/processing_system7_0/inst/PS7_i/FCLKCLK[0]
                         net (fo=1, unplaced)         0.646     0.646    cnn_system_i/processing_system7_0/inst/FCLK_CLK_unbuffered[0]
                         BUFG (Prop_bufg_I_O)         0.085     0.731 r  cnn_system_i/processing_system7_0/inst/buffer_fclk_clk_0.FCLK_CLK_0_BUFG/O
                         net (fo=11562, unplaced)     0.646     1.376    cnn_system_i/axi_smc_1/inst/clk_map/psr_aclk/U0/aclk
                         FDRE                                         r  cnn_system_i/axi_smc_1/inst/clk_map/psr_aclk/U0/ACTIVE_LOW_BSR_OUT_DFF[0].FDRE_BSR_N/C
  -------------------------------------------------------------------    -------------------
                         FDRE (Prop_fdre_C_Q)         0.397     1.773 r  cnn_system_i/axi_smc_1/inst/clk_map/psr_aclk/U0/ACTIVE_LOW_BSR_OUT_DFF[0].FDRE_BSR_N/Q
                         net (fo=10, unplaced)        0.283     2.056    cnn_system_i/axi_smc_1/inst/s00_nodes/s00_b_node/inst/m_sc_xpm_cdc_async_rst_inst/src_arst
                         LUT1 (Prop_lut1_I0_O)        0.232     2.288 f  cnn_system_i/axi_smc_1/inst/s00_nodes/s00_b_node/inst/m_sc_xpm_cdc_async_rst_inst/arststages_ff[2]_i_1/O
                         net (fo=3, unplaced)         0.662     2.950    cnn_system_i/axi_smc_1/inst/s00_nodes/s00_b_node/inst/m_sc_xpm_cdc_async_rst_inst/reset_pol
                         FDCE                                         f  cnn_system_i/axi_smc_1/inst/s00_nodes/s00_b_node/inst/m_sc_xpm_cdc_async_rst_inst/arststages_ff_reg[1]/CLR
  -------------------------------------------------------------------    -------------------

                         (clock clk_fpga_0 rise edge)
                                                      0.000     0.000 r  
    PS7_X0Y0             PS7                          0.000     0.000 r  cnn_system_i/processing_system7_0/inst/PS7_i/FCLKCLK[0]
                         net (fo=1, unplaced)         0.613     0.613    cnn_system_i/processing_system7_0/inst/FCLK_CLK_unbuffered[0]
                         BUFG (Prop_bufg_I_O)         0.077     0.690 r  cnn_system_i/processing_system7_0/inst/buffer_fclk_clk_0.FCLK_CLK_0_BUFG/O
                         net (fo=11562, unplaced)     0.501     1.191    cnn_system_i/axi_smc_1/inst/s00_nodes/s00_b_node/inst/m_sc_xpm_cdc_async_rst_inst/dest_clk
                         FDCE                                         r  cnn_system_i/axi_smc_1/inst/s00_nodes/s00_b_node/inst/m_sc_xpm_cdc_async_rst_inst/arststages_ff_reg[1]/C





