Copyright 1986-2020 Xilinx, Inc. All Rights Reserved.
---------------------------------------------------------------------------------------
| Tool Version : Vivado v.2020.2 (win64) Build 3064766 Wed Nov 18 09:12:45 MST 2020
| Date         : Thu Sep  3 12:58:23 2026
| Host         : duyu running 64-bit major release  (build 9200)
| Command      : report_drc -file D:/Xilinx/zynq7020/cnn_soc/reports/soc_synth_drc.rpt
| Design       : cnn_system_wrapper
| Device       : xc7z020clg400-2
| Speed File   : -2
| Design State : Synthesized
---------------------------------------------------------------------------------------

Report DRC

Table of Contents
-----------------
1. REPORT SUMMARY
2. REPORT DETAILS

1. REPORT SUMMARY
-----------------
            Netlist: netlist
          Floorplan: design_1
      Design limits: <entire design considered>
           Ruledeck: default
             Max violations: <unlimited>
             Violations found: 358
+----------+----------+------------------------+------------+
| Rule     | Severity | Description            | Violations |
+----------+----------+------------------------+------------+
| DPIP-1   | Warning  | Input pipelining       | 208        |
| DPOP-1   | Warning  | PREG Output pipelining | 64         |
| DPOP-2   | Warning  | MREG Output pipelining | 84         |
| REQP-181 | Advisory | writefirst             | 2          |
+----------+----------+------------------------+------------+

2. REPORT DETAILS
-----------------
DPIP-1#1 Warning
Input pipelining  
DSP cnn_system_i/axis_cnn_mnist_0/inst/u_conv2/u_calc/gen_output_lane[0].gen_input_lane[0].pair01 input cnn_system_i/axis_cnn_mnist_0/inst/u_conv2/u_calc/gen_output_lane[0].gen_input_lane[0].pair01/B[17:0] is not pipelined. Pipelining DSP48 input will improve performance.
Related violations: <none>

DPIP-1#2 Warning
Input pipelining  
DSP cnn_system_i/axis_cnn_mnist_0/inst/u_conv2/u_calc/gen_output_lane[0].gen_input_lane[0].pair01 input cnn_system_i/axis_cnn_mnist_0/inst/u_conv2/u_calc/gen_output_lane[0].gen_input_lane[0].pair01/C[47:0] is not pipelined. Pipelining DSP48 input will improve performance.
Related violations: <none>

DPIP-1#3 Warning
Input pipelining  
DSP cnn_system_i/axis_cnn_mnist_0/inst/u_conv2/u_calc/gen_output_lane[0].gen_input_lane[0].pair23 input cnn_system_i/axis_cnn_mnist_0/inst/u_conv2/u_calc/gen_output_lane[0].gen_input_lane[0].pair23/B[17:0] is not pipelined. Pipelining DSP48 input will improve performance.
Related violations: <none>

DPIP-1#4 Warning
Input pipelining  
DSP cnn_system_i/axis_cnn_mnist_0/inst/u_conv2/u_calc/gen_output_lane[0].gen_input_lane[0].pair23 input cnn_system_i/axis_cnn_mnist_0/inst/u_conv2/u_calc/gen_output_lane[0].gen_input_lane[0].pair23/C[47:0] is not pipelined. Pipelining DSP48 input will improve performance.
Related violations: <none>

DPIP-1#5 Warning
Input pipelining  
DSP cnn_system_i/axis_cnn_mnist_0/inst/u_conv2/u_calc/gen_output_lane[0].gen_input_lane[0].pair45 input cnn_system_i/axis_cnn_mnist_0/inst/u_conv2/u_calc/gen_output_lane[0].gen_input_lane[0].pair45/B[17:0] is not pipelined. Pipelining DSP48 input will improve performance.
Related violations: <none>

DPIP-1#6 Warning
Input pipelining  
DSP cnn_system_i/axis_cnn_mnist_0/inst/u_conv2/u_calc/gen_output_lane[0].gen_input_lane[0].pair45 input cnn_system_i/axis_cnn_mnist_0/inst/u_conv2/u_calc/gen_output_lane[0].gen_input_lane[0].pair45/C[47:0] is not pipelined. Pipelining DSP48 input will improve performance.
Related violations: <none>

DPIP-1#7 Warning
Input pipelining  
DSP cnn_system_i/axis_cnn_mnist_0/inst/u_conv2/u_calc/gen_output_lane[0].gen_input_lane[0].pair67 input cnn_system_i/axis_cnn_mnist_0/inst/u_conv2/u_calc/gen_output_lane[0].gen_input_lane[0].pair67/B[17:0] is not pipelined. Pipelining DSP48 input will improve performance.
Related violations: <none>

DPIP-1#8 Warning
Input pipelining  
DSP cnn_system_i/axis_cnn_mnist_0/inst/u_conv2/u_calc/gen_output_lane[0].gen_input_lane[0].pair67 input cnn_system_i/axis_cnn_mnist_0/inst/u_conv2/u_calc/gen_output_lane[0].gen_input_lane[0].pair67/C[47:0] is not pipelined. Pipelining DSP48 input will improve performance.
Related violations: <none>

DPIP-1#9 Warning
Input pipelining  
DSP cnn_system_i/axis_cnn_mnist_0/inst/u_conv2/u_calc/gen_output_lane[0].gen_input_lane[1].pair01 input cnn_system_i/axis_cnn_mnist_0/inst/u_conv2/u_calc/gen_output_lane[0].gen_input_lane[1].pair01/B[17:0] is not pipelined. Pipelining DSP48 input will improve performance.
Related violations: <none>

DPIP-1#10 Warning
Input pipelining  
DSP cnn_system_i/axis_cnn_mnist_0/inst/u_conv2/u_calc/gen_output_lane[0].gen_input_lane[1].pair01 input cnn_system_i/axis_cnn_mnist_0/inst/u_conv2/u_calc/gen_output_lane[0].gen_input_lane[1].pair01/C[47:0] is not pipelined. Pipelining DSP48 input will improve performance.
Related violations: <none>

DPIP-1#11 Warning
Input pipelining  
DSP cnn_system_i/axis_cnn_mnist_0/inst/u_conv2/u_calc/gen_output_lane[0].gen_input_lane[1].pair23 input cnn_system_i/axis_cnn_mnist_0/inst/u_conv2/u_calc/gen_output_lane[0].gen_input_lane[1].pair23/B[17:0] is not pipelined. Pipelining DSP48 input will improve performance.
Related violations: <none>

DPIP-1#12 Warning
Input pipelining  
DSP cnn_system_i/axis_cnn_mnist_0/inst/u_conv2/u_calc/gen_output_lane[0].gen_input_lane[1].pair23 input cnn_system_i/axis_cnn_mnist_0/inst/u_conv2/u_calc/gen_output_lane[0].gen_input_lane[1].pair23/C[47:0] is not pipelined. Pipelining DSP48 input will improve performance.
Related violations: <none>

DPIP-1#13 Warning
Input pipelining  
DSP cnn_system_i/axis_cnn_mnist_0/inst/u_conv2/u_calc/gen_output_lane[0].gen_input_lane[1].pair45 input cnn_system_i/axis_cnn_mnist_0/inst/u_conv2/u_calc/gen_output_lane[0].gen_input_lane[1].pair45/B[17:0] is not pipelined. Pipelining DSP48 input will improve performance.
Related violations: <none>

DPIP-1#14 Warning
Input pipelining  
DSP cnn_system_i/axis_cnn_mnist_0/inst/u_conv2/u_calc/gen_output_lane[0].gen_input_lane[1].pair45 input cnn_system_i/axis_cnn_mnist_0/inst/u_conv2/u_calc/gen_output_lane[0].gen_input_lane[1].pair45/C[47:0] is not pipelined. Pipelining DSP48 input will improve performance.
Related violations: <none>

DPIP-1#15 Warning
Input pipelining  
DSP cnn_system_i/axis_cnn_mnist_0/inst/u_conv2/u_calc/gen_output_lane[0].gen_input_lane[1].pair67 input cnn_system_i/axis_cnn_mnist_0/inst/u_conv2/u_calc/gen_output_lane[0].gen_input_lane[1].pair67/B[17:0] is not pipelined. Pipelining DSP48 input will improve performance.
Related violations: <none>

DPIP-1#16 Warning
Input pipelining  
DSP cnn_system_i/axis_cnn_mnist_0/inst/u_conv2/u_calc/gen_output_lane[0].gen_input_lane[1].pair67 input cnn_system_i/axis_cnn_mnist_0/inst/u_conv2/u_calc/gen_output_lane[0].gen_input_lane[1].pair67/C[47:0] is not pipelined. Pipelining DSP48 input will improve performance.
Related violations: <none>

DPIP-1#17 Warning
Input pipelining  
DSP cnn_system_i/axis_cnn_mnist_0/inst/u_conv2/u_calc/gen_output_lane[0].gen_input_lane[2].pair01 input cnn_system_i/axis_cnn_mnist_0/inst/u_conv2/u_calc/gen_output_lane[0].gen_input_lane[2].pair01/B[17:0] is not pipelined. Pipelining DSP48 input will improve performance.
Related violations: <none>

DPIP-1#18 Warning
Input pipelining  
DSP cnn_system_i/axis_cnn_mnist_0/inst/u_conv2/u_calc/gen_output_lane[0].gen_input_lane[2].pair01 input cnn_system_i/axis_cnn_mnist_0/inst/u_conv2/u_calc/gen_output_lane[0].gen_input_lane[2].pair01/C[47:0] is not pipelined. Pipelining DSP48 input will improve performance.
Related violations: <none>

DPIP-1#19 Warning
Input pipelining  
DSP cnn_system_i/axis_cnn_mnist_0/inst/u_conv2/u_calc/gen_output_lane[0].gen_input_lane[2].pair23 input cnn_system_i/axis_cnn_mnist_0/inst/u_conv2/u_calc/gen_output_lane[0].gen_input_lane[2].pair23/B[17:0] is not pipelined. Pipelining DSP48 input will improve performance.
Related violations: <none>

DPIP-1#20 Warning
Input pipelining  
DSP cnn_system_i/axis_cnn_mnist_0/inst/u_conv2/u_calc/gen_output_lane[0].gen_input_lane[2].pair23 input cnn_system_i/axis_cnn_mnist_0/inst/u_conv2/u_calc/gen_output_lane[0].gen_input_lane[2].pair23/C[47:0] is not pipelined. Pipelining DSP48 input will improve performance.
Related violations: <none>

DPIP-1#21 Warning
Input pipelining  
DSP cnn_system_i/axis_cnn_mnist_0/inst/u_conv2/u_calc/gen_output_lane[0].gen_input_lane[2].pair45 input cnn_system_i/axis_cnn_mnist_0/inst/u_conv2/u_calc/gen_output_lane[0].gen_input_lane[2].pair45/B[17:0] is not pipelined. Pipelining DSP48 input will improve performance.
Related violations: <none>

DPIP-1#22 Warning
Input pipelining  
DSP cnn_system_i/axis_cnn_mnist_0/inst/u_conv2/u_calc/gen_output_lane[0].gen_input_lane[2].pair45 input cnn_system_i/axis_cnn_mnist_0/inst/u_conv2/u_calc/gen_output_lane[0].gen_input_lane[2].pair45/C[47:0] is not pipelined. Pipelining DSP48 input will improve performance.
Related violations: <none>

DPIP-1#23 Warning
Input pipelining  
DSP cnn_system_i/axis_cnn_mnist_0/inst/u_conv2/u_calc/gen_output_lane[0].gen_input_lane[2].pair67 input cnn_system_i/axis_cnn_mnist_0/inst/u_conv2/u_calc/gen_output_lane[0].gen_input_lane[2].pair67/B[17:0] is not pipelined. Pipelining DSP48 input will improve performance.
Related violations: <none>

DPIP-1#24 Warning
Input pipelining  
DSP cnn_system_i/axis_cnn_mnist_0/inst/u_conv2/u_calc/gen_output_lane[0].gen_input_lane[2].pair67 input cnn_system_i/axis_cnn_mnist_0/inst/u_conv2/u_calc/gen_output_lane[0].gen_input_lane[2].pair67/C[47:0] is not pipelined. Pipelining DSP48 input will improve performance.
Related violations: <none>

DPIP-1#25 Warning
Input pipelining  
DSP cnn_system_i/axis_cnn_mnist_0/inst/u_conv2/u_calc/gen_output_lane[0].gen_input_lane[3].pair01 input cnn_system_i/axis_cnn_mnist_0/inst/u_conv2/u_calc/gen_output_lane[0].gen_input_lane[3].pair01/B[17:0] is not pipelined. Pipelining DSP48 input will improve performance.
Related violations: <none>

DPIP-1#26 Warning
Input pipelining  
DSP cnn_system_i/axis_cnn_mnist_0/inst/u_conv2/u_calc/gen_output_lane[0].gen_input_lane[3].pair01 input cnn_system_i/axis_cnn_mnist_0/inst/u_conv2/u_calc/gen_output_lane[0].gen_input_lane[3].pair01/C[47:0] is not pipelined. Pipelining DSP48 input will improve performance.
Related violations: <none>

DPIP-1#27 Warning
Input pipelining  
DSP cnn_system_i/axis_cnn_mnist_0/inst/u_conv2/u_calc/gen_output_lane[0].gen_input_lane[3].pair23 input cnn_system_i/axis_cnn_mnist_0/inst/u_conv2/u_calc/gen_output_lane[0].gen_input_lane[3].pair23/B[17:0] is not pipelined. Pipelining DSP48 input will improve performance.
Related violations: <none>

DPIP-1#28 Warning
Input pipelining  
DSP cnn_system_i/axis_cnn_mnist_0/inst/u_conv2/u_calc/gen_output_lane[0].gen_input_lane[3].pair23 input cnn_system_i/axis_cnn_mnist_0/inst/u_conv2/u_calc/gen_output_lane[0].gen_input_lane[3].pair23/C[47:0] is not pipelined. Pipelining DSP48 input will improve performance.
Related violations: <none>

DPIP-1#29 Warning
Input pipelining  
DSP cnn_system_i/axis_cnn_mnist_0/inst/u_conv2/u_calc/gen_output_lane[0].gen_input_lane[3].pair45 input cnn_system_i/axis_cnn_mnist_0/inst/u_conv2/u_calc/gen_output_lane[0].gen_input_lane[3].pair45/B[17:0] is not pipelined. Pipelining DSP48 input will improve performance.
Related violations: <none>

DPIP-1#30 Warning
Input pipelining  
DSP cnn_system_i/axis_cnn_mnist_0/inst/u_conv2/u_calc/gen_output_lane[0].gen_input_lane[3].pair45 input cnn_system_i/axis_cnn_mnist_0/inst/u_conv2/u_calc/gen_output_lane[0].gen_input_lane[3].pair45/C[47:0] is not pipelined. Pipelining DSP48 input will improve performance.
Related violations: <none>

DPIP-1#31 Warning
Input pipelining  
DSP cnn_system_i/axis_cnn_mnist_0/inst/u_conv2/u_calc/gen_output_lane[0].gen_input_lane[3].pair67 input cnn_system_i/axis_cnn_mnist_0/inst/u_conv2/u_calc/gen_output_lane[0].gen_input_lane[3].pair67/B[17:0] is not pipelined. Pipelining DSP48 input will improve performance.
Related violations: <none>

DPIP-1#32 Warning
Input pipelining  
DSP cnn_system_i/axis_cnn_mnist_0/inst/u_conv2/u_calc/gen_output_lane[0].gen_input_lane[3].pair67 input cnn_system_i/axis_cnn_mnist_0/inst/u_conv2/u_calc/gen_output_lane[0].gen_input_lane[3].pair67/C[47:0] is not pipelined. Pipelining DSP48 input will improve performance.
Related violations: <none>

DPIP-1#33 Warning
Input pipelining  
DSP cnn_system_i/axis_cnn_mnist_0/inst/u_conv2/u_calc/gen_output_lane[1].gen_input_lane[0].pair01 input cnn_system_i/axis_cnn_mnist_0/inst/u_conv2/u_calc/gen_output_lane[1].gen_input_lane[0].pair01/B[17:0] is not pipelined. Pipelining DSP48 input will improve performance.
Related violations: <none>

DPIP-1#34 Warning
Input pipelining  
DSP cnn_system_i/axis_cnn_mnist_0/inst/u_conv2/u_calc/gen_output_lane[1].gen_input_lane[0].pair01 input cnn_system_i/axis_cnn_mnist_0/inst/u_conv2/u_calc/gen_output_lane[1].gen_input_lane[0].pair01/C[47:0] is not pipelined. Pipelining DSP48 input will improve performance.
Related violations: <none>

DPIP-1#35 Warning
Input pipelining  
DSP cnn_system_i/axis_cnn_mnist_0/inst/u_conv2/u_calc/gen_output_lane[1].gen_input_lane[0].pair23 input cnn_system_i/axis_cnn_mnist_0/inst/u_conv2/u_calc/gen_output_lane[1].gen_input_lane[0].pair23/B[17:0] is not pipelined. Pipelining DSP48 input will improve performance.
Related violations: <none>

DPIP-1#36 Warning
Input pipelining  
DSP cnn_system_i/axis_cnn_mnist_0/inst/u_conv2/u_calc/gen_output_lane[1].gen_input_lane[0].pair23 input cnn_system_i/axis_cnn_mnist_0/inst/u_conv2/u_calc/gen_output_lane[1].gen_input_lane[0].pair23/C[47:0] is not pipelined. Pipelining DSP48 input will improve performance.
Related violations: <none>

DPIP-1#37 Warning
Input pipelining  
DSP cnn_system_i/axis_cnn_mnist_0/inst/u_conv2/u_calc/gen_output_lane[1].gen_input_lane[0].pair45 input cnn_system_i/axis_cnn_mnist_0/inst/u_conv2/u_calc/gen_output_lane[1].gen_input_lane[0].pair45/B[17:0] is not pipelined. Pipelining DSP48 input will improve performance.
Related violations: <none>

DPIP-1#38 Warning
Input pipelining  
DSP cnn_system_i/axis_cnn_mnist_0/inst/u_conv2/u_calc/gen_output_lane[1].gen_input_lane[0].pair45 input cnn_system_i/axis_cnn_mnist_0/inst/u_conv2/u_calc/gen_output_lane[1].gen_input_lane[0].pair45/C[47:0] is not pipelined. Pipelining DSP48 input will improve performance.
Related violations: <none>

DPIP-1#39 Warning
Input pipelining  
DSP cnn_system_i/axis_cnn_mnist_0/inst/u_conv2/u_calc/gen_output_lane[1].gen_input_lane[0].pair67 input cnn_system_i/axis_cnn_mnist_0/inst/u_conv2/u_calc/gen_output_lane[1].gen_input_lane[0].pair67/B[17:0] is not pipelined. Pipelining DSP48 input will improve performance.
Related violations: <none>

DPIP-1#40 Warning
Input pipelining  
DSP cnn_system_i/axis_cnn_mnist_0/inst/u_conv2/u_calc/gen_output_lane[1].gen_input_lane[0].pair67 input cnn_system_i/axis_cnn_mnist_0/inst/u_conv2/u_calc/gen_output_lane[1].gen_input_lane[0].pair67/C[47:0] is not pipelined. Pipelining DSP48 input will improve performance.
Related violations: <none>

DPIP-1#41 Warning
Input pipelining  
DSP cnn_system_i/axis_cnn_mnist_0/inst/u_conv2/u_calc/gen_output_lane[1].gen_input_lane[1].pair01 input cnn_system_i/axis_cnn_mnist_0/inst/u_conv2/u_calc/gen_output_lane[1].gen_input_lane[1].pair01/B[17:0] is not pipelined. Pipelining DSP48 input will improve performance.
Related violations: <none>

DPIP-1#42 Warning
Input pipelining  
DSP cnn_system_i/axis_cnn_mnist_0/inst/u_conv2/u_calc/gen_output_lane[1].gen_input_lane[1].pair01 input cnn_system_i/axis_cnn_mnist_0/inst/u_conv2/u_calc/gen_output_lane[1].gen_input_lane[1].pair01/C[47:0] is not pipelined. Pipelining DSP48 input will improve performance.
Related violations: <none>

DPIP-1#43 Warning
Input pipelining  
DSP cnn_system_i/axis_cnn_mnist_0/inst/u_conv2/u_calc/gen_output_lane[1].gen_input_lane[1].pair23 input cnn_system_i/axis_cnn_mnist_0/inst/u_conv2/u_calc/gen_output_lane[1].gen_input_lane[1].pair23/B[17:0] is not pipelined. Pipelining DSP48 input will improve performance.
Related violations: <none>

DPIP-1#44 Warning
Input pipelining  
DSP cnn_system_i/axis_cnn_mnist_0/inst/u_conv2/u_calc/gen_output_lane[1].gen_input_lane[1].pair23 input cnn_system_i/axis_cnn_mnist_0/inst/u_conv2/u_calc/gen_output_lane[1].gen_input_lane[1].pair23/C[47:0] is not pipelined. Pipelining DSP48 input will improve performance.
Related violations: <none>

DPIP-1#45 Warning
Input pipelining  
DSP cnn_system_i/axis_cnn_mnist_0/inst/u_conv2/u_calc/gen_output_lane[1].gen_input_lane[1].pair45 input cnn_system_i/axis_cnn_mnist_0/inst/u_conv2/u_calc/gen_output_lane[1].gen_input_lane[1].pair45/B[17:0] is not pipelined. Pipelining DSP48 input will improve performance.
Related violations: <none>

DPIP-1#46 Warning
Input pipelining  
DSP cnn_system_i/axis_cnn_mnist_0/inst/u_conv2/u_calc/gen_output_lane[1].gen_input_lane[1].pair45 input cnn_system_i/axis_cnn_mnist_0/inst/u_conv2/u_calc/gen_output_lane[1].gen_input_lane[1].pair45/C[47:0] is not pipelined. Pipelining DSP48 input will improve performance.
Related violations: <none>

DPIP-1#47 Warning
Input pipelining  
DSP cnn_system_i/axis_cnn_mnist_0/inst/u_conv2/u_calc/gen_output_lane[1].gen_input_lane[1].pair67 input cnn_system_i/axis_cnn_mnist_0/inst/u_conv2/u_calc/gen_output_lane[1].gen_input_lane[1].pair67/B[17:0] is not pipelined. Pipelining DSP48 input will improve performance.
Related violations: <none>

DPIP-1#48 Warning
Input pipelining  
DSP cnn_system_i/axis_cnn_mnist_0/inst/u_conv2/u_calc/gen_output_lane[1].gen_input_lane[1].pair67 input cnn_system_i/axis_cnn_mnist_0/inst/u_conv2/u_calc/gen_output_lane[1].gen_input_lane[1].pair67/C[47:0] is not pipelined. Pipelining DSP48 input will improve performance.
Related violations: <none>

DPIP-1#49 Warning
Input pipelining  
DSP cnn_system_i/axis_cnn_mnist_0/inst/u_conv2/u_calc/gen_output_lane[1].gen_input_lane[2].pair01 input cnn_system_i/axis_cnn_mnist_0/inst/u_conv2/u_calc/gen_output_lane[1].gen_input_lane[2].pair01/B[17:0] is not pipelined. Pipelining DSP48 input will improve performance.
Related violations: <none>

DPIP-1#50 Warning
Input pipelining  
DSP cnn_system_i/axis_cnn_mnist_0/inst/u_conv2/u_calc/gen_output_lane[1].gen_input_lane[2].pair01 input cnn_system_i/axis_cnn_mnist_0/inst/u_conv2/u_calc/gen_output_lane[1].gen_input_lane[2].pair01/C[47:0] is not pipelined. Pipelining DSP48 input will improve performance.
Related violations: <none>

DPIP-1#51 Warning
Input pipelining  
DSP cnn_system_i/axis_cnn_mnist_0/inst/u_conv2/u_calc/gen_output_lane[1].gen_input_lane[2].pair23 input cnn_system_i/axis_cnn_mnist_0/inst/u_conv2/u_calc/gen_output_lane[1].gen_input_lane[2].pair23/B[17:0] is not pipelined. Pipelining DSP48 input will improve performance.
Related violations: <none>

DPIP-1#52 Warning
Input pipelining  
DSP cnn_system_i/axis_cnn_mnist_0/inst/u_conv2/u_calc/gen_output_lane[1].gen_input_lane[2].pair23 input cnn_system_i/axis_cnn_mnist_0/inst/u_conv2/u_calc/gen_output_lane[1].gen_input_lane[2].pair23/C[47:0] is not pipelined. Pipelining DSP48 input will improve performance.
Related violations: <none>

DPIP-1#53 Warning
Input pipelining  
DSP cnn_system_i/axis_cnn_mnist_0/inst/u_conv2/u_calc/gen_output_lane[1].gen_input_lane[2].pair45 input cnn_system_i/axis_cnn_mnist_0/inst/u_conv2/u_calc/gen_output_lane[1].gen_input_lane[2].pair45/B[17:0] is not pipelined. Pipelining DSP48 input will improve performance.
Related violations: <none>

DPIP-1#54 Warning
Input pipelining  
DSP cnn_system_i/axis_cnn_mnist_0/inst/u_conv2/u_calc/gen_output_lane[1].gen_input_lane[2].pair45 input cnn_system_i/axis_cnn_mnist_0/inst/u_conv2/u_calc/gen_output_lane[1].gen_input_lane[2].pair45/C[47:0] is not pipelined. Pipelining DSP48 input will improve performance.
Related violations: <none>

DPIP-1#55 Warning
Input pipelining  
DSP cnn_system_i/axis_cnn_mnist_0/inst/u_conv2/u_calc/gen_output_lane[1].gen_input_lane[2].pair67 input cnn_system_i/axis_cnn_mnist_0/inst/u_conv2/u_calc/gen_output_lane[1].gen_input_lane[2].pair67/B[17:0] is not pipelined. Pipelining DSP48 input will improve performance.
Related violations: <none>

DPIP-1#56 Warning
Input pipelining  
DSP cnn_system_i/axis_cnn_mnist_0/inst/u_conv2/u_calc/gen_output_lane[1].gen_input_lane[2].pair67 input cnn_system_i/axis_cnn_mnist_0/inst/u_conv2/u_calc/gen_output_lane[1].gen_input_lane[2].pair67/C[47:0] is not pipelined. Pipelining DSP48 input will improve performance.
Related violations: <none>

DPIP-1#57 Warning
Input pipelining  
DSP cnn_system_i/axis_cnn_mnist_0/inst/u_conv2/u_calc/gen_output_lane[1].gen_input_lane[3].pair01 input cnn_system_i/axis_cnn_mnist_0/inst/u_conv2/u_calc/gen_output_lane[1].gen_input_lane[3].pair01/B[17:0] is not pipelined. Pipelining DSP48 input will improve performance.
Related violations: <none>

DPIP-1#58 Warning
Input pipelining  
DSP cnn_system_i/axis_cnn_mnist_0/inst/u_conv2/u_calc/gen_output_lane[1].gen_input_lane[3].pair01 input cnn_system_i/axis_cnn_mnist_0/inst/u_conv2/u_calc/gen_output_lane[1].gen_input_lane[3].pair01/C[47:0] is not pipelined. Pipelining DSP48 input will improve performance.
Related violations: <none>

DPIP-1#59 Warning
Input pipelining  
DSP cnn_system_i/axis_cnn_mnist_0/inst/u_conv2/u_calc/gen_output_lane[1].gen_input_lane[3].pair23 input cnn_system_i/axis_cnn_mnist_0/inst/u_conv2/u_calc/gen_output_lane[1].gen_input_lane[3].pair23/B[17:0] is not pipelined. Pipelining DSP48 input will improve performance.
Related violations: <none>

DPIP-1#60 Warning
Input pipelining  
DSP cnn_system_i/axis_cnn_mnist_0/inst/u_conv2/u_calc/gen_output_lane[1].gen_input_lane[3].pair23 input cnn_system_i/axis_cnn_mnist_0/inst/u_conv2/u_calc/gen_output_lane[1].gen_input_lane[3].pair23/C[47:0] is not pipelined. Pipelining DSP48 input will improve performance.
Related violations: <none>

DPIP-1#61 Warning
Input pipelining  
DSP cnn_system_i/axis_cnn_mnist_0/inst/u_conv2/u_calc/gen_output_lane[1].gen_input_lane[3].pair45 input cnn_system_i/axis_cnn_mnist_0/inst/u_conv2/u_calc/gen_output_lane[1].gen_input_lane[3].pair45/B[17:0] is not pipelined. Pipelining DSP48 input will improve performance.
Related violations: <none>

DPIP-1#62 Warning
Input pipelining  
DSP cnn_system_i/axis_cnn_mnist_0/inst/u_conv2/u_calc/gen_output_lane[1].gen_input_lane[3].pair45 input cnn_system_i/axis_cnn_mnist_0/inst/u_conv2/u_calc/gen_output_lane[1].gen_input_lane[3].pair45/C[47:0] is not pipelined. Pipelining DSP48 input will improve performance.
Related violations: <none>

DPIP-1#63 Warning
Input pipelining  
DSP cnn_system_i/axis_cnn_mnist_0/inst/u_conv2/u_calc/gen_output_lane[1].gen_input_lane[3].pair67 input cnn_system_i/axis_cnn_mnist_0/inst/u_conv2/u_calc/gen_output_lane[1].gen_input_lane[3].pair67/B[17:0] is not pipelined. Pipelining DSP48 input will improve performance.
Related violations: <none>

DPIP-1#64 Warning
Input pipelining  
DSP cnn_system_i/axis_cnn_mnist_0/inst/u_conv2/u_calc/gen_output_lane[1].gen_input_lane[3].pair67 input cnn_system_i/axis_cnn_mnist_0/inst/u_conv2/u_calc/gen_output_lane[1].gen_input_lane[3].pair67/C[47:0] is not pipelined. Pipelining DSP48 input will improve performance.
Related violations: <none>

DPIP-1#65 Warning
Input pipelining  
DSP cnn_system_i/axis_cnn_mnist_0/inst/u_conv2/u_calc/gen_output_lane[2].gen_input_lane[0].pair01 input cnn_system_i/axis_cnn_mnist_0/inst/u_conv2/u_calc/gen_output_lane[2].gen_input_lane[0].pair01/B[17:0] is not pipelined. Pipelining DSP48 input will improve performance.
Related violations: <none>

DPIP-1#66 Warning
Input pipelining  
DSP cnn_system_i/axis_cnn_mnist_0/inst/u_conv2/u_calc/gen_output_lane[2].gen_input_lane[0].pair01 input cnn_system_i/axis_cnn_mnist_0/inst/u_conv2/u_calc/gen_output_lane[2].gen_input_lane[0].pair01/C[47:0] is not pipelined. Pipelining DSP48 input will improve performance.
Related violations: <none>

DPIP-1#67 Warning
Input pipelining  
DSP cnn_system_i/axis_cnn_mnist_0/inst/u_conv2/u_calc/gen_output_lane[2].gen_input_lane[0].pair23 input cnn_system_i/axis_cnn_mnist_0/inst/u_conv2/u_calc/gen_output_lane[2].gen_input_lane[0].pair23/B[17:0] is not pipelined. Pipelining DSP48 input will improve performance.
Related violations: <none>

DPIP-1#68 Warning
Input pipelining  
DSP cnn_system_i/axis_cnn_mnist_0/inst/u_conv2/u_calc/gen_output_lane[2].gen_input_lane[0].pair23 input cnn_system_i/axis_cnn_mnist_0/inst/u_conv2/u_calc/gen_output_lane[2].gen_input_lane[0].pair23/C[47:0] is not pipelined. Pipelining DSP48 input will improve performance.
Related violations: <none>

DPIP-1#69 Warning
Input pipelining  
DSP cnn_system_i/axis_cnn_mnist_0/inst/u_conv2/u_calc/gen_output_lane[2].gen_input_lane[0].pair45 input cnn_system_i/axis_cnn_mnist_0/inst/u_conv2/u_calc/gen_output_lane[2].gen_input_lane[0].pair45/B[17:0] is not pipelined. Pipelining DSP48 input will improve performance.
Related violations: <none>

DPIP-1#70 Warning
Input pipelining  
DSP cnn_system_i/axis_cnn_mnist_0/inst/u_conv2/u_calc/gen_output_lane[2].gen_input_lane[0].pair45 input cnn_system_i/axis_cnn_mnist_0/inst/u_conv2/u_calc/gen_output_lane[2].gen_input_lane[0].pair45/C[47:0] is not pipelined. Pipelining DSP48 input will improve performance.
Related violations: <none>

DPIP-1#71 Warning
Input pipelining  
DSP cnn_system_i/axis_cnn_mnist_0/inst/u_conv2/u_calc/gen_output_lane[2].gen_input_lane[0].pair67 input cnn_system_i/axis_cnn_mnist_0/inst/u_conv2/u_calc/gen_output_lane[2].gen_input_lane[0].pair67/B[17:0] is not pipelined. Pipelining DSP48 input will improve performance.
Related violations: <none>

DPIP-1#72 Warning
Input pipelining  
DSP cnn_system_i/axis_cnn_mnist_0/inst/u_conv2/u_calc/gen_output_lane[2].gen_input_lane[0].pair67 input cnn_system_i/axis_cnn_mnist_0/inst/u_conv2/u_calc/gen_output_lane[2].gen_input_lane[0].pair67/C[47:0] is not pipelined. Pipelining DSP48 input will improve performance.
Related violations: <none>

DPIP-1#73 Warning
Input pipelining  
DSP cnn_system_i/axis_cnn_mnist_0/inst/u_conv2/u_calc/gen_output_lane[2].gen_input_lane[1].pair01 input cnn_system_i/axis_cnn_mnist_0/inst/u_conv2/u_calc/gen_output_lane[2].gen_input_lane[1].pair01/B[17:0] is not pipelined. Pipelining DSP48 input will improve performance.
Related violations: <none>

DPIP-1#74 Warning
Input pipelining  
DSP cnn_system_i/axis_cnn_mnist_0/inst/u_conv2/u_calc/gen_output_lane[2].gen_input_lane[1].pair01 input cnn_system_i/axis_cnn_mnist_0/inst/u_conv2/u_calc/gen_output_lane[2].gen_input_lane[1].pair01/C[47:0] is not pipelined. Pipelining DSP48 input will improve performance.
Related violations: <none>

DPIP-1#75 Warning
Input pipelining  
DSP cnn_system_i/axis_cnn_mnist_0/inst/u_conv2/u_calc/gen_output_lane[2].gen_input_lane[1].pair23 input cnn_system_i/axis_cnn_mnist_0/inst/u_conv2/u_calc/gen_output_lane[2].gen_input_lane[1].pair23/B[17:0] is not pipelined. Pipelining DSP48 input will improve performance.
Related violations: <none>

DPIP-1#76 Warning
Input pipelining  
DSP cnn_system_i/axis_cnn_mnist_0/inst/u_conv2/u_calc/gen_output_lane[2].gen_input_lane[1].pair23 input cnn_system_i/axis_cnn_mnist_0/inst/u_conv2/u_calc/gen_output_lane[2].gen_input_lane[1].pair23/C[47:0] is not pipelined. Pipelining DSP48 input will improve performance.
Related violations: <none>

DPIP-1#77 Warning
Input pipelining  
DSP cnn_system_i/axis_cnn_mnist_0/inst/u_conv2/u_calc/gen_output_lane[2].gen_input_lane[1].pair45 input cnn_system_i/axis_cnn_mnist_0/inst/u_conv2/u_calc/gen_output_lane[2].gen_input_lane[1].pair45/B[17:0] is not pipelined. Pipelining DSP48 input will improve performance.
Related violations: <none>

DPIP-1#78 Warning
Input pipelining  
DSP cnn_system_i/axis_cnn_mnist_0/inst/u_conv2/u_calc/gen_output_lane[2].gen_input_lane[1].pair45 input cnn_system_i/axis_cnn_mnist_0/inst/u_conv2/u_calc/gen_output_lane[2].gen_input_lane[1].pair45/C[47:0] is not pipelined. Pipelining DSP48 input will improve performance.
Related violations: <none>

DPIP-1#79 Warning
Input pipelining  
DSP cnn_system_i/axis_cnn_mnist_0/inst/u_conv2/u_calc/gen_output_lane[2].gen_input_lane[1].pair67 input cnn_system_i/axis_cnn_mnist_0/inst/u_conv2/u_calc/gen_output_lane[2].gen_input_lane[1].pair67/B[17:0] is not pipelined. Pipelining DSP48 input will improve performance.
Related violations: <none>

DPIP-1#80 Warning
Input pipelining  
DSP cnn_system_i/axis_cnn_mnist_0/inst/u_conv2/u_calc/gen_output_lane[2].gen_input_lane[1].pair67 input cnn_system_i/axis_cnn_mnist_0/inst/u_conv2/u_calc/gen_output_lane[2].gen_input_lane[1].pair67/C[47:0] is not pipelined. Pipelining DSP48 input will improve performance.
Related violations: <none>

DPIP-1#81 Warning
Input pipelining  
DSP cnn_system_i/axis_cnn_mnist_0/inst/u_conv2/u_calc/gen_output_lane[2].gen_input_lane[2].pair01 input cnn_system_i/axis_cnn_mnist_0/inst/u_conv2/u_calc/gen_output_lane[2].gen_input_lane[2].pair01/B[17:0] is not pipelined. Pipelining DSP48 input will improve performance.
Related violations: <none>

DPIP-1#82 Warning
Input pipelining  
DSP cnn_system_i/axis_cnn_mnist_0/inst/u_conv2/u_calc/gen_output_lane[2].gen_input_lane[2].pair01 input cnn_system_i/axis_cnn_mnist_0/inst/u_conv2/u_calc/gen_output_lane[2].gen_input_lane[2].pair01/C[47:0] is not pipelined. Pipelining DSP48 input will improve performance.
Related violations: <none>

DPIP-1#83 Warning
Input pipelining  
DSP cnn_system_i/axis_cnn_mnist_0/inst/u_conv2/u_calc/gen_output_lane[2].gen_input_lane[2].pair23 input cnn_system_i/axis_cnn_mnist_0/inst/u_conv2/u_calc/gen_output_lane[2].gen_input_lane[2].pair23/B[17:0] is not pipelined. Pipelining DSP48 input will improve performance.
Related violations: <none>

DPIP-1#84 Warning
Input pipelining  
DSP cnn_system_i/axis_cnn_mnist_0/inst/u_conv2/u_calc/gen_output_lane[2].gen_input_lane[2].pair23 input cnn_system_i/axis_cnn_mnist_0/inst/u_conv2/u_calc/gen_output_lane[2].gen_input_lane[2].pair23/C[47:0] is not pipelined. Pipelining DSP48 input will improve performance.
Related violations: <none>

DPIP-1#85 Warning
Input pipelining  
DSP cnn_system_i/axis_cnn_mnist_0/inst/u_conv2/u_calc/gen_output_lane[2].gen_input_lane[2].pair45 input cnn_system_i/axis_cnn_mnist_0/inst/u_conv2/u_calc/gen_output_lane[2].gen_input_lane[2].pair45/B[17:0] is not pipelined. Pipelining DSP48 input will improve performance.
Related violations: <none>

DPIP-1#86 Warning
Input pipelining  
DSP cnn_system_i/axis_cnn_mnist_0/inst/u_conv2/u_calc/gen_output_lane[2].gen_input_lane[2].pair45 input cnn_system_i/axis_cnn_mnist_0/inst/u_conv2/u_calc/gen_output_lane[2].gen_input_lane[2].pair45/C[47:0] is not pipelined. Pipelining DSP48 input will improve performance.
Related violations: <none>

DPIP-1#87 Warning
Input pipelining  
DSP cnn_system_i/axis_cnn_mnist_0/inst/u_conv2/u_calc/gen_output_lane[2].gen_input_lane[2].pair67 input cnn_system_i/axis_cnn_mnist_0/inst/u_conv2/u_calc/gen_output_lane[2].gen_input_lane[2].pair67/B[17:0] is not pipelined. Pipelining DSP48 input will improve performance.
Related violations: <none>

DPIP-1#88 Warning
Input pipelining  
DSP cnn_system_i/axis_cnn_mnist_0/inst/u_conv2/u_calc/gen_output_lane[2].gen_input_lane[2].pair67 input cnn_system_i/axis_cnn_mnist_0/inst/u_conv2/u_calc/gen_output_lane[2].gen_input_lane[2].pair67/C[47:0] is not pipelined. Pipelining DSP48 input will improve performance.
Related violations: <none>

DPIP-1#89 Warning
Input pipelining  
DSP cnn_system_i/axis_cnn_mnist_0/inst/u_conv2/u_calc/gen_output_lane[2].gen_input_lane[3].pair01 input cnn_system_i/axis_cnn_mnist_0/inst/u_conv2/u_calc/gen_output_lane[2].gen_input_lane[3].pair01/B[17:0] is not pipelined. Pipelining DSP48 input will improve performance.
Related violations: <none>

DPIP-1#90 Warning
Input pipelining  
DSP cnn_system_i/axis_cnn_mnist_0/inst/u_conv2/u_calc/gen_output_lane[2].gen_input_lane[3].pair01 input cnn_system_i/axis_cnn_mnist_0/inst/u_conv2/u_calc/gen_output_lane[2].gen_input_lane[3].pair01/C[47:0] is not pipelined. Pipelining DSP48 input will improve performance.
Related violations: <none>

DPIP-1#91 Warning
Input pipelining  
DSP cnn_system_i/axis_cnn_mnist_0/inst/u_conv2/u_calc/gen_output_lane[2].gen_input_lane[3].pair23 input cnn_system_i/axis_cnn_mnist_0/inst/u_conv2/u_calc/gen_output_lane[2].gen_input_lane[3].pair23/B[17:0] is not pipelined. Pipelining DSP48 input will improve performance.
Related violations: <none>

DPIP-1#92 Warning
Input pipelining  
DSP cnn_system_i/axis_cnn_mnist_0/inst/u_conv2/u_calc/gen_output_lane[2].gen_input_lane[3].pair23 input cnn_system_i/axis_cnn_mnist_0/inst/u_conv2/u_calc/gen_output_lane[2].gen_input_lane[3].pair23/C[47:0] is not pipelined. Pipelining DSP48 input will improve performance.
Related violations: <none>

DPIP-1#93 Warning
Input pipelining  
DSP cnn_system_i/axis_cnn_mnist_0/inst/u_conv2/u_calc/gen_output_lane[2].gen_input_lane[3].pair45 input cnn_system_i/axis_cnn_mnist_0/inst/u_conv2/u_calc/gen_output_lane[2].gen_input_lane[3].pair45/B[17:0] is not pipelined. Pipelining DSP48 input will improve performance.
Related violations: <none>

DPIP-1#94 Warning
Input pipelining  
DSP cnn_system_i/axis_cnn_mnist_0/inst/u_conv2/u_calc/gen_output_lane[2].gen_input_lane[3].pair45 input cnn_system_i/axis_cnn_mnist_0/inst/u_conv2/u_calc/gen_output_lane[2].gen_input_lane[3].pair45/C[47:0] is not pipelined. Pipelining DSP48 input will improve performance.
Related violations: <none>

DPIP-1#95 Warning
Input pipelining  
DSP cnn_system_i/axis_cnn_mnist_0/inst/u_conv2/u_calc/gen_output_lane[2].gen_input_lane[3].pair67 input cnn_system_i/axis_cnn_mnist_0/inst/u_conv2/u_calc/gen_output_lane[2].gen_input_lane[3].pair67/B[17:0] is not pipelined. Pipelining DSP48 input will improve performance.
Related violations: <none>

DPIP-1#96 Warning
Input pipelining  
DSP cnn_system_i/axis_cnn_mnist_0/inst/u_conv2/u_calc/gen_output_lane[2].gen_input_lane[3].pair67 input cnn_system_i/axis_cnn_mnist_0/inst/u_conv2/u_calc/gen_output_lane[2].gen_input_lane[3].pair67/C[47:0] is not pipelined. Pipelining DSP48 input will improve performance.
Related violations: <none>

DPIP-1#97 Warning
Input pipelining  
DSP cnn_system_i/axis_cnn_mnist_0/inst/u_conv2/u_calc/gen_output_lane[3].gen_input_lane[0].pair01 input cnn_system_i/axis_cnn_mnist_0/inst/u_conv2/u_calc/gen_output_lane[3].gen_input_lane[0].pair01/B[17:0] is not pipelined. Pipelining DSP48 input will improve performance.
Related violations: <none>

DPIP-1#98 Warning
Input pipelining  
DSP cnn_system_i/axis_cnn_mnist_0/inst/u_conv2/u_calc/gen_output_lane[3].gen_input_lane[0].pair01 input cnn_system_i/axis_cnn_mnist_0/inst/u_conv2/u_calc/gen_output_lane[3].gen_input_lane[0].pair01/C[47:0] is not pipelined. Pipelining DSP48 input will improve performance.
Related violations: <none>

DPIP-1#99 Warning
Input pipelining  
DSP cnn_system_i/axis_cnn_mnist_0/inst/u_conv2/u_calc/gen_output_lane[3].gen_input_lane[0].pair23 input cnn_system_i/axis_cnn_mnist_0/inst/u_conv2/u_calc/gen_output_lane[3].gen_input_lane[0].pair23/B[17:0] is not pipelined. Pipelining DSP48 input will improve performance.
Related violations: <none>

DPIP-1#100 Warning
Input pipelining  
DSP cnn_system_i/axis_cnn_mnist_0/inst/u_conv2/u_calc/gen_output_lane[3].gen_input_lane[0].pair23 input cnn_system_i/axis_cnn_mnist_0/inst/u_conv2/u_calc/gen_output_lane[3].gen_input_lane[0].pair23/C[47:0] is not pipelined. Pipelining DSP48 input will improve performance.
Related violations: <none>

DPIP-1#101 Warning
Input pipelining  
DSP cnn_system_i/axis_cnn_mnist_0/inst/u_conv2/u_calc/gen_output_lane[3].gen_input_lane[0].pair45 input cnn_system_i/axis_cnn_mnist_0/inst/u_conv2/u_calc/gen_output_lane[3].gen_input_lane[0].pair45/B[17:0] is not pipelined. Pipelining DSP48 input will improve performance.
Related violations: <none>

DPIP-1#102 Warning
Input pipelining  
DSP cnn_system_i/axis_cnn_mnist_0/inst/u_conv2/u_calc/gen_output_lane[3].gen_input_lane[0].pair45 input cnn_system_i/axis_cnn_mnist_0/inst/u_conv2/u_calc/gen_output_lane[3].gen_input_lane[0].pair45/C[47:0] is not pipelined. Pipelining DSP48 input will improve performance.
Related violations: <none>

DPIP-1#103 Warning
Input pipelining  
DSP cnn_system_i/axis_cnn_mnist_0/inst/u_conv2/u_calc/gen_output_lane[3].gen_input_lane[0].pair67 input cnn_system_i/axis_cnn_mnist_0/inst/u_conv2/u_calc/gen_output_lane[3].gen_input_lane[0].pair67/B[17:0] is not pipelined. Pipelining DSP48 input will improve performance.
Related violations: <none>

DPIP-1#104 Warning
Input pipelining  
DSP cnn_system_i/axis_cnn_mnist_0/inst/u_conv2/u_calc/gen_output_lane[3].gen_input_lane[0].pair67 input cnn_system_i/axis_cnn_mnist_0/inst/u_conv2/u_calc/gen_output_lane[3].gen_input_lane[0].pair67/C[47:0] is not pipelined. Pipelining DSP48 input will improve performance.
Related violations: <none>

DPIP-1#105 Warning
Input pipelining  
DSP cnn_system_i/axis_cnn_mnist_0/inst/u_conv2/u_calc/gen_output_lane[3].gen_input_lane[1].pair01 input cnn_system_i/axis_cnn_mnist_0/inst/u_conv2/u_calc/gen_output_lane[3].gen_input_lane[1].pair01/B[17:0] is not pipelined. Pipelining DSP48 input will improve performance.
Related violations: <none>

DPIP-1#106 Warning
Input pipelining  
DSP cnn_system_i/axis_cnn_mnist_0/inst/u_conv2/u_calc/gen_output_lane[3].gen_input_lane[1].pair01 input cnn_system_i/axis_cnn_mnist_0/inst/u_conv2/u_calc/gen_output_lane[3].gen_input_lane[1].pair01/C[47:0] is not pipelined. Pipelining DSP48 input will improve performance.
Related violations: <none>

DPIP-1#107 Warning
Input pipelining  
DSP cnn_system_i/axis_cnn_mnist_0/inst/u_conv2/u_calc/gen_output_lane[3].gen_input_lane[1].pair23 input cnn_system_i/axis_cnn_mnist_0/inst/u_conv2/u_calc/gen_output_lane[3].gen_input_lane[1].pair23/B[17:0] is not pipelined. Pipelining DSP48 input will improve performance.
Related violations: <none>

DPIP-1#108 Warning
Input pipelining  
DSP cnn_system_i/axis_cnn_mnist_0/inst/u_conv2/u_calc/gen_output_lane[3].gen_input_lane[1].pair23 input cnn_system_i/axis_cnn_mnist_0/inst/u_conv2/u_calc/gen_output_lane[3].gen_input_lane[1].pair23/C[47:0] is not pipelined. Pipelining DSP48 input will improve performance.
Related violations: <none>

DPIP-1#109 Warning
Input pipelining  
DSP cnn_system_i/axis_cnn_mnist_0/inst/u_conv2/u_calc/gen_output_lane[3].gen_input_lane[1].pair45 input cnn_system_i/axis_cnn_mnist_0/inst/u_conv2/u_calc/gen_output_lane[3].gen_input_lane[1].pair45/B[17:0] is not pipelined. Pipelining DSP48 input will improve performance.
Related violations: <none>

DPIP-1#110 Warning
Input pipelining  
DSP cnn_system_i/axis_cnn_mnist_0/inst/u_conv2/u_calc/gen_output_lane[3].gen_input_lane[1].pair45 input cnn_system_i/axis_cnn_mnist_0/inst/u_conv2/u_calc/gen_output_lane[3].gen_input_lane[1].pair45/C[47:0] is not pipelined. Pipelining DSP48 input will improve performance.
Related violations: <none>

DPIP-1#111 Warning
Input pipelining  
DSP cnn_system_i/axis_cnn_mnist_0/inst/u_conv2/u_calc/gen_output_lane[3].gen_input_lane[1].pair67 input cnn_system_i/axis_cnn_mnist_0/inst/u_conv2/u_calc/gen_output_lane[3].gen_input_lane[1].pair67/B[17:0] is not pipelined. Pipelining DSP48 input will improve performance.
Related violations: <none>

DPIP-1#112 Warning
Input pipelining  
DSP cnn_system_i/axis_cnn_mnist_0/inst/u_conv2/u_calc/gen_output_lane[3].gen_input_lane[1].pair67 input cnn_system_i/axis_cnn_mnist_0/inst/u_conv2/u_calc/gen_output_lane[3].gen_input_lane[1].pair67/C[47:0] is not pipelined. Pipelining DSP48 input will improve performance.
Related violations: <none>

DPIP-1#113 Warning
Input pipelining  
DSP cnn_system_i/axis_cnn_mnist_0/inst/u_conv2/u_calc/gen_output_lane[3].gen_input_lane[2].pair01 input cnn_system_i/axis_cnn_mnist_0/inst/u_conv2/u_calc/gen_output_lane[3].gen_input_lane[2].pair01/B[17:0] is not pipelined. Pipelining DSP48 input will improve performance.
Related violations: <none>

DPIP-1#114 Warning
Input pipelining  
DSP cnn_system_i/axis_cnn_mnist_0/inst/u_conv2/u_calc/gen_output_lane[3].gen_input_lane[2].pair01 input cnn_system_i/axis_cnn_mnist_0/inst/u_conv2/u_calc/gen_output_lane[3].gen_input_lane[2].pair01/C[47:0] is not pipelined. Pipelining DSP48 input will improve performance.
Related violations: <none>

DPIP-1#115 Warning
Input pipelining  
DSP cnn_system_i/axis_cnn_mnist_0/inst/u_conv2/u_calc/gen_output_lane[3].gen_input_lane[2].pair23 input cnn_system_i/axis_cnn_mnist_0/inst/u_conv2/u_calc/gen_output_lane[3].gen_input_lane[2].pair23/B[17:0] is not pipelined. Pipelining DSP48 input will improve performance.
Related violations: <none>

DPIP-1#116 Warning
Input pipelining  
DSP cnn_system_i/axis_cnn_mnist_0/inst/u_conv2/u_calc/gen_output_lane[3].gen_input_lane[2].pair23 input cnn_system_i/axis_cnn_mnist_0/inst/u_conv2/u_calc/gen_output_lane[3].gen_input_lane[2].pair23/C[47:0] is not pipelined. Pipelining DSP48 input will improve performance.
Related violations: <none>

DPIP-1#117 Warning
Input pipelining  
DSP cnn_system_i/axis_cnn_mnist_0/inst/u_conv2/u_calc/gen_output_lane[3].gen_input_lane[2].pair45 input cnn_system_i/axis_cnn_mnist_0/inst/u_conv2/u_calc/gen_output_lane[3].gen_input_lane[2].pair45/B[17:0] is not pipelined. Pipelining DSP48 input will improve performance.
Related violations: <none>

DPIP-1#118 Warning
Input pipelining  
DSP cnn_system_i/axis_cnn_mnist_0/inst/u_conv2/u_calc/gen_output_lane[3].gen_input_lane[2].pair45 input cnn_system_i/axis_cnn_mnist_0/inst/u_conv2/u_calc/gen_output_lane[3].gen_input_lane[2].pair45/C[47:0] is not pipelined. Pipelining DSP48 input will improve performance.
Related violations: <none>

DPIP-1#119 Warning
Input pipelining  
DSP cnn_system_i/axis_cnn_mnist_0/inst/u_conv2/u_calc/gen_output_lane[3].gen_input_lane[2].pair67 input cnn_system_i/axis_cnn_mnist_0/inst/u_conv2/u_calc/gen_output_lane[3].gen_input_lane[2].pair67/B[17:0] is not pipelined. Pipelining DSP48 input will improve performance.
Related violations: <none>

DPIP-1#120 Warning
Input pipelining  
DSP cnn_system_i/axis_cnn_mnist_0/inst/u_conv2/u_calc/gen_output_lane[3].gen_input_lane[2].pair67 input cnn_system_i/axis_cnn_mnist_0/inst/u_conv2/u_calc/gen_output_lane[3].gen_input_lane[2].pair67/C[47:0] is not pipelined. Pipelining DSP48 input will improve performance.
Related violations: <none>

DPIP-1#121 Warning
Input pipelining  
DSP cnn_system_i/axis_cnn_mnist_0/inst/u_conv2/u_calc/gen_output_lane[3].gen_input_lane[3].pair01 input cnn_system_i/axis_cnn_mnist_0/inst/u_conv2/u_calc/gen_output_lane[3].gen_input_lane[3].pair01/B[17:0] is not pipelined. Pipelining DSP48 input will improve performance.
Related violations: <none>

DPIP-1#122 Warning
Input pipelining  
DSP cnn_system_i/axis_cnn_mnist_0/inst/u_conv2/u_calc/gen_output_lane[3].gen_input_lane[3].pair01 input cnn_system_i/axis_cnn_mnist_0/inst/u_conv2/u_calc/gen_output_lane[3].gen_input_lane[3].pair01/C[47:0] is not pipelined. Pipelining DSP48 input will improve performance.
Related violations: <none>

DPIP-1#123 Warning
Input pipelining  
DSP cnn_system_i/axis_cnn_mnist_0/inst/u_conv2/u_calc/gen_output_lane[3].gen_input_lane[3].pair23 input cnn_system_i/axis_cnn_mnist_0/inst/u_conv2/u_calc/gen_output_lane[3].gen_input_lane[3].pair23/B[17:0] is not pipelined. Pipelining DSP48 input will improve performance.
Related violations: <none>

DPIP-1#124 Warning
Input pipelining  
DSP cnn_system_i/axis_cnn_mnist_0/inst/u_conv2/u_calc/gen_output_lane[3].gen_input_lane[3].pair23 input cnn_system_i/axis_cnn_mnist_0/inst/u_conv2/u_calc/gen_output_lane[3].gen_input_lane[3].pair23/C[47:0] is not pipelined. Pipelining DSP48 input will improve performance.
Related violations: <none>

DPIP-1#125 Warning
Input pipelining  
DSP cnn_system_i/axis_cnn_mnist_0/inst/u_conv2/u_calc/gen_output_lane[3].gen_input_lane[3].pair45 input cnn_system_i/axis_cnn_mnist_0/inst/u_conv2/u_calc/gen_output_lane[3].gen_input_lane[3].pair45/B[17:0] is not pipelined. Pipelining DSP48 input will improve performance.
Related violations: <none>

DPIP-1#126 Warning
Input pipelining  
DSP cnn_system_i/axis_cnn_mnist_0/inst/u_conv2/u_calc/gen_output_lane[3].gen_input_lane[3].pair45 input cnn_system_i/axis_cnn_mnist_0/inst/u_conv2/u_calc/gen_output_lane[3].gen_input_lane[3].pair45/C[47:0] is not pipelined. Pipelining DSP48 input will improve performance.
Related violations: <none>

DPIP-1#127 Warning
Input pipelining  
DSP cnn_system_i/axis_cnn_mnist_0/inst/u_conv2/u_calc/gen_output_lane[3].gen_input_lane[3].pair67 input cnn_system_i/axis_cnn_mnist_0/inst/u_conv2/u_calc/gen_output_lane[3].gen_input_lane[3].pair67/B[17:0] is not pipelined. Pipelining DSP48 input will improve performance.
Related violations: <none>

DPIP-1#128 Warning
Input pipelining  
DSP cnn_system_i/axis_cnn_mnist_0/inst/u_conv2/u_calc/gen_output_lane[3].gen_input_lane[3].pair67 input cnn_system_i/axis_cnn_mnist_0/inst/u_conv2/u_calc/gen_output_lane[3].gen_input_lane[3].pair67/C[47:0] is not pipelined. Pipelining DSP48 input will improve performance.
Related violations: <none>

DPIP-1#129 Warning
Input pipelining  
DSP cnn_system_i/axis_cnn_mnist_0/inst/u_conv2/u_calc/product_s1_reg[0][0][0] input cnn_system_i/axis_cnn_mnist_0/inst/u_conv2/u_calc/product_s1_reg[0][0][0]/B[17:0] is not pipelined. Pipelining DSP48 input will improve performance.
Related violations: <none>

DPIP-1#130 Warning
Input pipelining  
DSP cnn_system_i/axis_cnn_mnist_0/inst/u_conv2/u_calc/product_s1_reg[0][0][2] input cnn_system_i/axis_cnn_mnist_0/inst/u_conv2/u_calc/product_s1_reg[0][0][2]/B[17:0] is not pipelined. Pipelining DSP48 input will improve performance.
Related violations: <none>

DPIP-1#131 Warning
Input pipelining  
DSP cnn_system_i/axis_cnn_mnist_0/inst/u_conv2/u_calc/product_s1_reg[0][0][4] input cnn_system_i/axis_cnn_mnist_0/inst/u_conv2/u_calc/product_s1_reg[0][0][4]/B[17:0] is not pipelined. Pipelining DSP48 input will improve performance.
Related violations: <none>

DPIP-1#132 Warning
Input pipelining  
DSP cnn_system_i/axis_cnn_mnist_0/inst/u_conv2/u_calc/product_s1_reg[0][0][6] input cnn_system_i/axis_cnn_mnist_0/inst/u_conv2/u_calc/product_s1_reg[0][0][6]/B[17:0] is not pipelined. Pipelining DSP48 input will improve performance.
Related violations: <none>

DPIP-1#133 Warning
Input pipelining  
DSP cnn_system_i/axis_cnn_mnist_0/inst/u_conv2/u_calc/product_s1_reg[0][0][8] input cnn_system_i/axis_cnn_mnist_0/inst/u_conv2/u_calc/product_s1_reg[0][0][8]/B[17:0] is not pipelined. Pipelining DSP48 input will improve performance.
Related violations: <none>

DPIP-1#134 Warning
Input pipelining  
DSP cnn_system_i/axis_cnn_mnist_0/inst/u_conv2/u_calc/product_s1_reg[0][1][0] input cnn_system_i/axis_cnn_mnist_0/inst/u_conv2/u_calc/product_s1_reg[0][1][0]/B[17:0] is not pipelined. Pipelining DSP48 input will improve performance.
Related violations: <none>

DPIP-1#135 Warning
Input pipelining  
DSP cnn_system_i/axis_cnn_mnist_0/inst/u_conv2/u_calc/product_s1_reg[0][1][2] input cnn_system_i/axis_cnn_mnist_0/inst/u_conv2/u_calc/product_s1_reg[0][1][2]/B[17:0] is not pipelined. Pipelining DSP48 input will improve performance.
Related violations: <none>

DPIP-1#136 Warning
Input pipelining  
DSP cnn_system_i/axis_cnn_mnist_0/inst/u_conv2/u_calc/product_s1_reg[0][1][4] input cnn_system_i/axis_cnn_mnist_0/inst/u_conv2/u_calc/product_s1_reg[0][1][4]/B[17:0] is not pipelined. Pipelining DSP48 input will improve performance.
Related violations: <none>

DPIP-1#137 Warning
Input pipelining  
DSP cnn_system_i/axis_cnn_mnist_0/inst/u_conv2/u_calc/product_s1_reg[0][1][6] input cnn_system_i/axis_cnn_mnist_0/inst/u_conv2/u_calc/product_s1_reg[0][1][6]/B[17:0] is not pipelined. Pipelining DSP48 input will improve performance.
Related violations: <none>

DPIP-1#138 Warning
Input pipelining  
DSP cnn_system_i/axis_cnn_mnist_0/inst/u_conv2/u_calc/product_s1_reg[0][1][8] input cnn_system_i/axis_cnn_mnist_0/inst/u_conv2/u_calc/product_s1_reg[0][1][8]/B[17:0] is not pipelined. Pipelining DSP48 input will improve performance.
Related violations: <none>

DPIP-1#139 Warning
Input pipelining  
DSP cnn_system_i/axis_cnn_mnist_0/inst/u_conv2/u_calc/product_s1_reg[0][2][0] input cnn_system_i/axis_cnn_mnist_0/inst/u_conv2/u_calc/product_s1_reg[0][2][0]/B[17:0] is not pipelined. Pipelining DSP48 input will improve performance.
Related violations: <none>

DPIP-1#140 Warning
Input pipelining  
DSP cnn_system_i/axis_cnn_mnist_0/inst/u_conv2/u_calc/product_s1_reg[0][2][2] input cnn_system_i/axis_cnn_mnist_0/inst/u_conv2/u_calc/product_s1_reg[0][2][2]/B[17:0] is not pipelined. Pipelining DSP48 input will improve performance.
Related violations: <none>

DPIP-1#141 Warning
Input pipelining  
DSP cnn_system_i/axis_cnn_mnist_0/inst/u_conv2/u_calc/product_s1_reg[0][2][4] input cnn_system_i/axis_cnn_mnist_0/inst/u_conv2/u_calc/product_s1_reg[0][2][4]/B[17:0] is not pipelined. Pipelining DSP48 input will improve performance.
Related violations: <none>

DPIP-1#142 Warning
Input pipelining  
DSP cnn_system_i/axis_cnn_mnist_0/inst/u_conv2/u_calc/product_s1_reg[0][2][6] input cnn_system_i/axis_cnn_mnist_0/inst/u_conv2/u_calc/product_s1_reg[0][2][6]/B[17:0] is not pipelined. Pipelining DSP48 input will improve performance.
Related violations: <none>

DPIP-1#143 Warning
Input pipelining  
DSP cnn_system_i/axis_cnn_mnist_0/inst/u_conv2/u_calc/product_s1_reg[0][2][8] input cnn_system_i/axis_cnn_mnist_0/inst/u_conv2/u_calc/product_s1_reg[0][2][8]/B[17:0] is not pipelined. Pipelining DSP48 input will improve performance.
Related violations: <none>

DPIP-1#144 Warning
Input pipelining  
DSP cnn_system_i/axis_cnn_mnist_0/inst/u_conv2/u_calc/product_s1_reg[0][3][2] input cnn_system_i/axis_cnn_mnist_0/inst/u_conv2/u_calc/product_s1_reg[0][3][2]/B[17:0] is not pipelined. Pipelining DSP48 input will improve performance.
Related violations: <none>

DPIP-1#145 Warning
Input pipelining  
DSP cnn_system_i/axis_cnn_mnist_0/inst/u_conv2/u_calc/product_s1_reg[0][3][4] input cnn_system_i/axis_cnn_mnist_0/inst/u_conv2/u_calc/product_s1_reg[0][3][4]/B[17:0] is not pipelined. Pipelining DSP48 input will improve performance.
Related violations: <none>

DPIP-1#146 Warning
Input pipelining  
DSP cnn_system_i/axis_cnn_mnist_0/inst/u_conv2/u_calc/product_s1_reg[0][3][6] input cnn_system_i/axis_cnn_mnist_0/inst/u_conv2/u_calc/product_s1_reg[0][3][6]/B[17:0] is not pipelined. Pipelining DSP48 input will improve performance.
Related violations: <none>

DPIP-1#147 Warning
Input pipelining  
DSP cnn_system_i/axis_cnn_mnist_0/inst/u_conv2/u_calc/product_s1_reg[0][3][8] input cnn_system_i/axis_cnn_mnist_0/inst/u_conv2/u_calc/product_s1_reg[0][3][8]/B[17:0] is not pipelined. Pipelining DSP48 input will improve performance.
Related violations: <none>

DPIP-1#148 Warning
Input pipelining  
DSP cnn_system_i/axis_cnn_mnist_0/inst/u_conv2/u_calc/product_s1_reg[1][0][0] input cnn_system_i/axis_cnn_mnist_0/inst/u_conv2/u_calc/product_s1_reg[1][0][0]/B[17:0] is not pipelined. Pipelining DSP48 input will improve performance.
Related violations: <none>

DPIP-1#149 Warning
Input pipelining  
DSP cnn_system_i/axis_cnn_mnist_0/inst/u_conv2/u_calc/product_s1_reg[1][0][2] input cnn_system_i/axis_cnn_mnist_0/inst/u_conv2/u_calc/product_s1_reg[1][0][2]/B[17:0] is not pipelined. Pipelining DSP48 input will improve performance.
Related violations: <none>

DPIP-1#150 Warning
Input pipelining  
DSP cnn_system_i/axis_cnn_mnist_0/inst/u_conv2/u_calc/product_s1_reg[1][0][4] input cnn_system_i/axis_cnn_mnist_0/inst/u_conv2/u_calc/product_s1_reg[1][0][4]/B[17:0] is not pipelined. Pipelining DSP48 input will improve performance.
Related violations: <none>

DPIP-1#151 Warning
Input pipelining  
DSP cnn_system_i/axis_cnn_mnist_0/inst/u_conv2/u_calc/product_s1_reg[1][0][6] input cnn_system_i/axis_cnn_mnist_0/inst/u_conv2/u_calc/product_s1_reg[1][0][6]/B[17:0] is not pipelined. Pipelining DSP48 input will improve performance.
Related violations: <none>

DPIP-1#152 Warning
Input pipelining  
DSP cnn_system_i/axis_cnn_mnist_0/inst/u_conv2/u_calc/product_s1_reg[1][1][0] input cnn_system_i/axis_cnn_mnist_0/inst/u_conv2/u_calc/product_s1_reg[1][1][0]/B[17:0] is not pipelined. Pipelining DSP48 input will improve performance.
Related violations: <none>

DPIP-1#153 Warning
Input pipelining  
DSP cnn_system_i/axis_cnn_mnist_0/inst/u_conv2/u_calc/product_s1_reg[1][1][2] input cnn_system_i/axis_cnn_mnist_0/inst/u_conv2/u_calc/product_s1_reg[1][1][2]/B[17:0] is not pipelined. Pipelining DSP48 input will improve performance.
Related violations: <none>

DPIP-1#154 Warning
Input pipelining  
DSP cnn_system_i/axis_cnn_mnist_0/inst/u_conv2/u_calc/product_s1_reg[1][1][4] input cnn_system_i/axis_cnn_mnist_0/inst/u_conv2/u_calc/product_s1_reg[1][1][4]/B[17:0] is not pipelined. Pipelining DSP48 input will improve performance.
Related violations: <none>

DPIP-1#155 Warning
Input pipelining  
DSP cnn_system_i/axis_cnn_mnist_0/inst/u_conv2/u_calc/product_s1_reg[1][1][6] input cnn_system_i/axis_cnn_mnist_0/inst/u_conv2/u_calc/product_s1_reg[1][1][6]/B[17:0] is not pipelined. Pipelining DSP48 input will improve performance.
Related violations: <none>

DPIP-1#156 Warning
Input pipelining  
DSP cnn_system_i/axis_cnn_mnist_0/inst/u_conv2/u_calc/product_s1_reg[1][1][8] input cnn_system_i/axis_cnn_mnist_0/inst/u_conv2/u_calc/product_s1_reg[1][1][8]/B[17:0] is not pipelined. Pipelining DSP48 input will improve performance.
Related violations: <none>

DPIP-1#157 Warning
Input pipelining  
DSP cnn_system_i/axis_cnn_mnist_0/inst/u_conv2/u_calc/product_s1_reg[1][2][0] input cnn_system_i/axis_cnn_mnist_0/inst/u_conv2/u_calc/product_s1_reg[1][2][0]/B[17:0] is not pipelined. Pipelining DSP48 input will improve performance.
Related violations: <none>

DPIP-1#158 Warning
Input pipelining  
DSP cnn_system_i/axis_cnn_mnist_0/inst/u_conv2/u_calc/product_s1_reg[1][2][2] input cnn_system_i/axis_cnn_mnist_0/inst/u_conv2/u_calc/product_s1_reg[1][2][2]/B[17:0] is not pipelined. Pipelining DSP48 input will improve performance.
Related violations: <none>

DPIP-1#159 Warning
Input pipelining  
DSP cnn_system_i/axis_cnn_mnist_0/inst/u_conv2/u_calc/product_s1_reg[1][2][4] input cnn_system_i/axis_cnn_mnist_0/inst/u_conv2/u_calc/product_s1_reg[1][2][4]/B[17:0] is not pipelined. Pipelining DSP48 input will improve performance.
Related violations: <none>

DPIP-1#160 Warning
Input pipelining  
DSP cnn_system_i/axis_cnn_mnist_0/inst/u_conv2/u_calc/product_s1_reg[1][2][6] input cnn_system_i/axis_cnn_mnist_0/inst/u_conv2/u_calc/product_s1_reg[1][2][6]/B[17:0] is not pipelined. Pipelining DSP48 input will improve performance.
Related violations: <none>

DPIP-1#161 Warning
Input pipelining  
DSP cnn_system_i/axis_cnn_mnist_0/inst/u_conv2/u_calc/product_s1_reg[1][2][8] input cnn_system_i/axis_cnn_mnist_0/inst/u_conv2/u_calc/product_s1_reg[1][2][8]/B[17:0] is not pipelined. Pipelining DSP48 input will improve performance.
Related violations: <none>

DPIP-1#162 Warning
Input pipelining  
DSP cnn_system_i/axis_cnn_mnist_0/inst/u_conv2/u_calc/product_s1_reg[1][3][0] input cnn_system_i/axis_cnn_mnist_0/inst/u_conv2/u_calc/product_s1_reg[1][3][0]/B[17:0] is not pipelined. Pipelining DSP48 input will improve performance.
Related violations: <none>

DPIP-1#163 Warning
Input pipelining  
DSP cnn_system_i/axis_cnn_mnist_0/inst/u_conv2/u_calc/product_s1_reg[1][3][2] input cnn_system_i/axis_cnn_mnist_0/inst/u_conv2/u_calc/product_s1_reg[1][3][2]/B[17:0] is not pipelined. Pipelining DSP48 input will improve performance.
Related violations: <none>

DPIP-1#164 Warning
Input pipelining  
DSP cnn_system_i/axis_cnn_mnist_0/inst/u_conv2/u_calc/product_s1_reg[1][3][4] input cnn_system_i/axis_cnn_mnist_0/inst/u_conv2/u_calc/product_s1_reg[1][3][4]/B[17:0] is not pipelined. Pipelining DSP48 input will improve performance.
Related violations: <none>

DPIP-1#165 Warning
Input pipelining  
DSP cnn_system_i/axis_cnn_mnist_0/inst/u_conv2/u_calc/product_s1_reg[1][3][6] input cnn_system_i/axis_cnn_mnist_0/inst/u_conv2/u_calc/product_s1_reg[1][3][6]/B[17:0] is not pipelined. Pipelining DSP48 input will improve performance.
Related violations: <none>

DPIP-1#166 Warning
Input pipelining  
DSP cnn_system_i/axis_cnn_mnist_0/inst/u_conv2/u_calc/product_s1_reg[1][3][8] input cnn_system_i/axis_cnn_mnist_0/inst/u_conv2/u_calc/product_s1_reg[1][3][8]/B[17:0] is not pipelined. Pipelining DSP48 input will improve performance.
Related violations: <none>

DPIP-1#167 Warning
Input pipelining  
DSP cnn_system_i/axis_cnn_mnist_0/inst/u_conv2/u_calc/product_s1_reg[2][0][2] input cnn_system_i/axis_cnn_mnist_0/inst/u_conv2/u_calc/product_s1_reg[2][0][2]/B[17:0] is not pipelined. Pipelining DSP48 input will improve performance.
Related violations: <none>

DPIP-1#168 Warning
Input pipelining  
DSP cnn_system_i/axis_cnn_mnist_0/inst/u_conv2/u_calc/product_s1_reg[2][0][4] input cnn_system_i/axis_cnn_mnist_0/inst/u_conv2/u_calc/product_s1_reg[2][0][4]/B[17:0] is not pipelined. Pipelining DSP48 input will improve performance.
Related violations: <none>

DPIP-1#169 Warning
Input pipelining  
DSP cnn_system_i/axis_cnn_mnist_0/inst/u_conv2/u_calc/product_s1_reg[2][0][6] input cnn_system_i/axis_cnn_mnist_0/inst/u_conv2/u_calc/product_s1_reg[2][0][6]/B[17:0] is not pipelined. Pipelining DSP48 input will improve performance.
Related violations: <none>

DPIP-1#170 Warning
Input pipelining  
DSP cnn_system_i/axis_cnn_mnist_0/inst/u_conv2/u_calc/product_s1_reg[2][0][8] input cnn_system_i/axis_cnn_mnist_0/inst/u_conv2/u_calc/product_s1_reg[2][0][8]/B[17:0] is not pipelined. Pipelining DSP48 input will improve performance.
Related violations: <none>

DPIP-1#171 Warning
Input pipelining  
DSP cnn_system_i/axis_cnn_mnist_0/inst/u_conv2/u_calc/product_s1_reg[2][1][0] input cnn_system_i/axis_cnn_mnist_0/inst/u_conv2/u_calc/product_s1_reg[2][1][0]/B[17:0] is not pipelined. Pipelining DSP48 input will improve performance.
Related violations: <none>

DPIP-1#172 Warning
Input pipelining  
DSP cnn_system_i/axis_cnn_mnist_0/inst/u_conv2/u_calc/product_s1_reg[2][1][2] input cnn_system_i/axis_cnn_mnist_0/inst/u_conv2/u_calc/product_s1_reg[2][1][2]/B[17:0] is not pipelined. Pipelining DSP48 input will improve performance.
Related violations: <none>

DPIP-1#173 Warning
Input pipelining  
DSP cnn_system_i/axis_cnn_mnist_0/inst/u_conv2/u_calc/product_s1_reg[2][1][4] input cnn_system_i/axis_cnn_mnist_0/inst/u_conv2/u_calc/product_s1_reg[2][1][4]/B[17:0] is not pipelined. Pipelining DSP48 input will improve performance.
Related violations: <none>

DPIP-1#174 Warning
Input pipelining  
DSP cnn_system_i/axis_cnn_mnist_0/inst/u_conv2/u_calc/product_s1_reg[2][1][6] input cnn_system_i/axis_cnn_mnist_0/inst/u_conv2/u_calc/product_s1_reg[2][1][6]/B[17:0] is not pipelined. Pipelining DSP48 input will improve performance.
Related violations: <none>

DPIP-1#175 Warning
Input pipelining  
DSP cnn_system_i/axis_cnn_mnist_0/inst/u_conv2/u_calc/product_s1_reg[2][1][8] input cnn_system_i/axis_cnn_mnist_0/inst/u_conv2/u_calc/product_s1_reg[2][1][8]/B[17:0] is not pipelined. Pipelining DSP48 input will improve performance.
Related violations: <none>

DPIP-1#176 Warning
Input pipelining  
DSP cnn_system_i/axis_cnn_mnist_0/inst/u_conv2/u_calc/product_s1_reg[2][2][0] input cnn_system_i/axis_cnn_mnist_0/inst/u_conv2/u_calc/product_s1_reg[2][2][0]/B[17:0] is not pipelined. Pipelining DSP48 input will improve performance.
Related violations: <none>

DPIP-1#177 Warning
Input pipelining  
DSP cnn_system_i/axis_cnn_mnist_0/inst/u_conv2/u_calc/product_s1_reg[2][2][2] input cnn_system_i/axis_cnn_mnist_0/inst/u_conv2/u_calc/product_s1_reg[2][2][2]/B[17:0] is not pipelined. Pipelining DSP48 input will improve performance.
Related violations: <none>

DPIP-1#178 Warning
Input pipelining  
DSP cnn_system_i/axis_cnn_mnist_0/inst/u_conv2/u_calc/product_s1_reg[2][2][4] input cnn_system_i/axis_cnn_mnist_0/inst/u_conv2/u_calc/product_s1_reg[2][2][4]/B[17:0] is not pipelined. Pipelining DSP48 input will improve performance.
Related violations: <none>

DPIP-1#179 Warning
Input pipelining  
DSP cnn_system_i/axis_cnn_mnist_0/inst/u_conv2/u_calc/product_s1_reg[2][2][6] input cnn_system_i/axis_cnn_mnist_0/inst/u_conv2/u_calc/product_s1_reg[2][2][6]/B[17:0] is not pipelined. Pipelining DSP48 input will improve performance.
Related violations: <none>

DPIP-1#180 Warning
Input pipelining  
DSP cnn_system_i/axis_cnn_mnist_0/inst/u_conv2/u_calc/product_s1_reg[2][2][8] input cnn_system_i/axis_cnn_mnist_0/inst/u_conv2/u_calc/product_s1_reg[2][2][8]/B[17:0] is not pipelined. Pipelining DSP48 input will improve performance.
Related violations: <none>

DPIP-1#181 Warning
Input pipelining  
DSP cnn_system_i/axis_cnn_mnist_0/inst/u_conv2/u_calc/product_s1_reg[2][3][0] input cnn_system_i/axis_cnn_mnist_0/inst/u_conv2/u_calc/product_s1_reg[2][3][0]/B[17:0] is not pipelined. Pipelining DSP48 input will improve performance.
Related violations: <none>

DPIP-1#182 Warning
Input pipelining  
DSP cnn_system_i/axis_cnn_mnist_0/inst/u_conv2/u_calc/product_s1_reg[2][3][2] input cnn_system_i/axis_cnn_mnist_0/inst/u_conv2/u_calc/product_s1_reg[2][3][2]/B[17:0] is not pipelined. Pipelining DSP48 input will improve performance.
Related violations: <none>

DPIP-1#183 Warning
Input pipelining  
DSP cnn_system_i/axis_cnn_mnist_0/inst/u_conv2/u_calc/product_s1_reg[2][3][4] input cnn_system_i/axis_cnn_mnist_0/inst/u_conv2/u_calc/product_s1_reg[2][3][4]/B[17:0] is not pipelined. Pipelining DSP48 input will improve performance.
Related violations: <none>

DPIP-1#184 Warning
Input pipelining  
DSP cnn_system_i/axis_cnn_mnist_0/inst/u_conv2/u_calc/product_s1_reg[2][3][6] input cnn_system_i/axis_cnn_mnist_0/inst/u_conv2/u_calc/product_s1_reg[2][3][6]/B[17:0] is not pipelined. Pipelining DSP48 input will improve performance.
Related violations: <none>

DPIP-1#185 Warning
Input pipelining  
DSP cnn_system_i/axis_cnn_mnist_0/inst/u_conv2/u_calc/product_s1_reg[2][3][8] input cnn_system_i/axis_cnn_mnist_0/inst/u_conv2/u_calc/product_s1_reg[2][3][8]/B[17:0] is not pipelined. Pipelining DSP48 input will improve performance.
Related violations: <none>

DPIP-1#186 Warning
Input pipelining  
DSP cnn_system_i/axis_cnn_mnist_0/inst/u_conv2/u_calc/product_s1_reg[3][0][0] input cnn_system_i/axis_cnn_mnist_0/inst/u_conv2/u_calc/product_s1_reg[3][0][0]/B[17:0] is not pipelined. Pipelining DSP48 input will improve performance.
Related violations: <none>

DPIP-1#187 Warning
Input pipelining  
DSP cnn_system_i/axis_cnn_mnist_0/inst/u_conv2/u_calc/product_s1_reg[3][0][2] input cnn_system_i/axis_cnn_mnist_0/inst/u_conv2/u_calc/product_s1_reg[3][0][2]/B[17:0] is not pipelined. Pipelining DSP48 input will improve performance.
Related violations: <none>

DPIP-1#188 Warning
Input pipelining  
DSP cnn_system_i/axis_cnn_mnist_0/inst/u_conv2/u_calc/product_s1_reg[3][0][6] input cnn_system_i/axis_cnn_mnist_0/inst/u_conv2/u_calc/product_s1_reg[3][0][6]/B[17:0] is not pipelined. Pipelining DSP48 input will improve performance.
Related violations: <none>

DPIP-1#189 Warning
Input pipelining  
DSP cnn_system_i/axis_cnn_mnist_0/inst/u_conv2/u_calc/product_s1_reg[3][0][8] input cnn_system_i/axis_cnn_mnist_0/inst/u_conv2/u_calc/product_s1_reg[3][0][8]/B[17:0] is not pipelined. Pipelining DSP48 input will improve performance.
Related violations: <none>

DPIP-1#190 Warning
Input pipelining  
DSP cnn_system_i/axis_cnn_mnist_0/inst/u_conv2/u_calc/product_s1_reg[3][1][0] input cnn_system_i/axis_cnn_mnist_0/inst/u_conv2/u_calc/product_s1_reg[3][1][0]/B[17:0] is not pipelined. Pipelining DSP48 input will improve performance.
Related violations: <none>

DPIP-1#191 Warning
Input pipelining  
DSP cnn_system_i/axis_cnn_mnist_0/inst/u_conv2/u_calc/product_s1_reg[3][1][2] input cnn_system_i/axis_cnn_mnist_0/inst/u_conv2/u_calc/product_s1_reg[3][1][2]/B[17:0] is not pipelined. Pipelining DSP48 input will improve performance.
Related violations: <none>

DPIP-1#192 Warning
Input pipelining  
DSP cnn_system_i/axis_cnn_mnist_0/inst/u_conv2/u_calc/product_s1_reg[3][1][4] input cnn_system_i/axis_cnn_mnist_0/inst/u_conv2/u_calc/product_s1_reg[3][1][4]/B[17:0] is not pipelined. Pipelining DSP48 input will improve performance.
Related violations: <none>

DPIP-1#193 Warning
Input pipelining  
DSP cnn_system_i/axis_cnn_mnist_0/inst/u_conv2/u_calc/product_s1_reg[3][1][6] input cnn_system_i/axis_cnn_mnist_0/inst/u_conv2/u_calc/product_s1_reg[3][1][6]/B[17:0] is not pipelined. Pipelining DSP48 input will improve performance.
Related violations: <none>

DPIP-1#194 Warning
Input pipelining  
DSP cnn_system_i/axis_cnn_mnist_0/inst/u_conv2/u_calc/product_s1_reg[3][1][8] input cnn_system_i/axis_cnn_mnist_0/inst/u_conv2/u_calc/product_s1_reg[3][1][8]/B[17:0] is not pipelined. Pipelining DSP48 input will improve performance.
Related violations: <none>

DPIP-1#195 Warning
Input pipelining  
DSP cnn_system_i/axis_cnn_mnist_0/inst/u_conv2/u_calc/product_s1_reg[3][2][0] input cnn_system_i/axis_cnn_mnist_0/inst/u_conv2/u_calc/product_s1_reg[3][2][0]/B[17:0] is not pipelined. Pipelining DSP48 input will improve performance.
Related violations: <none>

DPIP-1#196 Warning
Input pipelining  
DSP cnn_system_i/axis_cnn_mnist_0/inst/u_conv2/u_calc/product_s1_reg[3][2][2] input cnn_system_i/axis_cnn_mnist_0/inst/u_conv2/u_calc/product_s1_reg[3][2][2]/B[17:0] is not pipelined. Pipelining DSP48 input will improve performance.
Related violations: <none>

DPIP-1#197 Warning
Input pipelining  
DSP cnn_system_i/axis_cnn_mnist_0/inst/u_conv2/u_calc/product_s1_reg[3][2][4] input cnn_system_i/axis_cnn_mnist_0/inst/u_conv2/u_calc/product_s1_reg[3][2][4]/B[17:0] is not pipelined. Pipelining DSP48 input will improve performance.
Related violations: <none>

DPIP-1#198 Warning
Input pipelining  
DSP cnn_system_i/axis_cnn_mnist_0/inst/u_conv2/u_calc/product_s1_reg[3][2][6] input cnn_system_i/axis_cnn_mnist_0/inst/u_conv2/u_calc/product_s1_reg[3][2][6]/B[17:0] is not pipelined. Pipelining DSP48 input will improve performance.
Related violations: <none>

DPIP-1#199 Warning
Input pipelining  
DSP cnn_system_i/axis_cnn_mnist_0/inst/u_conv2/u_calc/product_s1_reg[3][2][8] input cnn_system_i/axis_cnn_mnist_0/inst/u_conv2/u_calc/product_s1_reg[3][2][8]/B[17:0] is not pipelined. Pipelining DSP48 input will improve performance.
Related violations: <none>

DPIP-1#200 Warning
Input pipelining  
DSP cnn_system_i/axis_cnn_mnist_0/inst/u_conv2/u_calc/product_s1_reg[3][3][0] input cnn_system_i/axis_cnn_mnist_0/inst/u_conv2/u_calc/product_s1_reg[3][3][0]/B[17:0] is not pipelined. Pipelining DSP48 input will improve performance.
Related violations: <none>

DPIP-1#201 Warning
Input pipelining  
DSP cnn_system_i/axis_cnn_mnist_0/inst/u_conv2/u_calc/product_s1_reg[3][3][2] input cnn_system_i/axis_cnn_mnist_0/inst/u_conv2/u_calc/product_s1_reg[3][3][2]/B[17:0] is not pipelined. Pipelining DSP48 input will improve performance.
Related violations: <none>

DPIP-1#202 Warning
Input pipelining  
DSP cnn_system_i/axis_cnn_mnist_0/inst/u_conv2/u_calc/product_s1_reg[3][3][4] input cnn_system_i/axis_cnn_mnist_0/inst/u_conv2/u_calc/product_s1_reg[3][3][4]/B[17:0] is not pipelined. Pipelining DSP48 input will improve performance.
Related violations: <none>

DPIP-1#203 Warning
Input pipelining  
DSP cnn_system_i/axis_cnn_mnist_0/inst/u_conv2/u_calc/product_s1_reg[3][3][6] input cnn_system_i/axis_cnn_mnist_0/inst/u_conv2/u_calc/product_s1_reg[3][3][6]/B[17:0] is not pipelined. Pipelining DSP48 input will improve performance.
Related violations: <none>

DPIP-1#204 Warning
Input pipelining  
DSP cnn_system_i/axis_cnn_mnist_0/inst/u_conv2/u_calc/product_s1_reg[3][3][8] input cnn_system_i/axis_cnn_mnist_0/inst/u_conv2/u_calc/product_s1_reg[3][3][8]/B[17:0] is not pipelined. Pipelining DSP48 input will improve performance.
Related violations: <none>

DPIP-1#205 Warning
Input pipelining  
DSP cnn_system_i/axis_cnn_mnist_0/inst/u_fc/sum_s2_reg[0] input cnn_system_i/axis_cnn_mnist_0/inst/u_fc/sum_s2_reg[0]/C[47:0] is not pipelined. Pipelining DSP48 input will improve performance.
Related violations: <none>

DPIP-1#206 Warning
Input pipelining  
DSP cnn_system_i/axis_cnn_mnist_0/inst/u_fc/sum_s2_reg[1] input cnn_system_i/axis_cnn_mnist_0/inst/u_fc/sum_s2_reg[1]/C[47:0] is not pipelined. Pipelining DSP48 input will improve performance.
Related violations: <none>

DPIP-1#207 Warning
Input pipelining  
DSP cnn_system_i/axis_cnn_mnist_0/inst/u_fc/sum_s2_reg[2] input cnn_system_i/axis_cnn_mnist_0/inst/u_fc/sum_s2_reg[2]/C[47:0] is not pipelined. Pipelining DSP48 input will improve performance.
Related violations: <none>

DPIP-1#208 Warning
Input pipelining  
DSP cnn_system_i/axis_cnn_mnist_0/inst/u_fc/sum_s2_reg[3] input cnn_system_i/axis_cnn_mnist_0/inst/u_fc/sum_s2_reg[3]/C[47:0] is not pipelined. Pipelining DSP48 input will improve performance.
Related violations: <none>

DPOP-1#1 Warning
PREG Output pipelining  
DSP cnn_system_i/axis_cnn_mnist_0/inst/u_conv2/u_calc/gen_output_lane[0].gen_input_lane[0].pair01 output cnn_system_i/axis_cnn_mnist_0/inst/u_conv2/u_calc/gen_output_lane[0].gen_input_lane[0].pair01/P[47:0] is not pipelined (PREG=0). Pipelining the DSP48 output will improve performance and often saves power so it is suggested whenever possible to fully pipeline this function.  If this DSP48 function was inferred, it is suggested to describe an additional register stage after this function.  If the DSP48 was instantiated in the design, it is suggested to set the PREG attribute to 1.
Related violations: <none>

DPOP-1#2 Warning
PREG Output pipelining  
DSP cnn_system_i/axis_cnn_mnist_0/inst/u_conv2/u_calc/gen_output_lane[0].gen_input_lane[0].pair23 output cnn_system_i/axis_cnn_mnist_0/inst/u_conv2/u_calc/gen_output_lane[0].gen_input_lane[0].pair23/P[47:0] is not pipelined (PREG=0). Pipelining the DSP48 output will improve performance and often saves power so it is suggested whenever possible to fully pipeline this function.  If this DSP48 function was inferred, it is suggested to describe an additional register stage after this function.  If the DSP48 was instantiated in the design, it is suggested to set the PREG attribute to 1.
Related violations: <none>

DPOP-1#3 Warning
PREG Output pipelining  
DSP cnn_system_i/axis_cnn_mnist_0/inst/u_conv2/u_calc/gen_output_lane[0].gen_input_lane[0].pair45 output cnn_system_i/axis_cnn_mnist_0/inst/u_conv2/u_calc/gen_output_lane[0].gen_input_lane[0].pair45/P[47:0] is not pipelined (PREG=0). Pipelining the DSP48 output will improve performance and often saves power so it is suggested whenever possible to fully pipeline this function.  If this DSP48 function was inferred, it is suggested to describe an additional register stage after this function.  If the DSP48 was instantiated in the design, it is suggested to set the PREG attribute to 1.
Related violations: <none>

DPOP-1#4 Warning
PREG Output pipelining  
DSP cnn_system_i/axis_cnn_mnist_0/inst/u_conv2/u_calc/gen_output_lane[0].gen_input_lane[0].pair67 output cnn_system_i/axis_cnn_mnist_0/inst/u_conv2/u_calc/gen_output_lane[0].gen_input_lane[0].pair67/P[47:0] is not pipelined (PREG=0). Pipelining the DSP48 output will improve performance and often saves power so it is suggested whenever possible to fully pipeline this function.  If this DSP48 function was inferred, it is suggested to describe an additional register stage after this function.  If the DSP48 was instantiated in the design, it is suggested to set the PREG attribute to 1.
Related violations: <none>

DPOP-1#5 Warning
PREG Output pipelining  
DSP cnn_system_i/axis_cnn_mnist_0/inst/u_conv2/u_calc/gen_output_lane[0].gen_input_lane[1].pair01 output cnn_system_i/axis_cnn_mnist_0/inst/u_conv2/u_calc/gen_output_lane[0].gen_input_lane[1].pair01/P[47:0] is not pipelined (PREG=0). Pipelining the DSP48 output will improve performance and often saves power so it is suggested whenever possible to fully pipeline this function.  If this DSP48 function was inferred, it is suggested to describe an additional register stage after this function.  If the DSP48 was instantiated in the design, it is suggested to set the PREG attribute to 1.
Related violations: <none>

DPOP-1#6 Warning
PREG Output pipelining  
DSP cnn_system_i/axis_cnn_mnist_0/inst/u_conv2/u_calc/gen_output_lane[0].gen_input_lane[1].pair23 output cnn_system_i/axis_cnn_mnist_0/inst/u_conv2/u_calc/gen_output_lane[0].gen_input_lane[1].pair23/P[47:0] is not pipelined (PREG=0). Pipelining the DSP48 output will improve performance and often saves power so it is suggested whenever possible to fully pipeline this function.  If this DSP48 function was inferred, it is suggested to describe an additional register stage after this function.  If the DSP48 was instantiated in the design, it is suggested to set the PREG attribute to 1.
Related violations: <none>

DPOP-1#7 Warning
PREG Output pipelining  
DSP cnn_system_i/axis_cnn_mnist_0/inst/u_conv2/u_calc/gen_output_lane[0].gen_input_lane[1].pair45 output cnn_system_i/axis_cnn_mnist_0/inst/u_conv2/u_calc/gen_output_lane[0].gen_input_lane[1].pair45/P[47:0] is not pipelined (PREG=0). Pipelining the DSP48 output will improve performance and often saves power so it is suggested whenever possible to fully pipeline this function.  If this DSP48 function was inferred, it is suggested to describe an additional register stage after this function.  If the DSP48 was instantiated in the design, it is suggested to set the PREG attribute to 1.
Related violations: <none>

DPOP-1#8 Warning
PREG Output pipelining  
DSP cnn_system_i/axis_cnn_mnist_0/inst/u_conv2/u_calc/gen_output_lane[0].gen_input_lane[1].pair67 output cnn_system_i/axis_cnn_mnist_0/inst/u_conv2/u_calc/gen_output_lane[0].gen_input_lane[1].pair67/P[47:0] is not pipelined (PREG=0). Pipelining the DSP48 output will improve performance and often saves power so it is suggested whenever possible to fully pipeline this function.  If this DSP48 function was inferred, it is suggested to describe an additional register stage after this function.  If the DSP48 was instantiated in the design, it is suggested to set the PREG attribute to 1.
Related violations: <none>

DPOP-1#9 Warning
PREG Output pipelining  
DSP cnn_system_i/axis_cnn_mnist_0/inst/u_conv2/u_calc/gen_output_lane[0].gen_input_lane[2].pair01 output cnn_system_i/axis_cnn_mnist_0/inst/u_conv2/u_calc/gen_output_lane[0].gen_input_lane[2].pair01/P[47:0] is not pipelined (PREG=0). Pipelining the DSP48 output will improve performance and often saves power so it is suggested whenever possible to fully pipeline this function.  If this DSP48 function was inferred, it is suggested to describe an additional register stage after this function.  If the DSP48 was instantiated in the design, it is suggested to set the PREG attribute to 1.
Related violations: <none>

DPOP-1#10 Warning
PREG Output pipelining  
DSP cnn_system_i/axis_cnn_mnist_0/inst/u_conv2/u_calc/gen_output_lane[0].gen_input_lane[2].pair23 output cnn_system_i/axis_cnn_mnist_0/inst/u_conv2/u_calc/gen_output_lane[0].gen_input_lane[2].pair23/P[47:0] is not pipelined (PREG=0). Pipelining the DSP48 output will improve performance and often saves power so it is suggested whenever possible to fully pipeline this function.  If this DSP48 function was inferred, it is suggested to describe an additional register stage after this function.  If the DSP48 was instantiated in the design, it is suggested to set the PREG attribute to 1.
Related violations: <none>

DPOP-1#11 Warning
PREG Output pipelining  
DSP cnn_system_i/axis_cnn_mnist_0/inst/u_conv2/u_calc/gen_output_lane[0].gen_input_lane[2].pair45 output cnn_system_i/axis_cnn_mnist_0/inst/u_conv2/u_calc/gen_output_lane[0].gen_input_lane[2].pair45/P[47:0] is not pipelined (PREG=0). Pipelining the DSP48 output will improve performance and often saves power so it is suggested whenever possible to fully pipeline this function.  If this DSP48 function was inferred, it is suggested to describe an additional register stage after this function.  If the DSP48 was instantiated in the design, it is suggested to set the PREG attribute to 1.
Related violations: <none>

DPOP-1#12 Warning
PREG Output pipelining  
DSP cnn_system_i/axis_cnn_mnist_0/inst/u_conv2/u_calc/gen_output_lane[0].gen_input_lane[2].pair67 output cnn_system_i/axis_cnn_mnist_0/inst/u_conv2/u_calc/gen_output_lane[0].gen_input_lane[2].pair67/P[47:0] is not pipelined (PREG=0). Pipelining the DSP48 output will improve performance and often saves power so it is suggested whenever possible to fully pipeline this function.  If this DSP48 function was inferred, it is suggested to describe an additional register stage after this function.  If the DSP48 was instantiated in the design, it is suggested to set the PREG attribute to 1.
Related violations: <none>

DPOP-1#13 Warning
PREG Output pipelining  
DSP cnn_system_i/axis_cnn_mnist_0/inst/u_conv2/u_calc/gen_output_lane[0].gen_input_lane[3].pair01 output cnn_system_i/axis_cnn_mnist_0/inst/u_conv2/u_calc/gen_output_lane[0].gen_input_lane[3].pair01/P[47:0] is not pipelined (PREG=0). Pipelining the DSP48 output will improve performance and often saves power so it is suggested whenever possible to fully pipeline this function.  If this DSP48 function was inferred, it is suggested to describe an additional register stage after this function.  If the DSP48 was instantiated in the design, it is suggested to set the PREG attribute to 1.
Related violations: <none>

DPOP-1#14 Warning
PREG Output pipelining  
DSP cnn_system_i/axis_cnn_mnist_0/inst/u_conv2/u_calc/gen_output_lane[0].gen_input_lane[3].pair23 output cnn_system_i/axis_cnn_mnist_0/inst/u_conv2/u_calc/gen_output_lane[0].gen_input_lane[3].pair23/P[47:0] is not pipelined (PREG=0). Pipelining the DSP48 output will improve performance and often saves power so it is suggested whenever possible to fully pipeline this function.  If this DSP48 function was inferred, it is suggested to describe an additional register stage after this function.  If the DSP48 was instantiated in the design, it is suggested to set the PREG attribute to 1.
Related violations: <none>

DPOP-1#15 Warning
PREG Output pipelining  
DSP cnn_system_i/axis_cnn_mnist_0/inst/u_conv2/u_calc/gen_output_lane[0].gen_input_lane[3].pair45 output cnn_system_i/axis_cnn_mnist_0/inst/u_conv2/u_calc/gen_output_lane[0].gen_input_lane[3].pair45/P[47:0] is not pipelined (PREG=0). Pipelining the DSP48 output will improve performance and often saves power so it is suggested whenever possible to fully pipeline this function.  If this DSP48 function was inferred, it is suggested to describe an additional register stage after this function.  If the DSP48 was instantiated in the design, it is suggested to set the PREG attribute to 1.
Related violations: <none>

DPOP-1#16 Warning
PREG Output pipelining  
DSP cnn_system_i/axis_cnn_mnist_0/inst/u_conv2/u_calc/gen_output_lane[0].gen_input_lane[3].pair67 output cnn_system_i/axis_cnn_mnist_0/inst/u_conv2/u_calc/gen_output_lane[0].gen_input_lane[3].pair67/P[47:0] is not pipelined (PREG=0). Pipelining the DSP48 output will improve performance and often saves power so it is suggested whenever possible to fully pipeline this function.  If this DSP48 function was inferred, it is suggested to describe an additional register stage after this function.  If the DSP48 was instantiated in the design, it is suggested to set the PREG attribute to 1.
Related violations: <none>

DPOP-1#17 Warning
PREG Output pipelining  
DSP cnn_system_i/axis_cnn_mnist_0/inst/u_conv2/u_calc/gen_output_lane[1].gen_input_lane[0].pair01 output cnn_system_i/axis_cnn_mnist_0/inst/u_conv2/u_calc/gen_output_lane[1].gen_input_lane[0].pair01/P[47:0] is not pipelined (PREG=0). Pipelining the DSP48 output will improve performance and often saves power so it is suggested whenever possible to fully pipeline this function.  If this DSP48 function was inferred, it is suggested to describe an additional register stage after this function.  If the DSP48 was instantiated in the design, it is suggested to set the PREG attribute to 1.
Related violations: <none>

DPOP-1#18 Warning
PREG Output pipelining  
DSP cnn_system_i/axis_cnn_mnist_0/inst/u_conv2/u_calc/gen_output_lane[1].gen_input_lane[0].pair23 output cnn_system_i/axis_cnn_mnist_0/inst/u_conv2/u_calc/gen_output_lane[1].gen_input_lane[0].pair23/P[47:0] is not pipelined (PREG=0). Pipelining the DSP48 output will improve performance and often saves power so it is suggested whenever possible to fully pipeline this function.  If this DSP48 function was inferred, it is suggested to describe an additional register stage after this function.  If the DSP48 was instantiated in the design, it is suggested to set the PREG attribute to 1.
Related violations: <none>

DPOP-1#19 Warning
PREG Output pipelining  
DSP cnn_system_i/axis_cnn_mnist_0/inst/u_conv2/u_calc/gen_output_lane[1].gen_input_lane[0].pair45 output cnn_system_i/axis_cnn_mnist_0/inst/u_conv2/u_calc/gen_output_lane[1].gen_input_lane[0].pair45/P[47:0] is not pipelined (PREG=0). Pipelining the DSP48 output will improve performance and often saves power so it is suggested whenever possible to fully pipeline this function.  If this DSP48 function was inferred, it is suggested to describe an additional register stage after this function.  If the DSP48 was instantiated in the design, it is suggested to set the PREG attribute to 1.
Related violations: <none>

DPOP-1#20 Warning
PREG Output pipelining  
DSP cnn_system_i/axis_cnn_mnist_0/inst/u_conv2/u_calc/gen_output_lane[1].gen_input_lane[0].pair67 output cnn_system_i/axis_cnn_mnist_0/inst/u_conv2/u_calc/gen_output_lane[1].gen_input_lane[0].pair67/P[47:0] is not pipelined (PREG=0). Pipelining the DSP48 output will improve performance and often saves power so it is suggested whenever possible to fully pipeline this function.  If this DSP48 function was inferred, it is suggested to describe an additional register stage after this function.  If the DSP48 was instantiated in the design, it is suggested to set the PREG attribute to 1.
Related violations: <none>

DPOP-1#21 Warning
PREG Output pipelining  
DSP cnn_system_i/axis_cnn_mnist_0/inst/u_conv2/u_calc/gen_output_lane[1].gen_input_lane[1].pair01 output cnn_system_i/axis_cnn_mnist_0/inst/u_conv2/u_calc/gen_output_lane[1].gen_input_lane[1].pair01/P[47:0] is not pipelined (PREG=0). Pipelining the DSP48 output will improve performance and often saves power so it is suggested whenever possible to fully pipeline this function.  If this DSP48 function was inferred, it is suggested to describe an additional register stage after this function.  If the DSP48 was instantiated in the design, it is suggested to set the PREG attribute to 1.
Related violations: <none>

DPOP-1#22 Warning
PREG Output pipelining  
DSP cnn_system_i/axis_cnn_mnist_0/inst/u_conv2/u_calc/gen_output_lane[1].gen_input_lane[1].pair23 output cnn_system_i/axis_cnn_mnist_0/inst/u_conv2/u_calc/gen_output_lane[1].gen_input_lane[1].pair23/P[47:0] is not pipelined (PREG=0). Pipelining the DSP48 output will improve performance and often saves power so it is suggested whenever possible to fully pipeline this function.  If this DSP48 function was inferred, it is suggested to describe an additional register stage after this function.  If the DSP48 was instantiated in the design, it is suggested to set the PREG attribute to 1.
Related violations: <none>

DPOP-1#23 Warning
PREG Output pipelining  
DSP cnn_system_i/axis_cnn_mnist_0/inst/u_conv2/u_calc/gen_output_lane[1].gen_input_lane[1].pair45 output cnn_system_i/axis_cnn_mnist_0/inst/u_conv2/u_calc/gen_output_lane[1].gen_input_lane[1].pair45/P[47:0] is not pipelined (PREG=0). Pipelining the DSP48 output will improve performance and often saves power so it is suggested whenever possible to fully pipeline this function.  If this DSP48 function was inferred, it is suggested to describe an additional register stage after this function.  If the DSP48 was instantiated in the design, it is suggested to set the PREG attribute to 1.
Related violations: <none>

DPOP-1#24 Warning
PREG Output pipelining  
DSP cnn_system_i/axis_cnn_mnist_0/inst/u_conv2/u_calc/gen_output_lane[1].gen_input_lane[1].pair67 output cnn_system_i/axis_cnn_mnist_0/inst/u_conv2/u_calc/gen_output_lane[1].gen_input_lane[1].pair67/P[47:0] is not pipelined (PREG=0). Pipelining the DSP48 output will improve performance and often saves power so it is suggested whenever possible to fully pipeline this function.  If this DSP48 function was inferred, it is suggested to describe an additional register stage after this function.  If the DSP48 was instantiated in the design, it is suggested to set the PREG attribute to 1.
Related violations: <none>

DPOP-1#25 Warning
PREG Output pipelining  
DSP cnn_system_i/axis_cnn_mnist_0/inst/u_conv2/u_calc/gen_output_lane[1].gen_input_lane[2].pair01 output cnn_system_i/axis_cnn_mnist_0/inst/u_conv2/u_calc/gen_output_lane[1].gen_input_lane[2].pair01/P[47:0] is not pipelined (PREG=0). Pipelining the DSP48 output will improve performance and often saves power so it is suggested whenever possible to fully pipeline this function.  If this DSP48 function was inferred, it is suggested to describe an additional register stage after this function.  If the DSP48 was instantiated in the design, it is suggested to set the PREG attribute to 1.
Related violations: <none>

DPOP-1#26 Warning
PREG Output pipelining  
DSP cnn_system_i/axis_cnn_mnist_0/inst/u_conv2/u_calc/gen_output_lane[1].gen_input_lane[2].pair23 output cnn_system_i/axis_cnn_mnist_0/inst/u_conv2/u_calc/gen_output_lane[1].gen_input_lane[2].pair23/P[47:0] is not pipelined (PREG=0). Pipelining the DSP48 output will improve performance and often saves power so it is suggested whenever possible to fully pipeline this function.  If this DSP48 function was inferred, it is suggested to describe an additional register stage after this function.  If the DSP48 was instantiated in the design, it is suggested to set the PREG attribute to 1.
Related violations: <none>

DPOP-1#27 Warning
PREG Output pipelining  
DSP cnn_system_i/axis_cnn_mnist_0/inst/u_conv2/u_calc/gen_output_lane[1].gen_input_lane[2].pair45 output cnn_system_i/axis_cnn_mnist_0/inst/u_conv2/u_calc/gen_output_lane[1].gen_input_lane[2].pair45/P[47:0] is not pipelined (PREG=0). Pipelining the DSP48 output will improve performance and often saves power so it is suggested whenever possible to fully pipeline this function.  If this DSP48 function was inferred, it is suggested to describe an additional register stage after this function.  If the DSP48 was instantiated in the design, it is suggested to set the PREG attribute to 1.
Related violations: <none>

DPOP-1#28 Warning
PREG Output pipelining  
DSP cnn_system_i/axis_cnn_mnist_0/inst/u_conv2/u_calc/gen_output_lane[1].gen_input_lane[2].pair67 output cnn_system_i/axis_cnn_mnist_0/inst/u_conv2/u_calc/gen_output_lane[1].gen_input_lane[2].pair67/P[47:0] is not pipelined (PREG=0). Pipelining the DSP48 output will improve performance and often saves power so it is suggested whenever possible to fully pipeline this function.  If this DSP48 function was inferred, it is suggested to describe an additional register stage after this function.  If the DSP48 was instantiated in the design, it is suggested to set the PREG attribute to 1.
Related violations: <none>

DPOP-1#29 Warning
PREG Output pipelining  
DSP cnn_system_i/axis_cnn_mnist_0/inst/u_conv2/u_calc/gen_output_lane[1].gen_input_lane[3].pair01 output cnn_system_i/axis_cnn_mnist_0/inst/u_conv2/u_calc/gen_output_lane[1].gen_input_lane[3].pair01/P[47:0] is not pipelined (PREG=0). Pipelining the DSP48 output will improve performance and often saves power so it is suggested whenever possible to fully pipeline this function.  If this DSP48 function was inferred, it is suggested to describe an additional register stage after this function.  If the DSP48 was instantiated in the design, it is suggested to set the PREG attribute to 1.
Related violations: <none>

DPOP-1#30 Warning
PREG Output pipelining  
DSP cnn_system_i/axis_cnn_mnist_0/inst/u_conv2/u_calc/gen_output_lane[1].gen_input_lane[3].pair23 output cnn_system_i/axis_cnn_mnist_0/inst/u_conv2/u_calc/gen_output_lane[1].gen_input_lane[3].pair23/P[47:0] is not pipelined (PREG=0). Pipelining the DSP48 output will improve performance and often saves power so it is suggested whenever possible to fully pipeline this function.  If this DSP48 function was inferred, it is suggested to describe an additional register stage after this function.  If the DSP48 was instantiated in the design, it is suggested to set the PREG attribute to 1.
Related violations: <none>

DPOP-1#31 Warning
PREG Output pipelining  
DSP cnn_system_i/axis_cnn_mnist_0/inst/u_conv2/u_calc/gen_output_lane[1].gen_input_lane[3].pair45 output cnn_system_i/axis_cnn_mnist_0/inst/u_conv2/u_calc/gen_output_lane[1].gen_input_lane[3].pair45/P[47:0] is not pipelined (PREG=0). Pipelining the DSP48 output will improve performance and often saves power so it is suggested whenever possible to fully pipeline this function.  If this DSP48 function was inferred, it is suggested to describe an additional register stage after this function.  If the DSP48 was instantiated in the design, it is suggested to set the PREG attribute to 1.
Related violations: <none>

DPOP-1#32 Warning
PREG Output pipelining  
DSP cnn_system_i/axis_cnn_mnist_0/inst/u_conv2/u_calc/gen_output_lane[1].gen_input_lane[3].pair67 output cnn_system_i/axis_cnn_mnist_0/inst/u_conv2/u_calc/gen_output_lane[1].gen_input_lane[3].pair67/P[47:0] is not pipelined (PREG=0). Pipelining the DSP48 output will improve performance and often saves power so it is suggested whenever possible to fully pipeline this function.  If this DSP48 function was inferred, it is suggested to describe an additional register stage after this function.  If the DSP48 was instantiated in the design, it is suggested to set the PREG attribute to 1.
Related violations: <none>

DPOP-1#33 Warning
PREG Output pipelining  
DSP cnn_system_i/axis_cnn_mnist_0/inst/u_conv2/u_calc/gen_output_lane[2].gen_input_lane[0].pair01 output cnn_system_i/axis_cnn_mnist_0/inst/u_conv2/u_calc/gen_output_lane[2].gen_input_lane[0].pair01/P[47:0] is not pipelined (PREG=0). Pipelining the DSP48 output will improve performance and often saves power so it is suggested whenever possible to fully pipeline this function.  If this DSP48 function was inferred, it is suggested to describe an additional register stage after this function.  If the DSP48 was instantiated in the design, it is suggested to set the PREG attribute to 1.
Related violations: <none>

DPOP-1#34 Warning
PREG Output pipelining  
DSP cnn_system_i/axis_cnn_mnist_0/inst/u_conv2/u_calc/gen_output_lane[2].gen_input_lane[0].pair23 output cnn_system_i/axis_cnn_mnist_0/inst/u_conv2/u_calc/gen_output_lane[2].gen_input_lane[0].pair23/P[47:0] is not pipelined (PREG=0). Pipelining the DSP48 output will improve performance and often saves power so it is suggested whenever possible to fully pipeline this function.  If this DSP48 function was inferred, it is suggested to describe an additional register stage after this function.  If the DSP48 was instantiated in the design, it is suggested to set the PREG attribute to 1.
Related violations: <none>

DPOP-1#35 Warning
PREG Output pipelining  
DSP cnn_system_i/axis_cnn_mnist_0/inst/u_conv2/u_calc/gen_output_lane[2].gen_input_lane[0].pair45 output cnn_system_i/axis_cnn_mnist_0/inst/u_conv2/u_calc/gen_output_lane[2].gen_input_lane[0].pair45/P[47:0] is not pipelined (PREG=0). Pipelining the DSP48 output will improve performance and often saves power so it is suggested whenever possible to fully pipeline this function.  If this DSP48 function was inferred, it is suggested to describe an additional register stage after this function.  If the DSP48 was instantiated in the design, it is suggested to set the PREG attribute to 1.
Related violations: <none>

DPOP-1#36 Warning
PREG Output pipelining  
DSP cnn_system_i/axis_cnn_mnist_0/inst/u_conv2/u_calc/gen_output_lane[2].gen_input_lane[0].pair67 output cnn_system_i/axis_cnn_mnist_0/inst/u_conv2/u_calc/gen_output_lane[2].gen_input_lane[0].pair67/P[47:0] is not pipelined (PREG=0). Pipelining the DSP48 output will improve performance and often saves power so it is suggested whenever possible to fully pipeline this function.  If this DSP48 function was inferred, it is suggested to describe an additional register stage after this function.  If the DSP48 was instantiated in the design, it is suggested to set the PREG attribute to 1.
Related violations: <none>

DPOP-1#37 Warning
PREG Output pipelining  
DSP cnn_system_i/axis_cnn_mnist_0/inst/u_conv2/u_calc/gen_output_lane[2].gen_input_lane[1].pair01 output cnn_system_i/axis_cnn_mnist_0/inst/u_conv2/u_calc/gen_output_lane[2].gen_input_lane[1].pair01/P[47:0] is not pipelined (PREG=0). Pipelining the DSP48 output will improve performance and often saves power so it is suggested whenever possible to fully pipeline this function.  If this DSP48 function was inferred, it is suggested to describe an additional register stage after this function.  If the DSP48 was instantiated in the design, it is suggested to set the PREG attribute to 1.
Related violations: <none>

DPOP-1#38 Warning
PREG Output pipelining  
DSP cnn_system_i/axis_cnn_mnist_0/inst/u_conv2/u_calc/gen_output_lane[2].gen_input_lane[1].pair23 output cnn_system_i/axis_cnn_mnist_0/inst/u_conv2/u_calc/gen_output_lane[2].gen_input_lane[1].pair23/P[47:0] is not pipelined (PREG=0). Pipelining the DSP48 output will improve performance and often saves power so it is suggested whenever possible to fully pipeline this function.  If this DSP48 function was inferred, it is suggested to describe an additional register stage after this function.  If the DSP48 was instantiated in the design, it is suggested to set the PREG attribute to 1.
Related violations: <none>

DPOP-1#39 Warning
PREG Output pipelining  
DSP cnn_system_i/axis_cnn_mnist_0/inst/u_conv2/u_calc/gen_output_lane[2].gen_input_lane[1].pair45 output cnn_system_i/axis_cnn_mnist_0/inst/u_conv2/u_calc/gen_output_lane[2].gen_input_lane[1].pair45/P[47:0] is not pipelined (PREG=0). Pipelining the DSP48 output will improve performance and often saves power so it is suggested whenever possible to fully pipeline this function.  If this DSP48 function was inferred, it is suggested to describe an additional register stage after this function.  If the DSP48 was instantiated in the design, it is suggested to set the PREG attribute to 1.
Related violations: <none>

DPOP-1#40 Warning
PREG Output pipelining  
DSP cnn_system_i/axis_cnn_mnist_0/inst/u_conv2/u_calc/gen_output_lane[2].gen_input_lane[1].pair67 output cnn_system_i/axis_cnn_mnist_0/inst/u_conv2/u_calc/gen_output_lane[2].gen_input_lane[1].pair67/P[47:0] is not pipelined (PREG=0). Pipelining the DSP48 output will improve performance and often saves power so it is suggested whenever possible to fully pipeline this function.  If this DSP48 function was inferred, it is suggested to describe an additional register stage after this function.  If the DSP48 was instantiated in the design, it is suggested to set the PREG attribute to 1.
Related violations: <none>

DPOP-1#41 Warning
PREG Output pipelining  
DSP cnn_system_i/axis_cnn_mnist_0/inst/u_conv2/u_calc/gen_output_lane[2].gen_input_lane[2].pair01 output cnn_system_i/axis_cnn_mnist_0/inst/u_conv2/u_calc/gen_output_lane[2].gen_input_lane[2].pair01/P[47:0] is not pipelined (PREG=0). Pipelining the DSP48 output will improve performance and often saves power so it is suggested whenever possible to fully pipeline this function.  If this DSP48 function was inferred, it is suggested to describe an additional register stage after this function.  If the DSP48 was instantiated in the design, it is suggested to set the PREG attribute to 1.
Related violations: <none>

DPOP-1#42 Warning
PREG Output pipelining  
DSP cnn_system_i/axis_cnn_mnist_0/inst/u_conv2/u_calc/gen_output_lane[2].gen_input_lane[2].pair23 output cnn_system_i/axis_cnn_mnist_0/inst/u_conv2/u_calc/gen_output_lane[2].gen_input_lane[2].pair23/P[47:0] is not pipelined (PREG=0). Pipelining the DSP48 output will improve performance and often saves power so it is suggested whenever possible to fully pipeline this function.  If this DSP48 function was inferred, it is suggested to describe an additional register stage after this function.  If the DSP48 was instantiated in the design, it is suggested to set the PREG attribute to 1.
Related violations: <none>

DPOP-1#43 Warning
PREG Output pipelining  
DSP cnn_system_i/axis_cnn_mnist_0/inst/u_conv2/u_calc/gen_output_lane[2].gen_input_lane[2].pair45 output cnn_system_i/axis_cnn_mnist_0/inst/u_conv2/u_calc/gen_output_lane[2].gen_input_lane[2].pair45/P[47:0] is not pipelined (PREG=0). Pipelining the DSP48 output will improve performance and often saves power so it is suggested whenever possible to fully pipeline this function.  If this DSP48 function was inferred, it is suggested to describe an additional register stage after this function.  If the DSP48 was instantiated in the design, it is suggested to set the PREG attribute to 1.
Related violations: <none>

DPOP-1#44 Warning
PREG Output pipelining  
DSP cnn_system_i/axis_cnn_mnist_0/inst/u_conv2/u_calc/gen_output_lane[2].gen_input_lane[2].pair67 output cnn_system_i/axis_cnn_mnist_0/inst/u_conv2/u_calc/gen_output_lane[2].gen_input_lane[2].pair67/P[47:0] is not pipelined (PREG=0). Pipelining the DSP48 output will improve performance and often saves power so it is suggested whenever possible to fully pipeline this function.  If this DSP48 function was inferred, it is suggested to describe an additional register stage after this function.  If the DSP48 was instantiated in the design, it is suggested to set the PREG attribute to 1.
Related violations: <none>

DPOP-1#45 Warning
PREG Output pipelining  
DSP cnn_system_i/axis_cnn_mnist_0/inst/u_conv2/u_calc/gen_output_lane[2].gen_input_lane[3].pair01 output cnn_system_i/axis_cnn_mnist_0/inst/u_conv2/u_calc/gen_output_lane[2].gen_input_lane[3].pair01/P[47:0] is not pipelined (PREG=0). Pipelining the DSP48 output will improve performance and often saves power so it is suggested whenever possible to fully pipeline this function.  If this DSP48 function was inferred, it is suggested to describe an additional register stage after this function.  If the DSP48 was instantiated in the design, it is suggested to set the PREG attribute to 1.
Related violations: <none>

DPOP-1#46 Warning
PREG Output pipelining  
DSP cnn_system_i/axis_cnn_mnist_0/inst/u_conv2/u_calc/gen_output_lane[2].gen_input_lane[3].pair23 output cnn_system_i/axis_cnn_mnist_0/inst/u_conv2/u_calc/gen_output_lane[2].gen_input_lane[3].pair23/P[47:0] is not pipelined (PREG=0). Pipelining the DSP48 output will improve performance and often saves power so it is suggested whenever possible to fully pipeline this function.  If this DSP48 function was inferred, it is suggested to describe an additional register stage after this function.  If the DSP48 was instantiated in the design, it is suggested to set the PREG attribute to 1.
Related violations: <none>

DPOP-1#47 Warning
PREG Output pipelining  
DSP cnn_system_i/axis_cnn_mnist_0/inst/u_conv2/u_calc/gen_output_lane[2].gen_input_lane[3].pair45 output cnn_system_i/axis_cnn_mnist_0/inst/u_conv2/u_calc/gen_output_lane[2].gen_input_lane[3].pair45/P[47:0] is not pipelined (PREG=0). Pipelining the DSP48 output will improve performance and often saves power so it is suggested whenever possible to fully pipeline this function.  If this DSP48 function was inferred, it is suggested to describe an additional register stage after this function.  If the DSP48 was instantiated in the design, it is suggested to set the PREG attribute to 1.
Related violations: <none>

DPOP-1#48 Warning
PREG Output pipelining  
DSP cnn_system_i/axis_cnn_mnist_0/inst/u_conv2/u_calc/gen_output_lane[2].gen_input_lane[3].pair67 output cnn_system_i/axis_cnn_mnist_0/inst/u_conv2/u_calc/gen_output_lane[2].gen_input_lane[3].pair67/P[47:0] is not pipelined (PREG=0). Pipelining the DSP48 output will improve performance and often saves power so it is suggested whenever possible to fully pipeline this function.  If this DSP48 function was inferred, it is suggested to describe an additional register stage after this function.  If the DSP48 was instantiated in the design, it is suggested to set the PREG attribute to 1.
Related violations: <none>

DPOP-1#49 Warning
PREG Output pipelining  
DSP cnn_system_i/axis_cnn_mnist_0/inst/u_conv2/u_calc/gen_output_lane[3].gen_input_lane[0].pair01 output cnn_system_i/axis_cnn_mnist_0/inst/u_conv2/u_calc/gen_output_lane[3].gen_input_lane[0].pair01/P[47:0] is not pipelined (PREG=0). Pipelining the DSP48 output will improve performance and often saves power so it is suggested whenever possible to fully pipeline this function.  If this DSP48 function was inferred, it is suggested to describe an additional register stage after this function.  If the DSP48 was instantiated in the design, it is suggested to set the PREG attribute to 1.
Related violations: <none>

DPOP-1#50 Warning
PREG Output pipelining  
DSP cnn_system_i/axis_cnn_mnist_0/inst/u_conv2/u_calc/gen_output_lane[3].gen_input_lane[0].pair23 output cnn_system_i/axis_cnn_mnist_0/inst/u_conv2/u_calc/gen_output_lane[3].gen_input_lane[0].pair23/P[47:0] is not pipelined (PREG=0). Pipelining the DSP48 output will improve performance and often saves power so it is suggested whenever possible to fully pipeline this function.  If this DSP48 function was inferred, it is suggested to describe an additional register stage after this function.  If the DSP48 was instantiated in the design, it is suggested to set the PREG attribute to 1.
Related violations: <none>

DPOP-1#51 Warning
PREG Output pipelining  
DSP cnn_system_i/axis_cnn_mnist_0/inst/u_conv2/u_calc/gen_output_lane[3].gen_input_lane[0].pair45 output cnn_system_i/axis_cnn_mnist_0/inst/u_conv2/u_calc/gen_output_lane[3].gen_input_lane[0].pair45/P[47:0] is not pipelined (PREG=0). Pipelining the DSP48 output will improve performance and often saves power so it is suggested whenever possible to fully pipeline this function.  If this DSP48 function was inferred, it is suggested to describe an additional register stage after this function.  If the DSP48 was instantiated in the design, it is suggested to set the PREG attribute to 1.
Related violations: <none>

DPOP-1#52 Warning
PREG Output pipelining  
DSP cnn_system_i/axis_cnn_mnist_0/inst/u_conv2/u_calc/gen_output_lane[3].gen_input_lane[0].pair67 output cnn_system_i/axis_cnn_mnist_0/inst/u_conv2/u_calc/gen_output_lane[3].gen_input_lane[0].pair67/P[47:0] is not pipelined (PREG=0). Pipelining the DSP48 output will improve performance and often saves power so it is suggested whenever possible to fully pipeline this function.  If this DSP48 function was inferred, it is suggested to describe an additional register stage after this function.  If the DSP48 was instantiated in the design, it is suggested to set the PREG attribute to 1.
Related violations: <none>

DPOP-1#53 Warning
PREG Output pipelining  
DSP cnn_system_i/axis_cnn_mnist_0/inst/u_conv2/u_calc/gen_output_lane[3].gen_input_lane[1].pair01 output cnn_system_i/axis_cnn_mnist_0/inst/u_conv2/u_calc/gen_output_lane[3].gen_input_lane[1].pair01/P[47:0] is not pipelined (PREG=0). Pipelining the DSP48 output will improve performance and often saves power so it is suggested whenever possible to fully pipeline this function.  If this DSP48 function was inferred, it is suggested to describe an additional register stage after this function.  If the DSP48 was instantiated in the design, it is suggested to set the PREG attribute to 1.
Related violations: <none>

DPOP-1#54 Warning
PREG Output pipelining  
DSP cnn_system_i/axis_cnn_mnist_0/inst/u_conv2/u_calc/gen_output_lane[3].gen_input_lane[1].pair23 output cnn_system_i/axis_cnn_mnist_0/inst/u_conv2/u_calc/gen_output_lane[3].gen_input_lane[1].pair23/P[47:0] is not pipelined (PREG=0). Pipelining the DSP48 output will improve performance and often saves power so it is suggested whenever possible to fully pipeline this function.  If this DSP48 function was inferred, it is suggested to describe an additional register stage after this function.  If the DSP48 was instantiated in the design, it is suggested to set the PREG attribute to 1.
Related violations: <none>

DPOP-1#55 Warning
PREG Output pipelining  
DSP cnn_system_i/axis_cnn_mnist_0/inst/u_conv2/u_calc/gen_output_lane[3].gen_input_lane[1].pair45 output cnn_system_i/axis_cnn_mnist_0/inst/u_conv2/u_calc/gen_output_lane[3].gen_input_lane[1].pair45/P[47:0] is not pipelined (PREG=0). Pipelining the DSP48 output will improve performance and often saves power so it is suggested whenever possible to fully pipeline this function.  If this DSP48 function was inferred, it is suggested to describe an additional register stage after this function.  If the DSP48 was instantiated in the design, it is suggested to set the PREG attribute to 1.
Related violations: <none>

DPOP-1#56 Warning
PREG Output pipelining  
DSP cnn_system_i/axis_cnn_mnist_0/inst/u_conv2/u_calc/gen_output_lane[3].gen_input_lane[1].pair67 output cnn_system_i/axis_cnn_mnist_0/inst/u_conv2/u_calc/gen_output_lane[3].gen_input_lane[1].pair67/P[47:0] is not pipelined (PREG=0). Pipelining the DSP48 output will improve performance and often saves power so it is suggested whenever possible to fully pipeline this function.  If this DSP48 function was inferred, it is suggested to describe an additional register stage after this function.  If the DSP48 was instantiated in the design, it is suggested to set the PREG attribute to 1.
Related violations: <none>

DPOP-1#57 Warning
PREG Output pipelining  
DSP cnn_system_i/axis_cnn_mnist_0/inst/u_conv2/u_calc/gen_output_lane[3].gen_input_lane[2].pair01 output cnn_system_i/axis_cnn_mnist_0/inst/u_conv2/u_calc/gen_output_lane[3].gen_input_lane[2].pair01/P[47:0] is not pipelined (PREG=0). Pipelining the DSP48 output will improve performance and often saves power so it is suggested whenever possible to fully pipeline this function.  If this DSP48 function was inferred, it is suggested to describe an additional register stage after this function.  If the DSP48 was instantiated in the design, it is suggested to set the PREG attribute to 1.
Related violations: <none>

DPOP-1#58 Warning
PREG Output pipelining  
DSP cnn_system_i/axis_cnn_mnist_0/inst/u_conv2/u_calc/gen_output_lane[3].gen_input_lane[2].pair23 output cnn_system_i/axis_cnn_mnist_0/inst/u_conv2/u_calc/gen_output_lane[3].gen_input_lane[2].pair23/P[47:0] is not pipelined (PREG=0). Pipelining the DSP48 output will improve performance and often saves power so it is suggested whenever possible to fully pipeline this function.  If this DSP48 function was inferred, it is suggested to describe an additional register stage after this function.  If the DSP48 was instantiated in the design, it is suggested to set the PREG attribute to 1.
Related violations: <none>

DPOP-1#59 Warning
PREG Output pipelining  
DSP cnn_system_i/axis_cnn_mnist_0/inst/u_conv2/u_calc/gen_output_lane[3].gen_input_lane[2].pair45 output cnn_system_i/axis_cnn_mnist_0/inst/u_conv2/u_calc/gen_output_lane[3].gen_input_lane[2].pair45/P[47:0] is not pipelined (PREG=0). Pipelining the DSP48 output will improve performance and often saves power so it is suggested whenever possible to fully pipeline this function.  If this DSP48 function was inferred, it is suggested to describe an additional register stage after this function.  If the DSP48 was instantiated in the design, it is suggested to set the PREG attribute to 1.
Related violations: <none>

DPOP-1#60 Warning
PREG Output pipelining  
DSP cnn_system_i/axis_cnn_mnist_0/inst/u_conv2/u_calc/gen_output_lane[3].gen_input_lane[2].pair67 output cnn_system_i/axis_cnn_mnist_0/inst/u_conv2/u_calc/gen_output_lane[3].gen_input_lane[2].pair67/P[47:0] is not pipelined (PREG=0). Pipelining the DSP48 output will improve performance and often saves power so it is suggested whenever possible to fully pipeline this function.  If this DSP48 function was inferred, it is suggested to describe an additional register stage after this function.  If the DSP48 was instantiated in the design, it is suggested to set the PREG attribute to 1.
Related violations: <none>

DPOP-1#61 Warning
PREG Output pipelining  
DSP cnn_system_i/axis_cnn_mnist_0/inst/u_conv2/u_calc/gen_output_lane[3].gen_input_lane[3].pair01 output cnn_system_i/axis_cnn_mnist_0/inst/u_conv2/u_calc/gen_output_lane[3].gen_input_lane[3].pair01/P[47:0] is not pipelined (PREG=0). Pipelining the DSP48 output will improve performance and often saves power so it is suggested whenever possible to fully pipeline this function.  If this DSP48 function was inferred, it is suggested to describe an additional register stage after this function.  If the DSP48 was instantiated in the design, it is suggested to set the PREG attribute to 1.
Related violations: <none>

DPOP-1#62 Warning
PREG Output pipelining  
DSP cnn_system_i/axis_cnn_mnist_0/inst/u_conv2/u_calc/gen_output_lane[3].gen_input_lane[3].pair23 output cnn_system_i/axis_cnn_mnist_0/inst/u_conv2/u_calc/gen_output_lane[3].gen_input_lane[3].pair23/P[47:0] is not pipelined (PREG=0). Pipelining the DSP48 output will improve performance and often saves power so it is suggested whenever possible to fully pipeline this function.  If this DSP48 function was inferred, it is suggested to describe an additional register stage after this function.  If the DSP48 was instantiated in the design, it is suggested to set the PREG attribute to 1.
Related violations: <none>

DPOP-1#63 Warning
PREG Output pipelining  
DSP cnn_system_i/axis_cnn_mnist_0/inst/u_conv2/u_calc/gen_output_lane[3].gen_input_lane[3].pair45 output cnn_system_i/axis_cnn_mnist_0/inst/u_conv2/u_calc/gen_output_lane[3].gen_input_lane[3].pair45/P[47:0] is not pipelined (PREG=0). Pipelining the DSP48 output will improve performance and often saves power so it is suggested whenever possible to fully pipeline this function.  If this DSP48 function was inferred, it is suggested to describe an additional register stage after this function.  If the DSP48 was instantiated in the design, it is suggested to set the PREG attribute to 1.
Related violations: <none>

DPOP-1#64 Warning
PREG Output pipelining  
DSP cnn_system_i/axis_cnn_mnist_0/inst/u_conv2/u_calc/gen_output_lane[3].gen_input_lane[3].pair67 output cnn_system_i/axis_cnn_mnist_0/inst/u_conv2/u_calc/gen_output_lane[3].gen_input_lane[3].pair67/P[47:0] is not pipelined (PREG=0). Pipelining the DSP48 output will improve performance and often saves power so it is suggested whenever possible to fully pipeline this function.  If this DSP48 function was inferred, it is suggested to describe an additional register stage after this function.  If the DSP48 was instantiated in the design, it is suggested to set the PREG attribute to 1.
Related violations: <none>

DPOP-2#1 Warning
MREG Output pipelining  
DSP cnn_system_i/axis_cnn_mnist_0/inst/u_conv2/u_calc/product_s1_reg[0][0][0] multiplier stage cnn_system_i/axis_cnn_mnist_0/inst/u_conv2/u_calc/product_s1_reg[0][0][0]/P[47:0] is not pipelined (MREG=0). Pipelining the multiplier function will improve performance and will save significant power so it is suggested whenever possible to fully pipeline this function.  If this multiplier was inferred, it is suggested to describe an additional register stage after this function.  If there is no registered adder/accumulator following the multiply function, two pipeline stages are suggested to allow both the MREG and PREG registers to be used.  If the DSP48 was instantiated in the design, it is suggested to set both the MREG and PREG attributes to 1 when performing multiply functions.
Related violations: <none>

DPOP-2#2 Warning
MREG Output pipelining  
DSP cnn_system_i/axis_cnn_mnist_0/inst/u_conv2/u_calc/product_s1_reg[0][0][2] multiplier stage cnn_system_i/axis_cnn_mnist_0/inst/u_conv2/u_calc/product_s1_reg[0][0][2]/P[47:0] is not pipelined (MREG=0). Pipelining the multiplier function will improve performance and will save significant power so it is suggested whenever possible to fully pipeline this function.  If this multiplier was inferred, it is suggested to describe an additional register stage after this function.  If there is no registered adder/accumulator following the multiply function, two pipeline stages are suggested to allow both the MREG and PREG registers to be used.  If the DSP48 was instantiated in the design, it is suggested to set both the MREG and PREG attributes to 1 when performing multiply functions.
Related violations: <none>

DPOP-2#3 Warning
MREG Output pipelining  
DSP cnn_system_i/axis_cnn_mnist_0/inst/u_conv2/u_calc/product_s1_reg[0][0][4] multiplier stage cnn_system_i/axis_cnn_mnist_0/inst/u_conv2/u_calc/product_s1_reg[0][0][4]/P[47:0] is not pipelined (MREG=0). Pipelining the multiplier function will improve performance and will save significant power so it is suggested whenever possible to fully pipeline this function.  If this multiplier was inferred, it is suggested to describe an additional register stage after this function.  If there is no registered adder/accumulator following the multiply function, two pipeline stages are suggested to allow both the MREG and PREG registers to be used.  If the DSP48 was instantiated in the design, it is suggested to set both the MREG and PREG attributes to 1 when performing multiply functions.
Related violations: <none>

DPOP-2#4 Warning
MREG Output pipelining  
DSP cnn_system_i/axis_cnn_mnist_0/inst/u_conv2/u_calc/product_s1_reg[0][0][6] multiplier stage cnn_system_i/axis_cnn_mnist_0/inst/u_conv2/u_calc/product_s1_reg[0][0][6]/P[47:0] is not pipelined (MREG=0). Pipelining the multiplier function will improve performance and will save significant power so it is suggested whenever possible to fully pipeline this function.  If this multiplier was inferred, it is suggested to describe an additional register stage after this function.  If there is no registered adder/accumulator following the multiply function, two pipeline stages are suggested to allow both the MREG and PREG registers to be used.  If the DSP48 was instantiated in the design, it is suggested to set both the MREG and PREG attributes to 1 when performing multiply functions.
Related violations: <none>

DPOP-2#5 Warning
MREG Output pipelining  
DSP cnn_system_i/axis_cnn_mnist_0/inst/u_conv2/u_calc/product_s1_reg[0][0][8] multiplier stage cnn_system_i/axis_cnn_mnist_0/inst/u_conv2/u_calc/product_s1_reg[0][0][8]/P[47:0] is not pipelined (MREG=0). Pipelining the multiplier function will improve performance and will save significant power so it is suggested whenever possible to fully pipeline this function.  If this multiplier was inferred, it is suggested to describe an additional register stage after this function.  If there is no registered adder/accumulator following the multiply function, two pipeline stages are suggested to allow both the MREG and PREG registers to be used.  If the DSP48 was instantiated in the design, it is suggested to set both the MREG and PREG attributes to 1 when performing multiply functions.
Related violations: <none>

DPOP-2#6 Warning
MREG Output pipelining  
DSP cnn_system_i/axis_cnn_mnist_0/inst/u_conv2/u_calc/product_s1_reg[0][1][0] multiplier stage cnn_system_i/axis_cnn_mnist_0/inst/u_conv2/u_calc/product_s1_reg[0][1][0]/P[47:0] is not pipelined (MREG=0). Pipelining the multiplier function will improve performance and will save significant power so it is suggested whenever possible to fully pipeline this function.  If this multiplier was inferred, it is suggested to describe an additional register stage after this function.  If there is no registered adder/accumulator following the multiply function, two pipeline stages are suggested to allow both the MREG and PREG registers to be used.  If the DSP48 was instantiated in the design, it is suggested to set both the MREG and PREG attributes to 1 when performing multiply functions.
Related violations: <none>

DPOP-2#7 Warning
MREG Output pipelining  
DSP cnn_system_i/axis_cnn_mnist_0/inst/u_conv2/u_calc/product_s1_reg[0][1][2] multiplier stage cnn_system_i/axis_cnn_mnist_0/inst/u_conv2/u_calc/product_s1_reg[0][1][2]/P[47:0] is not pipelined (MREG=0). Pipelining the multiplier function will improve performance and will save significant power so it is suggested whenever possible to fully pipeline this function.  If this multiplier was inferred, it is suggested to describe an additional register stage after this function.  If there is no registered adder/accumulator following the multiply function, two pipeline stages are suggested to allow both the MREG and PREG registers to be used.  If the DSP48 was instantiated in the design, it is suggested to set both the MREG and PREG attributes to 1 when performing multiply functions.
Related violations: <none>

DPOP-2#8 Warning
MREG Output pipelining  
DSP cnn_system_i/axis_cnn_mnist_0/inst/u_conv2/u_calc/product_s1_reg[0][1][4] multiplier stage cnn_system_i/axis_cnn_mnist_0/inst/u_conv2/u_calc/product_s1_reg[0][1][4]/P[47:0] is not pipelined (MREG=0). Pipelining the multiplier function will improve performance and will save significant power so it is suggested whenever possible to fully pipeline this function.  If this multiplier was inferred, it is suggested to describe an additional register stage after this function.  If there is no registered adder/accumulator following the multiply function, two pipeline stages are suggested to allow both the MREG and PREG registers to be used.  If the DSP48 was instantiated in the design, it is suggested to set both the MREG and PREG attributes to 1 when performing multiply functions.
Related violations: <none>

DPOP-2#9 Warning
MREG Output pipelining  
DSP cnn_system_i/axis_cnn_mnist_0/inst/u_conv2/u_calc/product_s1_reg[0][1][6] multiplier stage cnn_system_i/axis_cnn_mnist_0/inst/u_conv2/u_calc/product_s1_reg[0][1][6]/P[47:0] is not pipelined (MREG=0). Pipelining the multiplier function will improve performance and will save significant power so it is suggested whenever possible to fully pipeline this function.  If this multiplier was inferred, it is suggested to describe an additional register stage after this function.  If there is no registered adder/accumulator following the multiply function, two pipeline stages are suggested to allow both the MREG and PREG registers to be used.  If the DSP48 was instantiated in the design, it is suggested to set both the MREG and PREG attributes to 1 when performing multiply functions.
Related violations: <none>

DPOP-2#10 Warning
MREG Output pipelining  
DSP cnn_system_i/axis_cnn_mnist_0/inst/u_conv2/u_calc/product_s1_reg[0][1][8] multiplier stage cnn_system_i/axis_cnn_mnist_0/inst/u_conv2/u_calc/product_s1_reg[0][1][8]/P[47:0] is not pipelined (MREG=0). Pipelining the multiplier function will improve performance and will save significant power so it is suggested whenever possible to fully pipeline this function.  If this multiplier was inferred, it is suggested to describe an additional register stage after this function.  If there is no registered adder/accumulator following the multiply function, two pipeline stages are suggested to allow both the MREG and PREG registers to be used.  If the DSP48 was instantiated in the design, it is suggested to set both the MREG and PREG attributes to 1 when performing multiply functions.
Related violations: <none>

DPOP-2#11 Warning
MREG Output pipelining  
DSP cnn_system_i/axis_cnn_mnist_0/inst/u_conv2/u_calc/product_s1_reg[0][2][0] multiplier stage cnn_system_i/axis_cnn_mnist_0/inst/u_conv2/u_calc/product_s1_reg[0][2][0]/P[47:0] is not pipelined (MREG=0). Pipelining the multiplier function will improve performance and will save significant power so it is suggested whenever possible to fully pipeline this function.  If this multiplier was inferred, it is suggested to describe an additional register stage after this function.  If there is no registered adder/accumulator following the multiply function, two pipeline stages are suggested to allow both the MREG and PREG registers to be used.  If the DSP48 was instantiated in the design, it is suggested to set both the MREG and PREG attributes to 1 when performing multiply functions.
Related violations: <none>

DPOP-2#12 Warning
MREG Output pipelining  
DSP cnn_system_i/axis_cnn_mnist_0/inst/u_conv2/u_calc/product_s1_reg[0][2][2] multiplier stage cnn_system_i/axis_cnn_mnist_0/inst/u_conv2/u_calc/product_s1_reg[0][2][2]/P[47:0] is not pipelined (MREG=0). Pipelining the multiplier function will improve performance and will save significant power so it is suggested whenever possible to fully pipeline this function.  If this multiplier was inferred, it is suggested to describe an additional register stage after this function.  If there is no registered adder/accumulator following the multiply function, two pipeline stages are suggested to allow both the MREG and PREG registers to be used.  If the DSP48 was instantiated in the design, it is suggested to set both the MREG and PREG attributes to 1 when performing multiply functions.
Related violations: <none>

DPOP-2#13 Warning
MREG Output pipelining  
DSP cnn_system_i/axis_cnn_mnist_0/inst/u_conv2/u_calc/product_s1_reg[0][2][4] multiplier stage cnn_system_i/axis_cnn_mnist_0/inst/u_conv2/u_calc/product_s1_reg[0][2][4]/P[47:0] is not pipelined (MREG=0). Pipelining the multiplier function will improve performance and will save significant power so it is suggested whenever possible to fully pipeline this function.  If this multiplier was inferred, it is suggested to describe an additional register stage after this function.  If there is no registered adder/accumulator following the multiply function, two pipeline stages are suggested to allow both the MREG and PREG registers to be used.  If the DSP48 was instantiated in the design, it is suggested to set both the MREG and PREG attributes to 1 when performing multiply functions.
Related violations: <none>

DPOP-2#14 Warning
MREG Output pipelining  
DSP cnn_system_i/axis_cnn_mnist_0/inst/u_conv2/u_calc/product_s1_reg[0][2][6] multiplier stage cnn_system_i/axis_cnn_mnist_0/inst/u_conv2/u_calc/product_s1_reg[0][2][6]/P[47:0] is not pipelined (MREG=0). Pipelining the multiplier function will improve performance and will save significant power so it is suggested whenever possible to fully pipeline this function.  If this multiplier was inferred, it is suggested to describe an additional register stage after this function.  If there is no registered adder/accumulator following the multiply function, two pipeline stages are suggested to allow both the MREG and PREG registers to be used.  If the DSP48 was instantiated in the design, it is suggested to set both the MREG and PREG attributes to 1 when performing multiply functions.
Related violations: <none>

DPOP-2#15 Warning
MREG Output pipelining  
DSP cnn_system_i/axis_cnn_mnist_0/inst/u_conv2/u_calc/product_s1_reg[0][2][8] multiplier stage cnn_system_i/axis_cnn_mnist_0/inst/u_conv2/u_calc/product_s1_reg[0][2][8]/P[47:0] is not pipelined (MREG=0). Pipelining the multiplier function will improve performance and will save significant power so it is suggested whenever possible to fully pipeline this function.  If this multiplier was inferred, it is suggested to describe an additional register stage after this function.  If there is no registered adder/accumulator following the multiply function, two pipeline stages are suggested to allow both the MREG and PREG registers to be used.  If the DSP48 was instantiated in the design, it is suggested to set both the MREG and PREG attributes to 1 when performing multiply functions.
Related violations: <none>

DPOP-2#16 Warning
MREG Output pipelining  
DSP cnn_system_i/axis_cnn_mnist_0/inst/u_conv2/u_calc/product_s1_reg[0][3][0] multiplier stage cnn_system_i/axis_cnn_mnist_0/inst/u_conv2/u_calc/product_s1_reg[0][3][0]/P[47:0] is not pipelined (MREG=0). Pipelining the multiplier function will improve performance and will save significant power so it is suggested whenever possible to fully pipeline this function.  If this multiplier was inferred, it is suggested to describe an additional register stage after this function.  If there is no registered adder/accumulator following the multiply function, two pipeline stages are suggested to allow both the MREG and PREG registers to be used.  If the DSP48 was instantiated in the design, it is suggested to set both the MREG and PREG attributes to 1 when performing multiply functions.
Related violations: <none>

DPOP-2#17 Warning
MREG Output pipelining  
DSP cnn_system_i/axis_cnn_mnist_0/inst/u_conv2/u_calc/product_s1_reg[0][3][2] multiplier stage cnn_system_i/axis_cnn_mnist_0/inst/u_conv2/u_calc/product_s1_reg[0][3][2]/P[47:0] is not pipelined (MREG=0). Pipelining the multiplier function will improve performance and will save significant power so it is suggested whenever possible to fully pipeline this function.  If this multiplier was inferred, it is suggested to describe an additional register stage after this function.  If there is no registered adder/accumulator following the multiply function, two pipeline stages are suggested to allow both the MREG and PREG registers to be used.  If the DSP48 was instantiated in the design, it is suggested to set both the MREG and PREG attributes to 1 when performing multiply functions.
Related violations: <none>

DPOP-2#18 Warning
MREG Output pipelining  
DSP cnn_system_i/axis_cnn_mnist_0/inst/u_conv2/u_calc/product_s1_reg[0][3][4] multiplier stage cnn_system_i/axis_cnn_mnist_0/inst/u_conv2/u_calc/product_s1_reg[0][3][4]/P[47:0] is not pipelined (MREG=0). Pipelining the multiplier function will improve performance and will save significant power so it is suggested whenever possible to fully pipeline this function.  If this multiplier was inferred, it is suggested to describe an additional register stage after this function.  If there is no registered adder/accumulator following the multiply function, two pipeline stages are suggested to allow both the MREG and PREG registers to be used.  If the DSP48 was instantiated in the design, it is suggested to set both the MREG and PREG attributes to 1 when performing multiply functions.
Related violations: <none>

DPOP-2#19 Warning
MREG Output pipelining  
DSP cnn_system_i/axis_cnn_mnist_0/inst/u_conv2/u_calc/product_s1_reg[0][3][6] multiplier stage cnn_system_i/axis_cnn_mnist_0/inst/u_conv2/u_calc/product_s1_reg[0][3][6]/P[47:0] is not pipelined (MREG=0). Pipelining the multiplier function will improve performance and will save significant power so it is suggested whenever possible to fully pipeline this function.  If this multiplier was inferred, it is suggested to describe an additional register stage after this function.  If there is no registered adder/accumulator following the multiply function, two pipeline stages are suggested to allow both the MREG and PREG registers to be used.  If the DSP48 was instantiated in the design, it is suggested to set both the MREG and PREG attributes to 1 when performing multiply functions.
Related violations: <none>

DPOP-2#20 Warning
MREG Output pipelining  
DSP cnn_system_i/axis_cnn_mnist_0/inst/u_conv2/u_calc/product_s1_reg[0][3][8] multiplier stage cnn_system_i/axis_cnn_mnist_0/inst/u_conv2/u_calc/product_s1_reg[0][3][8]/P[47:0] is not pipelined (MREG=0). Pipelining the multiplier function will improve performance and will save significant power so it is suggested whenever possible to fully pipeline this function.  If this multiplier was inferred, it is suggested to describe an additional register stage after this function.  If there is no registered adder/accumulator following the multiply function, two pipeline stages are suggested to allow both the MREG and PREG registers to be used.  If the DSP48 was instantiated in the design, it is suggested to set both the MREG and PREG attributes to 1 when performing multiply functions.
Related violations: <none>

DPOP-2#21 Warning
MREG Output pipelining  
DSP cnn_system_i/axis_cnn_mnist_0/inst/u_conv2/u_calc/product_s1_reg[1][0][0] multiplier stage cnn_system_i/axis_cnn_mnist_0/inst/u_conv2/u_calc/product_s1_reg[1][0][0]/P[47:0] is not pipelined (MREG=0). Pipelining the multiplier function will improve performance and will save significant power so it is suggested whenever possible to fully pipeline this function.  If this multiplier was inferred, it is suggested to describe an additional register stage after this function.  If there is no registered adder/accumulator following the multiply function, two pipeline stages are suggested to allow both the MREG and PREG registers to be used.  If the DSP48 was instantiated in the design, it is suggested to set both the MREG and PREG attributes to 1 when performing multiply functions.
Related violations: <none>

DPOP-2#22 Warning
MREG Output pipelining  
DSP cnn_system_i/axis_cnn_mnist_0/inst/u_conv2/u_calc/product_s1_reg[1][0][2] multiplier stage cnn_system_i/axis_cnn_mnist_0/inst/u_conv2/u_calc/product_s1_reg[1][0][2]/P[47:0] is not pipelined (MREG=0). Pipelining the multiplier function will improve performance and will save significant power so it is suggested whenever possible to fully pipeline this function.  If this multiplier was inferred, it is suggested to describe an additional register stage after this function.  If there is no registered adder/accumulator following the multiply function, two pipeline stages are suggested to allow both the MREG and PREG registers to be used.  If the DSP48 was instantiated in the design, it is suggested to set both the MREG and PREG attributes to 1 when performing multiply functions.
Related violations: <none>

DPOP-2#23 Warning
MREG Output pipelining  
DSP cnn_system_i/axis_cnn_mnist_0/inst/u_conv2/u_calc/product_s1_reg[1][0][4] multiplier stage cnn_system_i/axis_cnn_mnist_0/inst/u_conv2/u_calc/product_s1_reg[1][0][4]/P[47:0] is not pipelined (MREG=0). Pipelining the multiplier function will improve performance and will save significant power so it is suggested whenever possible to fully pipeline this function.  If this multiplier was inferred, it is suggested to describe an additional register stage after this function.  If there is no registered adder/accumulator following the multiply function, two pipeline stages are suggested to allow both the MREG and PREG registers to be used.  If the DSP48 was instantiated in the design, it is suggested to set both the MREG and PREG attributes to 1 when performing multiply functions.
Related violations: <none>

DPOP-2#24 Warning
MREG Output pipelining  
DSP cnn_system_i/axis_cnn_mnist_0/inst/u_conv2/u_calc/product_s1_reg[1][0][6] multiplier stage cnn_system_i/axis_cnn_mnist_0/inst/u_conv2/u_calc/product_s1_reg[1][0][6]/P[47:0] is not pipelined (MREG=0). Pipelining the multiplier function will improve performance and will save significant power so it is suggested whenever possible to fully pipeline this function.  If this multiplier was inferred, it is suggested to describe an additional register stage after this function.  If there is no registered adder/accumulator following the multiply function, two pipeline stages are suggested to allow both the MREG and PREG registers to be used.  If the DSP48 was instantiated in the design, it is suggested to set both the MREG and PREG attributes to 1 when performing multiply functions.
Related violations: <none>

DPOP-2#25 Warning
MREG Output pipelining  
DSP cnn_system_i/axis_cnn_mnist_0/inst/u_conv2/u_calc/product_s1_reg[1][0][8] multiplier stage cnn_system_i/axis_cnn_mnist_0/inst/u_conv2/u_calc/product_s1_reg[1][0][8]/P[47:0] is not pipelined (MREG=0). Pipelining the multiplier function will improve performance and will save significant power so it is suggested whenever possible to fully pipeline this function.  If this multiplier was inferred, it is suggested to describe an additional register stage after this function.  If there is no registered adder/accumulator following the multiply function, two pipeline stages are suggested to allow both the MREG and PREG registers to be used.  If the DSP48 was instantiated in the design, it is suggested to set both the MREG and PREG attributes to 1 when performing multiply functions.
Related violations: <none>

DPOP-2#26 Warning
MREG Output pipelining  
DSP cnn_system_i/axis_cnn_mnist_0/inst/u_conv2/u_calc/product_s1_reg[1][1][0] multiplier stage cnn_system_i/axis_cnn_mnist_0/inst/u_conv2/u_calc/product_s1_reg[1][1][0]/P[47:0] is not pipelined (MREG=0). Pipelining the multiplier function will improve performance and will save significant power so it is suggested whenever possible to fully pipeline this function.  If this multiplier was inferred, it is suggested to describe an additional register stage after this function.  If there is no registered adder/accumulator following the multiply function, two pipeline stages are suggested to allow both the MREG and PREG registers to be used.  If the DSP48 was instantiated in the design, it is suggested to set both the MREG and PREG attributes to 1 when performing multiply functions.
Related violations: <none>

DPOP-2#27 Warning
MREG Output pipelining  
DSP cnn_system_i/axis_cnn_mnist_0/inst/u_conv2/u_calc/product_s1_reg[1][1][2] multiplier stage cnn_system_i/axis_cnn_mnist_0/inst/u_conv2/u_calc/product_s1_reg[1][1][2]/P[47:0] is not pipelined (MREG=0). Pipelining the multiplier function will improve performance and will save significant power so it is suggested whenever possible to fully pipeline this function.  If this multiplier was inferred, it is suggested to describe an additional register stage after this function.  If there is no registered adder/accumulator following the multiply function, two pipeline stages are suggested to allow both the MREG and PREG registers to be used.  If the DSP48 was instantiated in the design, it is suggested to set both the MREG and PREG attributes to 1 when performing multiply functions.
Related violations: <none>

DPOP-2#28 Warning
MREG Output pipelining  
DSP cnn_system_i/axis_cnn_mnist_0/inst/u_conv2/u_calc/product_s1_reg[1][1][4] multiplier stage cnn_system_i/axis_cnn_mnist_0/inst/u_conv2/u_calc/product_s1_reg[1][1][4]/P[47:0] is not pipelined (MREG=0). Pipelining the multiplier function will improve performance and will save significant power so it is suggested whenever possible to fully pipeline this function.  If this multiplier was inferred, it is suggested to describe an additional register stage after this function.  If there is no registered adder/accumulator following the multiply function, two pipeline stages are suggested to allow both the MREG and PREG registers to be used.  If the DSP48 was instantiated in the design, it is suggested to set both the MREG and PREG attributes to 1 when performing multiply functions.
Related violations: <none>

DPOP-2#29 Warning
MREG Output pipelining  
DSP cnn_system_i/axis_cnn_mnist_0/inst/u_conv2/u_calc/product_s1_reg[1][1][6] multiplier stage cnn_system_i/axis_cnn_mnist_0/inst/u_conv2/u_calc/product_s1_reg[1][1][6]/P[47:0] is not pipelined (MREG=0). Pipelining the multiplier function will improve performance and will save significant power so it is suggested whenever possible to fully pipeline this function.  If this multiplier was inferred, it is suggested to describe an additional register stage after this function.  If there is no registered adder/accumulator following the multiply function, two pipeline stages are suggested to allow both the MREG and PREG registers to be used.  If the DSP48 was instantiated in the design, it is suggested to set both the MREG and PREG attributes to 1 when performing multiply functions.
Related violations: <none>

DPOP-2#30 Warning
MREG Output pipelining  
DSP cnn_system_i/axis_cnn_mnist_0/inst/u_conv2/u_calc/product_s1_reg[1][1][8] multiplier stage cnn_system_i/axis_cnn_mnist_0/inst/u_conv2/u_calc/product_s1_reg[1][1][8]/P[47:0] is not pipelined (MREG=0). Pipelining the multiplier function will improve performance and will save significant power so it is suggested whenever possible to fully pipeline this function.  If this multiplier was inferred, it is suggested to describe an additional register stage after this function.  If there is no registered adder/accumulator following the multiply function, two pipeline stages are suggested to allow both the MREG and PREG registers to be used.  If the DSP48 was instantiated in the design, it is suggested to set both the MREG and PREG attributes to 1 when performing multiply functions.
Related violations: <none>

DPOP-2#31 Warning
MREG Output pipelining  
DSP cnn_system_i/axis_cnn_mnist_0/inst/u_conv2/u_calc/product_s1_reg[1][2][0] multiplier stage cnn_system_i/axis_cnn_mnist_0/inst/u_conv2/u_calc/product_s1_reg[1][2][0]/P[47:0] is not pipelined (MREG=0). Pipelining the multiplier function will improve performance and will save significant power so it is suggested whenever possible to fully pipeline this function.  If this multiplier was inferred, it is suggested to describe an additional register stage after this function.  If there is no registered adder/accumulator following the multiply function, two pipeline stages are suggested to allow both the MREG and PREG registers to be used.  If the DSP48 was instantiated in the design, it is suggested to set both the MREG and PREG attributes to 1 when performing multiply functions.
Related violations: <none>

DPOP-2#32 Warning
MREG Output pipelining  
DSP cnn_system_i/axis_cnn_mnist_0/inst/u_conv2/u_calc/product_s1_reg[1][2][2] multiplier stage cnn_system_i/axis_cnn_mnist_0/inst/u_conv2/u_calc/product_s1_reg[1][2][2]/P[47:0] is not pipelined (MREG=0). Pipelining the multiplier function will improve performance and will save significant power so it is suggested whenever possible to fully pipeline this function.  If this multiplier was inferred, it is suggested to describe an additional register stage after this function.  If there is no registered adder/accumulator following the multiply function, two pipeline stages are suggested to allow both the MREG and PREG registers to be used.  If the DSP48 was instantiated in the design, it is suggested to set both the MREG and PREG attributes to 1 when performing multiply functions.
Related violations: <none>

DPOP-2#33 Warning
MREG Output pipelining  
DSP cnn_system_i/axis_cnn_mnist_0/inst/u_conv2/u_calc/product_s1_reg[1][2][4] multiplier stage cnn_system_i/axis_cnn_mnist_0/inst/u_conv2/u_calc/product_s1_reg[1][2][4]/P[47:0] is not pipelined (MREG=0). Pipelining the multiplier function will improve performance and will save significant power so it is suggested whenever possible to fully pipeline this function.  If this multiplier was inferred, it is suggested to describe an additional register stage after this function.  If there is no registered adder/accumulator following the multiply function, two pipeline stages are suggested to allow both the MREG and PREG registers to be used.  If the DSP48 was instantiated in the design, it is suggested to set both the MREG and PREG attributes to 1 when performing multiply functions.
Related violations: <none>

DPOP-2#34 Warning
MREG Output pipelining  
DSP cnn_system_i/axis_cnn_mnist_0/inst/u_conv2/u_calc/product_s1_reg[1][2][6] multiplier stage cnn_system_i/axis_cnn_mnist_0/inst/u_conv2/u_calc/product_s1_reg[1][2][6]/P[47:0] is not pipelined (MREG=0). Pipelining the multiplier function will improve performance and will save significant power so it is suggested whenever possible to fully pipeline this function.  If this multiplier was inferred, it is suggested to describe an additional register stage after this function.  If there is no registered adder/accumulator following the multiply function, two pipeline stages are suggested to allow both the MREG and PREG registers to be used.  If the DSP48 was instantiated in the design, it is suggested to set both the MREG and PREG attributes to 1 when performing multiply functions.
Related violations: <none>

DPOP-2#35 Warning
MREG Output pipelining  
DSP cnn_system_i/axis_cnn_mnist_0/inst/u_conv2/u_calc/product_s1_reg[1][2][8] multiplier stage cnn_system_i/axis_cnn_mnist_0/inst/u_conv2/u_calc/product_s1_reg[1][2][8]/P[47:0] is not pipelined (MREG=0). Pipelining the multiplier function will improve performance and will save significant power so it is suggested whenever possible to fully pipeline this function.  If this multiplier was inferred, it is suggested to describe an additional register stage after this function.  If there is no registered adder/accumulator following the multiply function, two pipeline stages are suggested to allow both the MREG and PREG registers to be used.  If the DSP48 was instantiated in the design, it is suggested to set both the MREG and PREG attributes to 1 when performing multiply functions.
Related violations: <none>

DPOP-2#36 Warning
MREG Output pipelining  
DSP cnn_system_i/axis_cnn_mnist_0/inst/u_conv2/u_calc/product_s1_reg[1][3][0] multiplier stage cnn_system_i/axis_cnn_mnist_0/inst/u_conv2/u_calc/product_s1_reg[1][3][0]/P[47:0] is not pipelined (MREG=0). Pipelining the multiplier function will improve performance and will save significant power so it is suggested whenever possible to fully pipeline this function.  If this multiplier was inferred, it is suggested to describe an additional register stage after this function.  If there is no registered adder/accumulator following the multiply function, two pipeline stages are suggested to allow both the MREG and PREG registers to be used.  If the DSP48 was instantiated in the design, it is suggested to set both the MREG and PREG attributes to 1 when performing multiply functions.
Related violations: <none>

DPOP-2#37 Warning
MREG Output pipelining  
DSP cnn_system_i/axis_cnn_mnist_0/inst/u_conv2/u_calc/product_s1_reg[1][3][2] multiplier stage cnn_system_i/axis_cnn_mnist_0/inst/u_conv2/u_calc/product_s1_reg[1][3][2]/P[47:0] is not pipelined (MREG=0). Pipelining the multiplier function will improve performance and will save significant power so it is suggested whenever possible to fully pipeline this function.  If this multiplier was inferred, it is suggested to describe an additional register stage after this function.  If there is no registered adder/accumulator following the multiply function, two pipeline stages are suggested to allow both the MREG and PREG registers to be used.  If the DSP48 was instantiated in the design, it is suggested to set both the MREG and PREG attributes to 1 when performing multiply functions.
Related violations: <none>

DPOP-2#38 Warning
MREG Output pipelining  
DSP cnn_system_i/axis_cnn_mnist_0/inst/u_conv2/u_calc/product_s1_reg[1][3][4] multiplier stage cnn_system_i/axis_cnn_mnist_0/inst/u_conv2/u_calc/product_s1_reg[1][3][4]/P[47:0] is not pipelined (MREG=0). Pipelining the multiplier function will improve performance and will save significant power so it is suggested whenever possible to fully pipeline this function.  If this multiplier was inferred, it is suggested to describe an additional register stage after this function.  If there is no registered adder/accumulator following the multiply function, two pipeline stages are suggested to allow both the MREG and PREG registers to be used.  If the DSP48 was instantiated in the design, it is suggested to set both the MREG and PREG attributes to 1 when performing multiply functions.
Related violations: <none>

DPOP-2#39 Warning
MREG Output pipelining  
DSP cnn_system_i/axis_cnn_mnist_0/inst/u_conv2/u_calc/product_s1_reg[1][3][6] multiplier stage cnn_system_i/axis_cnn_mnist_0/inst/u_conv2/u_calc/product_s1_reg[1][3][6]/P[47:0] is not pipelined (MREG=0). Pipelining the multiplier function will improve performance and will save significant power so it is suggested whenever possible to fully pipeline this function.  If this multiplier was inferred, it is suggested to describe an additional register stage after this function.  If there is no registered adder/accumulator following the multiply function, two pipeline stages are suggested to allow both the MREG and PREG registers to be used.  If the DSP48 was instantiated in the design, it is suggested to set both the MREG and PREG attributes to 1 when performing multiply functions.
Related violations: <none>

DPOP-2#40 Warning
MREG Output pipelining  
DSP cnn_system_i/axis_cnn_mnist_0/inst/u_conv2/u_calc/product_s1_reg[1][3][8] multiplier stage cnn_system_i/axis_cnn_mnist_0/inst/u_conv2/u_calc/product_s1_reg[1][3][8]/P[47:0] is not pipelined (MREG=0). Pipelining the multiplier function will improve performance and will save significant power so it is suggested whenever possible to fully pipeline this function.  If this multiplier was inferred, it is suggested to describe an additional register stage after this function.  If there is no registered adder/accumulator following the multiply function, two pipeline stages are suggested to allow both the MREG and PREG registers to be used.  If the DSP48 was instantiated in the design, it is suggested to set both the MREG and PREG attributes to 1 when performing multiply functions.
Related violations: <none>

DPOP-2#41 Warning
MREG Output pipelining  
DSP cnn_system_i/axis_cnn_mnist_0/inst/u_conv2/u_calc/product_s1_reg[2][0][0] multiplier stage cnn_system_i/axis_cnn_mnist_0/inst/u_conv2/u_calc/product_s1_reg[2][0][0]/P[47:0] is not pipelined (MREG=0). Pipelining the multiplier function will improve performance and will save significant power so it is suggested whenever possible to fully pipeline this function.  If this multiplier was inferred, it is suggested to describe an additional register stage after this function.  If there is no registered adder/accumulator following the multiply function, two pipeline stages are suggested to allow both the MREG and PREG registers to be used.  If the DSP48 was instantiated in the design, it is suggested to set both the MREG and PREG attributes to 1 when performing multiply functions.
Related violations: <none>

DPOP-2#42 Warning
MREG Output pipelining  
DSP cnn_system_i/axis_cnn_mnist_0/inst/u_conv2/u_calc/product_s1_reg[2][0][2] multiplier stage cnn_system_i/axis_cnn_mnist_0/inst/u_conv2/u_calc/product_s1_reg[2][0][2]/P[47:0] is not pipelined (MREG=0). Pipelining the multiplier function will improve performance and will save significant power so it is suggested whenever possible to fully pipeline this function.  If this multiplier was inferred, it is suggested to describe an additional register stage after this function.  If there is no registered adder/accumulator following the multiply function, two pipeline stages are suggested to allow both the MREG and PREG registers to be used.  If the DSP48 was instantiated in the design, it is suggested to set both the MREG and PREG attributes to 1 when performing multiply functions.
Related violations: <none>

DPOP-2#43 Warning
MREG Output pipelining  
DSP cnn_system_i/axis_cnn_mnist_0/inst/u_conv2/u_calc/product_s1_reg[2][0][4] multiplier stage cnn_system_i/axis_cnn_mnist_0/inst/u_conv2/u_calc/product_s1_reg[2][0][4]/P[47:0] is not pipelined (MREG=0). Pipelining the multiplier function will improve performance and will save significant power so it is suggested whenever possible to fully pipeline this function.  If this multiplier was inferred, it is suggested to describe an additional register stage after this function.  If there is no registered adder/accumulator following the multiply function, two pipeline stages are suggested to allow both the MREG and PREG registers to be used.  If the DSP48 was instantiated in the design, it is suggested to set both the MREG and PREG attributes to 1 when performing multiply functions.
Related violations: <none>

DPOP-2#44 Warning
MREG Output pipelining  
DSP cnn_system_i/axis_cnn_mnist_0/inst/u_conv2/u_calc/product_s1_reg[2][0][6] multiplier stage cnn_system_i/axis_cnn_mnist_0/inst/u_conv2/u_calc/product_s1_reg[2][0][6]/P[47:0] is not pipelined (MREG=0). Pipelining the multiplier function will improve performance and will save significant power so it is suggested whenever possible to fully pipeline this function.  If this multiplier was inferred, it is suggested to describe an additional register stage after this function.  If there is no registered adder/accumulator following the multiply function, two pipeline stages are suggested to allow both the MREG and PREG registers to be used.  If the DSP48 was instantiated in the design, it is suggested to set both the MREG and PREG attributes to 1 when performing multiply functions.
Related violations: <none>

DPOP-2#45 Warning
MREG Output pipelining  
DSP cnn_system_i/axis_cnn_mnist_0/inst/u_conv2/u_calc/product_s1_reg[2][0][8] multiplier stage cnn_system_i/axis_cnn_mnist_0/inst/u_conv2/u_calc/product_s1_reg[2][0][8]/P[47:0] is not pipelined (MREG=0). Pipelining the multiplier function will improve performance and will save significant power so it is suggested whenever possible to fully pipeline this function.  If this multiplier was inferred, it is suggested to describe an additional register stage after this function.  If there is no registered adder/accumulator following the multiply function, two pipeline stages are suggested to allow both the MREG and PREG registers to be used.  If the DSP48 was instantiated in the design, it is suggested to set both the MREG and PREG attributes to 1 when performing multiply functions.
Related violations: <none>

DPOP-2#46 Warning
MREG Output pipelining  
DSP cnn_system_i/axis_cnn_mnist_0/inst/u_conv2/u_calc/product_s1_reg[2][1][0] multiplier stage cnn_system_i/axis_cnn_mnist_0/inst/u_conv2/u_calc/product_s1_reg[2][1][0]/P[47:0] is not pipelined (MREG=0). Pipelining the multiplier function will improve performance and will save significant power so it is suggested whenever possible to fully pipeline this function.  If this multiplier was inferred, it is suggested to describe an additional register stage after this function.  If there is no registered adder/accumulator following the multiply function, two pipeline stages are suggested to allow both the MREG and PREG registers to be used.  If the DSP48 was instantiated in the design, it is suggested to set both the MREG and PREG attributes to 1 when performing multiply functions.
Related violations: <none>

DPOP-2#47 Warning
MREG Output pipelining  
DSP cnn_system_i/axis_cnn_mnist_0/inst/u_conv2/u_calc/product_s1_reg[2][1][2] multiplier stage cnn_system_i/axis_cnn_mnist_0/inst/u_conv2/u_calc/product_s1_reg[2][1][2]/P[47:0] is not pipelined (MREG=0). Pipelining the multiplier function will improve performance and will save significant power so it is suggested whenever possible to fully pipeline this function.  If this multiplier was inferred, it is suggested to describe an additional register stage after this function.  If there is no registered adder/accumulator following the multiply function, two pipeline stages are suggested to allow both the MREG and PREG registers to be used.  If the DSP48 was instantiated in the design, it is suggested to set both the MREG and PREG attributes to 1 when performing multiply functions.
Related violations: <none>

DPOP-2#48 Warning
MREG Output pipelining  
DSP cnn_system_i/axis_cnn_mnist_0/inst/u_conv2/u_calc/product_s1_reg[2][1][4] multiplier stage cnn_system_i/axis_cnn_mnist_0/inst/u_conv2/u_calc/product_s1_reg[2][1][4]/P[47:0] is not pipelined (MREG=0). Pipelining the multiplier function will improve performance and will save significant power so it is suggested whenever possible to fully pipeline this function.  If this multiplier was inferred, it is suggested to describe an additional register stage after this function.  If there is no registered adder/accumulator following the multiply function, two pipeline stages are suggested to allow both the MREG and PREG registers to be used.  If the DSP48 was instantiated in the design, it is suggested to set both the MREG and PREG attributes to 1 when performing multiply functions.
Related violations: <none>

DPOP-2#49 Warning
MREG Output pipelining  
DSP cnn_system_i/axis_cnn_mnist_0/inst/u_conv2/u_calc/product_s1_reg[2][1][6] multiplier stage cnn_system_i/axis_cnn_mnist_0/inst/u_conv2/u_calc/product_s1_reg[2][1][6]/P[47:0] is not pipelined (MREG=0). Pipelining the multiplier function will improve performance and will save significant power so it is suggested whenever possible to fully pipeline this function.  If this multiplier was inferred, it is suggested to describe an additional register stage after this function.  If there is no registered adder/accumulator following the multiply function, two pipeline stages are suggested to allow both the MREG and PREG registers to be used.  If the DSP48 was instantiated in the design, it is suggested to set both the MREG and PREG attributes to 1 when performing multiply functions.
Related violations: <none>

DPOP-2#50 Warning
MREG Output pipelining  
DSP cnn_system_i/axis_cnn_mnist_0/inst/u_conv2/u_calc/product_s1_reg[2][1][8] multiplier stage cnn_system_i/axis_cnn_mnist_0/inst/u_conv2/u_calc/product_s1_reg[2][1][8]/P[47:0] is not pipelined (MREG=0). Pipelining the multiplier function will improve performance and will save significant power so it is suggested whenever possible to fully pipeline this function.  If this multiplier was inferred, it is suggested to describe an additional register stage after this function.  If there is no registered adder/accumulator following the multiply function, two pipeline stages are suggested to allow both the MREG and PREG registers to be used.  If the DSP48 was instantiated in the design, it is suggested to set both the MREG and PREG attributes to 1 when performing multiply functions.
Related violations: <none>

DPOP-2#51 Warning
MREG Output pipelining  
DSP cnn_system_i/axis_cnn_mnist_0/inst/u_conv2/u_calc/product_s1_reg[2][2][0] multiplier stage cnn_system_i/axis_cnn_mnist_0/inst/u_conv2/u_calc/product_s1_reg[2][2][0]/P[47:0] is not pipelined (MREG=0). Pipelining the multiplier function will improve performance and will save significant power so it is suggested whenever possible to fully pipeline this function.  If this multiplier was inferred, it is suggested to describe an additional register stage after this function.  If there is no registered adder/accumulator following the multiply function, two pipeline stages are suggested to allow both the MREG and PREG registers to be used.  If the DSP48 was instantiated in the design, it is suggested to set both the MREG and PREG attributes to 1 when performing multiply functions.
Related violations: <none>

DPOP-2#52 Warning
MREG Output pipelining  
DSP cnn_system_i/axis_cnn_mnist_0/inst/u_conv2/u_calc/product_s1_reg[2][2][2] multiplier stage cnn_system_i/axis_cnn_mnist_0/inst/u_conv2/u_calc/product_s1_reg[2][2][2]/P[47:0] is not pipelined (MREG=0). Pipelining the multiplier function will improve performance and will save significant power so it is suggested whenever possible to fully pipeline this function.  If this multiplier was inferred, it is suggested to describe an additional register stage after this function.  If there is no registered adder/accumulator following the multiply function, two pipeline stages are suggested to allow both the MREG and PREG registers to be used.  If the DSP48 was instantiated in the design, it is suggested to set both the MREG and PREG attributes to 1 when performing multiply functions.
Related violations: <none>

DPOP-2#53 Warning
MREG Output pipelining  
DSP cnn_system_i/axis_cnn_mnist_0/inst/u_conv2/u_calc/product_s1_reg[2][2][4] multiplier stage cnn_system_i/axis_cnn_mnist_0/inst/u_conv2/u_calc/product_s1_reg[2][2][4]/P[47:0] is not pipelined (MREG=0). Pipelining the multiplier function will improve performance and will save significant power so it is suggested whenever possible to fully pipeline this function.  If this multiplier was inferred, it is suggested to describe an additional register stage after this function.  If there is no registered adder/accumulator following the multiply function, two pipeline stages are suggested to allow both the MREG and PREG registers to be used.  If the DSP48 was instantiated in the design, it is suggested to set both the MREG and PREG attributes to 1 when performing multiply functions.
Related violations: <none>

DPOP-2#54 Warning
MREG Output pipelining  
DSP cnn_system_i/axis_cnn_mnist_0/inst/u_conv2/u_calc/product_s1_reg[2][2][6] multiplier stage cnn_system_i/axis_cnn_mnist_0/inst/u_conv2/u_calc/product_s1_reg[2][2][6]/P[47:0] is not pipelined (MREG=0). Pipelining the multiplier function will improve performance and will save significant power so it is suggested whenever possible to fully pipeline this function.  If this multiplier was inferred, it is suggested to describe an additional register stage after this function.  If there is no registered adder/accumulator following the multiply function, two pipeline stages are suggested to allow both the MREG and PREG registers to be used.  If the DSP48 was instantiated in the design, it is suggested to set both the MREG and PREG attributes to 1 when performing multiply functions.
Related violations: <none>

DPOP-2#55 Warning
MREG Output pipelining  
DSP cnn_system_i/axis_cnn_mnist_0/inst/u_conv2/u_calc/product_s1_reg[2][2][8] multiplier stage cnn_system_i/axis_cnn_mnist_0/inst/u_conv2/u_calc/product_s1_reg[2][2][8]/P[47:0] is not pipelined (MREG=0). Pipelining the multiplier function will improve performance and will save significant power so it is suggested whenever possible to fully pipeline this function.  If this multiplier was inferred, it is suggested to describe an additional register stage after this function.  If there is no registered adder/accumulator following the multiply function, two pipeline stages are suggested to allow both the MREG and PREG registers to be used.  If the DSP48 was instantiated in the design, it is suggested to set both the MREG and PREG attributes to 1 when performing multiply functions.
Related violations: <none>

DPOP-2#56 Warning
MREG Output pipelining  
DSP cnn_system_i/axis_cnn_mnist_0/inst/u_conv2/u_calc/product_s1_reg[2][3][0] multiplier stage cnn_system_i/axis_cnn_mnist_0/inst/u_conv2/u_calc/product_s1_reg[2][3][0]/P[47:0] is not pipelined (MREG=0). Pipelining the multiplier function will improve performance and will save significant power so it is suggested whenever possible to fully pipeline this function.  If this multiplier was inferred, it is suggested to describe an additional register stage after this function.  If there is no registered adder/accumulator following the multiply function, two pipeline stages are suggested to allow both the MREG and PREG registers to be used.  If the DSP48 was instantiated in the design, it is suggested to set both the MREG and PREG attributes to 1 when performing multiply functions.
Related violations: <none>

DPOP-2#57 Warning
MREG Output pipelining  
DSP cnn_system_i/axis_cnn_mnist_0/inst/u_conv2/u_calc/product_s1_reg[2][3][2] multiplier stage cnn_system_i/axis_cnn_mnist_0/inst/u_conv2/u_calc/product_s1_reg[2][3][2]/P[47:0] is not pipelined (MREG=0). Pipelining the multiplier function will improve performance and will save significant power so it is suggested whenever possible to fully pipeline this function.  If this multiplier was inferred, it is suggested to describe an additional register stage after this function.  If there is no registered adder/accumulator following the multiply function, two pipeline stages are suggested to allow both the MREG and PREG registers to be used.  If the DSP48 was instantiated in the design, it is suggested to set both the MREG and PREG attributes to 1 when performing multiply functions.
Related violations: <none>

DPOP-2#58 Warning
MREG Output pipelining  
DSP cnn_system_i/axis_cnn_mnist_0/inst/u_conv2/u_calc/product_s1_reg[2][3][4] multiplier stage cnn_system_i/axis_cnn_mnist_0/inst/u_conv2/u_calc/product_s1_reg[2][3][4]/P[47:0] is not pipelined (MREG=0). Pipelining the multiplier function will improve performance and will save significant power so it is suggested whenever possible to fully pipeline this function.  If this multiplier was inferred, it is suggested to describe an additional register stage after this function.  If there is no registered adder/accumulator following the multiply function, two pipeline stages are suggested to allow both the MREG and PREG registers to be used.  If the DSP48 was instantiated in the design, it is suggested to set both the MREG and PREG attributes to 1 when performing multiply functions.
Related violations: <none>

DPOP-2#59 Warning
MREG Output pipelining  
DSP cnn_system_i/axis_cnn_mnist_0/inst/u_conv2/u_calc/product_s1_reg[2][3][6] multiplier stage cnn_system_i/axis_cnn_mnist_0/inst/u_conv2/u_calc/product_s1_reg[2][3][6]/P[47:0] is not pipelined (MREG=0). Pipelining the multiplier function will improve performance and will save significant power so it is suggested whenever possible to fully pipeline this function.  If this multiplier was inferred, it is suggested to describe an additional register stage after this function.  If there is no registered adder/accumulator following the multiply function, two pipeline stages are suggested to allow both the MREG and PREG registers to be used.  If the DSP48 was instantiated in the design, it is suggested to set both the MREG and PREG attributes to 1 when performing multiply functions.
Related violations: <none>

DPOP-2#60 Warning
MREG Output pipelining  
DSP cnn_system_i/axis_cnn_mnist_0/inst/u_conv2/u_calc/product_s1_reg[2][3][8] multiplier stage cnn_system_i/axis_cnn_mnist_0/inst/u_conv2/u_calc/product_s1_reg[2][3][8]/P[47:0] is not pipelined (MREG=0). Pipelining the multiplier function will improve performance and will save significant power so it is suggested whenever possible to fully pipeline this function.  If this multiplier was inferred, it is suggested to describe an additional register stage after this function.  If there is no registered adder/accumulator following the multiply function, two pipeline stages are suggested to allow both the MREG and PREG registers to be used.  If the DSP48 was instantiated in the design, it is suggested to set both the MREG and PREG attributes to 1 when performing multiply functions.
Related violations: <none>

DPOP-2#61 Warning
MREG Output pipelining  
DSP cnn_system_i/axis_cnn_mnist_0/inst/u_conv2/u_calc/product_s1_reg[3][0][0] multiplier stage cnn_system_i/axis_cnn_mnist_0/inst/u_conv2/u_calc/product_s1_reg[3][0][0]/P[47:0] is not pipelined (MREG=0). Pipelining the multiplier function will improve performance and will save significant power so it is suggested whenever possible to fully pipeline this function.  If this multiplier was inferred, it is suggested to describe an additional register stage after this function.  If there is no registered adder/accumulator following the multiply function, two pipeline stages are suggested to allow both the MREG and PREG registers to be used.  If the DSP48 was instantiated in the design, it is suggested to set both the MREG and PREG attributes to 1 when performing multiply functions.
Related violations: <none>

DPOP-2#62 Warning
MREG Output pipelining  
DSP cnn_system_i/axis_cnn_mnist_0/inst/u_conv2/u_calc/product_s1_reg[3][0][2] multiplier stage cnn_system_i/axis_cnn_mnist_0/inst/u_conv2/u_calc/product_s1_reg[3][0][2]/P[47:0] is not pipelined (MREG=0). Pipelining the multiplier function will improve performance and will save significant power so it is suggested whenever possible to fully pipeline this function.  If this multiplier was inferred, it is suggested to describe an additional register stage after this function.  If there is no registered adder/accumulator following the multiply function, two pipeline stages are suggested to allow both the MREG and PREG registers to be used.  If the DSP48 was instantiated in the design, it is suggested to set both the MREG and PREG attributes to 1 when performing multiply functions.
Related violations: <none>

DPOP-2#63 Warning
MREG Output pipelining  
DSP cnn_system_i/axis_cnn_mnist_0/inst/u_conv2/u_calc/product_s1_reg[3][0][4] multiplier stage cnn_system_i/axis_cnn_mnist_0/inst/u_conv2/u_calc/product_s1_reg[3][0][4]/P[47:0] is not pipelined (MREG=0). Pipelining the multiplier function will improve performance and will save significant power so it is suggested whenever possible to fully pipeline this function.  If this multiplier was inferred, it is suggested to describe an additional register stage after this function.  If there is no registered adder/accumulator following the multiply function, two pipeline stages are suggested to allow both the MREG and PREG registers to be used.  If the DSP48 was instantiated in the design, it is suggested to set both the MREG and PREG attributes to 1 when performing multiply functions.
Related violations: <none>

DPOP-2#64 Warning
MREG Output pipelining  
DSP cnn_system_i/axis_cnn_mnist_0/inst/u_conv2/u_calc/product_s1_reg[3][0][6] multiplier stage cnn_system_i/axis_cnn_mnist_0/inst/u_conv2/u_calc/product_s1_reg[3][0][6]/P[47:0] is not pipelined (MREG=0). Pipelining the multiplier function will improve performance and will save significant power so it is suggested whenever possible to fully pipeline this function.  If this multiplier was inferred, it is suggested to describe an additional register stage after this function.  If there is no registered adder/accumulator following the multiply function, two pipeline stages are suggested to allow both the MREG and PREG registers to be used.  If the DSP48 was instantiated in the design, it is suggested to set both the MREG and PREG attributes to 1 when performing multiply functions.
Related violations: <none>

DPOP-2#65 Warning
MREG Output pipelining  
DSP cnn_system_i/axis_cnn_mnist_0/inst/u_conv2/u_calc/product_s1_reg[3][0][8] multiplier stage cnn_system_i/axis_cnn_mnist_0/inst/u_conv2/u_calc/product_s1_reg[3][0][8]/P[47:0] is not pipelined (MREG=0). Pipelining the multiplier function will improve performance and will save significant power so it is suggested whenever possible to fully pipeline this function.  If this multiplier was inferred, it is suggested to describe an additional register stage after this function.  If there is no registered adder/accumulator following the multiply function, two pipeline stages are suggested to allow both the MREG and PREG registers to be used.  If the DSP48 was instantiated in the design, it is suggested to set both the MREG and PREG attributes to 1 when performing multiply functions.
Related violations: <none>

DPOP-2#66 Warning
MREG Output pipelining  
DSP cnn_system_i/axis_cnn_mnist_0/inst/u_conv2/u_calc/product_s1_reg[3][1][0] multiplier stage cnn_system_i/axis_cnn_mnist_0/inst/u_conv2/u_calc/product_s1_reg[3][1][0]/P[47:0] is not pipelined (MREG=0). Pipelining the multiplier function will improve performance and will save significant power so it is suggested whenever possible to fully pipeline this function.  If this multiplier was inferred, it is suggested to describe an additional register stage after this function.  If there is no registered adder/accumulator following the multiply function, two pipeline stages are suggested to allow both the MREG and PREG registers to be used.  If the DSP48 was instantiated in the design, it is suggested to set both the MREG and PREG attributes to 1 when performing multiply functions.
Related violations: <none>

DPOP-2#67 Warning
MREG Output pipelining  
DSP cnn_system_i/axis_cnn_mnist_0/inst/u_conv2/u_calc/product_s1_reg[3][1][2] multiplier stage cnn_system_i/axis_cnn_mnist_0/inst/u_conv2/u_calc/product_s1_reg[3][1][2]/P[47:0] is not pipelined (MREG=0). Pipelining the multiplier function will improve performance and will save significant power so it is suggested whenever possible to fully pipeline this function.  If this multiplier was inferred, it is suggested to describe an additional register stage after this function.  If there is no registered adder/accumulator following the multiply function, two pipeline stages are suggested to allow both the MREG and PREG registers to be used.  If the DSP48 was instantiated in the design, it is suggested to set both the MREG and PREG attributes to 1 when performing multiply functions.
Related violations: <none>

DPOP-2#68 Warning
MREG Output pipelining  
DSP cnn_system_i/axis_cnn_mnist_0/inst/u_conv2/u_calc/product_s1_reg[3][1][4] multiplier stage cnn_system_i/axis_cnn_mnist_0/inst/u_conv2/u_calc/product_s1_reg[3][1][4]/P[47:0] is not pipelined (MREG=0). Pipelining the multiplier function will improve performance and will save significant power so it is suggested whenever possible to fully pipeline this function.  If this multiplier was inferred, it is suggested to describe an additional register stage after this function.  If there is no registered adder/accumulator following the multiply function, two pipeline stages are suggested to allow both the MREG and PREG registers to be used.  If the DSP48 was instantiated in the design, it is suggested to set both the MREG and PREG attributes to 1 when performing multiply functions.
Related violations: <none>

DPOP-2#69 Warning
MREG Output pipelining  
DSP cnn_system_i/axis_cnn_mnist_0/inst/u_conv2/u_calc/product_s1_reg[3][1][6] multiplier stage cnn_system_i/axis_cnn_mnist_0/inst/u_conv2/u_calc/product_s1_reg[3][1][6]/P[47:0] is not pipelined (MREG=0). Pipelining the multiplier function will improve performance and will save significant power so it is suggested whenever possible to fully pipeline this function.  If this multiplier was inferred, it is suggested to describe an additional register stage after this function.  If there is no registered adder/accumulator following the multiply function, two pipeline stages are suggested to allow both the MREG and PREG registers to be used.  If the DSP48 was instantiated in the design, it is suggested to set both the MREG and PREG attributes to 1 when performing multiply functions.
Related violations: <none>

DPOP-2#70 Warning
MREG Output pipelining  
DSP cnn_system_i/axis_cnn_mnist_0/inst/u_conv2/u_calc/product_s1_reg[3][1][8] multiplier stage cnn_system_i/axis_cnn_mnist_0/inst/u_conv2/u_calc/product_s1_reg[3][1][8]/P[47:0] is not pipelined (MREG=0). Pipelining the multiplier function will improve performance and will save significant power so it is suggested whenever possible to fully pipeline this function.  If this multiplier was inferred, it is suggested to describe an additional register stage after this function.  If there is no registered adder/accumulator following the multiply function, two pipeline stages are suggested to allow both the MREG and PREG registers to be used.  If the DSP48 was instantiated in the design, it is suggested to set both the MREG and PREG attributes to 1 when performing multiply functions.
Related violations: <none>

DPOP-2#71 Warning
MREG Output pipelining  
DSP cnn_system_i/axis_cnn_mnist_0/inst/u_conv2/u_calc/product_s1_reg[3][2][0] multiplier stage cnn_system_i/axis_cnn_mnist_0/inst/u_conv2/u_calc/product_s1_reg[3][2][0]/P[47:0] is not pipelined (MREG=0). Pipelining the multiplier function will improve performance and will save significant power so it is suggested whenever possible to fully pipeline this function.  If this multiplier was inferred, it is suggested to describe an additional register stage after this function.  If there is no registered adder/accumulator following the multiply function, two pipeline stages are suggested to allow both the MREG and PREG registers to be used.  If the DSP48 was instantiated in the design, it is suggested to set both the MREG and PREG attributes to 1 when performing multiply functions.
Related violations: <none>

DPOP-2#72 Warning
MREG Output pipelining  
DSP cnn_system_i/axis_cnn_mnist_0/inst/u_conv2/u_calc/product_s1_reg[3][2][2] multiplier stage cnn_system_i/axis_cnn_mnist_0/inst/u_conv2/u_calc/product_s1_reg[3][2][2]/P[47:0] is not pipelined (MREG=0). Pipelining the multiplier function will improve performance and will save significant power so it is suggested whenever possible to fully pipeline this function.  If this multiplier was inferred, it is suggested to describe an additional register stage after this function.  If there is no registered adder/accumulator following the multiply function, two pipeline stages are suggested to allow both the MREG and PREG registers to be used.  If the DSP48 was instantiated in the design, it is suggested to set both the MREG and PREG attributes to 1 when performing multiply functions.
Related violations: <none>

DPOP-2#73 Warning
MREG Output pipelining  
DSP cnn_system_i/axis_cnn_mnist_0/inst/u_conv2/u_calc/product_s1_reg[3][2][4] multiplier stage cnn_system_i/axis_cnn_mnist_0/inst/u_conv2/u_calc/product_s1_reg[3][2][4]/P[47:0] is not pipelined (MREG=0). Pipelining the multiplier function will improve performance and will save significant power so it is suggested whenever possible to fully pipeline this function.  If this multiplier was inferred, it is suggested to describe an additional register stage after this function.  If there is no registered adder/accumulator following the multiply function, two pipeline stages are suggested to allow both the MREG and PREG registers to be used.  If the DSP48 was instantiated in the design, it is suggested to set both the MREG and PREG attributes to 1 when performing multiply functions.
Related violations: <none>

DPOP-2#74 Warning
MREG Output pipelining  
DSP cnn_system_i/axis_cnn_mnist_0/inst/u_conv2/u_calc/product_s1_reg[3][2][6] multiplier stage cnn_system_i/axis_cnn_mnist_0/inst/u_conv2/u_calc/product_s1_reg[3][2][6]/P[47:0] is not pipelined (MREG=0). Pipelining the multiplier function will improve performance and will save significant power so it is suggested whenever possible to fully pipeline this function.  If this multiplier was inferred, it is suggested to describe an additional register stage after this function.  If there is no registered adder/accumulator following the multiply function, two pipeline stages are suggested to allow both the MREG and PREG registers to be used.  If the DSP48 was instantiated in the design, it is suggested to set both the MREG and PREG attributes to 1 when performing multiply functions.
Related violations: <none>

DPOP-2#75 Warning
MREG Output pipelining  
DSP cnn_system_i/axis_cnn_mnist_0/inst/u_conv2/u_calc/product_s1_reg[3][2][8] multiplier stage cnn_system_i/axis_cnn_mnist_0/inst/u_conv2/u_calc/product_s1_reg[3][2][8]/P[47:0] is not pipelined (MREG=0). Pipelining the multiplier function will improve performance and will save significant power so it is suggested whenever possible to fully pipeline this function.  If this multiplier was inferred, it is suggested to describe an additional register stage after this function.  If there is no registered adder/accumulator following the multiply function, two pipeline stages are suggested to allow both the MREG and PREG registers to be used.  If the DSP48 was instantiated in the design, it is suggested to set both the MREG and PREG attributes to 1 when performing multiply functions.
Related violations: <none>

DPOP-2#76 Warning
MREG Output pipelining  
DSP cnn_system_i/axis_cnn_mnist_0/inst/u_conv2/u_calc/product_s1_reg[3][3][0] multiplier stage cnn_system_i/axis_cnn_mnist_0/inst/u_conv2/u_calc/product_s1_reg[3][3][0]/P[47:0] is not pipelined (MREG=0). Pipelining the multiplier function will improve performance and will save significant power so it is suggested whenever possible to fully pipeline this function.  If this multiplier was inferred, it is suggested to describe an additional register stage after this function.  If there is no registered adder/accumulator following the multiply function, two pipeline stages are suggested to allow both the MREG and PREG registers to be used.  If the DSP48 was instantiated in the design, it is suggested to set both the MREG and PREG attributes to 1 when performing multiply functions.
Related violations: <none>

DPOP-2#77 Warning
MREG Output pipelining  
DSP cnn_system_i/axis_cnn_mnist_0/inst/u_conv2/u_calc/product_s1_reg[3][3][2] multiplier stage cnn_system_i/axis_cnn_mnist_0/inst/u_conv2/u_calc/product_s1_reg[3][3][2]/P[47:0] is not pipelined (MREG=0). Pipelining the multiplier function will improve performance and will save significant power so it is suggested whenever possible to fully pipeline this function.  If this multiplier was inferred, it is suggested to describe an additional register stage after this function.  If there is no registered adder/accumulator following the multiply function, two pipeline stages are suggested to allow both the MREG and PREG registers to be used.  If the DSP48 was instantiated in the design, it is suggested to set both the MREG and PREG attributes to 1 when performing multiply functions.
Related violations: <none>

DPOP-2#78 Warning
MREG Output pipelining  
DSP cnn_system_i/axis_cnn_mnist_0/inst/u_conv2/u_calc/product_s1_reg[3][3][4] multiplier stage cnn_system_i/axis_cnn_mnist_0/inst/u_conv2/u_calc/product_s1_reg[3][3][4]/P[47:0] is not pipelined (MREG=0). Pipelining the multiplier function will improve performance and will save significant power so it is suggested whenever possible to fully pipeline this function.  If this multiplier was inferred, it is suggested to describe an additional register stage after this function.  If there is no registered adder/accumulator following the multiply function, two pipeline stages are suggested to allow both the MREG and PREG registers to be used.  If the DSP48 was instantiated in the design, it is suggested to set both the MREG and PREG attributes to 1 when performing multiply functions.
Related violations: <none>

DPOP-2#79 Warning
MREG Output pipelining  
DSP cnn_system_i/axis_cnn_mnist_0/inst/u_conv2/u_calc/product_s1_reg[3][3][6] multiplier stage cnn_system_i/axis_cnn_mnist_0/inst/u_conv2/u_calc/product_s1_reg[3][3][6]/P[47:0] is not pipelined (MREG=0). Pipelining the multiplier function will improve performance and will save significant power so it is suggested whenever possible to fully pipeline this function.  If this multiplier was inferred, it is suggested to describe an additional register stage after this function.  If there is no registered adder/accumulator following the multiply function, two pipeline stages are suggested to allow both the MREG and PREG registers to be used.  If the DSP48 was instantiated in the design, it is suggested to set both the MREG and PREG attributes to 1 when performing multiply functions.
Related violations: <none>

DPOP-2#80 Warning
MREG Output pipelining  
DSP cnn_system_i/axis_cnn_mnist_0/inst/u_conv2/u_calc/product_s1_reg[3][3][8] multiplier stage cnn_system_i/axis_cnn_mnist_0/inst/u_conv2/u_calc/product_s1_reg[3][3][8]/P[47:0] is not pipelined (MREG=0). Pipelining the multiplier function will improve performance and will save significant power so it is suggested whenever possible to fully pipeline this function.  If this multiplier was inferred, it is suggested to describe an additional register stage after this function.  If there is no registered adder/accumulator following the multiply function, two pipeline stages are suggested to allow both the MREG and PREG registers to be used.  If the DSP48 was instantiated in the design, it is suggested to set both the MREG and PREG attributes to 1 when performing multiply functions.
Related violations: <none>

DPOP-2#81 Warning
MREG Output pipelining  
DSP cnn_system_i/axis_cnn_mnist_0/inst/u_fc/product_s1_reg[0] multiplier stage cnn_system_i/axis_cnn_mnist_0/inst/u_fc/product_s1_reg[0]/P[47:0] is not pipelined (MREG=0). Pipelining the multiplier function will improve performance and will save significant power so it is suggested whenever possible to fully pipeline this function.  If this multiplier was inferred, it is suggested to describe an additional register stage after this function.  If there is no registered adder/accumulator following the multiply function, two pipeline stages are suggested to allow both the MREG and PREG registers to be used.  If the DSP48 was instantiated in the design, it is suggested to set both the MREG and PREG attributes to 1 when performing multiply functions.
Related violations: <none>

DPOP-2#82 Warning
MREG Output pipelining  
DSP cnn_system_i/axis_cnn_mnist_0/inst/u_fc/product_s1_reg[2] multiplier stage cnn_system_i/axis_cnn_mnist_0/inst/u_fc/product_s1_reg[2]/P[47:0] is not pipelined (MREG=0). Pipelining the multiplier function will improve performance and will save significant power so it is suggested whenever possible to fully pipeline this function.  If this multiplier was inferred, it is suggested to describe an additional register stage after this function.  If there is no registered adder/accumulator following the multiply function, two pipeline stages are suggested to allow both the MREG and PREG registers to be used.  If the DSP48 was instantiated in the design, it is suggested to set both the MREG and PREG attributes to 1 when performing multiply functions.
Related violations: <none>

DPOP-2#83 Warning
MREG Output pipelining  
DSP cnn_system_i/axis_cnn_mnist_0/inst/u_fc/product_s1_reg[4] multiplier stage cnn_system_i/axis_cnn_mnist_0/inst/u_fc/product_s1_reg[4]/P[47:0] is not pipelined (MREG=0). Pipelining the multiplier function will improve performance and will save significant power so it is suggested whenever possible to fully pipeline this function.  If this multiplier was inferred, it is suggested to describe an additional register stage after this function.  If there is no registered adder/accumulator following the multiply function, two pipeline stages are suggested to allow both the MREG and PREG registers to be used.  If the DSP48 was instantiated in the design, it is suggested to set both the MREG and PREG attributes to 1 when performing multiply functions.
Related violations: <none>

DPOP-2#84 Warning
MREG Output pipelining  
DSP cnn_system_i/axis_cnn_mnist_0/inst/u_fc/product_s1_reg[6] multiplier stage cnn_system_i/axis_cnn_mnist_0/inst/u_fc/product_s1_reg[6]/P[47:0] is not pipelined (MREG=0). Pipelining the multiplier function will improve performance and will save significant power so it is suggested whenever possible to fully pipeline this function.  If this multiplier was inferred, it is suggested to describe an additional register stage after this function.  If there is no registered adder/accumulator following the multiply function, two pipeline stages are suggested to allow both the MREG and PREG registers to be used.  If the DSP48 was instantiated in the design, it is suggested to set both the MREG and PREG attributes to 1 when performing multiply functions.
Related violations: <none>

REQP-181#1 Advisory
writefirst  
Synchronous clocking is detected for BRAM (cnn_system_i/axi_dma_0/U0/I_PRMRY_DATAMOVER/GEN_MM2S_FULL.I_MM2S_FULL_WRAPPER/GEN_INCLUDE_MM2S_SF.I_RD_SF/I_DATA_FIFO/BLK_MEM.I_SYNC_FIFOGEN_FIFO/xpm_fifo_instance.xpm_fifo_sync_inst/xpm_fifo_base_inst/gen_sdpram.xpm_memory_base_inst/gen_wr_a.gen_word_narrow.mem_reg) in SDP mode with WRITE_FIRST write-mode. This is the preferred mode for best power characteristics, however it may exhibit address collisions if the same address appears on both read and write ports resulting in unknown or corrupted read data. It is suggested to confirm via simulation that an address collision never occurs and if so it is suggested to try and avoid this situation. If address collisions cannot be avoided, the write-mode may be set to READ_FIRST which guarantees that the read data is the prior contents of the memory at the cost of additional power in the design. See the FPGA Memory Resources User Guide for additional information.
Related violations: <none>

REQP-181#2 Advisory
writefirst  
Synchronous clocking is detected for BRAM (cnn_system_i/axi_dma_0/U0/I_PRMRY_DATAMOVER/GEN_S2MM_FULL.I_S2MM_FULL_WRAPPER/GEN_ENABLE_INDET_BTT_SF.I_INDET_BTT/I_DATA_FIFO/BLK_MEM.I_SYNC_FIFOGEN_FIFO/xpm_fifo_instance.xpm_fifo_sync_inst/xpm_fifo_base_inst/gen_sdpram.xpm_memory_base_inst/gen_wr_a.gen_word_narrow.mem_reg) in SDP mode with WRITE_FIRST write-mode. This is the preferred mode for best power characteristics, however it may exhibit address collisions if the same address appears on both read and write ports resulting in unknown or corrupted read data. It is suggested to confirm via simulation that an address collision never occurs and if so it is suggested to try and avoid this situation. If address collisions cannot be avoided, the write-mode may be set to READ_FIRST which guarantees that the read data is the prior contents of the memory at the cost of additional power in the design. See the FPGA Memory Resources User Guide for additional information.
Related violations: <none>


