Copyright 1986-2020 Xilinx, Inc. All Rights Reserved.
--------------------------------------------------------------------------------------------------------------------------------------------------------------------------------
| Tool Version : Vivado v.2020.2 (win64) Build 3064766 Wed Nov 18 09:12:45 MST 2020
| Date         : Fri Sep  4 10:58:13 2026
| Host         : duyu running 64-bit major release  (build 9200)
| Command      : report_timing_summary -delay_type min_max -max_paths 20 -report_unconstrained -check_timing_verbose -file D:/cnn_soc/reports/B0_1/b0_1_impl_timing_summary.rpt
| Design       : cnn_system_wrapper
| Device       : 7z020-clg400
| Speed File   : -2  PRODUCTION 1.12 2019-11-22
--------------------------------------------------------------------------------------------------------------------------------------------------------------------------------

Timing Summary Report

------------------------------------------------------------------------------------------------
| Timer Settings
| --------------
------------------------------------------------------------------------------------------------

  Enable Multi Corner Analysis               :  Yes
  Enable Pessimism Removal                   :  Yes
  Pessimism Removal Resolution               :  Nearest Common Node
  Enable Input Delay Default Clock           :  No
  Enable Preset / Clear Arcs                 :  No
  Disable Flight Delays                      :  No
  Ignore I/O Paths                           :  No
  Timing Early Launch at Borrowing Latches   :  No
  Borrow Time for Max Delay Exceptions       :  Yes
  Merge Timing Exceptions                    :  Yes

  Corner  Analyze    Analyze    
  Name    Max Paths  Min Paths  
  ------  ---------  ---------  
  Slow    Yes        Yes        
  Fast    Yes        Yes        



check_timing report

Table of Contents
-----------------
1. checking no_clock (0)
2. checking constant_clock (0)
3. checking pulse_width_clock (0)
4. checking unconstrained_internal_endpoints (0)
5. checking no_input_delay (0)
6. checking no_output_delay (0)
7. checking multiple_clock (0)
8. checking generated_clocks (0)
9. checking loops (0)
10. checking partial_input_delay (0)
11. checking partial_output_delay (0)
12. checking latch_loops (0)

1. checking no_clock (0)
------------------------
 There are 0 register/latch pins with no clock.


2. checking constant_clock (0)
------------------------------
 There are 0 register/latch pins with constant_clock.


3. checking pulse_width_clock (0)
---------------------------------
 There are 0 register/latch pins which need pulse_width check


4. checking unconstrained_internal_endpoints (0)
------------------------------------------------
 There are 0 pins that are not constrained for maximum delay.

 There are 0 pins that are not constrained for maximum delay due to constant clock.


5. checking no_input_delay (0)
------------------------------
 There are 0 input ports with no input delay specified.

 There are 0 input ports with no input delay but user has a false path constraint.


6. checking no_output_delay (0)
-------------------------------
 There are 0 ports with no output delay specified.

 There are 0 ports with no output delay but user has a false path constraint

 There are 0 ports with no output delay but with a timing clock defined on it or propagating through it


7. checking multiple_clock (0)
------------------------------
 There are 0 register/latch pins with multiple clocks.


8. checking generated_clocks (0)
--------------------------------
 There are 0 generated clocks that are not connected to a clock source.


9. checking loops (0)
---------------------
 There are 0 combinational loops in the design.


10. checking partial_input_delay (0)
------------------------------------
 There are 0 input ports with partial input delay specified.


11. checking partial_output_delay (0)
-------------------------------------
 There are 0 ports with partial output delay specified.


12. checking latch_loops (0)
----------------------------
 There are 0 combinational latch loops in the design through latch input



------------------------------------------------------------------------------------------------
| Design Timing Summary
| ---------------------
------------------------------------------------------------------------------------------------

    WNS(ns)      TNS(ns)  TNS Failing Endpoints  TNS Total Endpoints      WHS(ns)      THS(ns)  THS Failing Endpoints  THS Total Endpoints     WPWS(ns)     TPWS(ns)  TPWS Failing Endpoints  TPWS Total Endpoints  
    -------      -------  ---------------------  -------------------      -------      -------  ---------------------  -------------------     --------     --------  ----------------------  --------------------  
      0.491        0.000                      0                27296        0.036        0.000                      0                27296        3.870        0.000                       0                  7969  


All user specified timing constraints are met.


------------------------------------------------------------------------------------------------
| Clock Summary
| -------------
------------------------------------------------------------------------------------------------

Clock       Waveform(ns)       Period(ns)      Frequency(MHz)
-----       ------------       ----------      --------------
clk_fpga_0  {0.000 5.000}      10.000          100.000         


------------------------------------------------------------------------------------------------
| Intra Clock Table
| -----------------
------------------------------------------------------------------------------------------------

Clock             WNS(ns)      TNS(ns)  TNS Failing Endpoints  TNS Total Endpoints      WHS(ns)      THS(ns)  THS Failing Endpoints  THS Total Endpoints     WPWS(ns)     TPWS(ns)  TPWS Failing Endpoints  TPWS Total Endpoints  
-----             -------      -------  ---------------------  -------------------      -------      -------  ---------------------  -------------------     --------     --------  ----------------------  --------------------  
clk_fpga_0          0.491        0.000                      0                27296        0.036        0.000                      0                27296        3.870        0.000                       0                  7969  


------------------------------------------------------------------------------------------------
| Inter Clock Table
| -----------------
------------------------------------------------------------------------------------------------

From Clock    To Clock          WNS(ns)      TNS(ns)  TNS Failing Endpoints  TNS Total Endpoints      WHS(ns)      THS(ns)  THS Failing Endpoints  THS Total Endpoints  
----------    --------          -------      -------  ---------------------  -------------------      -------      -------  ---------------------  -------------------  


------------------------------------------------------------------------------------------------
| Other Path Groups Table
| -----------------------
------------------------------------------------------------------------------------------------

Path Group    From Clock    To Clock          WNS(ns)      TNS(ns)  TNS Failing Endpoints  TNS Total Endpoints      WHS(ns)      THS(ns)  THS Failing Endpoints  THS Total Endpoints  
----------    ----------    --------          -------      -------  ---------------------  -------------------      -------      -------  ---------------------  -------------------  


------------------------------------------------------------------------------------------------
| User Ignored Path Table
| -----------------------
------------------------------------------------------------------------------------------------

Path Group    From Clock    To Clock    
----------    ----------    --------    
(none)                      clk_fpga_0    
(none)        clk_fpga_0    clk_fpga_0    


------------------------------------------------------------------------------------------------
| Unconstrained Path Table
| ------------------------
------------------------------------------------------------------------------------------------

Path Group    From Clock    To Clock    
----------    ----------    --------    


------------------------------------------------------------------------------------------------
| Timing Details
| --------------
------------------------------------------------------------------------------------------------


---------------------------------------------------------------------------------------------------
From Clock:  clk_fpga_0
  To Clock:  clk_fpga_0

Setup :            0  Failing Endpoints,  Worst Slack        0.491ns,  Total Violation        0.000ns
Hold  :            0  Failing Endpoints,  Worst Slack        0.036ns,  Total Violation        0.000ns
PW    :            0  Failing Endpoints,  Worst Slack        3.870ns,  Total Violation        0.000ns
---------------------------------------------------------------------------------------------------


Max Delay Paths
--------------------------------------------------------------------------------------
Slack (MET) :             0.491ns  (required time - arrival time)
  Source:                 cnn_system_i/axis_cnn_mnist_0/inst/u_conv2/u_calc/calc_state_reg_rep__4/C
                            (rising edge-triggered cell FDRE clocked by clk_fpga_0  {rise@0.000ns fall@5.000ns period=10.000ns})
  Destination:            cnn_system_i/axis_cnn_mnist_0/inst/u_conv2/u_calc/product_s1_reg[3][0][0]/B[9]
                            (rising edge-triggered cell DSP48E1 clocked by clk_fpga_0  {rise@0.000ns fall@5.000ns period=10.000ns})
  Path Group:             clk_fpga_0
  Path Type:              Setup (Max at Slow Process Corner)
  Requirement:            10.000ns  (clk_fpga_0 rise@10.000ns - clk_fpga_0 rise@0.000ns)
  Data Path Delay:        6.337ns  (logic 0.379ns (5.980%)  route 5.958ns (94.020%))
  Logic Levels:           0  
  Clock Path Skew:        -0.038ns (DCD - SCD + CPR)
    Destination Clock Delay (DCD):    2.392ns = ( 12.392 - 10.000 ) 
    Source Clock Delay      (SCD):    2.538ns
    Clock Pessimism Removal (CPR):    0.109ns
  Clock Uncertainty:      0.154ns  ((TSJ^2 + TIJ^2)^1/2 + DJ) / 2 + PE
    Total System Jitter     (TSJ):    0.071ns
    Total Input Jitter      (TIJ):    0.300ns
    Discrete Jitter          (DJ):    0.000ns
    Phase Error              (PE):    0.000ns

    Location             Delay type                Incr(ns)  Path(ns)    Netlist Resource(s)
  -------------------------------------------------------------------    -------------------
                         (clock clk_fpga_0 rise edge)
                                                      0.000     0.000 r  
    PS7_X0Y0             PS7                          0.000     0.000 r  cnn_system_i/processing_system7_0/inst/PS7_i/FCLKCLK[0]
                         net (fo=1, routed)           0.994     0.994    cnn_system_i/processing_system7_0/inst/FCLK_CLK_unbuffered[0]
    BUFGCTRL_X0Y16       BUFG (Prop_bufg_I_O)         0.085     1.079 r  cnn_system_i/processing_system7_0/inst/buffer_fclk_clk_0.FCLK_CLK_0_BUFG/O
                         net (fo=7971, routed)        1.459     2.538    cnn_system_i/axis_cnn_mnist_0/inst/u_conv2/u_calc/aclk
    SLICE_X84Y18         FDRE                                         r  cnn_system_i/axis_cnn_mnist_0/inst/u_conv2/u_calc/calc_state_reg_rep__4/C
  -------------------------------------------------------------------    -------------------
    SLICE_X84Y18         FDRE (Prop_fdre_C_Q)         0.379     2.917 r  cnn_system_i/axis_cnn_mnist_0/inst/u_conv2/u_calc/calc_state_reg_rep__4/Q
                         net (fo=57, routed)          5.958     8.875    cnn_system_i/axis_cnn_mnist_0/inst/u_conv2/u_calc/calc_state_reg_rep__4_n_0
    DSP48_X0Y3           DSP48E1                                      r  cnn_system_i/axis_cnn_mnist_0/inst/u_conv2/u_calc/product_s1_reg[3][0][0]/B[9]
  -------------------------------------------------------------------    -------------------

                         (clock clk_fpga_0 rise edge)
                                                     10.000    10.000 r  
    PS7_X0Y0             PS7                          0.000    10.000 r  cnn_system_i/processing_system7_0/inst/PS7_i/FCLKCLK[0]
                         net (fo=1, routed)           0.905    10.906    cnn_system_i/processing_system7_0/inst/FCLK_CLK_unbuffered[0]
    BUFGCTRL_X0Y16       BUFG (Prop_bufg_I_O)         0.077    10.983 r  cnn_system_i/processing_system7_0/inst/buffer_fclk_clk_0.FCLK_CLK_0_BUFG/O
                         net (fo=7971, routed)        1.409    12.392    cnn_system_i/axis_cnn_mnist_0/inst/u_conv2/u_calc/aclk
    DSP48_X0Y3           DSP48E1                                      r  cnn_system_i/axis_cnn_mnist_0/inst/u_conv2/u_calc/product_s1_reg[3][0][0]/CLK
                         clock pessimism              0.109    12.500    
                         clock uncertainty           -0.154    12.346    
    DSP48_X0Y3           DSP48E1 (Setup_dsp48e1_CLK_B[9])
                                                     -2.980     9.366    cnn_system_i/axis_cnn_mnist_0/inst/u_conv2/u_calc/product_s1_reg[3][0][0]
  -------------------------------------------------------------------
                         required time                          9.366    
                         arrival time                          -8.875    
  -------------------------------------------------------------------
                         slack                                  0.491    

Slack (MET) :             0.525ns  (required time - arrival time)
  Source:                 cnn_system_i/axis_cnn_mnist_0/inst/u_conv2/u_calc/calc_state_reg_rep__4/C
                            (rising edge-triggered cell FDRE clocked by clk_fpga_0  {rise@0.000ns fall@5.000ns period=10.000ns})
  Destination:            cnn_system_i/axis_cnn_mnist_0/inst/u_conv2/u_calc/product_s1_reg[3][0][0]/B[7]
                            (rising edge-triggered cell DSP48E1 clocked by clk_fpga_0  {rise@0.000ns fall@5.000ns period=10.000ns})
  Path Group:             clk_fpga_0
  Path Type:              Setup (Max at Slow Process Corner)
  Requirement:            10.000ns  (clk_fpga_0 rise@10.000ns - clk_fpga_0 rise@0.000ns)
  Data Path Delay:        6.303ns  (logic 0.379ns (6.013%)  route 5.924ns (93.987%))
  Logic Levels:           0  
  Clock Path Skew:        -0.038ns (DCD - SCD + CPR)
    Destination Clock Delay (DCD):    2.392ns = ( 12.392 - 10.000 ) 
    Source Clock Delay      (SCD):    2.538ns
    Clock Pessimism Removal (CPR):    0.109ns
  Clock Uncertainty:      0.154ns  ((TSJ^2 + TIJ^2)^1/2 + DJ) / 2 + PE
    Total System Jitter     (TSJ):    0.071ns
    Total Input Jitter      (TIJ):    0.300ns
    Discrete Jitter          (DJ):    0.000ns
    Phase Error              (PE):    0.000ns

    Location             Delay type                Incr(ns)  Path(ns)    Netlist Resource(s)
  -------------------------------------------------------------------    -------------------
                         (clock clk_fpga_0 rise edge)
                                                      0.000     0.000 r  
    PS7_X0Y0             PS7                          0.000     0.000 r  cnn_system_i/processing_system7_0/inst/PS7_i/FCLKCLK[0]
                         net (fo=1, routed)           0.994     0.994    cnn_system_i/processing_system7_0/inst/FCLK_CLK_unbuffered[0]
    BUFGCTRL_X0Y16       BUFG (Prop_bufg_I_O)         0.085     1.079 r  cnn_system_i/processing_system7_0/inst/buffer_fclk_clk_0.FCLK_CLK_0_BUFG/O
                         net (fo=7971, routed)        1.459     2.538    cnn_system_i/axis_cnn_mnist_0/inst/u_conv2/u_calc/aclk
    SLICE_X84Y18         FDRE                                         r  cnn_system_i/axis_cnn_mnist_0/inst/u_conv2/u_calc/calc_state_reg_rep__4/C
  -------------------------------------------------------------------    -------------------
    SLICE_X84Y18         FDRE (Prop_fdre_C_Q)         0.379     2.917 r  cnn_system_i/axis_cnn_mnist_0/inst/u_conv2/u_calc/calc_state_reg_rep__4/Q
                         net (fo=57, routed)          5.924     8.841    cnn_system_i/axis_cnn_mnist_0/inst/u_conv2/u_calc/calc_state_reg_rep__4_n_0
    DSP48_X0Y3           DSP48E1                                      r  cnn_system_i/axis_cnn_mnist_0/inst/u_conv2/u_calc/product_s1_reg[3][0][0]/B[7]
  -------------------------------------------------------------------    -------------------

                         (clock clk_fpga_0 rise edge)
                                                     10.000    10.000 r  
    PS7_X0Y0             PS7                          0.000    10.000 r  cnn_system_i/processing_system7_0/inst/PS7_i/FCLKCLK[0]
                         net (fo=1, routed)           0.905    10.906    cnn_system_i/processing_system7_0/inst/FCLK_CLK_unbuffered[0]
    BUFGCTRL_X0Y16       BUFG (Prop_bufg_I_O)         0.077    10.983 r  cnn_system_i/processing_system7_0/inst/buffer_fclk_clk_0.FCLK_CLK_0_BUFG/O
                         net (fo=7971, routed)        1.409    12.392    cnn_system_i/axis_cnn_mnist_0/inst/u_conv2/u_calc/aclk
    DSP48_X0Y3           DSP48E1                                      r  cnn_system_i/axis_cnn_mnist_0/inst/u_conv2/u_calc/product_s1_reg[3][0][0]/CLK
                         clock pessimism              0.109    12.500    
                         clock uncertainty           -0.154    12.346    
    DSP48_X0Y3           DSP48E1 (Setup_dsp48e1_CLK_B[7])
                                                     -2.980     9.366    cnn_system_i/axis_cnn_mnist_0/inst/u_conv2/u_calc/product_s1_reg[3][0][0]
  -------------------------------------------------------------------
                         required time                          9.366    
                         arrival time                          -8.841    
  -------------------------------------------------------------------
                         slack                                  0.525    

Slack (MET) :             0.539ns  (required time - arrival time)
  Source:                 cnn_system_i/axis_cnn_mnist_0/inst/u_conv2/u_calc/calc_state_reg_rep__4/C
                            (rising edge-triggered cell FDRE clocked by clk_fpga_0  {rise@0.000ns fall@5.000ns period=10.000ns})
  Destination:            cnn_system_i/axis_cnn_mnist_0/inst/u_conv2/u_calc/product_s1_reg[3][0][0]/B[10]
                            (rising edge-triggered cell DSP48E1 clocked by clk_fpga_0  {rise@0.000ns fall@5.000ns period=10.000ns})
  Path Group:             clk_fpga_0
  Path Type:              Setup (Max at Slow Process Corner)
  Requirement:            10.000ns  (clk_fpga_0 rise@10.000ns - clk_fpga_0 rise@0.000ns)
  Data Path Delay:        6.290ns  (logic 0.379ns (6.026%)  route 5.911ns (93.974%))
  Logic Levels:           0  
  Clock Path Skew:        -0.038ns (DCD - SCD + CPR)
    Destination Clock Delay (DCD):    2.392ns = ( 12.392 - 10.000 ) 
    Source Clock Delay      (SCD):    2.538ns
    Clock Pessimism Removal (CPR):    0.109ns
  Clock Uncertainty:      0.154ns  ((TSJ^2 + TIJ^2)^1/2 + DJ) / 2 + PE
    Total System Jitter     (TSJ):    0.071ns
    Total Input Jitter      (TIJ):    0.300ns
    Discrete Jitter          (DJ):    0.000ns
    Phase Error              (PE):    0.000ns

    Location             Delay type                Incr(ns)  Path(ns)    Netlist Resource(s)
  -------------------------------------------------------------------    -------------------
                         (clock clk_fpga_0 rise edge)
                                                      0.000     0.000 r  
    PS7_X0Y0             PS7                          0.000     0.000 r  cnn_system_i/processing_system7_0/inst/PS7_i/FCLKCLK[0]
                         net (fo=1, routed)           0.994     0.994    cnn_system_i/processing_system7_0/inst/FCLK_CLK_unbuffered[0]
    BUFGCTRL_X0Y16       BUFG (Prop_bufg_I_O)         0.085     1.079 r  cnn_system_i/processing_system7_0/inst/buffer_fclk_clk_0.FCLK_CLK_0_BUFG/O
                         net (fo=7971, routed)        1.459     2.538    cnn_system_i/axis_cnn_mnist_0/inst/u_conv2/u_calc/aclk
    SLICE_X84Y18         FDRE                                         r  cnn_system_i/axis_cnn_mnist_0/inst/u_conv2/u_calc/calc_state_reg_rep__4/C
  -------------------------------------------------------------------    -------------------
    SLICE_X84Y18         FDRE (Prop_fdre_C_Q)         0.379     2.917 r  cnn_system_i/axis_cnn_mnist_0/inst/u_conv2/u_calc/calc_state_reg_rep__4/Q
                         net (fo=57, routed)          5.911     8.828    cnn_system_i/axis_cnn_mnist_0/inst/u_conv2/u_calc/calc_state_reg_rep__4_n_0
    DSP48_X0Y3           DSP48E1                                      r  cnn_system_i/axis_cnn_mnist_0/inst/u_conv2/u_calc/product_s1_reg[3][0][0]/B[10]
  -------------------------------------------------------------------    -------------------

                         (clock clk_fpga_0 rise edge)
                                                     10.000    10.000 r  
    PS7_X0Y0             PS7                          0.000    10.000 r  cnn_system_i/processing_system7_0/inst/PS7_i/FCLKCLK[0]
                         net (fo=1, routed)           0.905    10.906    cnn_system_i/processing_system7_0/inst/FCLK_CLK_unbuffered[0]
    BUFGCTRL_X0Y16       BUFG (Prop_bufg_I_O)         0.077    10.983 r  cnn_system_i/processing_system7_0/inst/buffer_fclk_clk_0.FCLK_CLK_0_BUFG/O
                         net (fo=7971, routed)        1.409    12.392    cnn_system_i/axis_cnn_mnist_0/inst/u_conv2/u_calc/aclk
    DSP48_X0Y3           DSP48E1                                      r  cnn_system_i/axis_cnn_mnist_0/inst/u_conv2/u_calc/product_s1_reg[3][0][0]/CLK
                         clock pessimism              0.109    12.500    
                         clock uncertainty           -0.154    12.346    
    DSP48_X0Y3           DSP48E1 (Setup_dsp48e1_CLK_B[10])
                                                     -2.980     9.366    cnn_system_i/axis_cnn_mnist_0/inst/u_conv2/u_calc/product_s1_reg[3][0][0]
  -------------------------------------------------------------------
                         required time                          9.366    
                         arrival time                          -8.828    
  -------------------------------------------------------------------
                         slack                                  0.539    

Slack (MET) :             0.539ns  (required time - arrival time)
  Source:                 cnn_system_i/axis_cnn_mnist_0/inst/u_conv2/u_calc/calc_state_reg_rep__4/C
                            (rising edge-triggered cell FDRE clocked by clk_fpga_0  {rise@0.000ns fall@5.000ns period=10.000ns})
  Destination:            cnn_system_i/axis_cnn_mnist_0/inst/u_conv2/u_calc/product_s1_reg[3][0][0]/B[8]
                            (rising edge-triggered cell DSP48E1 clocked by clk_fpga_0  {rise@0.000ns fall@5.000ns period=10.000ns})
  Path Group:             clk_fpga_0
  Path Type:              Setup (Max at Slow Process Corner)
  Requirement:            10.000ns  (clk_fpga_0 rise@10.000ns - clk_fpga_0 rise@0.000ns)
  Data Path Delay:        6.290ns  (logic 0.379ns (6.026%)  route 5.911ns (93.974%))
  Logic Levels:           0  
  Clock Path Skew:        -0.038ns (DCD - SCD + CPR)
    Destination Clock Delay (DCD):    2.392ns = ( 12.392 - 10.000 ) 
    Source Clock Delay      (SCD):    2.538ns
    Clock Pessimism Removal (CPR):    0.109ns
  Clock Uncertainty:      0.154ns  ((TSJ^2 + TIJ^2)^1/2 + DJ) / 2 + PE
    Total System Jitter     (TSJ):    0.071ns
    Total Input Jitter      (TIJ):    0.300ns
    Discrete Jitter          (DJ):    0.000ns
    Phase Error              (PE):    0.000ns

    Location             Delay type                Incr(ns)  Path(ns)    Netlist Resource(s)
  -------------------------------------------------------------------    -------------------
                         (clock clk_fpga_0 rise edge)
                                                      0.000     0.000 r  
    PS7_X0Y0             PS7                          0.000     0.000 r  cnn_system_i/processing_system7_0/inst/PS7_i/FCLKCLK[0]
                         net (fo=1, routed)           0.994     0.994    cnn_system_i/processing_system7_0/inst/FCLK_CLK_unbuffered[0]
    BUFGCTRL_X0Y16       BUFG (Prop_bufg_I_O)         0.085     1.079 r  cnn_system_i/processing_system7_0/inst/buffer_fclk_clk_0.FCLK_CLK_0_BUFG/O
                         net (fo=7971, routed)        1.459     2.538    cnn_system_i/axis_cnn_mnist_0/inst/u_conv2/u_calc/aclk
    SLICE_X84Y18         FDRE                                         r  cnn_system_i/axis_cnn_mnist_0/inst/u_conv2/u_calc/calc_state_reg_rep__4/C
  -------------------------------------------------------------------    -------------------
    SLICE_X84Y18         FDRE (Prop_fdre_C_Q)         0.379     2.917 r  cnn_system_i/axis_cnn_mnist_0/inst/u_conv2/u_calc/calc_state_reg_rep__4/Q
                         net (fo=57, routed)          5.911     8.828    cnn_system_i/axis_cnn_mnist_0/inst/u_conv2/u_calc/calc_state_reg_rep__4_n_0
    DSP48_X0Y3           DSP48E1                                      r  cnn_system_i/axis_cnn_mnist_0/inst/u_conv2/u_calc/product_s1_reg[3][0][0]/B[8]
  -------------------------------------------------------------------    -------------------

                         (clock clk_fpga_0 rise edge)
                                                     10.000    10.000 r  
    PS7_X0Y0             PS7                          0.000    10.000 r  cnn_system_i/processing_system7_0/inst/PS7_i/FCLKCLK[0]
                         net (fo=1, routed)           0.905    10.906    cnn_system_i/processing_system7_0/inst/FCLK_CLK_unbuffered[0]
    BUFGCTRL_X0Y16       BUFG (Prop_bufg_I_O)         0.077    10.983 r  cnn_system_i/processing_system7_0/inst/buffer_fclk_clk_0.FCLK_CLK_0_BUFG/O
                         net (fo=7971, routed)        1.409    12.392    cnn_system_i/axis_cnn_mnist_0/inst/u_conv2/u_calc/aclk
    DSP48_X0Y3           DSP48E1                                      r  cnn_system_i/axis_cnn_mnist_0/inst/u_conv2/u_calc/product_s1_reg[3][0][0]/CLK
                         clock pessimism              0.109    12.500    
                         clock uncertainty           -0.154    12.346    
    DSP48_X0Y3           DSP48E1 (Setup_dsp48e1_CLK_B[8])
                                                     -2.980     9.366    cnn_system_i/axis_cnn_mnist_0/inst/u_conv2/u_calc/product_s1_reg[3][0][0]
  -------------------------------------------------------------------
                         required time                          9.366    
                         arrival time                          -8.828    
  -------------------------------------------------------------------
                         slack                                  0.539    

Slack (MET) :             0.547ns  (required time - arrival time)
  Source:                 cnn_system_i/axis_cnn_mnist_0/inst/u_conv2/u_calc/calc_state_reg_rep__4/C
                            (rising edge-triggered cell FDRE clocked by clk_fpga_0  {rise@0.000ns fall@5.000ns period=10.000ns})
  Destination:            cnn_system_i/axis_cnn_mnist_0/inst/u_conv2/u_calc/product_s1_reg[3][0][0]/B[12]
                            (rising edge-triggered cell DSP48E1 clocked by clk_fpga_0  {rise@0.000ns fall@5.000ns period=10.000ns})
  Path Group:             clk_fpga_0
  Path Type:              Setup (Max at Slow Process Corner)
  Requirement:            10.000ns  (clk_fpga_0 rise@10.000ns - clk_fpga_0 rise@0.000ns)
  Data Path Delay:        6.281ns  (logic 0.379ns (6.034%)  route 5.902ns (93.966%))
  Logic Levels:           0  
  Clock Path Skew:        -0.038ns (DCD - SCD + CPR)
    Destination Clock Delay (DCD):    2.392ns = ( 12.392 - 10.000 ) 
    Source Clock Delay      (SCD):    2.538ns
    Clock Pessimism Removal (CPR):    0.109ns
  Clock Uncertainty:      0.154ns  ((TSJ^2 + TIJ^2)^1/2 + DJ) / 2 + PE
    Total System Jitter     (TSJ):    0.071ns
    Total Input Jitter      (TIJ):    0.300ns
    Discrete Jitter          (DJ):    0.000ns
    Phase Error              (PE):    0.000ns

    Location             Delay type                Incr(ns)  Path(ns)    Netlist Resource(s)
  -------------------------------------------------------------------    -------------------
                         (clock clk_fpga_0 rise edge)
                                                      0.000     0.000 r  
    PS7_X0Y0             PS7                          0.000     0.000 r  cnn_system_i/processing_system7_0/inst/PS7_i/FCLKCLK[0]
                         net (fo=1, routed)           0.994     0.994    cnn_system_i/processing_system7_0/inst/FCLK_CLK_unbuffered[0]
    BUFGCTRL_X0Y16       BUFG (Prop_bufg_I_O)         0.085     1.079 r  cnn_system_i/processing_system7_0/inst/buffer_fclk_clk_0.FCLK_CLK_0_BUFG/O
                         net (fo=7971, routed)        1.459     2.538    cnn_system_i/axis_cnn_mnist_0/inst/u_conv2/u_calc/aclk
    SLICE_X84Y18         FDRE                                         r  cnn_system_i/axis_cnn_mnist_0/inst/u_conv2/u_calc/calc_state_reg_rep__4/C
  -------------------------------------------------------------------    -------------------
    SLICE_X84Y18         FDRE (Prop_fdre_C_Q)         0.379     2.917 r  cnn_system_i/axis_cnn_mnist_0/inst/u_conv2/u_calc/calc_state_reg_rep__4/Q
                         net (fo=57, routed)          5.902     8.819    cnn_system_i/axis_cnn_mnist_0/inst/u_conv2/u_calc/calc_state_reg_rep__4_n_0
    DSP48_X0Y3           DSP48E1                                      r  cnn_system_i/axis_cnn_mnist_0/inst/u_conv2/u_calc/product_s1_reg[3][0][0]/B[12]
  -------------------------------------------------------------------    -------------------

                         (clock clk_fpga_0 rise edge)
                                                     10.000    10.000 r  
    PS7_X0Y0             PS7                          0.000    10.000 r  cnn_system_i/processing_system7_0/inst/PS7_i/FCLKCLK[0]
                         net (fo=1, routed)           0.905    10.906    cnn_system_i/processing_system7_0/inst/FCLK_CLK_unbuffered[0]
    BUFGCTRL_X0Y16       BUFG (Prop_bufg_I_O)         0.077    10.983 r  cnn_system_i/processing_system7_0/inst/buffer_fclk_clk_0.FCLK_CLK_0_BUFG/O
                         net (fo=7971, routed)        1.409    12.392    cnn_system_i/axis_cnn_mnist_0/inst/u_conv2/u_calc/aclk
    DSP48_X0Y3           DSP48E1                                      r  cnn_system_i/axis_cnn_mnist_0/inst/u_conv2/u_calc/product_s1_reg[3][0][0]/CLK
                         clock pessimism              0.109    12.500    
                         clock uncertainty           -0.154    12.346    
    DSP48_X0Y3           DSP48E1 (Setup_dsp48e1_CLK_B[12])
                                                     -2.980     9.366    cnn_system_i/axis_cnn_mnist_0/inst/u_conv2/u_calc/product_s1_reg[3][0][0]
  -------------------------------------------------------------------
                         required time                          9.366    
                         arrival time                          -8.819    
  -------------------------------------------------------------------
                         slack                                  0.547    

Slack (MET) :             0.547ns  (required time - arrival time)
  Source:                 cnn_system_i/axis_cnn_mnist_0/inst/u_conv2/u_calc/calc_state_reg_rep__4/C
                            (rising edge-triggered cell FDRE clocked by clk_fpga_0  {rise@0.000ns fall@5.000ns period=10.000ns})
  Destination:            cnn_system_i/axis_cnn_mnist_0/inst/u_conv2/u_calc/product_s1_reg[3][0][0]/B[13]
                            (rising edge-triggered cell DSP48E1 clocked by clk_fpga_0  {rise@0.000ns fall@5.000ns period=10.000ns})
  Path Group:             clk_fpga_0
  Path Type:              Setup (Max at Slow Process Corner)
  Requirement:            10.000ns  (clk_fpga_0 rise@10.000ns - clk_fpga_0 rise@0.000ns)
  Data Path Delay:        6.281ns  (logic 0.379ns (6.034%)  route 5.902ns (93.966%))
  Logic Levels:           0  
  Clock Path Skew:        -0.038ns (DCD - SCD + CPR)
    Destination Clock Delay (DCD):    2.392ns = ( 12.392 - 10.000 ) 
    Source Clock Delay      (SCD):    2.538ns
    Clock Pessimism Removal (CPR):    0.109ns
  Clock Uncertainty:      0.154ns  ((TSJ^2 + TIJ^2)^1/2 + DJ) / 2 + PE
    Total System Jitter     (TSJ):    0.071ns
    Total Input Jitter      (TIJ):    0.300ns
    Discrete Jitter          (DJ):    0.000ns
    Phase Error              (PE):    0.000ns

    Location             Delay type                Incr(ns)  Path(ns)    Netlist Resource(s)
  -------------------------------------------------------------------    -------------------
                         (clock clk_fpga_0 rise edge)
                                                      0.000     0.000 r  
    PS7_X0Y0             PS7                          0.000     0.000 r  cnn_system_i/processing_system7_0/inst/PS7_i/FCLKCLK[0]
                         net (fo=1, routed)           0.994     0.994    cnn_system_i/processing_system7_0/inst/FCLK_CLK_unbuffered[0]
    BUFGCTRL_X0Y16       BUFG (Prop_bufg_I_O)         0.085     1.079 r  cnn_system_i/processing_system7_0/inst/buffer_fclk_clk_0.FCLK_CLK_0_BUFG/O
                         net (fo=7971, routed)        1.459     2.538    cnn_system_i/axis_cnn_mnist_0/inst/u_conv2/u_calc/aclk
    SLICE_X84Y18         FDRE                                         r  cnn_system_i/axis_cnn_mnist_0/inst/u_conv2/u_calc/calc_state_reg_rep__4/C
  -------------------------------------------------------------------    -------------------
    SLICE_X84Y18         FDRE (Prop_fdre_C_Q)         0.379     2.917 r  cnn_system_i/axis_cnn_mnist_0/inst/u_conv2/u_calc/calc_state_reg_rep__4/Q
                         net (fo=57, routed)          5.902     8.819    cnn_system_i/axis_cnn_mnist_0/inst/u_conv2/u_calc/calc_state_reg_rep__4_n_0
    DSP48_X0Y3           DSP48E1                                      r  cnn_system_i/axis_cnn_mnist_0/inst/u_conv2/u_calc/product_s1_reg[3][0][0]/B[13]
  -------------------------------------------------------------------    -------------------

                         (clock clk_fpga_0 rise edge)
                                                     10.000    10.000 r  
    PS7_X0Y0             PS7                          0.000    10.000 r  cnn_system_i/processing_system7_0/inst/PS7_i/FCLKCLK[0]
                         net (fo=1, routed)           0.905    10.906    cnn_system_i/processing_system7_0/inst/FCLK_CLK_unbuffered[0]
    BUFGCTRL_X0Y16       BUFG (Prop_bufg_I_O)         0.077    10.983 r  cnn_system_i/processing_system7_0/inst/buffer_fclk_clk_0.FCLK_CLK_0_BUFG/O
                         net (fo=7971, routed)        1.409    12.392    cnn_system_i/axis_cnn_mnist_0/inst/u_conv2/u_calc/aclk
    DSP48_X0Y3           DSP48E1                                      r  cnn_system_i/axis_cnn_mnist_0/inst/u_conv2/u_calc/product_s1_reg[3][0][0]/CLK
                         clock pessimism              0.109    12.500    
                         clock uncertainty           -0.154    12.346    
    DSP48_X0Y3           DSP48E1 (Setup_dsp48e1_CLK_B[13])
                                                     -2.980     9.366    cnn_system_i/axis_cnn_mnist_0/inst/u_conv2/u_calc/product_s1_reg[3][0][0]
  -------------------------------------------------------------------
                         required time                          9.366    
                         arrival time                          -8.819    
  -------------------------------------------------------------------
                         slack                                  0.547    

Slack (MET) :             0.588ns  (required time - arrival time)
  Source:                 cnn_system_i/axis_cnn_mnist_0/inst/u_conv2/u_calc/calc_state_reg_rep__4/C
                            (rising edge-triggered cell FDRE clocked by clk_fpga_0  {rise@0.000ns fall@5.000ns period=10.000ns})
  Destination:            cnn_system_i/axis_cnn_mnist_0/inst/u_conv2/u_calc/product_s1_reg[3][0][0]/B[15]
                            (rising edge-triggered cell DSP48E1 clocked by clk_fpga_0  {rise@0.000ns fall@5.000ns period=10.000ns})
  Path Group:             clk_fpga_0
  Path Type:              Setup (Max at Slow Process Corner)
  Requirement:            10.000ns  (clk_fpga_0 rise@10.000ns - clk_fpga_0 rise@0.000ns)
  Data Path Delay:        6.241ns  (logic 0.379ns (6.073%)  route 5.862ns (93.927%))
  Logic Levels:           0  
  Clock Path Skew:        -0.038ns (DCD - SCD + CPR)
    Destination Clock Delay (DCD):    2.392ns = ( 12.392 - 10.000 ) 
    Source Clock Delay      (SCD):    2.538ns
    Clock Pessimism Removal (CPR):    0.109ns
  Clock Uncertainty:      0.154ns  ((TSJ^2 + TIJ^2)^1/2 + DJ) / 2 + PE
    Total System Jitter     (TSJ):    0.071ns
    Total Input Jitter      (TIJ):    0.300ns
    Discrete Jitter          (DJ):    0.000ns
    Phase Error              (PE):    0.000ns

    Location             Delay type                Incr(ns)  Path(ns)    Netlist Resource(s)
  -------------------------------------------------------------------    -------------------
                         (clock clk_fpga_0 rise edge)
                                                      0.000     0.000 r  
    PS7_X0Y0             PS7                          0.000     0.000 r  cnn_system_i/processing_system7_0/inst/PS7_i/FCLKCLK[0]
                         net (fo=1, routed)           0.994     0.994    cnn_system_i/processing_system7_0/inst/FCLK_CLK_unbuffered[0]
    BUFGCTRL_X0Y16       BUFG (Prop_bufg_I_O)         0.085     1.079 r  cnn_system_i/processing_system7_0/inst/buffer_fclk_clk_0.FCLK_CLK_0_BUFG/O
                         net (fo=7971, routed)        1.459     2.538    cnn_system_i/axis_cnn_mnist_0/inst/u_conv2/u_calc/aclk
    SLICE_X84Y18         FDRE                                         r  cnn_system_i/axis_cnn_mnist_0/inst/u_conv2/u_calc/calc_state_reg_rep__4/C
  -------------------------------------------------------------------    -------------------
    SLICE_X84Y18         FDRE (Prop_fdre_C_Q)         0.379     2.917 r  cnn_system_i/axis_cnn_mnist_0/inst/u_conv2/u_calc/calc_state_reg_rep__4/Q
                         net (fo=57, routed)          5.862     8.779    cnn_system_i/axis_cnn_mnist_0/inst/u_conv2/u_calc/calc_state_reg_rep__4_n_0
    DSP48_X0Y3           DSP48E1                                      r  cnn_system_i/axis_cnn_mnist_0/inst/u_conv2/u_calc/product_s1_reg[3][0][0]/B[15]
  -------------------------------------------------------------------    -------------------

                         (clock clk_fpga_0 rise edge)
                                                     10.000    10.000 r  
    PS7_X0Y0             PS7                          0.000    10.000 r  cnn_system_i/processing_system7_0/inst/PS7_i/FCLKCLK[0]
                         net (fo=1, routed)           0.905    10.906    cnn_system_i/processing_system7_0/inst/FCLK_CLK_unbuffered[0]
    BUFGCTRL_X0Y16       BUFG (Prop_bufg_I_O)         0.077    10.983 r  cnn_system_i/processing_system7_0/inst/buffer_fclk_clk_0.FCLK_CLK_0_BUFG/O
                         net (fo=7971, routed)        1.409    12.392    cnn_system_i/axis_cnn_mnist_0/inst/u_conv2/u_calc/aclk
    DSP48_X0Y3           DSP48E1                                      r  cnn_system_i/axis_cnn_mnist_0/inst/u_conv2/u_calc/product_s1_reg[3][0][0]/CLK
                         clock pessimism              0.109    12.500    
                         clock uncertainty           -0.154    12.346    
    DSP48_X0Y3           DSP48E1 (Setup_dsp48e1_CLK_B[15])
                                                     -2.980     9.366    cnn_system_i/axis_cnn_mnist_0/inst/u_conv2/u_calc/product_s1_reg[3][0][0]
  -------------------------------------------------------------------
                         required time                          9.366    
                         arrival time                          -8.779    
  -------------------------------------------------------------------
                         slack                                  0.588    

Slack (MET) :             0.592ns  (required time - arrival time)
  Source:                 cnn_system_i/axis_cnn_mnist_0/inst/u_conv2/u_calc/calc_state_reg_rep__4/C
                            (rising edge-triggered cell FDRE clocked by clk_fpga_0  {rise@0.000ns fall@5.000ns period=10.000ns})
  Destination:            cnn_system_i/axis_cnn_mnist_0/inst/u_conv2/u_calc/product_s1_reg[3][0][2]/B[0]
                            (rising edge-triggered cell DSP48E1 clocked by clk_fpga_0  {rise@0.000ns fall@5.000ns period=10.000ns})
  Path Group:             clk_fpga_0
  Path Type:              Setup (Max at Slow Process Corner)
  Requirement:            10.000ns  (clk_fpga_0 rise@10.000ns - clk_fpga_0 rise@0.000ns)
  Data Path Delay:        6.237ns  (logic 0.379ns (6.077%)  route 5.858ns (93.923%))
  Logic Levels:           0  
  Clock Path Skew:        -0.037ns (DCD - SCD + CPR)
    Destination Clock Delay (DCD):    2.393ns = ( 12.393 - 10.000 ) 
    Source Clock Delay      (SCD):    2.538ns
    Clock Pessimism Removal (CPR):    0.109ns
  Clock Uncertainty:      0.154ns  ((TSJ^2 + TIJ^2)^1/2 + DJ) / 2 + PE
    Total System Jitter     (TSJ):    0.071ns
    Total Input Jitter      (TIJ):    0.300ns
    Discrete Jitter          (DJ):    0.000ns
    Phase Error              (PE):    0.000ns

    Location             Delay type                Incr(ns)  Path(ns)    Netlist Resource(s)
  -------------------------------------------------------------------    -------------------
                         (clock clk_fpga_0 rise edge)
                                                      0.000     0.000 r  
    PS7_X0Y0             PS7                          0.000     0.000 r  cnn_system_i/processing_system7_0/inst/PS7_i/FCLKCLK[0]
                         net (fo=1, routed)           0.994     0.994    cnn_system_i/processing_system7_0/inst/FCLK_CLK_unbuffered[0]
    BUFGCTRL_X0Y16       BUFG (Prop_bufg_I_O)         0.085     1.079 r  cnn_system_i/processing_system7_0/inst/buffer_fclk_clk_0.FCLK_CLK_0_BUFG/O
                         net (fo=7971, routed)        1.459     2.538    cnn_system_i/axis_cnn_mnist_0/inst/u_conv2/u_calc/aclk
    SLICE_X84Y18         FDRE                                         r  cnn_system_i/axis_cnn_mnist_0/inst/u_conv2/u_calc/calc_state_reg_rep__4/C
  -------------------------------------------------------------------    -------------------
    SLICE_X84Y18         FDRE (Prop_fdre_C_Q)         0.379     2.917 r  cnn_system_i/axis_cnn_mnist_0/inst/u_conv2/u_calc/calc_state_reg_rep__4/Q
                         net (fo=57, routed)          5.858     8.775    cnn_system_i/axis_cnn_mnist_0/inst/u_conv2/u_calc/calc_state_reg_rep__4_n_0
    DSP48_X0Y0           DSP48E1                                      r  cnn_system_i/axis_cnn_mnist_0/inst/u_conv2/u_calc/product_s1_reg[3][0][2]/B[0]
  -------------------------------------------------------------------    -------------------

                         (clock clk_fpga_0 rise edge)
                                                     10.000    10.000 r  
    PS7_X0Y0             PS7                          0.000    10.000 r  cnn_system_i/processing_system7_0/inst/PS7_i/FCLKCLK[0]
                         net (fo=1, routed)           0.905    10.906    cnn_system_i/processing_system7_0/inst/FCLK_CLK_unbuffered[0]
    BUFGCTRL_X0Y16       BUFG (Prop_bufg_I_O)         0.077    10.983 r  cnn_system_i/processing_system7_0/inst/buffer_fclk_clk_0.FCLK_CLK_0_BUFG/O
                         net (fo=7971, routed)        1.410    12.393    cnn_system_i/axis_cnn_mnist_0/inst/u_conv2/u_calc/aclk
    DSP48_X0Y0           DSP48E1                                      r  cnn_system_i/axis_cnn_mnist_0/inst/u_conv2/u_calc/product_s1_reg[3][0][2]/CLK
                         clock pessimism              0.109    12.501    
                         clock uncertainty           -0.154    12.347    
    DSP48_X0Y0           DSP48E1 (Setup_dsp48e1_CLK_B[0])
                                                     -2.980     9.367    cnn_system_i/axis_cnn_mnist_0/inst/u_conv2/u_calc/product_s1_reg[3][0][2]
  -------------------------------------------------------------------
                         required time                          9.367    
                         arrival time                          -8.775    
  -------------------------------------------------------------------
                         slack                                  0.592    

Slack (MET) :             0.597ns  (required time - arrival time)
  Source:                 cnn_system_i/axis_cnn_mnist_0/inst/u_conv2/u_calc/calc_state_reg_rep__4/C
                            (rising edge-triggered cell FDRE clocked by clk_fpga_0  {rise@0.000ns fall@5.000ns period=10.000ns})
  Destination:            cnn_system_i/axis_cnn_mnist_0/inst/u_conv2/u_calc/product_s1_reg[3][0][0]/B[16]
                            (rising edge-triggered cell DSP48E1 clocked by clk_fpga_0  {rise@0.000ns fall@5.000ns period=10.000ns})
  Path Group:             clk_fpga_0
  Path Type:              Setup (Max at Slow Process Corner)
  Requirement:            10.000ns  (clk_fpga_0 rise@10.000ns - clk_fpga_0 rise@0.000ns)
  Data Path Delay:        6.231ns  (logic 0.379ns (6.083%)  route 5.852ns (93.917%))
  Logic Levels:           0  
  Clock Path Skew:        -0.038ns (DCD - SCD + CPR)
    Destination Clock Delay (DCD):    2.392ns = ( 12.392 - 10.000 ) 
    Source Clock Delay      (SCD):    2.538ns
    Clock Pessimism Removal (CPR):    0.109ns
  Clock Uncertainty:      0.154ns  ((TSJ^2 + TIJ^2)^1/2 + DJ) / 2 + PE
    Total System Jitter     (TSJ):    0.071ns
    Total Input Jitter      (TIJ):    0.300ns
    Discrete Jitter          (DJ):    0.000ns
    Phase Error              (PE):    0.000ns

    Location             Delay type                Incr(ns)  Path(ns)    Netlist Resource(s)
  -------------------------------------------------------------------    -------------------
                         (clock clk_fpga_0 rise edge)
                                                      0.000     0.000 r  
    PS7_X0Y0             PS7                          0.000     0.000 r  cnn_system_i/processing_system7_0/inst/PS7_i/FCLKCLK[0]
                         net (fo=1, routed)           0.994     0.994    cnn_system_i/processing_system7_0/inst/FCLK_CLK_unbuffered[0]
    BUFGCTRL_X0Y16       BUFG (Prop_bufg_I_O)         0.085     1.079 r  cnn_system_i/processing_system7_0/inst/buffer_fclk_clk_0.FCLK_CLK_0_BUFG/O
                         net (fo=7971, routed)        1.459     2.538    cnn_system_i/axis_cnn_mnist_0/inst/u_conv2/u_calc/aclk
    SLICE_X84Y18         FDRE                                         r  cnn_system_i/axis_cnn_mnist_0/inst/u_conv2/u_calc/calc_state_reg_rep__4/C
  -------------------------------------------------------------------    -------------------
    SLICE_X84Y18         FDRE (Prop_fdre_C_Q)         0.379     2.917 r  cnn_system_i/axis_cnn_mnist_0/inst/u_conv2/u_calc/calc_state_reg_rep__4/Q
                         net (fo=57, routed)          5.852     8.769    cnn_system_i/axis_cnn_mnist_0/inst/u_conv2/u_calc/calc_state_reg_rep__4_n_0
    DSP48_X0Y3           DSP48E1                                      r  cnn_system_i/axis_cnn_mnist_0/inst/u_conv2/u_calc/product_s1_reg[3][0][0]/B[16]
  -------------------------------------------------------------------    -------------------

                         (clock clk_fpga_0 rise edge)
                                                     10.000    10.000 r  
    PS7_X0Y0             PS7                          0.000    10.000 r  cnn_system_i/processing_system7_0/inst/PS7_i/FCLKCLK[0]
                         net (fo=1, routed)           0.905    10.906    cnn_system_i/processing_system7_0/inst/FCLK_CLK_unbuffered[0]
    BUFGCTRL_X0Y16       BUFG (Prop_bufg_I_O)         0.077    10.983 r  cnn_system_i/processing_system7_0/inst/buffer_fclk_clk_0.FCLK_CLK_0_BUFG/O
                         net (fo=7971, routed)        1.409    12.392    cnn_system_i/axis_cnn_mnist_0/inst/u_conv2/u_calc/aclk
    DSP48_X0Y3           DSP48E1                                      r  cnn_system_i/axis_cnn_mnist_0/inst/u_conv2/u_calc/product_s1_reg[3][0][0]/CLK
                         clock pessimism              0.109    12.500    
                         clock uncertainty           -0.154    12.346    
    DSP48_X0Y3           DSP48E1 (Setup_dsp48e1_CLK_B[16])
                                                     -2.980     9.366    cnn_system_i/axis_cnn_mnist_0/inst/u_conv2/u_calc/product_s1_reg[3][0][0]
  -------------------------------------------------------------------
                         required time                          9.366    
                         arrival time                          -8.769    
  -------------------------------------------------------------------
                         slack                                  0.597    

Slack (MET) :             0.597ns  (required time - arrival time)
  Source:                 cnn_system_i/axis_cnn_mnist_0/inst/u_conv2/u_calc/calc_state_reg_rep__4/C
                            (rising edge-triggered cell FDRE clocked by clk_fpga_0  {rise@0.000ns fall@5.000ns period=10.000ns})
  Destination:            cnn_system_i/axis_cnn_mnist_0/inst/u_conv2/u_calc/product_s1_reg[3][0][0]/B[17]
                            (rising edge-triggered cell DSP48E1 clocked by clk_fpga_0  {rise@0.000ns fall@5.000ns period=10.000ns})
  Path Group:             clk_fpga_0
  Path Type:              Setup (Max at Slow Process Corner)
  Requirement:            10.000ns  (clk_fpga_0 rise@10.000ns - clk_fpga_0 rise@0.000ns)
  Data Path Delay:        6.231ns  (logic 0.379ns (6.083%)  route 5.852ns (93.917%))
  Logic Levels:           0  
  Clock Path Skew:        -0.038ns (DCD - SCD + CPR)
    Destination Clock Delay (DCD):    2.392ns = ( 12.392 - 10.000 ) 
    Source Clock Delay      (SCD):    2.538ns
    Clock Pessimism Removal (CPR):    0.109ns
  Clock Uncertainty:      0.154ns  ((TSJ^2 + TIJ^2)^1/2 + DJ) / 2 + PE
    Total System Jitter     (TSJ):    0.071ns
    Total Input Jitter      (TIJ):    0.300ns
    Discrete Jitter          (DJ):    0.000ns
    Phase Error              (PE):    0.000ns

    Location             Delay type                Incr(ns)  Path(ns)    Netlist Resource(s)
  -------------------------------------------------------------------    -------------------
                         (clock clk_fpga_0 rise edge)
                                                      0.000     0.000 r  
    PS7_X0Y0             PS7                          0.000     0.000 r  cnn_system_i/processing_system7_0/inst/PS7_i/FCLKCLK[0]
                         net (fo=1, routed)           0.994     0.994    cnn_system_i/processing_system7_0/inst/FCLK_CLK_unbuffered[0]
    BUFGCTRL_X0Y16       BUFG (Prop_bufg_I_O)         0.085     1.079 r  cnn_system_i/processing_system7_0/inst/buffer_fclk_clk_0.FCLK_CLK_0_BUFG/O
                         net (fo=7971, routed)        1.459     2.538    cnn_system_i/axis_cnn_mnist_0/inst/u_conv2/u_calc/aclk
    SLICE_X84Y18         FDRE                                         r  cnn_system_i/axis_cnn_mnist_0/inst/u_conv2/u_calc/calc_state_reg_rep__4/C
  -------------------------------------------------------------------    -------------------
    SLICE_X84Y18         FDRE (Prop_fdre_C_Q)         0.379     2.917 r  cnn_system_i/axis_cnn_mnist_0/inst/u_conv2/u_calc/calc_state_reg_rep__4/Q
                         net (fo=57, routed)          5.852     8.769    cnn_system_i/axis_cnn_mnist_0/inst/u_conv2/u_calc/calc_state_reg_rep__4_n_0
    DSP48_X0Y3           DSP48E1                                      r  cnn_system_i/axis_cnn_mnist_0/inst/u_conv2/u_calc/product_s1_reg[3][0][0]/B[17]
  -------------------------------------------------------------------    -------------------

                         (clock clk_fpga_0 rise edge)
                                                     10.000    10.000 r  
    PS7_X0Y0             PS7                          0.000    10.000 r  cnn_system_i/processing_system7_0/inst/PS7_i/FCLKCLK[0]
                         net (fo=1, routed)           0.905    10.906    cnn_system_i/processing_system7_0/inst/FCLK_CLK_unbuffered[0]
    BUFGCTRL_X0Y16       BUFG (Prop_bufg_I_O)         0.077    10.983 r  cnn_system_i/processing_system7_0/inst/buffer_fclk_clk_0.FCLK_CLK_0_BUFG/O
                         net (fo=7971, routed)        1.409    12.392    cnn_system_i/axis_cnn_mnist_0/inst/u_conv2/u_calc/aclk
    DSP48_X0Y3           DSP48E1                                      r  cnn_system_i/axis_cnn_mnist_0/inst/u_conv2/u_calc/product_s1_reg[3][0][0]/CLK
                         clock pessimism              0.109    12.500    
                         clock uncertainty           -0.154    12.346    
    DSP48_X0Y3           DSP48E1 (Setup_dsp48e1_CLK_B[17])
                                                     -2.980     9.366    cnn_system_i/axis_cnn_mnist_0/inst/u_conv2/u_calc/product_s1_reg[3][0][0]
  -------------------------------------------------------------------
                         required time                          9.366    
                         arrival time                          -8.769    
  -------------------------------------------------------------------
                         slack                                  0.597    

Slack (MET) :             0.668ns  (required time - arrival time)
  Source:                 cnn_system_i/axis_cnn_mnist_0/inst/u_conv2/u_calc/calc_state_reg_rep__4/C
                            (rising edge-triggered cell FDRE clocked by clk_fpga_0  {rise@0.000ns fall@5.000ns period=10.000ns})
  Destination:            cnn_system_i/axis_cnn_mnist_0/inst/u_conv2/u_calc/product_s1_reg[3][0][0]/B[5]
                            (rising edge-triggered cell DSP48E1 clocked by clk_fpga_0  {rise@0.000ns fall@5.000ns period=10.000ns})
  Path Group:             clk_fpga_0
  Path Type:              Setup (Max at Slow Process Corner)
  Requirement:            10.000ns  (clk_fpga_0 rise@10.000ns - clk_fpga_0 rise@0.000ns)
  Data Path Delay:        6.161ns  (logic 0.379ns (6.152%)  route 5.782ns (93.848%))
  Logic Levels:           0  
  Clock Path Skew:        -0.038ns (DCD - SCD + CPR)
    Destination Clock Delay (DCD):    2.392ns = ( 12.392 - 10.000 ) 
    Source Clock Delay      (SCD):    2.538ns
    Clock Pessimism Removal (CPR):    0.109ns
  Clock Uncertainty:      0.154ns  ((TSJ^2 + TIJ^2)^1/2 + DJ) / 2 + PE
    Total System Jitter     (TSJ):    0.071ns
    Total Input Jitter      (TIJ):    0.300ns
    Discrete Jitter          (DJ):    0.000ns
    Phase Error              (PE):    0.000ns

    Location             Delay type                Incr(ns)  Path(ns)    Netlist Resource(s)
  -------------------------------------------------------------------    -------------------
                         (clock clk_fpga_0 rise edge)
                                                      0.000     0.000 r  
    PS7_X0Y0             PS7                          0.000     0.000 r  cnn_system_i/processing_system7_0/inst/PS7_i/FCLKCLK[0]
                         net (fo=1, routed)           0.994     0.994    cnn_system_i/processing_system7_0/inst/FCLK_CLK_unbuffered[0]
    BUFGCTRL_X0Y16       BUFG (Prop_bufg_I_O)         0.085     1.079 r  cnn_system_i/processing_system7_0/inst/buffer_fclk_clk_0.FCLK_CLK_0_BUFG/O
                         net (fo=7971, routed)        1.459     2.538    cnn_system_i/axis_cnn_mnist_0/inst/u_conv2/u_calc/aclk
    SLICE_X84Y18         FDRE                                         r  cnn_system_i/axis_cnn_mnist_0/inst/u_conv2/u_calc/calc_state_reg_rep__4/C
  -------------------------------------------------------------------    -------------------
    SLICE_X84Y18         FDRE (Prop_fdre_C_Q)         0.379     2.917 r  cnn_system_i/axis_cnn_mnist_0/inst/u_conv2/u_calc/calc_state_reg_rep__4/Q
                         net (fo=57, routed)          5.782     8.699    cnn_system_i/axis_cnn_mnist_0/inst/u_conv2/u_calc/calc_state_reg_rep__4_n_0
    DSP48_X0Y3           DSP48E1                                      r  cnn_system_i/axis_cnn_mnist_0/inst/u_conv2/u_calc/product_s1_reg[3][0][0]/B[5]
  -------------------------------------------------------------------    -------------------

                         (clock clk_fpga_0 rise edge)
                                                     10.000    10.000 r  
    PS7_X0Y0             PS7                          0.000    10.000 r  cnn_system_i/processing_system7_0/inst/PS7_i/FCLKCLK[0]
                         net (fo=1, routed)           0.905    10.906    cnn_system_i/processing_system7_0/inst/FCLK_CLK_unbuffered[0]
    BUFGCTRL_X0Y16       BUFG (Prop_bufg_I_O)         0.077    10.983 r  cnn_system_i/processing_system7_0/inst/buffer_fclk_clk_0.FCLK_CLK_0_BUFG/O
                         net (fo=7971, routed)        1.409    12.392    cnn_system_i/axis_cnn_mnist_0/inst/u_conv2/u_calc/aclk
    DSP48_X0Y3           DSP48E1                                      r  cnn_system_i/axis_cnn_mnist_0/inst/u_conv2/u_calc/product_s1_reg[3][0][0]/CLK
                         clock pessimism              0.109    12.500    
                         clock uncertainty           -0.154    12.346    
    DSP48_X0Y3           DSP48E1 (Setup_dsp48e1_CLK_B[5])
                                                     -2.980     9.366    cnn_system_i/axis_cnn_mnist_0/inst/u_conv2/u_calc/product_s1_reg[3][0][0]
  -------------------------------------------------------------------
                         required time                          9.366    
                         arrival time                          -8.699    
  -------------------------------------------------------------------
                         slack                                  0.668    

Slack (MET) :             0.679ns  (required time - arrival time)
  Source:                 cnn_system_i/axis_cnn_mnist_0/inst/u_conv2/u_calc/calc_state_reg_rep__4/C
                            (rising edge-triggered cell FDRE clocked by clk_fpga_0  {rise@0.000ns fall@5.000ns period=10.000ns})
  Destination:            cnn_system_i/axis_cnn_mnist_0/inst/u_conv2/u_calc/product_s1_reg[3][0][0]/B[0]
                            (rising edge-triggered cell DSP48E1 clocked by clk_fpga_0  {rise@0.000ns fall@5.000ns period=10.000ns})
  Path Group:             clk_fpga_0
  Path Type:              Setup (Max at Slow Process Corner)
  Requirement:            10.000ns  (clk_fpga_0 rise@10.000ns - clk_fpga_0 rise@0.000ns)
  Data Path Delay:        6.150ns  (logic 0.379ns (6.163%)  route 5.771ns (93.837%))
  Logic Levels:           0  
  Clock Path Skew:        -0.038ns (DCD - SCD + CPR)
    Destination Clock Delay (DCD):    2.392ns = ( 12.392 - 10.000 ) 
    Source Clock Delay      (SCD):    2.538ns
    Clock Pessimism Removal (CPR):    0.109ns
  Clock Uncertainty:      0.154ns  ((TSJ^2 + TIJ^2)^1/2 + DJ) / 2 + PE
    Total System Jitter     (TSJ):    0.071ns
    Total Input Jitter      (TIJ):    0.300ns
    Discrete Jitter          (DJ):    0.000ns
    Phase Error              (PE):    0.000ns

    Location             Delay type                Incr(ns)  Path(ns)    Netlist Resource(s)
  -------------------------------------------------------------------    -------------------
                         (clock clk_fpga_0 rise edge)
                                                      0.000     0.000 r  
    PS7_X0Y0             PS7                          0.000     0.000 r  cnn_system_i/processing_system7_0/inst/PS7_i/FCLKCLK[0]
                         net (fo=1, routed)           0.994     0.994    cnn_system_i/processing_system7_0/inst/FCLK_CLK_unbuffered[0]
    BUFGCTRL_X0Y16       BUFG (Prop_bufg_I_O)         0.085     1.079 r  cnn_system_i/processing_system7_0/inst/buffer_fclk_clk_0.FCLK_CLK_0_BUFG/O
                         net (fo=7971, routed)        1.459     2.538    cnn_system_i/axis_cnn_mnist_0/inst/u_conv2/u_calc/aclk
    SLICE_X84Y18         FDRE                                         r  cnn_system_i/axis_cnn_mnist_0/inst/u_conv2/u_calc/calc_state_reg_rep__4/C
  -------------------------------------------------------------------    -------------------
    SLICE_X84Y18         FDRE (Prop_fdre_C_Q)         0.379     2.917 r  cnn_system_i/axis_cnn_mnist_0/inst/u_conv2/u_calc/calc_state_reg_rep__4/Q
                         net (fo=57, routed)          5.771     8.688    cnn_system_i/axis_cnn_mnist_0/inst/u_conv2/u_calc/calc_state_reg_rep__4_n_0
    DSP48_X0Y3           DSP48E1                                      r  cnn_system_i/axis_cnn_mnist_0/inst/u_conv2/u_calc/product_s1_reg[3][0][0]/B[0]
  -------------------------------------------------------------------    -------------------

                         (clock clk_fpga_0 rise edge)
                                                     10.000    10.000 r  
    PS7_X0Y0             PS7                          0.000    10.000 r  cnn_system_i/processing_system7_0/inst/PS7_i/FCLKCLK[0]
                         net (fo=1, routed)           0.905    10.906    cnn_system_i/processing_system7_0/inst/FCLK_CLK_unbuffered[0]
    BUFGCTRL_X0Y16       BUFG (Prop_bufg_I_O)         0.077    10.983 r  cnn_system_i/processing_system7_0/inst/buffer_fclk_clk_0.FCLK_CLK_0_BUFG/O
                         net (fo=7971, routed)        1.409    12.392    cnn_system_i/axis_cnn_mnist_0/inst/u_conv2/u_calc/aclk
    DSP48_X0Y3           DSP48E1                                      r  cnn_system_i/axis_cnn_mnist_0/inst/u_conv2/u_calc/product_s1_reg[3][0][0]/CLK
                         clock pessimism              0.109    12.500    
                         clock uncertainty           -0.154    12.346    
    DSP48_X0Y3           DSP48E1 (Setup_dsp48e1_CLK_B[0])
                                                     -2.980     9.366    cnn_system_i/axis_cnn_mnist_0/inst/u_conv2/u_calc/product_s1_reg[3][0][0]
  -------------------------------------------------------------------
                         required time                          9.366    
                         arrival time                          -8.688    
  -------------------------------------------------------------------
                         slack                                  0.679    

Slack (MET) :             0.700ns  (required time - arrival time)
  Source:                 cnn_system_i/axis_cnn_mnist_0/inst/u_conv2/u_calc/calc_state_reg_rep__4/C
                            (rising edge-triggered cell FDRE clocked by clk_fpga_0  {rise@0.000ns fall@5.000ns period=10.000ns})
  Destination:            cnn_system_i/axis_cnn_mnist_0/inst/u_conv2/u_calc/product_s1_reg[3][0][0]/B[4]
                            (rising edge-triggered cell DSP48E1 clocked by clk_fpga_0  {rise@0.000ns fall@5.000ns period=10.000ns})
  Path Group:             clk_fpga_0
  Path Type:              Setup (Max at Slow Process Corner)
  Requirement:            10.000ns  (clk_fpga_0 rise@10.000ns - clk_fpga_0 rise@0.000ns)
  Data Path Delay:        6.129ns  (logic 0.379ns (6.184%)  route 5.750ns (93.816%))
  Logic Levels:           0  
  Clock Path Skew:        -0.038ns (DCD - SCD + CPR)
    Destination Clock Delay (DCD):    2.392ns = ( 12.392 - 10.000 ) 
    Source Clock Delay      (SCD):    2.538ns
    Clock Pessimism Removal (CPR):    0.109ns
  Clock Uncertainty:      0.154ns  ((TSJ^2 + TIJ^2)^1/2 + DJ) / 2 + PE
    Total System Jitter     (TSJ):    0.071ns
    Total Input Jitter      (TIJ):    0.300ns
    Discrete Jitter          (DJ):    0.000ns
    Phase Error              (PE):    0.000ns

    Location             Delay type                Incr(ns)  Path(ns)    Netlist Resource(s)
  -------------------------------------------------------------------    -------------------
                         (clock clk_fpga_0 rise edge)
                                                      0.000     0.000 r  
    PS7_X0Y0             PS7                          0.000     0.000 r  cnn_system_i/processing_system7_0/inst/PS7_i/FCLKCLK[0]
                         net (fo=1, routed)           0.994     0.994    cnn_system_i/processing_system7_0/inst/FCLK_CLK_unbuffered[0]
    BUFGCTRL_X0Y16       BUFG (Prop_bufg_I_O)         0.085     1.079 r  cnn_system_i/processing_system7_0/inst/buffer_fclk_clk_0.FCLK_CLK_0_BUFG/O
                         net (fo=7971, routed)        1.459     2.538    cnn_system_i/axis_cnn_mnist_0/inst/u_conv2/u_calc/aclk
    SLICE_X84Y18         FDRE                                         r  cnn_system_i/axis_cnn_mnist_0/inst/u_conv2/u_calc/calc_state_reg_rep__4/C
  -------------------------------------------------------------------    -------------------
    SLICE_X84Y18         FDRE (Prop_fdre_C_Q)         0.379     2.917 r  cnn_system_i/axis_cnn_mnist_0/inst/u_conv2/u_calc/calc_state_reg_rep__4/Q
                         net (fo=57, routed)          5.750     8.667    cnn_system_i/axis_cnn_mnist_0/inst/u_conv2/u_calc/calc_state_reg_rep__4_n_0
    DSP48_X0Y3           DSP48E1                                      r  cnn_system_i/axis_cnn_mnist_0/inst/u_conv2/u_calc/product_s1_reg[3][0][0]/B[4]
  -------------------------------------------------------------------    -------------------

                         (clock clk_fpga_0 rise edge)
                                                     10.000    10.000 r  
    PS7_X0Y0             PS7                          0.000    10.000 r  cnn_system_i/processing_system7_0/inst/PS7_i/FCLKCLK[0]
                         net (fo=1, routed)           0.905    10.906    cnn_system_i/processing_system7_0/inst/FCLK_CLK_unbuffered[0]
    BUFGCTRL_X0Y16       BUFG (Prop_bufg_I_O)         0.077    10.983 r  cnn_system_i/processing_system7_0/inst/buffer_fclk_clk_0.FCLK_CLK_0_BUFG/O
                         net (fo=7971, routed)        1.409    12.392    cnn_system_i/axis_cnn_mnist_0/inst/u_conv2/u_calc/aclk
    DSP48_X0Y3           DSP48E1                                      r  cnn_system_i/axis_cnn_mnist_0/inst/u_conv2/u_calc/product_s1_reg[3][0][0]/CLK
                         clock pessimism              0.109    12.500    
                         clock uncertainty           -0.154    12.346    
    DSP48_X0Y3           DSP48E1 (Setup_dsp48e1_CLK_B[4])
                                                     -2.980     9.366    cnn_system_i/axis_cnn_mnist_0/inst/u_conv2/u_calc/product_s1_reg[3][0][0]
  -------------------------------------------------------------------
                         required time                          9.366    
                         arrival time                          -8.667    
  -------------------------------------------------------------------
                         slack                                  0.700    

Slack (MET) :             0.700ns  (required time - arrival time)
  Source:                 cnn_system_i/axis_cnn_mnist_0/inst/u_conv2/u_calc/calc_state_reg_rep__4/C
                            (rising edge-triggered cell FDRE clocked by clk_fpga_0  {rise@0.000ns fall@5.000ns period=10.000ns})
  Destination:            cnn_system_i/axis_cnn_mnist_0/inst/u_conv2/u_calc/product_s1_reg[3][0][0]/B[6]
                            (rising edge-triggered cell DSP48E1 clocked by clk_fpga_0  {rise@0.000ns fall@5.000ns period=10.000ns})
  Path Group:             clk_fpga_0
  Path Type:              Setup (Max at Slow Process Corner)
  Requirement:            10.000ns  (clk_fpga_0 rise@10.000ns - clk_fpga_0 rise@0.000ns)
  Data Path Delay:        6.129ns  (logic 0.379ns (6.184%)  route 5.750ns (93.816%))
  Logic Levels:           0  
  Clock Path Skew:        -0.038ns (DCD - SCD + CPR)
    Destination Clock Delay (DCD):    2.392ns = ( 12.392 - 10.000 ) 
    Source Clock Delay      (SCD):    2.538ns
    Clock Pessimism Removal (CPR):    0.109ns
  Clock Uncertainty:      0.154ns  ((TSJ^2 + TIJ^2)^1/2 + DJ) / 2 + PE
    Total System Jitter     (TSJ):    0.071ns
    Total Input Jitter      (TIJ):    0.300ns
    Discrete Jitter          (DJ):    0.000ns
    Phase Error              (PE):    0.000ns

    Location             Delay type                Incr(ns)  Path(ns)    Netlist Resource(s)
  -------------------------------------------------------------------    -------------------
                         (clock clk_fpga_0 rise edge)
                                                      0.000     0.000 r  
    PS7_X0Y0             PS7                          0.000     0.000 r  cnn_system_i/processing_system7_0/inst/PS7_i/FCLKCLK[0]
                         net (fo=1, routed)           0.994     0.994    cnn_system_i/processing_system7_0/inst/FCLK_CLK_unbuffered[0]
    BUFGCTRL_X0Y16       BUFG (Prop_bufg_I_O)         0.085     1.079 r  cnn_system_i/processing_system7_0/inst/buffer_fclk_clk_0.FCLK_CLK_0_BUFG/O
                         net (fo=7971, routed)        1.459     2.538    cnn_system_i/axis_cnn_mnist_0/inst/u_conv2/u_calc/aclk
    SLICE_X84Y18         FDRE                                         r  cnn_system_i/axis_cnn_mnist_0/inst/u_conv2/u_calc/calc_state_reg_rep__4/C
  -------------------------------------------------------------------    -------------------
    SLICE_X84Y18         FDRE (Prop_fdre_C_Q)         0.379     2.917 r  cnn_system_i/axis_cnn_mnist_0/inst/u_conv2/u_calc/calc_state_reg_rep__4/Q
                         net (fo=57, routed)          5.750     8.667    cnn_system_i/axis_cnn_mnist_0/inst/u_conv2/u_calc/calc_state_reg_rep__4_n_0
    DSP48_X0Y3           DSP48E1                                      r  cnn_system_i/axis_cnn_mnist_0/inst/u_conv2/u_calc/product_s1_reg[3][0][0]/B[6]
  -------------------------------------------------------------------    -------------------

                         (clock clk_fpga_0 rise edge)
                                                     10.000    10.000 r  
    PS7_X0Y0             PS7                          0.000    10.000 r  cnn_system_i/processing_system7_0/inst/PS7_i/FCLKCLK[0]
                         net (fo=1, routed)           0.905    10.906    cnn_system_i/processing_system7_0/inst/FCLK_CLK_unbuffered[0]
    BUFGCTRL_X0Y16       BUFG (Prop_bufg_I_O)         0.077    10.983 r  cnn_system_i/processing_system7_0/inst/buffer_fclk_clk_0.FCLK_CLK_0_BUFG/O
                         net (fo=7971, routed)        1.409    12.392    cnn_system_i/axis_cnn_mnist_0/inst/u_conv2/u_calc/aclk
    DSP48_X0Y3           DSP48E1                                      r  cnn_system_i/axis_cnn_mnist_0/inst/u_conv2/u_calc/product_s1_reg[3][0][0]/CLK
                         clock pessimism              0.109    12.500    
                         clock uncertainty           -0.154    12.346    
    DSP48_X0Y3           DSP48E1 (Setup_dsp48e1_CLK_B[6])
                                                     -2.980     9.366    cnn_system_i/axis_cnn_mnist_0/inst/u_conv2/u_calc/product_s1_reg[3][0][0]
  -------------------------------------------------------------------
                         required time                          9.366    
                         arrival time                          -8.667    
  -------------------------------------------------------------------
                         slack                                  0.700    

Slack (MET) :             0.741ns  (required time - arrival time)
  Source:                 cnn_system_i/axis_cnn_mnist_0/inst/u_conv2/u_calc/calc_state_reg_rep__4/C
                            (rising edge-triggered cell FDRE clocked by clk_fpga_0  {rise@0.000ns fall@5.000ns period=10.000ns})
  Destination:            cnn_system_i/axis_cnn_mnist_0/inst/u_conv2/u_calc/product_s1_reg[0][0][8]/B[16]
                            (rising edge-triggered cell DSP48E1 clocked by clk_fpga_0  {rise@0.000ns fall@5.000ns period=10.000ns})
  Path Group:             clk_fpga_0
  Path Type:              Setup (Max at Slow Process Corner)
  Requirement:            10.000ns  (clk_fpga_0 rise@10.000ns - clk_fpga_0 rise@0.000ns)
  Data Path Delay:        6.076ns  (logic 0.379ns (6.237%)  route 5.697ns (93.763%))
  Logic Levels:           0  
  Clock Path Skew:        -0.049ns (DCD - SCD + CPR)
    Destination Clock Delay (DCD):    2.381ns = ( 12.381 - 10.000 ) 
    Source Clock Delay      (SCD):    2.538ns
    Clock Pessimism Removal (CPR):    0.109ns
  Clock Uncertainty:      0.154ns  ((TSJ^2 + TIJ^2)^1/2 + DJ) / 2 + PE
    Total System Jitter     (TSJ):    0.071ns
    Total Input Jitter      (TIJ):    0.300ns
    Discrete Jitter          (DJ):    0.000ns
    Phase Error              (PE):    0.000ns

    Location             Delay type                Incr(ns)  Path(ns)    Netlist Resource(s)
  -------------------------------------------------------------------    -------------------
                         (clock clk_fpga_0 rise edge)
                                                      0.000     0.000 r  
    PS7_X0Y0             PS7                          0.000     0.000 r  cnn_system_i/processing_system7_0/inst/PS7_i/FCLKCLK[0]
                         net (fo=1, routed)           0.994     0.994    cnn_system_i/processing_system7_0/inst/FCLK_CLK_unbuffered[0]
    BUFGCTRL_X0Y16       BUFG (Prop_bufg_I_O)         0.085     1.079 r  cnn_system_i/processing_system7_0/inst/buffer_fclk_clk_0.FCLK_CLK_0_BUFG/O
                         net (fo=7971, routed)        1.459     2.538    cnn_system_i/axis_cnn_mnist_0/inst/u_conv2/u_calc/aclk
    SLICE_X84Y18         FDRE                                         r  cnn_system_i/axis_cnn_mnist_0/inst/u_conv2/u_calc/calc_state_reg_rep__4/C
  -------------------------------------------------------------------    -------------------
    SLICE_X84Y18         FDRE (Prop_fdre_C_Q)         0.379     2.917 r  cnn_system_i/axis_cnn_mnist_0/inst/u_conv2/u_calc/calc_state_reg_rep__4/Q
                         net (fo=57, routed)          5.697     8.614    cnn_system_i/axis_cnn_mnist_0/inst/u_conv2/u_calc/calc_state_reg_rep__4_n_0
    DSP48_X0Y11          DSP48E1                                      r  cnn_system_i/axis_cnn_mnist_0/inst/u_conv2/u_calc/product_s1_reg[0][0][8]/B[16]
  -------------------------------------------------------------------    -------------------

                         (clock clk_fpga_0 rise edge)
                                                     10.000    10.000 r  
    PS7_X0Y0             PS7                          0.000    10.000 r  cnn_system_i/processing_system7_0/inst/PS7_i/FCLKCLK[0]
                         net (fo=1, routed)           0.905    10.906    cnn_system_i/processing_system7_0/inst/FCLK_CLK_unbuffered[0]
    BUFGCTRL_X0Y16       BUFG (Prop_bufg_I_O)         0.077    10.983 r  cnn_system_i/processing_system7_0/inst/buffer_fclk_clk_0.FCLK_CLK_0_BUFG/O
                         net (fo=7971, routed)        1.398    12.381    cnn_system_i/axis_cnn_mnist_0/inst/u_conv2/u_calc/aclk
    DSP48_X0Y11          DSP48E1                                      r  cnn_system_i/axis_cnn_mnist_0/inst/u_conv2/u_calc/product_s1_reg[0][0][8]/CLK
                         clock pessimism              0.109    12.489    
                         clock uncertainty           -0.154    12.335    
    DSP48_X0Y11          DSP48E1 (Setup_dsp48e1_CLK_B[16])
                                                     -2.980     9.355    cnn_system_i/axis_cnn_mnist_0/inst/u_conv2/u_calc/product_s1_reg[0][0][8]
  -------------------------------------------------------------------
                         required time                          9.355    
                         arrival time                          -8.614    
  -------------------------------------------------------------------
                         slack                                  0.741    

Slack (MET) :             0.741ns  (required time - arrival time)
  Source:                 cnn_system_i/axis_cnn_mnist_0/inst/u_conv2/u_calc/calc_state_reg_rep__4/C
                            (rising edge-triggered cell FDRE clocked by clk_fpga_0  {rise@0.000ns fall@5.000ns period=10.000ns})
  Destination:            cnn_system_i/axis_cnn_mnist_0/inst/u_conv2/u_calc/product_s1_reg[0][0][8]/B[17]
                            (rising edge-triggered cell DSP48E1 clocked by clk_fpga_0  {rise@0.000ns fall@5.000ns period=10.000ns})
  Path Group:             clk_fpga_0
  Path Type:              Setup (Max at Slow Process Corner)
  Requirement:            10.000ns  (clk_fpga_0 rise@10.000ns - clk_fpga_0 rise@0.000ns)
  Data Path Delay:        6.076ns  (logic 0.379ns (6.237%)  route 5.697ns (93.763%))
  Logic Levels:           0  
  Clock Path Skew:        -0.049ns (DCD - SCD + CPR)
    Destination Clock Delay (DCD):    2.381ns = ( 12.381 - 10.000 ) 
    Source Clock Delay      (SCD):    2.538ns
    Clock Pessimism Removal (CPR):    0.109ns
  Clock Uncertainty:      0.154ns  ((TSJ^2 + TIJ^2)^1/2 + DJ) / 2 + PE
    Total System Jitter     (TSJ):    0.071ns
    Total Input Jitter      (TIJ):    0.300ns
    Discrete Jitter          (DJ):    0.000ns
    Phase Error              (PE):    0.000ns

    Location             Delay type                Incr(ns)  Path(ns)    Netlist Resource(s)
  -------------------------------------------------------------------    -------------------
                         (clock clk_fpga_0 rise edge)
                                                      0.000     0.000 r  
    PS7_X0Y0             PS7                          0.000     0.000 r  cnn_system_i/processing_system7_0/inst/PS7_i/FCLKCLK[0]
                         net (fo=1, routed)           0.994     0.994    cnn_system_i/processing_system7_0/inst/FCLK_CLK_unbuffered[0]
    BUFGCTRL_X0Y16       BUFG (Prop_bufg_I_O)         0.085     1.079 r  cnn_system_i/processing_system7_0/inst/buffer_fclk_clk_0.FCLK_CLK_0_BUFG/O
                         net (fo=7971, routed)        1.459     2.538    cnn_system_i/axis_cnn_mnist_0/inst/u_conv2/u_calc/aclk
    SLICE_X84Y18         FDRE                                         r  cnn_system_i/axis_cnn_mnist_0/inst/u_conv2/u_calc/calc_state_reg_rep__4/C
  -------------------------------------------------------------------    -------------------
    SLICE_X84Y18         FDRE (Prop_fdre_C_Q)         0.379     2.917 r  cnn_system_i/axis_cnn_mnist_0/inst/u_conv2/u_calc/calc_state_reg_rep__4/Q
                         net (fo=57, routed)          5.697     8.614    cnn_system_i/axis_cnn_mnist_0/inst/u_conv2/u_calc/calc_state_reg_rep__4_n_0
    DSP48_X0Y11          DSP48E1                                      r  cnn_system_i/axis_cnn_mnist_0/inst/u_conv2/u_calc/product_s1_reg[0][0][8]/B[17]
  -------------------------------------------------------------------    -------------------

                         (clock clk_fpga_0 rise edge)
                                                     10.000    10.000 r  
    PS7_X0Y0             PS7                          0.000    10.000 r  cnn_system_i/processing_system7_0/inst/PS7_i/FCLKCLK[0]
                         net (fo=1, routed)           0.905    10.906    cnn_system_i/processing_system7_0/inst/FCLK_CLK_unbuffered[0]
    BUFGCTRL_X0Y16       BUFG (Prop_bufg_I_O)         0.077    10.983 r  cnn_system_i/processing_system7_0/inst/buffer_fclk_clk_0.FCLK_CLK_0_BUFG/O
                         net (fo=7971, routed)        1.398    12.381    cnn_system_i/axis_cnn_mnist_0/inst/u_conv2/u_calc/aclk
    DSP48_X0Y11          DSP48E1                                      r  cnn_system_i/axis_cnn_mnist_0/inst/u_conv2/u_calc/product_s1_reg[0][0][8]/CLK
                         clock pessimism              0.109    12.489    
                         clock uncertainty           -0.154    12.335    
    DSP48_X0Y11          DSP48E1 (Setup_dsp48e1_CLK_B[17])
                                                     -2.980     9.355    cnn_system_i/axis_cnn_mnist_0/inst/u_conv2/u_calc/product_s1_reg[0][0][8]
  -------------------------------------------------------------------
                         required time                          9.355    
                         arrival time                          -8.614    
  -------------------------------------------------------------------
                         slack                                  0.741    

Slack (MET) :             0.750ns  (required time - arrival time)
  Source:                 cnn_system_i/axis_cnn_mnist_0/inst/u_conv2/u_calc/calc_state_reg_rep__4/C
                            (rising edge-triggered cell FDRE clocked by clk_fpga_0  {rise@0.000ns fall@5.000ns period=10.000ns})
  Destination:            cnn_system_i/axis_cnn_mnist_0/inst/u_conv2/u_calc/product_s1_reg[2][0][2]/B[1]
                            (rising edge-triggered cell DSP48E1 clocked by clk_fpga_0  {rise@0.000ns fall@5.000ns period=10.000ns})
  Path Group:             clk_fpga_0
  Path Type:              Setup (Max at Slow Process Corner)
  Requirement:            10.000ns  (clk_fpga_0 rise@10.000ns - clk_fpga_0 rise@0.000ns)
  Data Path Delay:        6.068ns  (logic 0.379ns (6.246%)  route 5.689ns (93.754%))
  Logic Levels:           0  
  Clock Path Skew:        -0.049ns (DCD - SCD + CPR)
    Destination Clock Delay (DCD):    2.381ns = ( 12.381 - 10.000 ) 
    Source Clock Delay      (SCD):    2.538ns
    Clock Pessimism Removal (CPR):    0.109ns
  Clock Uncertainty:      0.154ns  ((TSJ^2 + TIJ^2)^1/2 + DJ) / 2 + PE
    Total System Jitter     (TSJ):    0.071ns
    Total Input Jitter      (TIJ):    0.300ns
    Discrete Jitter          (DJ):    0.000ns
    Phase Error              (PE):    0.000ns

    Location             Delay type                Incr(ns)  Path(ns)    Netlist Resource(s)
  -------------------------------------------------------------------    -------------------
                         (clock clk_fpga_0 rise edge)
                                                      0.000     0.000 r  
    PS7_X0Y0             PS7                          0.000     0.000 r  cnn_system_i/processing_system7_0/inst/PS7_i/FCLKCLK[0]
                         net (fo=1, routed)           0.994     0.994    cnn_system_i/processing_system7_0/inst/FCLK_CLK_unbuffered[0]
    BUFGCTRL_X0Y16       BUFG (Prop_bufg_I_O)         0.085     1.079 r  cnn_system_i/processing_system7_0/inst/buffer_fclk_clk_0.FCLK_CLK_0_BUFG/O
                         net (fo=7971, routed)        1.459     2.538    cnn_system_i/axis_cnn_mnist_0/inst/u_conv2/u_calc/aclk
    SLICE_X84Y18         FDRE                                         r  cnn_system_i/axis_cnn_mnist_0/inst/u_conv2/u_calc/calc_state_reg_rep__4/C
  -------------------------------------------------------------------    -------------------
    SLICE_X84Y18         FDRE (Prop_fdre_C_Q)         0.379     2.917 r  cnn_system_i/axis_cnn_mnist_0/inst/u_conv2/u_calc/calc_state_reg_rep__4/Q
                         net (fo=57, routed)          5.689     8.606    cnn_system_i/axis_cnn_mnist_0/inst/u_conv2/u_calc/calc_state_reg_rep__4_n_0
    DSP48_X1Y7           DSP48E1                                      r  cnn_system_i/axis_cnn_mnist_0/inst/u_conv2/u_calc/product_s1_reg[2][0][2]/B[1]
  -------------------------------------------------------------------    -------------------

                         (clock clk_fpga_0 rise edge)
                                                     10.000    10.000 r  
    PS7_X0Y0             PS7                          0.000    10.000 r  cnn_system_i/processing_system7_0/inst/PS7_i/FCLKCLK[0]
                         net (fo=1, routed)           0.905    10.906    cnn_system_i/processing_system7_0/inst/FCLK_CLK_unbuffered[0]
    BUFGCTRL_X0Y16       BUFG (Prop_bufg_I_O)         0.077    10.983 r  cnn_system_i/processing_system7_0/inst/buffer_fclk_clk_0.FCLK_CLK_0_BUFG/O
                         net (fo=7971, routed)        1.398    12.381    cnn_system_i/axis_cnn_mnist_0/inst/u_conv2/u_calc/aclk
    DSP48_X1Y7           DSP48E1                                      r  cnn_system_i/axis_cnn_mnist_0/inst/u_conv2/u_calc/product_s1_reg[2][0][2]/CLK
                         clock pessimism              0.109    12.489    
                         clock uncertainty           -0.154    12.335    
    DSP48_X1Y7           DSP48E1 (Setup_dsp48e1_CLK_B[1])
                                                     -2.980     9.355    cnn_system_i/axis_cnn_mnist_0/inst/u_conv2/u_calc/product_s1_reg[2][0][2]
  -------------------------------------------------------------------
                         required time                          9.355    
                         arrival time                          -8.606    
  -------------------------------------------------------------------
                         slack                                  0.750    

Slack (MET) :             0.753ns  (required time - arrival time)
  Source:                 cnn_system_i/axis_cnn_mnist_0/inst/u_conv2/u_calc/calc_state_reg_rep__4/C
                            (rising edge-triggered cell FDRE clocked by clk_fpga_0  {rise@0.000ns fall@5.000ns period=10.000ns})
  Destination:            cnn_system_i/axis_cnn_mnist_0/inst/u_conv2/u_calc/product_s1_reg[0][0][8]/B[14]
                            (rising edge-triggered cell DSP48E1 clocked by clk_fpga_0  {rise@0.000ns fall@5.000ns period=10.000ns})
  Path Group:             clk_fpga_0
  Path Type:              Setup (Max at Slow Process Corner)
  Requirement:            10.000ns  (clk_fpga_0 rise@10.000ns - clk_fpga_0 rise@0.000ns)
  Data Path Delay:        6.064ns  (logic 0.379ns (6.250%)  route 5.685ns (93.750%))
  Logic Levels:           0  
  Clock Path Skew:        -0.049ns (DCD - SCD + CPR)
    Destination Clock Delay (DCD):    2.381ns = ( 12.381 - 10.000 ) 
    Source Clock Delay      (SCD):    2.538ns
    Clock Pessimism Removal (CPR):    0.109ns
  Clock Uncertainty:      0.154ns  ((TSJ^2 + TIJ^2)^1/2 + DJ) / 2 + PE
    Total System Jitter     (TSJ):    0.071ns
    Total Input Jitter      (TIJ):    0.300ns
    Discrete Jitter          (DJ):    0.000ns
    Phase Error              (PE):    0.000ns

    Location             Delay type                Incr(ns)  Path(ns)    Netlist Resource(s)
  -------------------------------------------------------------------    -------------------
                         (clock clk_fpga_0 rise edge)
                                                      0.000     0.000 r  
    PS7_X0Y0             PS7                          0.000     0.000 r  cnn_system_i/processing_system7_0/inst/PS7_i/FCLKCLK[0]
                         net (fo=1, routed)           0.994     0.994    cnn_system_i/processing_system7_0/inst/FCLK_CLK_unbuffered[0]
    BUFGCTRL_X0Y16       BUFG (Prop_bufg_I_O)         0.085     1.079 r  cnn_system_i/processing_system7_0/inst/buffer_fclk_clk_0.FCLK_CLK_0_BUFG/O
                         net (fo=7971, routed)        1.459     2.538    cnn_system_i/axis_cnn_mnist_0/inst/u_conv2/u_calc/aclk
    SLICE_X84Y18         FDRE                                         r  cnn_system_i/axis_cnn_mnist_0/inst/u_conv2/u_calc/calc_state_reg_rep__4/C
  -------------------------------------------------------------------    -------------------
    SLICE_X84Y18         FDRE (Prop_fdre_C_Q)         0.379     2.917 r  cnn_system_i/axis_cnn_mnist_0/inst/u_conv2/u_calc/calc_state_reg_rep__4/Q
                         net (fo=57, routed)          5.685     8.602    cnn_system_i/axis_cnn_mnist_0/inst/u_conv2/u_calc/calc_state_reg_rep__4_n_0
    DSP48_X0Y11          DSP48E1                                      r  cnn_system_i/axis_cnn_mnist_0/inst/u_conv2/u_calc/product_s1_reg[0][0][8]/B[14]
  -------------------------------------------------------------------    -------------------

                         (clock clk_fpga_0 rise edge)
                                                     10.000    10.000 r  
    PS7_X0Y0             PS7                          0.000    10.000 r  cnn_system_i/processing_system7_0/inst/PS7_i/FCLKCLK[0]
                         net (fo=1, routed)           0.905    10.906    cnn_system_i/processing_system7_0/inst/FCLK_CLK_unbuffered[0]
    BUFGCTRL_X0Y16       BUFG (Prop_bufg_I_O)         0.077    10.983 r  cnn_system_i/processing_system7_0/inst/buffer_fclk_clk_0.FCLK_CLK_0_BUFG/O
                         net (fo=7971, routed)        1.398    12.381    cnn_system_i/axis_cnn_mnist_0/inst/u_conv2/u_calc/aclk
    DSP48_X0Y11          DSP48E1                                      r  cnn_system_i/axis_cnn_mnist_0/inst/u_conv2/u_calc/product_s1_reg[0][0][8]/CLK
                         clock pessimism              0.109    12.489    
                         clock uncertainty           -0.154    12.335    
    DSP48_X0Y11          DSP48E1 (Setup_dsp48e1_CLK_B[14])
                                                     -2.980     9.355    cnn_system_i/axis_cnn_mnist_0/inst/u_conv2/u_calc/product_s1_reg[0][0][8]
  -------------------------------------------------------------------
                         required time                          9.355    
                         arrival time                          -8.602    
  -------------------------------------------------------------------
                         slack                                  0.753    

Slack (MET) :             0.753ns  (required time - arrival time)
  Source:                 cnn_system_i/axis_cnn_mnist_0/inst/u_conv2/u_calc/calc_state_reg_rep__4/C
                            (rising edge-triggered cell FDRE clocked by clk_fpga_0  {rise@0.000ns fall@5.000ns period=10.000ns})
  Destination:            cnn_system_i/axis_cnn_mnist_0/inst/u_conv2/u_calc/product_s1_reg[0][0][8]/B[15]
                            (rising edge-triggered cell DSP48E1 clocked by clk_fpga_0  {rise@0.000ns fall@5.000ns period=10.000ns})
  Path Group:             clk_fpga_0
  Path Type:              Setup (Max at Slow Process Corner)
  Requirement:            10.000ns  (clk_fpga_0 rise@10.000ns - clk_fpga_0 rise@0.000ns)
  Data Path Delay:        6.064ns  (logic 0.379ns (6.250%)  route 5.685ns (93.750%))
  Logic Levels:           0  
  Clock Path Skew:        -0.049ns (DCD - SCD + CPR)
    Destination Clock Delay (DCD):    2.381ns = ( 12.381 - 10.000 ) 
    Source Clock Delay      (SCD):    2.538ns
    Clock Pessimism Removal (CPR):    0.109ns
  Clock Uncertainty:      0.154ns  ((TSJ^2 + TIJ^2)^1/2 + DJ) / 2 + PE
    Total System Jitter     (TSJ):    0.071ns
    Total Input Jitter      (TIJ):    0.300ns
    Discrete Jitter          (DJ):    0.000ns
    Phase Error              (PE):    0.000ns

    Location             Delay type                Incr(ns)  Path(ns)    Netlist Resource(s)
  -------------------------------------------------------------------    -------------------
                         (clock clk_fpga_0 rise edge)
                                                      0.000     0.000 r  
    PS7_X0Y0             PS7                          0.000     0.000 r  cnn_system_i/processing_system7_0/inst/PS7_i/FCLKCLK[0]
                         net (fo=1, routed)           0.994     0.994    cnn_system_i/processing_system7_0/inst/FCLK_CLK_unbuffered[0]
    BUFGCTRL_X0Y16       BUFG (Prop_bufg_I_O)         0.085     1.079 r  cnn_system_i/processing_system7_0/inst/buffer_fclk_clk_0.FCLK_CLK_0_BUFG/O
                         net (fo=7971, routed)        1.459     2.538    cnn_system_i/axis_cnn_mnist_0/inst/u_conv2/u_calc/aclk
    SLICE_X84Y18         FDRE                                         r  cnn_system_i/axis_cnn_mnist_0/inst/u_conv2/u_calc/calc_state_reg_rep__4/C
  -------------------------------------------------------------------    -------------------
    SLICE_X84Y18         FDRE (Prop_fdre_C_Q)         0.379     2.917 r  cnn_system_i/axis_cnn_mnist_0/inst/u_conv2/u_calc/calc_state_reg_rep__4/Q
                         net (fo=57, routed)          5.685     8.602    cnn_system_i/axis_cnn_mnist_0/inst/u_conv2/u_calc/calc_state_reg_rep__4_n_0
    DSP48_X0Y11          DSP48E1                                      r  cnn_system_i/axis_cnn_mnist_0/inst/u_conv2/u_calc/product_s1_reg[0][0][8]/B[15]
  -------------------------------------------------------------------    -------------------

                         (clock clk_fpga_0 rise edge)
                                                     10.000    10.000 r  
    PS7_X0Y0             PS7                          0.000    10.000 r  cnn_system_i/processing_system7_0/inst/PS7_i/FCLKCLK[0]
                         net (fo=1, routed)           0.905    10.906    cnn_system_i/processing_system7_0/inst/FCLK_CLK_unbuffered[0]
    BUFGCTRL_X0Y16       BUFG (Prop_bufg_I_O)         0.077    10.983 r  cnn_system_i/processing_system7_0/inst/buffer_fclk_clk_0.FCLK_CLK_0_BUFG/O
                         net (fo=7971, routed)        1.398    12.381    cnn_system_i/axis_cnn_mnist_0/inst/u_conv2/u_calc/aclk
    DSP48_X0Y11          DSP48E1                                      r  cnn_system_i/axis_cnn_mnist_0/inst/u_conv2/u_calc/product_s1_reg[0][0][8]/CLK
                         clock pessimism              0.109    12.489    
                         clock uncertainty           -0.154    12.335    
    DSP48_X0Y11          DSP48E1 (Setup_dsp48e1_CLK_B[15])
                                                     -2.980     9.355    cnn_system_i/axis_cnn_mnist_0/inst/u_conv2/u_calc/product_s1_reg[0][0][8]
  -------------------------------------------------------------------
                         required time                          9.355    
                         arrival time                          -8.602    
  -------------------------------------------------------------------
                         slack                                  0.753    

Slack (MET) :             0.769ns  (required time - arrival time)
  Source:                 cnn_system_i/axis_cnn_mnist_0/inst/u_conv2/u_calc/calc_state_reg_rep__4/C
                            (rising edge-triggered cell FDRE clocked by clk_fpga_0  {rise@0.000ns fall@5.000ns period=10.000ns})
  Destination:            cnn_system_i/axis_cnn_mnist_0/inst/u_conv2/u_calc/product_s1_reg[3][0][0]/B[14]
                            (rising edge-triggered cell DSP48E1 clocked by clk_fpga_0  {rise@0.000ns fall@5.000ns period=10.000ns})
  Path Group:             clk_fpga_0
  Path Type:              Setup (Max at Slow Process Corner)
  Requirement:            10.000ns  (clk_fpga_0 rise@10.000ns - clk_fpga_0 rise@0.000ns)
  Data Path Delay:        6.059ns  (logic 0.379ns (6.255%)  route 5.680ns (93.745%))
  Logic Levels:           0  
  Clock Path Skew:        -0.038ns (DCD - SCD + CPR)
    Destination Clock Delay (DCD):    2.392ns = ( 12.392 - 10.000 ) 
    Source Clock Delay      (SCD):    2.538ns
    Clock Pessimism Removal (CPR):    0.109ns
  Clock Uncertainty:      0.154ns  ((TSJ^2 + TIJ^2)^1/2 + DJ) / 2 + PE
    Total System Jitter     (TSJ):    0.071ns
    Total Input Jitter      (TIJ):    0.300ns
    Discrete Jitter          (DJ):    0.000ns
    Phase Error              (PE):    0.000ns

    Location             Delay type                Incr(ns)  Path(ns)    Netlist Resource(s)
  -------------------------------------------------------------------    -------------------
                         (clock clk_fpga_0 rise edge)
                                                      0.000     0.000 r  
    PS7_X0Y0             PS7                          0.000     0.000 r  cnn_system_i/processing_system7_0/inst/PS7_i/FCLKCLK[0]
                         net (fo=1, routed)           0.994     0.994    cnn_system_i/processing_system7_0/inst/FCLK_CLK_unbuffered[0]
    BUFGCTRL_X0Y16       BUFG (Prop_bufg_I_O)         0.085     1.079 r  cnn_system_i/processing_system7_0/inst/buffer_fclk_clk_0.FCLK_CLK_0_BUFG/O
                         net (fo=7971, routed)        1.459     2.538    cnn_system_i/axis_cnn_mnist_0/inst/u_conv2/u_calc/aclk
    SLICE_X84Y18         FDRE                                         r  cnn_system_i/axis_cnn_mnist_0/inst/u_conv2/u_calc/calc_state_reg_rep__4/C
  -------------------------------------------------------------------    -------------------
    SLICE_X84Y18         FDRE (Prop_fdre_C_Q)         0.379     2.917 r  cnn_system_i/axis_cnn_mnist_0/inst/u_conv2/u_calc/calc_state_reg_rep__4/Q
                         net (fo=57, routed)          5.680     8.597    cnn_system_i/axis_cnn_mnist_0/inst/u_conv2/u_calc/calc_state_reg_rep__4_n_0
    DSP48_X0Y3           DSP48E1                                      r  cnn_system_i/axis_cnn_mnist_0/inst/u_conv2/u_calc/product_s1_reg[3][0][0]/B[14]
  -------------------------------------------------------------------    -------------------

                         (clock clk_fpga_0 rise edge)
                                                     10.000    10.000 r  
    PS7_X0Y0             PS7                          0.000    10.000 r  cnn_system_i/processing_system7_0/inst/PS7_i/FCLKCLK[0]
                         net (fo=1, routed)           0.905    10.906    cnn_system_i/processing_system7_0/inst/FCLK_CLK_unbuffered[0]
    BUFGCTRL_X0Y16       BUFG (Prop_bufg_I_O)         0.077    10.983 r  cnn_system_i/processing_system7_0/inst/buffer_fclk_clk_0.FCLK_CLK_0_BUFG/O
                         net (fo=7971, routed)        1.409    12.392    cnn_system_i/axis_cnn_mnist_0/inst/u_conv2/u_calc/aclk
    DSP48_X0Y3           DSP48E1                                      r  cnn_system_i/axis_cnn_mnist_0/inst/u_conv2/u_calc/product_s1_reg[3][0][0]/CLK
                         clock pessimism              0.109    12.500    
                         clock uncertainty           -0.154    12.346    
    DSP48_X0Y3           DSP48E1 (Setup_dsp48e1_CLK_B[14])
                                                     -2.980     9.366    cnn_system_i/axis_cnn_mnist_0/inst/u_conv2/u_calc/product_s1_reg[3][0][0]
  -------------------------------------------------------------------
                         required time                          9.366    
                         arrival time                          -8.597    
  -------------------------------------------------------------------
                         slack                                  0.769    





Min Delay Paths
--------------------------------------------------------------------------------------
Slack (MET) :             0.036ns  (arrival time - required time)
  Source:                 cnn_system_i/axi_smc_1/inst/s00_nodes/s00_w_node/inst/inst_mi_handler/gen_normal_area.gen_upsizer.inst_upsizer/gen_w_ch.accum_reg[bytes][0][userdata][1]/C
                            (rising edge-triggered cell FDRE clocked by clk_fpga_0  {rise@0.000ns fall@5.000ns period=10.000ns})
  Destination:            cnn_system_i/axi_smc_1/inst/s00_nodes/s00_w_node/inst/inst_mi_handler/gen_normal_area.inst_fifo_node_payld/gen_xpm_memory_fifo.inst_fifo/gen_mem_rep[0].inst_xpm_memory/xpm_memory_base_inst/gen_wr_a.gen_word_narrow.mem_reg_0_31_18_23/RAMA/I
                            (rising edge-triggered cell RAMD32 clocked by clk_fpga_0  {rise@0.000ns fall@5.000ns period=10.000ns})
  Path Group:             clk_fpga_0
  Path Type:              Hold (Min at Fast Process Corner)
  Requirement:            0.000ns  (clk_fpga_0 rise@0.000ns - clk_fpga_0 rise@0.000ns)
  Data Path Delay:        0.196ns  (logic 0.141ns (71.838%)  route 0.055ns (28.162%))
  Logic Levels:           0  
  Clock Path Skew:        0.013ns (DCD - SCD - CPR)
    Destination Clock Delay (DCD):    1.208ns
    Source Clock Delay      (SCD):    0.908ns
    Clock Pessimism Removal (CPR):    0.287ns

    Location             Delay type                Incr(ns)  Path(ns)    Netlist Resource(s)
  -------------------------------------------------------------------    -------------------
                         (clock clk_fpga_0 rise edge)
                                                      0.000     0.000 r  
    PS7_X0Y0             PS7                          0.000     0.000 r  cnn_system_i/processing_system7_0/inst/PS7_i/FCLKCLK[0]
                         net (fo=1, routed)           0.310     0.310    cnn_system_i/processing_system7_0/inst/FCLK_CLK_unbuffered[0]
    BUFGCTRL_X0Y16       BUFG (Prop_bufg_I_O)         0.026     0.336 r  cnn_system_i/processing_system7_0/inst/buffer_fclk_clk_0.FCLK_CLK_0_BUFG/O
                         net (fo=7971, routed)        0.572     0.908    cnn_system_i/axi_smc_1/inst/s00_nodes/s00_w_node/inst/inst_mi_handler/gen_normal_area.gen_upsizer.inst_upsizer/s_sc_aclk
    SLICE_X27Y57         FDRE                                         r  cnn_system_i/axi_smc_1/inst/s00_nodes/s00_w_node/inst/inst_mi_handler/gen_normal_area.gen_upsizer.inst_upsizer/gen_w_ch.accum_reg[bytes][0][userdata][1]/C
  -------------------------------------------------------------------    -------------------
    SLICE_X27Y57         FDRE (Prop_fdre_C_Q)         0.141     1.049 r  cnn_system_i/axi_smc_1/inst/s00_nodes/s00_w_node/inst/inst_mi_handler/gen_normal_area.gen_upsizer.inst_upsizer/gen_w_ch.accum_reg[bytes][0][userdata][1]/Q
                         net (fo=1, routed)           0.055     1.104    cnn_system_i/axi_smc_1/inst/s00_nodes/s00_w_node/inst/inst_mi_handler/gen_normal_area.inst_fifo_node_payld/gen_xpm_memory_fifo.inst_fifo/gen_mem_rep[0].inst_xpm_memory/xpm_memory_base_inst/gen_wr_a.gen_word_narrow.mem_reg_0_31_18_23/DIA0
    SLICE_X26Y57         RAMD32                                       r  cnn_system_i/axi_smc_1/inst/s00_nodes/s00_w_node/inst/inst_mi_handler/gen_normal_area.inst_fifo_node_payld/gen_xpm_memory_fifo.inst_fifo/gen_mem_rep[0].inst_xpm_memory/xpm_memory_base_inst/gen_wr_a.gen_word_narrow.mem_reg_0_31_18_23/RAMA/I
  -------------------------------------------------------------------    -------------------

                         (clock clk_fpga_0 rise edge)
                                                      0.000     0.000 r  
    PS7_X0Y0             PS7                          0.000     0.000 r  cnn_system_i/processing_system7_0/inst/PS7_i/FCLKCLK[0]
                         net (fo=1, routed)           0.337     0.337    cnn_system_i/processing_system7_0/inst/FCLK_CLK_unbuffered[0]
    BUFGCTRL_X0Y16       BUFG (Prop_bufg_I_O)         0.029     0.366 r  cnn_system_i/processing_system7_0/inst/buffer_fclk_clk_0.FCLK_CLK_0_BUFG/O
                         net (fo=7971, routed)        0.842     1.208    cnn_system_i/axi_smc_1/inst/s00_nodes/s00_w_node/inst/inst_mi_handler/gen_normal_area.inst_fifo_node_payld/gen_xpm_memory_fifo.inst_fifo/gen_mem_rep[0].inst_xpm_memory/xpm_memory_base_inst/gen_wr_a.gen_word_narrow.mem_reg_0_31_18_23/WCLK
    SLICE_X26Y57         RAMD32                                       r  cnn_system_i/axi_smc_1/inst/s00_nodes/s00_w_node/inst/inst_mi_handler/gen_normal_area.inst_fifo_node_payld/gen_xpm_memory_fifo.inst_fifo/gen_mem_rep[0].inst_xpm_memory/xpm_memory_base_inst/gen_wr_a.gen_word_narrow.mem_reg_0_31_18_23/RAMA/CLK
                         clock pessimism             -0.287     0.921    
    SLICE_X26Y57         RAMD32 (Hold_ramd32_CLK_I)
                                                      0.147     1.068    cnn_system_i/axi_smc_1/inst/s00_nodes/s00_w_node/inst/inst_mi_handler/gen_normal_area.inst_fifo_node_payld/gen_xpm_memory_fifo.inst_fifo/gen_mem_rep[0].inst_xpm_memory/xpm_memory_base_inst/gen_wr_a.gen_word_narrow.mem_reg_0_31_18_23/RAMA
  -------------------------------------------------------------------
                         required time                         -1.068    
                         arrival time                           1.104    
  -------------------------------------------------------------------
                         slack                                  0.036    

Slack (MET) :             0.036ns  (arrival time - required time)
  Source:                 cnn_system_i/axi_smc_1/inst/s00_nodes/s00_w_node/inst/inst_mi_handler/gen_normal_area.gen_upsizer.inst_upsizer/gen_w_ch.accum_reg[bytes][4][userdata][1]/C
                            (rising edge-triggered cell FDRE clocked by clk_fpga_0  {rise@0.000ns fall@5.000ns period=10.000ns})
  Destination:            cnn_system_i/axi_smc_1/inst/s00_nodes/s00_w_node/inst/inst_mi_handler/gen_normal_area.inst_fifo_node_payld/gen_xpm_memory_fifo.inst_fifo/gen_mem_rep[0].inst_xpm_memory/xpm_memory_base_inst/gen_wr_a.gen_word_narrow.mem_reg_0_31_54_59/RAMA/I
                            (rising edge-triggered cell RAMD32 clocked by clk_fpga_0  {rise@0.000ns fall@5.000ns period=10.000ns})
  Path Group:             clk_fpga_0
  Path Type:              Hold (Min at Fast Process Corner)
  Requirement:            0.000ns  (clk_fpga_0 rise@0.000ns - clk_fpga_0 rise@0.000ns)
  Data Path Delay:        0.196ns  (logic 0.141ns (71.838%)  route 0.055ns (28.162%))
  Logic Levels:           0  
  Clock Path Skew:        0.013ns (DCD - SCD - CPR)
    Destination Clock Delay (DCD):    1.208ns
    Source Clock Delay      (SCD):    0.908ns
    Clock Pessimism Removal (CPR):    0.287ns

    Location             Delay type                Incr(ns)  Path(ns)    Netlist Resource(s)
  -------------------------------------------------------------------    -------------------
                         (clock clk_fpga_0 rise edge)
                                                      0.000     0.000 r  
    PS7_X0Y0             PS7                          0.000     0.000 r  cnn_system_i/processing_system7_0/inst/PS7_i/FCLKCLK[0]
                         net (fo=1, routed)           0.310     0.310    cnn_system_i/processing_system7_0/inst/FCLK_CLK_unbuffered[0]
    BUFGCTRL_X0Y16       BUFG (Prop_bufg_I_O)         0.026     0.336 r  cnn_system_i/processing_system7_0/inst/buffer_fclk_clk_0.FCLK_CLK_0_BUFG/O
                         net (fo=7971, routed)        0.572     0.908    cnn_system_i/axi_smc_1/inst/s00_nodes/s00_w_node/inst/inst_mi_handler/gen_normal_area.gen_upsizer.inst_upsizer/s_sc_aclk
    SLICE_X27Y58         FDRE                                         r  cnn_system_i/axi_smc_1/inst/s00_nodes/s00_w_node/inst/inst_mi_handler/gen_normal_area.gen_upsizer.inst_upsizer/gen_w_ch.accum_reg[bytes][4][userdata][1]/C
  -------------------------------------------------------------------    -------------------
    SLICE_X27Y58         FDRE (Prop_fdre_C_Q)         0.141     1.049 r  cnn_system_i/axi_smc_1/inst/s00_nodes/s00_w_node/inst/inst_mi_handler/gen_normal_area.gen_upsizer.inst_upsizer/gen_w_ch.accum_reg[bytes][4][userdata][1]/Q
                         net (fo=1, routed)           0.055     1.104    cnn_system_i/axi_smc_1/inst/s00_nodes/s00_w_node/inst/inst_mi_handler/gen_normal_area.inst_fifo_node_payld/gen_xpm_memory_fifo.inst_fifo/gen_mem_rep[0].inst_xpm_memory/xpm_memory_base_inst/gen_wr_a.gen_word_narrow.mem_reg_0_31_54_59/DIA0
    SLICE_X26Y58         RAMD32                                       r  cnn_system_i/axi_smc_1/inst/s00_nodes/s00_w_node/inst/inst_mi_handler/gen_normal_area.inst_fifo_node_payld/gen_xpm_memory_fifo.inst_fifo/gen_mem_rep[0].inst_xpm_memory/xpm_memory_base_inst/gen_wr_a.gen_word_narrow.mem_reg_0_31_54_59/RAMA/I
  -------------------------------------------------------------------    -------------------

                         (clock clk_fpga_0 rise edge)
                                                      0.000     0.000 r  
    PS7_X0Y0             PS7                          0.000     0.000 r  cnn_system_i/processing_system7_0/inst/PS7_i/FCLKCLK[0]
                         net (fo=1, routed)           0.337     0.337    cnn_system_i/processing_system7_0/inst/FCLK_CLK_unbuffered[0]
    BUFGCTRL_X0Y16       BUFG (Prop_bufg_I_O)         0.029     0.366 r  cnn_system_i/processing_system7_0/inst/buffer_fclk_clk_0.FCLK_CLK_0_BUFG/O
                         net (fo=7971, routed)        0.842     1.208    cnn_system_i/axi_smc_1/inst/s00_nodes/s00_w_node/inst/inst_mi_handler/gen_normal_area.inst_fifo_node_payld/gen_xpm_memory_fifo.inst_fifo/gen_mem_rep[0].inst_xpm_memory/xpm_memory_base_inst/gen_wr_a.gen_word_narrow.mem_reg_0_31_54_59/WCLK
    SLICE_X26Y58         RAMD32                                       r  cnn_system_i/axi_smc_1/inst/s00_nodes/s00_w_node/inst/inst_mi_handler/gen_normal_area.inst_fifo_node_payld/gen_xpm_memory_fifo.inst_fifo/gen_mem_rep[0].inst_xpm_memory/xpm_memory_base_inst/gen_wr_a.gen_word_narrow.mem_reg_0_31_54_59/RAMA/CLK
                         clock pessimism             -0.287     0.921    
    SLICE_X26Y58         RAMD32 (Hold_ramd32_CLK_I)
                                                      0.147     1.068    cnn_system_i/axi_smc_1/inst/s00_nodes/s00_w_node/inst/inst_mi_handler/gen_normal_area.inst_fifo_node_payld/gen_xpm_memory_fifo.inst_fifo/gen_mem_rep[0].inst_xpm_memory/xpm_memory_base_inst/gen_wr_a.gen_word_narrow.mem_reg_0_31_54_59/RAMA
  -------------------------------------------------------------------
                         required time                         -1.068    
                         arrival time                           1.104    
  -------------------------------------------------------------------
                         slack                                  0.036    

Slack (MET) :             0.036ns  (arrival time - required time)
  Source:                 cnn_system_i/axi_smc_1/inst/s00_nodes/s00_w_node/inst/inst_mi_handler/gen_normal_area.gen_upsizer.inst_upsizer/gen_w_ch.accum_reg[bytes][4][userdata][7]/C
                            (rising edge-triggered cell FDRE clocked by clk_fpga_0  {rise@0.000ns fall@5.000ns period=10.000ns})
  Destination:            cnn_system_i/axi_smc_1/inst/s00_nodes/s00_w_node/inst/inst_mi_handler/gen_normal_area.inst_fifo_node_payld/gen_xpm_memory_fifo.inst_fifo/gen_mem_rep[0].inst_xpm_memory/xpm_memory_base_inst/gen_wr_a.gen_word_narrow.mem_reg_0_31_60_65/RAMA/I
                            (rising edge-triggered cell RAMD32 clocked by clk_fpga_0  {rise@0.000ns fall@5.000ns period=10.000ns})
  Path Group:             clk_fpga_0
  Path Type:              Hold (Min at Fast Process Corner)
  Requirement:            0.000ns  (clk_fpga_0 rise@0.000ns - clk_fpga_0 rise@0.000ns)
  Data Path Delay:        0.196ns  (logic 0.141ns (71.838%)  route 0.055ns (28.162%))
  Logic Levels:           0  
  Clock Path Skew:        0.013ns (DCD - SCD - CPR)
    Destination Clock Delay (DCD):    1.208ns
    Source Clock Delay      (SCD):    0.908ns
    Clock Pessimism Removal (CPR):    0.287ns

    Location             Delay type                Incr(ns)  Path(ns)    Netlist Resource(s)
  -------------------------------------------------------------------    -------------------
                         (clock clk_fpga_0 rise edge)
                                                      0.000     0.000 r  
    PS7_X0Y0             PS7                          0.000     0.000 r  cnn_system_i/processing_system7_0/inst/PS7_i/FCLKCLK[0]
                         net (fo=1, routed)           0.310     0.310    cnn_system_i/processing_system7_0/inst/FCLK_CLK_unbuffered[0]
    BUFGCTRL_X0Y16       BUFG (Prop_bufg_I_O)         0.026     0.336 r  cnn_system_i/processing_system7_0/inst/buffer_fclk_clk_0.FCLK_CLK_0_BUFG/O
                         net (fo=7971, routed)        0.572     0.908    cnn_system_i/axi_smc_1/inst/s00_nodes/s00_w_node/inst/inst_mi_handler/gen_normal_area.gen_upsizer.inst_upsizer/s_sc_aclk
    SLICE_X27Y59         FDRE                                         r  cnn_system_i/axi_smc_1/inst/s00_nodes/s00_w_node/inst/inst_mi_handler/gen_normal_area.gen_upsizer.inst_upsizer/gen_w_ch.accum_reg[bytes][4][userdata][7]/C
  -------------------------------------------------------------------    -------------------
    SLICE_X27Y59         FDRE (Prop_fdre_C_Q)         0.141     1.049 r  cnn_system_i/axi_smc_1/inst/s00_nodes/s00_w_node/inst/inst_mi_handler/gen_normal_area.gen_upsizer.inst_upsizer/gen_w_ch.accum_reg[bytes][4][userdata][7]/Q
                         net (fo=1, routed)           0.055     1.104    cnn_system_i/axi_smc_1/inst/s00_nodes/s00_w_node/inst/inst_mi_handler/gen_normal_area.inst_fifo_node_payld/gen_xpm_memory_fifo.inst_fifo/gen_mem_rep[0].inst_xpm_memory/xpm_memory_base_inst/gen_wr_a.gen_word_narrow.mem_reg_0_31_60_65/DIA0
    SLICE_X26Y59         RAMD32                                       r  cnn_system_i/axi_smc_1/inst/s00_nodes/s00_w_node/inst/inst_mi_handler/gen_normal_area.inst_fifo_node_payld/gen_xpm_memory_fifo.inst_fifo/gen_mem_rep[0].inst_xpm_memory/xpm_memory_base_inst/gen_wr_a.gen_word_narrow.mem_reg_0_31_60_65/RAMA/I
  -------------------------------------------------------------------    -------------------

                         (clock clk_fpga_0 rise edge)
                                                      0.000     0.000 r  
    PS7_X0Y0             PS7                          0.000     0.000 r  cnn_system_i/processing_system7_0/inst/PS7_i/FCLKCLK[0]
                         net (fo=1, routed)           0.337     0.337    cnn_system_i/processing_system7_0/inst/FCLK_CLK_unbuffered[0]
    BUFGCTRL_X0Y16       BUFG (Prop_bufg_I_O)         0.029     0.366 r  cnn_system_i/processing_system7_0/inst/buffer_fclk_clk_0.FCLK_CLK_0_BUFG/O
                         net (fo=7971, routed)        0.842     1.208    cnn_system_i/axi_smc_1/inst/s00_nodes/s00_w_node/inst/inst_mi_handler/gen_normal_area.inst_fifo_node_payld/gen_xpm_memory_fifo.inst_fifo/gen_mem_rep[0].inst_xpm_memory/xpm_memory_base_inst/gen_wr_a.gen_word_narrow.mem_reg_0_31_60_65/WCLK
    SLICE_X26Y59         RAMD32                                       r  cnn_system_i/axi_smc_1/inst/s00_nodes/s00_w_node/inst/inst_mi_handler/gen_normal_area.inst_fifo_node_payld/gen_xpm_memory_fifo.inst_fifo/gen_mem_rep[0].inst_xpm_memory/xpm_memory_base_inst/gen_wr_a.gen_word_narrow.mem_reg_0_31_60_65/RAMA/CLK
                         clock pessimism             -0.287     0.921    
    SLICE_X26Y59         RAMD32 (Hold_ramd32_CLK_I)
                                                      0.147     1.068    cnn_system_i/axi_smc_1/inst/s00_nodes/s00_w_node/inst/inst_mi_handler/gen_normal_area.inst_fifo_node_payld/gen_xpm_memory_fifo.inst_fifo/gen_mem_rep[0].inst_xpm_memory/xpm_memory_base_inst/gen_wr_a.gen_word_narrow.mem_reg_0_31_60_65/RAMA
  -------------------------------------------------------------------
                         required time                         -1.068    
                         arrival time                           1.104    
  -------------------------------------------------------------------
                         slack                                  0.036    

Slack (MET) :             0.055ns  (arrival time - required time)
  Source:                 cnn_system_i/axis_cnn_mnist_0/inst/u_conv1/u_conv1_calc/conv_channels[3].stg1_mult_reg[6][9]/C
                            (rising edge-triggered cell FDRE clocked by clk_fpga_0  {rise@0.000ns fall@5.000ns period=10.000ns})
  Destination:            cnn_system_i/axis_cnn_mnist_0/inst/u_conv1/u_conv1_calc/conv_channels[3].stg2_add_reg[3][9]/D
                            (rising edge-triggered cell FDRE clocked by clk_fpga_0  {rise@0.000ns fall@5.000ns period=10.000ns})
  Path Group:             clk_fpga_0
  Path Type:              Hold (Min at Fast Process Corner)
  Requirement:            0.000ns  (clk_fpga_0 rise@0.000ns - clk_fpga_0 rise@0.000ns)
  Data Path Delay:        0.417ns  (logic 0.249ns (59.696%)  route 0.168ns (40.304%))
  Logic Levels:           2  (CARRY4=1 LUT2=1)
  Clock Path Skew:        0.257ns (DCD - SCD - CPR)
    Destination Clock Delay (DCD):    1.180ns
    Source Clock Delay      (SCD):    0.888ns
    Clock Pessimism Removal (CPR):    0.035ns

    Location             Delay type                Incr(ns)  Path(ns)    Netlist Resource(s)
  -------------------------------------------------------------------    -------------------
                         (clock clk_fpga_0 rise edge)
                                                      0.000     0.000 r  
    PS7_X0Y0             PS7                          0.000     0.000 r  cnn_system_i/processing_system7_0/inst/PS7_i/FCLKCLK[0]
                         net (fo=1, routed)           0.310     0.310    cnn_system_i/processing_system7_0/inst/FCLK_CLK_unbuffered[0]
    BUFGCTRL_X0Y16       BUFG (Prop_bufg_I_O)         0.026     0.336 r  cnn_system_i/processing_system7_0/inst/buffer_fclk_clk_0.FCLK_CLK_0_BUFG/O
                         net (fo=7971, routed)        0.552     0.888    cnn_system_i/axis_cnn_mnist_0/inst/u_conv1/u_conv1_calc/aclk
    SLICE_X49Y29         FDRE                                         r  cnn_system_i/axis_cnn_mnist_0/inst/u_conv1/u_conv1_calc/conv_channels[3].stg1_mult_reg[6][9]/C
  -------------------------------------------------------------------    -------------------
    SLICE_X49Y29         FDRE (Prop_fdre_C_Q)         0.141     1.029 r  cnn_system_i/axis_cnn_mnist_0/inst/u_conv1/u_conv1_calc/conv_channels[3].stg1_mult_reg[6][9]/Q
                         net (fo=2, routed)           0.168     1.197    cnn_system_i/axis_cnn_mnist_0/inst/u_conv1/u_conv1_calc/conv_channels[3].stg1_mult_reg_n_0_[6][9]
    SLICE_X53Y29         LUT2 (Prop_lut2_I0_O)        0.045     1.242 r  cnn_system_i/axis_cnn_mnist_0/inst/u_conv1/u_conv1_calc/conv_channels[3].stg2_add[3][9]_i_2/O
                         net (fo=1, routed)           0.000     1.242    cnn_system_i/axis_cnn_mnist_0/inst/u_conv1/u_conv1_calc/conv_channels[3].stg2_add[3][9]_i_2_n_0
    SLICE_X53Y29         CARRY4 (Prop_carry4_S[3]_O[3])
                                                      0.063     1.305 r  cnn_system_i/axis_cnn_mnist_0/inst/u_conv1/u_conv1_calc/conv_channels[3].stg2_add_reg[3][9]_i_1/O[3]
                         net (fo=1, routed)           0.000     1.305    cnn_system_i/axis_cnn_mnist_0/inst/u_conv1/u_conv1_calc/conv_channels[3].stg2_add_reg[3][9]_i_1_n_4
    SLICE_X53Y29         FDRE                                         r  cnn_system_i/axis_cnn_mnist_0/inst/u_conv1/u_conv1_calc/conv_channels[3].stg2_add_reg[3][9]/D
  -------------------------------------------------------------------    -------------------

                         (clock clk_fpga_0 rise edge)
                                                      0.000     0.000 r  
    PS7_X0Y0             PS7                          0.000     0.000 r  cnn_system_i/processing_system7_0/inst/PS7_i/FCLKCLK[0]
                         net (fo=1, routed)           0.337     0.337    cnn_system_i/processing_system7_0/inst/FCLK_CLK_unbuffered[0]
    BUFGCTRL_X0Y16       BUFG (Prop_bufg_I_O)         0.029     0.366 r  cnn_system_i/processing_system7_0/inst/buffer_fclk_clk_0.FCLK_CLK_0_BUFG/O
                         net (fo=7971, routed)        0.814     1.180    cnn_system_i/axis_cnn_mnist_0/inst/u_conv1/u_conv1_calc/aclk
    SLICE_X53Y29         FDRE                                         r  cnn_system_i/axis_cnn_mnist_0/inst/u_conv1/u_conv1_calc/conv_channels[3].stg2_add_reg[3][9]/C
                         clock pessimism             -0.035     1.145    
    SLICE_X53Y29         FDRE (Hold_fdre_C_D)         0.105     1.250    cnn_system_i/axis_cnn_mnist_0/inst/u_conv1/u_conv1_calc/conv_channels[3].stg2_add_reg[3][9]
  -------------------------------------------------------------------
                         required time                         -1.250    
                         arrival time                           1.305    
  -------------------------------------------------------------------
                         slack                                  0.055    

Slack (MET) :             0.058ns  (arrival time - required time)
  Source:                 cnn_system_i/axi_dma_0/U0/I_PRMRY_DATAMOVER/GEN_MM2S_FULL.I_MM2S_FULL_WRAPPER/I_CMD_STATUS/I_CMD_FIFO/USE_SINGLE_REG.sig_regfifo_dout_reg_reg[64]/C
                            (rising edge-triggered cell FDRE clocked by clk_fpga_0  {rise@0.000ns fall@5.000ns period=10.000ns})
  Destination:            cnn_system_i/axi_dma_0/U0/I_PRMRY_DATAMOVER/GEN_MM2S_FULL.I_MM2S_FULL_WRAPPER/I_MSTR_PCC/sig_addr_cntr_im0_msh_reg[13]/D
                            (rising edge-triggered cell FDRE clocked by clk_fpga_0  {rise@0.000ns fall@5.000ns period=10.000ns})
  Path Group:             clk_fpga_0
  Path Type:              Hold (Min at Fast Process Corner)
  Requirement:            0.000ns  (clk_fpga_0 rise@0.000ns - clk_fpga_0 rise@0.000ns)
  Data Path Delay:        0.445ns  (logic 0.291ns (65.412%)  route 0.154ns (34.588%))
  Logic Levels:           2  (CARRY4=1 LUT6=1)
  Clock Path Skew:        0.282ns (DCD - SCD - CPR)
    Destination Clock Delay (DCD):    1.225ns
    Source Clock Delay      (SCD):    0.913ns
    Clock Pessimism Removal (CPR):    0.030ns

    Location             Delay type                Incr(ns)  Path(ns)    Netlist Resource(s)
  -------------------------------------------------------------------    -------------------
                         (clock clk_fpga_0 rise edge)
                                                      0.000     0.000 r  
    PS7_X0Y0             PS7                          0.000     0.000 r  cnn_system_i/processing_system7_0/inst/PS7_i/FCLKCLK[0]
                         net (fo=1, routed)           0.310     0.310    cnn_system_i/processing_system7_0/inst/FCLK_CLK_unbuffered[0]
    BUFGCTRL_X0Y16       BUFG (Prop_bufg_I_O)         0.026     0.336 r  cnn_system_i/processing_system7_0/inst/buffer_fclk_clk_0.FCLK_CLK_0_BUFG/O
                         net (fo=7971, routed)        0.577     0.913    cnn_system_i/axi_dma_0/U0/I_PRMRY_DATAMOVER/GEN_MM2S_FULL.I_MM2S_FULL_WRAPPER/I_CMD_STATUS/I_CMD_FIFO/m_axi_mm2s_aclk
    SLICE_X28Y50         FDRE                                         r  cnn_system_i/axi_dma_0/U0/I_PRMRY_DATAMOVER/GEN_MM2S_FULL.I_MM2S_FULL_WRAPPER/I_CMD_STATUS/I_CMD_FIFO/USE_SINGLE_REG.sig_regfifo_dout_reg_reg[64]/C
  -------------------------------------------------------------------    -------------------
    SLICE_X28Y50         FDRE (Prop_fdre_C_Q)         0.128     1.041 r  cnn_system_i/axi_dma_0/U0/I_PRMRY_DATAMOVER/GEN_MM2S_FULL.I_MM2S_FULL_WRAPPER/I_CMD_STATUS/I_CMD_FIFO/USE_SINGLE_REG.sig_regfifo_dout_reg_reg[64]/Q
                         net (fo=2, routed)           0.154     1.194    cnn_system_i/axi_dma_0/U0/I_PRMRY_DATAMOVER/GEN_MM2S_FULL.I_MM2S_FULL_WRAPPER/I_MSTR_PCC/Q[45]
    SLICE_X29Y49         LUT6 (Prop_lut6_I0_O)        0.098     1.292 r  cnn_system_i/axi_dma_0/U0/I_PRMRY_DATAMOVER/GEN_MM2S_FULL.I_MM2S_FULL_WRAPPER/I_MSTR_PCC/sig_addr_cntr_im0_msh[12]_i_4/O
                         net (fo=1, routed)           0.000     1.292    cnn_system_i/axi_dma_0/U0/I_PRMRY_DATAMOVER/GEN_MM2S_FULL.I_MM2S_FULL_WRAPPER/I_MSTR_PCC/sig_addr_cntr_im0_msh[12]_i_4_n_0
    SLICE_X29Y49         CARRY4 (Prop_carry4_S[1]_O[1])
                                                      0.065     1.357 r  cnn_system_i/axi_dma_0/U0/I_PRMRY_DATAMOVER/GEN_MM2S_FULL.I_MM2S_FULL_WRAPPER/I_MSTR_PCC/sig_addr_cntr_im0_msh_reg[12]_i_1/O[1]
                         net (fo=1, routed)           0.000     1.357    cnn_system_i/axi_dma_0/U0/I_PRMRY_DATAMOVER/GEN_MM2S_FULL.I_MM2S_FULL_WRAPPER/I_MSTR_PCC/sig_addr_cntr_im0_msh_reg[12]_i_1_n_6
    SLICE_X29Y49         FDRE                                         r  cnn_system_i/axi_dma_0/U0/I_PRMRY_DATAMOVER/GEN_MM2S_FULL.I_MM2S_FULL_WRAPPER/I_MSTR_PCC/sig_addr_cntr_im0_msh_reg[13]/D
  -------------------------------------------------------------------    -------------------

                         (clock clk_fpga_0 rise edge)
                                                      0.000     0.000 r  
    PS7_X0Y0             PS7                          0.000     0.000 r  cnn_system_i/processing_system7_0/inst/PS7_i/FCLKCLK[0]
                         net (fo=1, routed)           0.337     0.337    cnn_system_i/processing_system7_0/inst/FCLK_CLK_unbuffered[0]
    BUFGCTRL_X0Y16       BUFG (Prop_bufg_I_O)         0.029     0.366 r  cnn_system_i/processing_system7_0/inst/buffer_fclk_clk_0.FCLK_CLK_0_BUFG/O
                         net (fo=7971, routed)        0.859     1.225    cnn_system_i/axi_dma_0/U0/I_PRMRY_DATAMOVER/GEN_MM2S_FULL.I_MM2S_FULL_WRAPPER/I_MSTR_PCC/m_axi_mm2s_aclk
    SLICE_X29Y49         FDRE                                         r  cnn_system_i/axi_dma_0/U0/I_PRMRY_DATAMOVER/GEN_MM2S_FULL.I_MM2S_FULL_WRAPPER/I_MSTR_PCC/sig_addr_cntr_im0_msh_reg[13]/C
                         clock pessimism             -0.030     1.195    
    SLICE_X29Y49         FDRE (Hold_fdre_C_D)         0.105     1.300    cnn_system_i/axi_dma_0/U0/I_PRMRY_DATAMOVER/GEN_MM2S_FULL.I_MM2S_FULL_WRAPPER/I_MSTR_PCC/sig_addr_cntr_im0_msh_reg[13]
  -------------------------------------------------------------------
                         required time                         -1.300    
                         arrival time                           1.357    
  -------------------------------------------------------------------
                         slack                                  0.058    

Slack (MET) :             0.066ns  (arrival time - required time)
  Source:                 cnn_system_i/ps7_0_axi_periph/xbar/inst/gen_sasd.crossbar_sasd_0/reg_slice_r/m_payload_i_reg[19]/C
                            (rising edge-triggered cell FDRE clocked by clk_fpga_0  {rise@0.000ns fall@5.000ns period=10.000ns})
  Destination:            cnn_system_i/ps7_0_axi_periph/s00_couplers/auto_pc/inst/gen_axilite.gen_b2s_conv.axilite_b2s/RD.r_channel_0/rd_data_fifo_0/memory_reg[31][16]_srl32/D
                            (rising edge-triggered cell SRLC32E clocked by clk_fpga_0  {rise@0.000ns fall@5.000ns period=10.000ns})
  Path Group:             clk_fpga_0
  Path Type:              Hold (Min at Fast Process Corner)
  Requirement:            0.000ns  (clk_fpga_0 rise@0.000ns - clk_fpga_0 rise@0.000ns)
  Data Path Delay:        0.196ns  (logic 0.141ns (71.838%)  route 0.055ns (28.162%))
  Logic Levels:           0  
  Clock Path Skew:        0.013ns (DCD - SCD - CPR)
    Destination Clock Delay (DCD):    1.200ns
    Source Clock Delay      (SCD):    0.902ns
    Clock Pessimism Removal (CPR):    0.285ns

    Location             Delay type                Incr(ns)  Path(ns)    Netlist Resource(s)
  -------------------------------------------------------------------    -------------------
                         (clock clk_fpga_0 rise edge)
                                                      0.000     0.000 r  
    PS7_X0Y0             PS7                          0.000     0.000 r  cnn_system_i/processing_system7_0/inst/PS7_i/FCLKCLK[0]
                         net (fo=1, routed)           0.310     0.310    cnn_system_i/processing_system7_0/inst/FCLK_CLK_unbuffered[0]
    BUFGCTRL_X0Y16       BUFG (Prop_bufg_I_O)         0.026     0.336 r  cnn_system_i/processing_system7_0/inst/buffer_fclk_clk_0.FCLK_CLK_0_BUFG/O
                         net (fo=7971, routed)        0.566     0.902    cnn_system_i/ps7_0_axi_periph/xbar/inst/gen_sasd.crossbar_sasd_0/reg_slice_r/aclk
    SLICE_X27Y81         FDRE                                         r  cnn_system_i/ps7_0_axi_periph/xbar/inst/gen_sasd.crossbar_sasd_0/reg_slice_r/m_payload_i_reg[19]/C
  -------------------------------------------------------------------    -------------------
    SLICE_X27Y81         FDRE (Prop_fdre_C_Q)         0.141     1.043 r  cnn_system_i/ps7_0_axi_periph/xbar/inst/gen_sasd.crossbar_sasd_0/reg_slice_r/m_payload_i_reg[19]/Q
                         net (fo=1, routed)           0.055     1.098    cnn_system_i/ps7_0_axi_periph/s00_couplers/auto_pc/inst/gen_axilite.gen_b2s_conv.axilite_b2s/RD.r_channel_0/rd_data_fifo_0/in[16]
    SLICE_X26Y81         SRLC32E                                      r  cnn_system_i/ps7_0_axi_periph/s00_couplers/auto_pc/inst/gen_axilite.gen_b2s_conv.axilite_b2s/RD.r_channel_0/rd_data_fifo_0/memory_reg[31][16]_srl32/D
  -------------------------------------------------------------------    -------------------

                         (clock clk_fpga_0 rise edge)
                                                      0.000     0.000 r  
    PS7_X0Y0             PS7                          0.000     0.000 r  cnn_system_i/processing_system7_0/inst/PS7_i/FCLKCLK[0]
                         net (fo=1, routed)           0.337     0.337    cnn_system_i/processing_system7_0/inst/FCLK_CLK_unbuffered[0]
    BUFGCTRL_X0Y16       BUFG (Prop_bufg_I_O)         0.029     0.366 r  cnn_system_i/processing_system7_0/inst/buffer_fclk_clk_0.FCLK_CLK_0_BUFG/O
                         net (fo=7971, routed)        0.834     1.200    cnn_system_i/ps7_0_axi_periph/s00_couplers/auto_pc/inst/gen_axilite.gen_b2s_conv.axilite_b2s/RD.r_channel_0/rd_data_fifo_0/aclk
    SLICE_X26Y81         SRLC32E                                      r  cnn_system_i/ps7_0_axi_periph/s00_couplers/auto_pc/inst/gen_axilite.gen_b2s_conv.axilite_b2s/RD.r_channel_0/rd_data_fifo_0/memory_reg[31][16]_srl32/CLK
                         clock pessimism             -0.285     0.915    
    SLICE_X26Y81         SRLC32E (Hold_srlc32e_CLK_D)
                                                      0.117     1.032    cnn_system_i/ps7_0_axi_periph/s00_couplers/auto_pc/inst/gen_axilite.gen_b2s_conv.axilite_b2s/RD.r_channel_0/rd_data_fifo_0/memory_reg[31][16]_srl32
  -------------------------------------------------------------------
                         required time                         -1.032    
                         arrival time                           1.098    
  -------------------------------------------------------------------
                         slack                                  0.066    

Slack (MET) :             0.067ns  (arrival time - required time)
  Source:                 cnn_system_i/axis_cnn_mnist_0/inst/u_conv1/u_conv1_calc/conv_channels[3].stg1_mult_reg[6][4]/C
                            (rising edge-triggered cell FDRE clocked by clk_fpga_0  {rise@0.000ns fall@5.000ns period=10.000ns})
  Destination:            cnn_system_i/axis_cnn_mnist_0/inst/u_conv1/u_conv1_calc/conv_channels[3].stg2_add_reg[3][5]/D
                            (rising edge-triggered cell FDRE clocked by clk_fpga_0  {rise@0.000ns fall@5.000ns period=10.000ns})
  Path Group:             clk_fpga_0
  Path Type:              Hold (Min at Fast Process Corner)
  Requirement:            0.000ns  (clk_fpga_0 rise@0.000ns - clk_fpga_0 rise@0.000ns)
  Data Path Delay:        0.429ns  (logic 0.268ns (62.405%)  route 0.161ns (37.595%))
  Logic Levels:           1  (CARRY4=1)
  Clock Path Skew:        0.257ns (DCD - SCD - CPR)
    Destination Clock Delay (DCD):    1.179ns
    Source Clock Delay      (SCD):    0.887ns
    Clock Pessimism Removal (CPR):    0.035ns

    Location             Delay type                Incr(ns)  Path(ns)    Netlist Resource(s)
  -------------------------------------------------------------------    -------------------
                         (clock clk_fpga_0 rise edge)
                                                      0.000     0.000 r  
    PS7_X0Y0             PS7                          0.000     0.000 r  cnn_system_i/processing_system7_0/inst/PS7_i/FCLKCLK[0]
                         net (fo=1, routed)           0.310     0.310    cnn_system_i/processing_system7_0/inst/FCLK_CLK_unbuffered[0]
    BUFGCTRL_X0Y16       BUFG (Prop_bufg_I_O)         0.026     0.336 r  cnn_system_i/processing_system7_0/inst/buffer_fclk_clk_0.FCLK_CLK_0_BUFG/O
                         net (fo=7971, routed)        0.551     0.887    cnn_system_i/axis_cnn_mnist_0/inst/u_conv1/u_conv1_calc/aclk
    SLICE_X49Y28         FDRE                                         r  cnn_system_i/axis_cnn_mnist_0/inst/u_conv1/u_conv1_calc/conv_channels[3].stg1_mult_reg[6][4]/C
  -------------------------------------------------------------------    -------------------
    SLICE_X49Y28         FDRE (Prop_fdre_C_Q)         0.141     1.028 r  cnn_system_i/axis_cnn_mnist_0/inst/u_conv1/u_conv1_calc/conv_channels[3].stg1_mult_reg[6][4]/Q
                         net (fo=2, routed)           0.161     1.189    cnn_system_i/axis_cnn_mnist_0/inst/u_conv1/u_conv1_calc/conv_channels[3].stg1_mult_reg_n_0_[6][4]
    SLICE_X53Y28         CARRY4 (Prop_carry4_DI[2]_O[3])
                                                      0.127     1.316 r  cnn_system_i/axis_cnn_mnist_0/inst/u_conv1/u_conv1_calc/conv_channels[3].stg2_add_reg[3][5]_i_1/O[3]
                         net (fo=1, routed)           0.000     1.316    cnn_system_i/axis_cnn_mnist_0/inst/u_conv1/u_conv1_calc/conv_channels[3].stg2_add_reg[3][5]_i_1_n_4
    SLICE_X53Y28         FDRE                                         r  cnn_system_i/axis_cnn_mnist_0/inst/u_conv1/u_conv1_calc/conv_channels[3].stg2_add_reg[3][5]/D
  -------------------------------------------------------------------    -------------------

                         (clock clk_fpga_0 rise edge)
                                                      0.000     0.000 r  
    PS7_X0Y0             PS7                          0.000     0.000 r  cnn_system_i/processing_system7_0/inst/PS7_i/FCLKCLK[0]
                         net (fo=1, routed)           0.337     0.337    cnn_system_i/processing_system7_0/inst/FCLK_CLK_unbuffered[0]
    BUFGCTRL_X0Y16       BUFG (Prop_bufg_I_O)         0.029     0.366 r  cnn_system_i/processing_system7_0/inst/buffer_fclk_clk_0.FCLK_CLK_0_BUFG/O
                         net (fo=7971, routed)        0.813     1.179    cnn_system_i/axis_cnn_mnist_0/inst/u_conv1/u_conv1_calc/aclk
    SLICE_X53Y28         FDRE                                         r  cnn_system_i/axis_cnn_mnist_0/inst/u_conv1/u_conv1_calc/conv_channels[3].stg2_add_reg[3][5]/C
                         clock pessimism             -0.035     1.144    
    SLICE_X53Y28         FDRE (Hold_fdre_C_D)         0.105     1.249    cnn_system_i/axis_cnn_mnist_0/inst/u_conv1/u_conv1_calc/conv_channels[3].stg2_add_reg[3][5]
  -------------------------------------------------------------------
                         required time                         -1.249    
                         arrival time                           1.316    
  -------------------------------------------------------------------
                         slack                                  0.067    

Slack (MET) :             0.069ns  (arrival time - required time)
  Source:                 cnn_system_i/axi_dma_0/U0/I_PRMRY_DATAMOVER/GEN_S2MM_FULL.I_S2MM_FULL_WRAPPER/I_WR_DATA_CNTL/sig_data2wsc_cmd_cmplt_reg/C
                            (rising edge-triggered cell FDRE clocked by clk_fpga_0  {rise@0.000ns fall@5.000ns period=10.000ns})
  Destination:            cnn_system_i/axi_dma_0/U0/I_PRMRY_DATAMOVER/GEN_S2MM_FULL.I_S2MM_FULL_WRAPPER/I_WR_STATUS_CNTLR/GEN_ENABLE_INDET_BTT.I_SF_DATA_CNTL_STATUS_FIFO/USE_SRL_FIFO.I_SYNC_FIFO/I_SRL_FIFO_RBU_F/DYNSHREG_F_I/INFERRED_GEN.data_reg[5][15]_srl6/D
                            (rising edge-triggered cell SRL16E clocked by clk_fpga_0  {rise@0.000ns fall@5.000ns period=10.000ns})
  Path Group:             clk_fpga_0
  Path Type:              Hold (Min at Fast Process Corner)
  Requirement:            0.000ns  (clk_fpga_0 rise@0.000ns - clk_fpga_0 rise@0.000ns)
  Data Path Delay:        0.265ns  (logic 0.141ns (53.132%)  route 0.124ns (46.868%))
  Logic Levels:           0  
  Clock Path Skew:        0.013ns (DCD - SCD - CPR)
    Destination Clock Delay (DCD):    1.190ns
    Source Clock Delay      (SCD):    0.892ns
    Clock Pessimism Removal (CPR):    0.285ns

    Location             Delay type                Incr(ns)  Path(ns)    Netlist Resource(s)
  -------------------------------------------------------------------    -------------------
                         (clock clk_fpga_0 rise edge)
                                                      0.000     0.000 r  
    PS7_X0Y0             PS7                          0.000     0.000 r  cnn_system_i/processing_system7_0/inst/PS7_i/FCLKCLK[0]
                         net (fo=1, routed)           0.310     0.310    cnn_system_i/processing_system7_0/inst/FCLK_CLK_unbuffered[0]
    BUFGCTRL_X0Y16       BUFG (Prop_bufg_I_O)         0.026     0.336 r  cnn_system_i/processing_system7_0/inst/buffer_fclk_clk_0.FCLK_CLK_0_BUFG/O
                         net (fo=7971, routed)        0.556     0.892    cnn_system_i/axi_dma_0/U0/I_PRMRY_DATAMOVER/GEN_S2MM_FULL.I_S2MM_FULL_WRAPPER/I_WR_DATA_CNTL/m_axi_s2mm_aclk
    SLICE_X47Y56         FDRE                                         r  cnn_system_i/axi_dma_0/U0/I_PRMRY_DATAMOVER/GEN_S2MM_FULL.I_S2MM_FULL_WRAPPER/I_WR_DATA_CNTL/sig_data2wsc_cmd_cmplt_reg/C
  -------------------------------------------------------------------    -------------------
    SLICE_X47Y56         FDRE (Prop_fdre_C_Q)         0.141     1.033 r  cnn_system_i/axi_dma_0/U0/I_PRMRY_DATAMOVER/GEN_S2MM_FULL.I_S2MM_FULL_WRAPPER/I_WR_DATA_CNTL/sig_data2wsc_cmd_cmplt_reg/Q
                         net (fo=2, routed)           0.124     1.157    cnn_system_i/axi_dma_0/U0/I_PRMRY_DATAMOVER/GEN_S2MM_FULL.I_S2MM_FULL_WRAPPER/I_WR_STATUS_CNTLR/GEN_ENABLE_INDET_BTT.I_SF_DATA_CNTL_STATUS_FIFO/USE_SRL_FIFO.I_SYNC_FIFO/I_SRL_FIFO_RBU_F/DYNSHREG_F_I/in[1]
    SLICE_X46Y56         SRL16E                                       r  cnn_system_i/axi_dma_0/U0/I_PRMRY_DATAMOVER/GEN_S2MM_FULL.I_S2MM_FULL_WRAPPER/I_WR_STATUS_CNTLR/GEN_ENABLE_INDET_BTT.I_SF_DATA_CNTL_STATUS_FIFO/USE_SRL_FIFO.I_SYNC_FIFO/I_SRL_FIFO_RBU_F/DYNSHREG_F_I/INFERRED_GEN.data_reg[5][15]_srl6/D
  -------------------------------------------------------------------    -------------------

                         (clock clk_fpga_0 rise edge)
                                                      0.000     0.000 r  
    PS7_X0Y0             PS7                          0.000     0.000 r  cnn_system_i/processing_system7_0/inst/PS7_i/FCLKCLK[0]
                         net (fo=1, routed)           0.337     0.337    cnn_system_i/processing_system7_0/inst/FCLK_CLK_unbuffered[0]
    BUFGCTRL_X0Y16       BUFG (Prop_bufg_I_O)         0.029     0.366 r  cnn_system_i/processing_system7_0/inst/buffer_fclk_clk_0.FCLK_CLK_0_BUFG/O
                         net (fo=7971, routed)        0.824     1.190    cnn_system_i/axi_dma_0/U0/I_PRMRY_DATAMOVER/GEN_S2MM_FULL.I_S2MM_FULL_WRAPPER/I_WR_STATUS_CNTLR/GEN_ENABLE_INDET_BTT.I_SF_DATA_CNTL_STATUS_FIFO/USE_SRL_FIFO.I_SYNC_FIFO/I_SRL_FIFO_RBU_F/DYNSHREG_F_I/m_axi_s2mm_aclk
    SLICE_X46Y56         SRL16E                                       r  cnn_system_i/axi_dma_0/U0/I_PRMRY_DATAMOVER/GEN_S2MM_FULL.I_S2MM_FULL_WRAPPER/I_WR_STATUS_CNTLR/GEN_ENABLE_INDET_BTT.I_SF_DATA_CNTL_STATUS_FIFO/USE_SRL_FIFO.I_SYNC_FIFO/I_SRL_FIFO_RBU_F/DYNSHREG_F_I/INFERRED_GEN.data_reg[5][15]_srl6/CLK
                         clock pessimism             -0.285     0.905    
    SLICE_X46Y56         SRL16E (Hold_srl16e_CLK_D)
                                                      0.183     1.088    cnn_system_i/axi_dma_0/U0/I_PRMRY_DATAMOVER/GEN_S2MM_FULL.I_S2MM_FULL_WRAPPER/I_WR_STATUS_CNTLR/GEN_ENABLE_INDET_BTT.I_SF_DATA_CNTL_STATUS_FIFO/USE_SRL_FIFO.I_SYNC_FIFO/I_SRL_FIFO_RBU_F/DYNSHREG_F_I/INFERRED_GEN.data_reg[5][15]_srl6
  -------------------------------------------------------------------
                         required time                         -1.088    
                         arrival time                           1.157    
  -------------------------------------------------------------------
                         slack                                  0.069    

Slack (MET) :             0.071ns  (arrival time - required time)
  Source:                 cnn_system_i/axis_cnn_mnist_0/inst/u_conv1/u_conv1_calc/conv_channels[3].stg1_mult_reg[6][14]/C
                            (rising edge-triggered cell FDRE clocked by clk_fpga_0  {rise@0.000ns fall@5.000ns period=10.000ns})
  Destination:            cnn_system_i/axis_cnn_mnist_0/inst/u_conv1/u_conv1_calc/conv_channels[3].stg2_add_reg[3][15]/D
                            (rising edge-triggered cell FDRE clocked by clk_fpga_0  {rise@0.000ns fall@5.000ns period=10.000ns})
  Path Group:             clk_fpga_0
  Path Type:              Hold (Min at Fast Process Corner)
  Requirement:            0.000ns  (clk_fpga_0 rise@0.000ns - clk_fpga_0 rise@0.000ns)
  Data Path Delay:        0.434ns  (logic 0.265ns (60.999%)  route 0.169ns (39.001%))
  Logic Levels:           1  (CARRY4=1)
  Clock Path Skew:        0.258ns (DCD - SCD - CPR)
    Destination Clock Delay (DCD):    1.182ns
    Source Clock Delay      (SCD):    0.889ns
    Clock Pessimism Removal (CPR):    0.035ns

    Location             Delay type                Incr(ns)  Path(ns)    Netlist Resource(s)
  -------------------------------------------------------------------    -------------------
                         (clock clk_fpga_0 rise edge)
                                                      0.000     0.000 r  
    PS7_X0Y0             PS7                          0.000     0.000 r  cnn_system_i/processing_system7_0/inst/PS7_i/FCLKCLK[0]
                         net (fo=1, routed)           0.310     0.310    cnn_system_i/processing_system7_0/inst/FCLK_CLK_unbuffered[0]
    BUFGCTRL_X0Y16       BUFG (Prop_bufg_I_O)         0.026     0.336 r  cnn_system_i/processing_system7_0/inst/buffer_fclk_clk_0.FCLK_CLK_0_BUFG/O
                         net (fo=7971, routed)        0.553     0.889    cnn_system_i/axis_cnn_mnist_0/inst/u_conv1/u_conv1_calc/aclk
    SLICE_X49Y30         FDRE                                         r  cnn_system_i/axis_cnn_mnist_0/inst/u_conv1/u_conv1_calc/conv_channels[3].stg1_mult_reg[6][14]/C
  -------------------------------------------------------------------    -------------------
    SLICE_X49Y30         FDRE (Prop_fdre_C_Q)         0.141     1.030 r  cnn_system_i/axis_cnn_mnist_0/inst/u_conv1/u_conv1_calc/conv_channels[3].stg1_mult_reg[6][14]/Q
                         net (fo=2, routed)           0.169     1.199    cnn_system_i/axis_cnn_mnist_0/inst/u_conv1/u_conv1_calc/conv_channels[3].stg1_mult_reg_n_0_[6][14]
    SLICE_X53Y31         CARRY4 (Prop_carry4_DI[0]_O[1])
                                                      0.124     1.323 r  cnn_system_i/axis_cnn_mnist_0/inst/u_conv1/u_conv1_calc/conv_channels[3].stg2_add_reg[3][19]_i_1/O[1]
                         net (fo=1, routed)           0.000     1.323    cnn_system_i/axis_cnn_mnist_0/inst/u_conv1/u_conv1_calc/conv_channels[3].stg2_add_reg[3][19]_i_1_n_6
    SLICE_X53Y31         FDRE                                         r  cnn_system_i/axis_cnn_mnist_0/inst/u_conv1/u_conv1_calc/conv_channels[3].stg2_add_reg[3][15]/D
  -------------------------------------------------------------------    -------------------

                         (clock clk_fpga_0 rise edge)
                                                      0.000     0.000 r  
    PS7_X0Y0             PS7                          0.000     0.000 r  cnn_system_i/processing_system7_0/inst/PS7_i/FCLKCLK[0]
                         net (fo=1, routed)           0.337     0.337    cnn_system_i/processing_system7_0/inst/FCLK_CLK_unbuffered[0]
    BUFGCTRL_X0Y16       BUFG (Prop_bufg_I_O)         0.029     0.366 r  cnn_system_i/processing_system7_0/inst/buffer_fclk_clk_0.FCLK_CLK_0_BUFG/O
                         net (fo=7971, routed)        0.816     1.182    cnn_system_i/axis_cnn_mnist_0/inst/u_conv1/u_conv1_calc/aclk
    SLICE_X53Y31         FDRE                                         r  cnn_system_i/axis_cnn_mnist_0/inst/u_conv1/u_conv1_calc/conv_channels[3].stg2_add_reg[3][15]/C
                         clock pessimism             -0.035     1.147    
    SLICE_X53Y31         FDRE (Hold_fdre_C_D)         0.105     1.252    cnn_system_i/axis_cnn_mnist_0/inst/u_conv1/u_conv1_calc/conv_channels[3].stg2_add_reg[3][15]
  -------------------------------------------------------------------
                         required time                         -1.252    
                         arrival time                           1.323    
  -------------------------------------------------------------------
                         slack                                  0.071    

Slack (MET) :             0.071ns  (arrival time - required time)
  Source:                 cnn_system_i/axis_cnn_mnist_0/inst/u_conv1/u_conv1_calc/conv_channels[3].stg1_mult_reg[6][10]/C
                            (rising edge-triggered cell FDRE clocked by clk_fpga_0  {rise@0.000ns fall@5.000ns period=10.000ns})
  Destination:            cnn_system_i/axis_cnn_mnist_0/inst/u_conv1/u_conv1_calc/conv_channels[3].stg2_add_reg[3][11]/D
                            (rising edge-triggered cell FDRE clocked by clk_fpga_0  {rise@0.000ns fall@5.000ns period=10.000ns})
  Path Group:             clk_fpga_0
  Path Type:              Hold (Min at Fast Process Corner)
  Requirement:            0.000ns  (clk_fpga_0 rise@0.000ns - clk_fpga_0 rise@0.000ns)
  Data Path Delay:        0.435ns  (logic 0.265ns (60.967%)  route 0.170ns (39.033%))
  Logic Levels:           1  (CARRY4=1)
  Clock Path Skew:        0.258ns (DCD - SCD - CPR)
    Destination Clock Delay (DCD):    1.181ns
    Source Clock Delay      (SCD):    0.888ns
    Clock Pessimism Removal (CPR):    0.035ns

    Location             Delay type                Incr(ns)  Path(ns)    Netlist Resource(s)
  -------------------------------------------------------------------    -------------------
                         (clock clk_fpga_0 rise edge)
                                                      0.000     0.000 r  
    PS7_X0Y0             PS7                          0.000     0.000 r  cnn_system_i/processing_system7_0/inst/PS7_i/FCLKCLK[0]
                         net (fo=1, routed)           0.310     0.310    cnn_system_i/processing_system7_0/inst/FCLK_CLK_unbuffered[0]
    BUFGCTRL_X0Y16       BUFG (Prop_bufg_I_O)         0.026     0.336 r  cnn_system_i/processing_system7_0/inst/buffer_fclk_clk_0.FCLK_CLK_0_BUFG/O
                         net (fo=7971, routed)        0.552     0.888    cnn_system_i/axis_cnn_mnist_0/inst/u_conv1/u_conv1_calc/aclk
    SLICE_X49Y29         FDRE                                         r  cnn_system_i/axis_cnn_mnist_0/inst/u_conv1/u_conv1_calc/conv_channels[3].stg1_mult_reg[6][10]/C
  -------------------------------------------------------------------    -------------------
    SLICE_X49Y29         FDRE (Prop_fdre_C_Q)         0.141     1.029 r  cnn_system_i/axis_cnn_mnist_0/inst/u_conv1/u_conv1_calc/conv_channels[3].stg1_mult_reg[6][10]/Q
                         net (fo=2, routed)           0.170     1.198    cnn_system_i/axis_cnn_mnist_0/inst/u_conv1/u_conv1_calc/conv_channels[3].stg1_mult_reg_n_0_[6][10]
    SLICE_X53Y30         CARRY4 (Prop_carry4_DI[0]_O[1])
                                                      0.124     1.322 r  cnn_system_i/axis_cnn_mnist_0/inst/u_conv1/u_conv1_calc/conv_channels[3].stg2_add_reg[3][13]_i_1/O[1]
                         net (fo=1, routed)           0.000     1.322    cnn_system_i/axis_cnn_mnist_0/inst/u_conv1/u_conv1_calc/conv_channels[3].stg2_add_reg[3][13]_i_1_n_6
    SLICE_X53Y30         FDRE                                         r  cnn_system_i/axis_cnn_mnist_0/inst/u_conv1/u_conv1_calc/conv_channels[3].stg2_add_reg[3][11]/D
  -------------------------------------------------------------------    -------------------

                         (clock clk_fpga_0 rise edge)
                                                      0.000     0.000 r  
    PS7_X0Y0             PS7                          0.000     0.000 r  cnn_system_i/processing_system7_0/inst/PS7_i/FCLKCLK[0]
                         net (fo=1, routed)           0.337     0.337    cnn_system_i/processing_system7_0/inst/FCLK_CLK_unbuffered[0]
    BUFGCTRL_X0Y16       BUFG (Prop_bufg_I_O)         0.029     0.366 r  cnn_system_i/processing_system7_0/inst/buffer_fclk_clk_0.FCLK_CLK_0_BUFG/O
                         net (fo=7971, routed)        0.815     1.181    cnn_system_i/axis_cnn_mnist_0/inst/u_conv1/u_conv1_calc/aclk
    SLICE_X53Y30         FDRE                                         r  cnn_system_i/axis_cnn_mnist_0/inst/u_conv1/u_conv1_calc/conv_channels[3].stg2_add_reg[3][11]/C
                         clock pessimism             -0.035     1.146    
    SLICE_X53Y30         FDRE (Hold_fdre_C_D)         0.105     1.251    cnn_system_i/axis_cnn_mnist_0/inst/u_conv1/u_conv1_calc/conv_channels[3].stg2_add_reg[3][11]
  -------------------------------------------------------------------
                         required time                         -1.251    
                         arrival time                           1.322    
  -------------------------------------------------------------------
                         slack                                  0.071    

Slack (MET) :             0.071ns  (arrival time - required time)
  Source:                 cnn_system_i/axis_cnn_mnist_0/inst/u_conv1/u_conv1_calc/conv_channels[3].stg1_mult_reg[6][6]/C
                            (rising edge-triggered cell FDRE clocked by clk_fpga_0  {rise@0.000ns fall@5.000ns period=10.000ns})
  Destination:            cnn_system_i/axis_cnn_mnist_0/inst/u_conv1/u_conv1_calc/conv_channels[3].stg2_add_reg[3][7]/D
                            (rising edge-triggered cell FDRE clocked by clk_fpga_0  {rise@0.000ns fall@5.000ns period=10.000ns})
  Path Group:             clk_fpga_0
  Path Type:              Hold (Min at Fast Process Corner)
  Requirement:            0.000ns  (clk_fpga_0 rise@0.000ns - clk_fpga_0 rise@0.000ns)
  Data Path Delay:        0.435ns  (logic 0.265ns (60.967%)  route 0.170ns (39.033%))
  Logic Levels:           1  (CARRY4=1)
  Clock Path Skew:        0.258ns (DCD - SCD - CPR)
    Destination Clock Delay (DCD):    1.180ns
    Source Clock Delay      (SCD):    0.887ns
    Clock Pessimism Removal (CPR):    0.035ns

    Location             Delay type                Incr(ns)  Path(ns)    Netlist Resource(s)
  -------------------------------------------------------------------    -------------------
                         (clock clk_fpga_0 rise edge)
                                                      0.000     0.000 r  
    PS7_X0Y0             PS7                          0.000     0.000 r  cnn_system_i/processing_system7_0/inst/PS7_i/FCLKCLK[0]
                         net (fo=1, routed)           0.310     0.310    cnn_system_i/processing_system7_0/inst/FCLK_CLK_unbuffered[0]
    BUFGCTRL_X0Y16       BUFG (Prop_bufg_I_O)         0.026     0.336 r  cnn_system_i/processing_system7_0/inst/buffer_fclk_clk_0.FCLK_CLK_0_BUFG/O
                         net (fo=7971, routed)        0.551     0.887    cnn_system_i/axis_cnn_mnist_0/inst/u_conv1/u_conv1_calc/aclk
    SLICE_X49Y28         FDRE                                         r  cnn_system_i/axis_cnn_mnist_0/inst/u_conv1/u_conv1_calc/conv_channels[3].stg1_mult_reg[6][6]/C
  -------------------------------------------------------------------    -------------------
    SLICE_X49Y28         FDRE (Prop_fdre_C_Q)         0.141     1.028 r  cnn_system_i/axis_cnn_mnist_0/inst/u_conv1/u_conv1_calc/conv_channels[3].stg1_mult_reg[6][6]/Q
                         net (fo=2, routed)           0.170     1.197    cnn_system_i/axis_cnn_mnist_0/inst/u_conv1/u_conv1_calc/conv_channels[3].stg1_mult_reg_n_0_[6][6]
    SLICE_X53Y29         CARRY4 (Prop_carry4_DI[0]_O[1])
                                                      0.124     1.321 r  cnn_system_i/axis_cnn_mnist_0/inst/u_conv1/u_conv1_calc/conv_channels[3].stg2_add_reg[3][9]_i_1/O[1]
                         net (fo=1, routed)           0.000     1.321    cnn_system_i/axis_cnn_mnist_0/inst/u_conv1/u_conv1_calc/conv_channels[3].stg2_add_reg[3][9]_i_1_n_6
    SLICE_X53Y29         FDRE                                         r  cnn_system_i/axis_cnn_mnist_0/inst/u_conv1/u_conv1_calc/conv_channels[3].stg2_add_reg[3][7]/D
  -------------------------------------------------------------------    -------------------

                         (clock clk_fpga_0 rise edge)
                                                      0.000     0.000 r  
    PS7_X0Y0             PS7                          0.000     0.000 r  cnn_system_i/processing_system7_0/inst/PS7_i/FCLKCLK[0]
                         net (fo=1, routed)           0.337     0.337    cnn_system_i/processing_system7_0/inst/FCLK_CLK_unbuffered[0]
    BUFGCTRL_X0Y16       BUFG (Prop_bufg_I_O)         0.029     0.366 r  cnn_system_i/processing_system7_0/inst/buffer_fclk_clk_0.FCLK_CLK_0_BUFG/O
                         net (fo=7971, routed)        0.814     1.180    cnn_system_i/axis_cnn_mnist_0/inst/u_conv1/u_conv1_calc/aclk
    SLICE_X53Y29         FDRE                                         r  cnn_system_i/axis_cnn_mnist_0/inst/u_conv1/u_conv1_calc/conv_channels[3].stg2_add_reg[3][7]/C
                         clock pessimism             -0.035     1.145    
    SLICE_X53Y29         FDRE (Hold_fdre_C_D)         0.105     1.250    cnn_system_i/axis_cnn_mnist_0/inst/u_conv1/u_conv1_calc/conv_channels[3].stg2_add_reg[3][7]
  -------------------------------------------------------------------
                         required time                         -1.250    
                         arrival time                           1.321    
  -------------------------------------------------------------------
                         slack                                  0.071    

Slack (MET) :             0.073ns  (arrival time - required time)
  Source:                 cnn_system_i/axi_dma_0/U0/I_AXI_DMA_REG_MODULE/GEN_S2MM_REGISTERS.I_S2MM_DMA_REGISTER/GEN_REG_FOR_SMPL.buffer_length_i_reg[3]/C
                            (rising edge-triggered cell FDRE clocked by clk_fpga_0  {rise@0.000ns fall@5.000ns period=10.000ns})
  Destination:            cnn_system_i/axi_dma_0/U0/INCLUDE_S2MM_SOF_EOF_GENERATOR.I_S2MM_DMA_MNGR/GEN_S2MM_DMA_CONTROL.GEN_SIMPLE_DMA_MODE.I_S2MM_SMPL_SM/GEN_CMD_BTT_LESS_23.cmnd_data_reg[3]/D
                            (rising edge-triggered cell FDRE clocked by clk_fpga_0  {rise@0.000ns fall@5.000ns period=10.000ns})
  Path Group:             clk_fpga_0
  Path Type:              Hold (Min at Fast Process Corner)
  Requirement:            0.000ns  (clk_fpga_0 rise@0.000ns - clk_fpga_0 rise@0.000ns)
  Data Path Delay:        0.398ns  (logic 0.164ns (41.237%)  route 0.234ns (58.763%))
  Logic Levels:           0  
  Clock Path Skew:        0.258ns (DCD - SCD - CPR)
    Destination Clock Delay (DCD):    1.181ns
    Source Clock Delay      (SCD):    0.888ns
    Clock Pessimism Removal (CPR):    0.035ns

    Location             Delay type                Incr(ns)  Path(ns)    Netlist Resource(s)
  -------------------------------------------------------------------    -------------------
                         (clock clk_fpga_0 rise edge)
                                                      0.000     0.000 r  
    PS7_X0Y0             PS7                          0.000     0.000 r  cnn_system_i/processing_system7_0/inst/PS7_i/FCLKCLK[0]
                         net (fo=1, routed)           0.310     0.310    cnn_system_i/processing_system7_0/inst/FCLK_CLK_unbuffered[0]
    BUFGCTRL_X0Y16       BUFG (Prop_bufg_I_O)         0.026     0.336 r  cnn_system_i/processing_system7_0/inst/buffer_fclk_clk_0.FCLK_CLK_0_BUFG/O
                         net (fo=7971, routed)        0.552     0.888    cnn_system_i/axi_dma_0/U0/I_AXI_DMA_REG_MODULE/GEN_S2MM_REGISTERS.I_S2MM_DMA_REGISTER/s_axi_lite_aclk
    SLICE_X42Y64         FDRE                                         r  cnn_system_i/axi_dma_0/U0/I_AXI_DMA_REG_MODULE/GEN_S2MM_REGISTERS.I_S2MM_DMA_REGISTER/GEN_REG_FOR_SMPL.buffer_length_i_reg[3]/C
  -------------------------------------------------------------------    -------------------
    SLICE_X42Y64         FDRE (Prop_fdre_C_Q)         0.164     1.052 r  cnn_system_i/axi_dma_0/U0/I_AXI_DMA_REG_MODULE/GEN_S2MM_REGISTERS.I_S2MM_DMA_REGISTER/GEN_REG_FOR_SMPL.buffer_length_i_reg[3]/Q
                         net (fo=2, routed)           0.234     1.285    cnn_system_i/axi_dma_0/U0/INCLUDE_S2MM_SOF_EOF_GENERATOR.I_S2MM_DMA_MNGR/GEN_S2MM_DMA_CONTROL.GEN_SIMPLE_DMA_MODE.I_S2MM_SMPL_SM/GEN_CMD_BTT_LESS_23.cmnd_data_reg[13]_0[3]
    SLICE_X52Y63         FDRE                                         r  cnn_system_i/axi_dma_0/U0/INCLUDE_S2MM_SOF_EOF_GENERATOR.I_S2MM_DMA_MNGR/GEN_S2MM_DMA_CONTROL.GEN_SIMPLE_DMA_MODE.I_S2MM_SMPL_SM/GEN_CMD_BTT_LESS_23.cmnd_data_reg[3]/D
  -------------------------------------------------------------------    -------------------

                         (clock clk_fpga_0 rise edge)
                                                      0.000     0.000 r  
    PS7_X0Y0             PS7                          0.000     0.000 r  cnn_system_i/processing_system7_0/inst/PS7_i/FCLKCLK[0]
                         net (fo=1, routed)           0.337     0.337    cnn_system_i/processing_system7_0/inst/FCLK_CLK_unbuffered[0]
    BUFGCTRL_X0Y16       BUFG (Prop_bufg_I_O)         0.029     0.366 r  cnn_system_i/processing_system7_0/inst/buffer_fclk_clk_0.FCLK_CLK_0_BUFG/O
                         net (fo=7971, routed)        0.815     1.181    cnn_system_i/axi_dma_0/U0/INCLUDE_S2MM_SOF_EOF_GENERATOR.I_S2MM_DMA_MNGR/GEN_S2MM_DMA_CONTROL.GEN_SIMPLE_DMA_MODE.I_S2MM_SMPL_SM/s_axi_lite_aclk
    SLICE_X52Y63         FDRE                                         r  cnn_system_i/axi_dma_0/U0/INCLUDE_S2MM_SOF_EOF_GENERATOR.I_S2MM_DMA_MNGR/GEN_S2MM_DMA_CONTROL.GEN_SIMPLE_DMA_MODE.I_S2MM_SMPL_SM/GEN_CMD_BTT_LESS_23.cmnd_data_reg[3]/C
                         clock pessimism             -0.035     1.146    
    SLICE_X52Y63         FDRE (Hold_fdre_C_D)         0.066     1.212    cnn_system_i/axi_dma_0/U0/INCLUDE_S2MM_SOF_EOF_GENERATOR.I_S2MM_DMA_MNGR/GEN_S2MM_DMA_CONTROL.GEN_SIMPLE_DMA_MODE.I_S2MM_SMPL_SM/GEN_CMD_BTT_LESS_23.cmnd_data_reg[3]
  -------------------------------------------------------------------
                         required time                         -1.212    
                         arrival time                           1.285    
  -------------------------------------------------------------------
                         slack                                  0.073    

Slack (MET) :             0.077ns  (arrival time - required time)
  Source:                 cnn_system_i/axi_smc_1/inst/s00_nodes/s00_w_node/inst/inst_mi_handler/gen_normal_area.gen_upsizer.inst_upsizer/gen_w_ch.accum_reg[bytes][2][userdata][1]/C
                            (rising edge-triggered cell FDRE clocked by clk_fpga_0  {rise@0.000ns fall@5.000ns period=10.000ns})
  Destination:            cnn_system_i/axi_smc_1/inst/s00_nodes/s00_w_node/inst/inst_mi_handler/gen_normal_area.inst_fifo_node_payld/gen_xpm_memory_fifo.inst_fifo/gen_mem_rep[0].inst_xpm_memory/xpm_memory_base_inst/gen_wr_a.gen_word_narrow.mem_reg_0_31_36_41/RAMA/I
                            (rising edge-triggered cell RAMD32 clocked by clk_fpga_0  {rise@0.000ns fall@5.000ns period=10.000ns})
  Path Group:             clk_fpga_0
  Path Type:              Hold (Min at Fast Process Corner)
  Requirement:            0.000ns  (clk_fpga_0 rise@0.000ns - clk_fpga_0 rise@0.000ns)
  Data Path Delay:        0.256ns  (logic 0.141ns (55.003%)  route 0.115ns (44.997%))
  Logic Levels:           0  
  Clock Path Skew:        0.032ns (DCD - SCD - CPR)
    Destination Clock Delay (DCD):    1.204ns
    Source Clock Delay      (SCD):    0.908ns
    Clock Pessimism Removal (CPR):    0.264ns

    Location             Delay type                Incr(ns)  Path(ns)    Netlist Resource(s)
  -------------------------------------------------------------------    -------------------
                         (clock clk_fpga_0 rise edge)
                                                      0.000     0.000 r  
    PS7_X0Y0             PS7                          0.000     0.000 r  cnn_system_i/processing_system7_0/inst/PS7_i/FCLKCLK[0]
                         net (fo=1, routed)           0.310     0.310    cnn_system_i/processing_system7_0/inst/FCLK_CLK_unbuffered[0]
    BUFGCTRL_X0Y16       BUFG (Prop_bufg_I_O)         0.026     0.336 r  cnn_system_i/processing_system7_0/inst/buffer_fclk_clk_0.FCLK_CLK_0_BUFG/O
                         net (fo=7971, routed)        0.572     0.908    cnn_system_i/axi_smc_1/inst/s00_nodes/s00_w_node/inst/inst_mi_handler/gen_normal_area.gen_upsizer.inst_upsizer/s_sc_aclk
    SLICE_X29Y63         FDRE                                         r  cnn_system_i/axi_smc_1/inst/s00_nodes/s00_w_node/inst/inst_mi_handler/gen_normal_area.gen_upsizer.inst_upsizer/gen_w_ch.accum_reg[bytes][2][userdata][1]/C
  -------------------------------------------------------------------    -------------------
    SLICE_X29Y63         FDRE (Prop_fdre_C_Q)         0.141     1.049 r  cnn_system_i/axi_smc_1/inst/s00_nodes/s00_w_node/inst/inst_mi_handler/gen_normal_area.gen_upsizer.inst_upsizer/gen_w_ch.accum_reg[bytes][2][userdata][1]/Q
                         net (fo=1, routed)           0.115     1.164    cnn_system_i/axi_smc_1/inst/s00_nodes/s00_w_node/inst/inst_mi_handler/gen_normal_area.inst_fifo_node_payld/gen_xpm_memory_fifo.inst_fifo/gen_mem_rep[0].inst_xpm_memory/xpm_memory_base_inst/gen_wr_a.gen_word_narrow.mem_reg_0_31_36_41/DIA0
    SLICE_X26Y63         RAMD32                                       r  cnn_system_i/axi_smc_1/inst/s00_nodes/s00_w_node/inst/inst_mi_handler/gen_normal_area.inst_fifo_node_payld/gen_xpm_memory_fifo.inst_fifo/gen_mem_rep[0].inst_xpm_memory/xpm_memory_base_inst/gen_wr_a.gen_word_narrow.mem_reg_0_31_36_41/RAMA/I
  -------------------------------------------------------------------    -------------------

                         (clock clk_fpga_0 rise edge)
                                                      0.000     0.000 r  
    PS7_X0Y0             PS7                          0.000     0.000 r  cnn_system_i/processing_system7_0/inst/PS7_i/FCLKCLK[0]
                         net (fo=1, routed)           0.337     0.337    cnn_system_i/processing_system7_0/inst/FCLK_CLK_unbuffered[0]
    BUFGCTRL_X0Y16       BUFG (Prop_bufg_I_O)         0.029     0.366 r  cnn_system_i/processing_system7_0/inst/buffer_fclk_clk_0.FCLK_CLK_0_BUFG/O
                         net (fo=7971, routed)        0.838     1.204    cnn_system_i/axi_smc_1/inst/s00_nodes/s00_w_node/inst/inst_mi_handler/gen_normal_area.inst_fifo_node_payld/gen_xpm_memory_fifo.inst_fifo/gen_mem_rep[0].inst_xpm_memory/xpm_memory_base_inst/gen_wr_a.gen_word_narrow.mem_reg_0_31_36_41/WCLK
    SLICE_X26Y63         RAMD32                                       r  cnn_system_i/axi_smc_1/inst/s00_nodes/s00_w_node/inst/inst_mi_handler/gen_normal_area.inst_fifo_node_payld/gen_xpm_memory_fifo.inst_fifo/gen_mem_rep[0].inst_xpm_memory/xpm_memory_base_inst/gen_wr_a.gen_word_narrow.mem_reg_0_31_36_41/RAMA/CLK
                         clock pessimism             -0.264     0.940    
    SLICE_X26Y63         RAMD32 (Hold_ramd32_CLK_I)
                                                      0.147     1.087    cnn_system_i/axi_smc_1/inst/s00_nodes/s00_w_node/inst/inst_mi_handler/gen_normal_area.inst_fifo_node_payld/gen_xpm_memory_fifo.inst_fifo/gen_mem_rep[0].inst_xpm_memory/xpm_memory_base_inst/gen_wr_a.gen_word_narrow.mem_reg_0_31_36_41/RAMA
  -------------------------------------------------------------------
                         required time                         -1.087    
                         arrival time                           1.164    
  -------------------------------------------------------------------
                         slack                                  0.077    

Slack (MET) :             0.077ns  (arrival time - required time)
  Source:                 cnn_system_i/axi_smc_1/inst/s00_nodes/s00_w_node/inst/inst_mi_handler/gen_normal_area.gen_upsizer.inst_upsizer/gen_w_ch.accum_reg[bytes][2][userdata][7]/C
                            (rising edge-triggered cell FDRE clocked by clk_fpga_0  {rise@0.000ns fall@5.000ns period=10.000ns})
  Destination:            cnn_system_i/axi_smc_1/inst/s00_nodes/s00_w_node/inst/inst_mi_handler/gen_normal_area.inst_fifo_node_payld/gen_xpm_memory_fifo.inst_fifo/gen_mem_rep[0].inst_xpm_memory/xpm_memory_base_inst/gen_wr_a.gen_word_narrow.mem_reg_0_31_42_47/RAMA/I
                            (rising edge-triggered cell RAMD32 clocked by clk_fpga_0  {rise@0.000ns fall@5.000ns period=10.000ns})
  Path Group:             clk_fpga_0
  Path Type:              Hold (Min at Fast Process Corner)
  Requirement:            0.000ns  (clk_fpga_0 rise@0.000ns - clk_fpga_0 rise@0.000ns)
  Data Path Delay:        0.256ns  (logic 0.141ns (55.003%)  route 0.115ns (44.997%))
  Logic Levels:           0  
  Clock Path Skew:        0.032ns (DCD - SCD - CPR)
    Destination Clock Delay (DCD):    1.204ns
    Source Clock Delay      (SCD):    0.908ns
    Clock Pessimism Removal (CPR):    0.264ns

    Location             Delay type                Incr(ns)  Path(ns)    Netlist Resource(s)
  -------------------------------------------------------------------    -------------------
                         (clock clk_fpga_0 rise edge)
                                                      0.000     0.000 r  
    PS7_X0Y0             PS7                          0.000     0.000 r  cnn_system_i/processing_system7_0/inst/PS7_i/FCLKCLK[0]
                         net (fo=1, routed)           0.310     0.310    cnn_system_i/processing_system7_0/inst/FCLK_CLK_unbuffered[0]
    BUFGCTRL_X0Y16       BUFG (Prop_bufg_I_O)         0.026     0.336 r  cnn_system_i/processing_system7_0/inst/buffer_fclk_clk_0.FCLK_CLK_0_BUFG/O
                         net (fo=7971, routed)        0.572     0.908    cnn_system_i/axi_smc_1/inst/s00_nodes/s00_w_node/inst/inst_mi_handler/gen_normal_area.gen_upsizer.inst_upsizer/s_sc_aclk
    SLICE_X29Y64         FDRE                                         r  cnn_system_i/axi_smc_1/inst/s00_nodes/s00_w_node/inst/inst_mi_handler/gen_normal_area.gen_upsizer.inst_upsizer/gen_w_ch.accum_reg[bytes][2][userdata][7]/C
  -------------------------------------------------------------------    -------------------
    SLICE_X29Y64         FDRE (Prop_fdre_C_Q)         0.141     1.049 r  cnn_system_i/axi_smc_1/inst/s00_nodes/s00_w_node/inst/inst_mi_handler/gen_normal_area.gen_upsizer.inst_upsizer/gen_w_ch.accum_reg[bytes][2][userdata][7]/Q
                         net (fo=1, routed)           0.115     1.164    cnn_system_i/axi_smc_1/inst/s00_nodes/s00_w_node/inst/inst_mi_handler/gen_normal_area.inst_fifo_node_payld/gen_xpm_memory_fifo.inst_fifo/gen_mem_rep[0].inst_xpm_memory/xpm_memory_base_inst/gen_wr_a.gen_word_narrow.mem_reg_0_31_42_47/DIA0
    SLICE_X26Y64         RAMD32                                       r  cnn_system_i/axi_smc_1/inst/s00_nodes/s00_w_node/inst/inst_mi_handler/gen_normal_area.inst_fifo_node_payld/gen_xpm_memory_fifo.inst_fifo/gen_mem_rep[0].inst_xpm_memory/xpm_memory_base_inst/gen_wr_a.gen_word_narrow.mem_reg_0_31_42_47/RAMA/I
  -------------------------------------------------------------------    -------------------

                         (clock clk_fpga_0 rise edge)
                                                      0.000     0.000 r  
    PS7_X0Y0             PS7                          0.000     0.000 r  cnn_system_i/processing_system7_0/inst/PS7_i/FCLKCLK[0]
                         net (fo=1, routed)           0.337     0.337    cnn_system_i/processing_system7_0/inst/FCLK_CLK_unbuffered[0]
    BUFGCTRL_X0Y16       BUFG (Prop_bufg_I_O)         0.029     0.366 r  cnn_system_i/processing_system7_0/inst/buffer_fclk_clk_0.FCLK_CLK_0_BUFG/O
                         net (fo=7971, routed)        0.838     1.204    cnn_system_i/axi_smc_1/inst/s00_nodes/s00_w_node/inst/inst_mi_handler/gen_normal_area.inst_fifo_node_payld/gen_xpm_memory_fifo.inst_fifo/gen_mem_rep[0].inst_xpm_memory/xpm_memory_base_inst/gen_wr_a.gen_word_narrow.mem_reg_0_31_42_47/WCLK
    SLICE_X26Y64         RAMD32                                       r  cnn_system_i/axi_smc_1/inst/s00_nodes/s00_w_node/inst/inst_mi_handler/gen_normal_area.inst_fifo_node_payld/gen_xpm_memory_fifo.inst_fifo/gen_mem_rep[0].inst_xpm_memory/xpm_memory_base_inst/gen_wr_a.gen_word_narrow.mem_reg_0_31_42_47/RAMA/CLK
                         clock pessimism             -0.264     0.940    
    SLICE_X26Y64         RAMD32 (Hold_ramd32_CLK_I)
                                                      0.147     1.087    cnn_system_i/axi_smc_1/inst/s00_nodes/s00_w_node/inst/inst_mi_handler/gen_normal_area.inst_fifo_node_payld/gen_xpm_memory_fifo.inst_fifo/gen_mem_rep[0].inst_xpm_memory/xpm_memory_base_inst/gen_wr_a.gen_word_narrow.mem_reg_0_31_42_47/RAMA
  -------------------------------------------------------------------
                         required time                         -1.087    
                         arrival time                           1.164    
  -------------------------------------------------------------------
                         slack                                  0.077    

Slack (MET) :             0.077ns  (arrival time - required time)
  Source:                 cnn_system_i/axi_smc_1/inst/s00_nodes/s00_w_node/inst/inst_mi_handler/gen_normal_area.gen_upsizer.inst_upsizer/gen_w_ch.accum_reg[bytes][6][userdata][1]/C
                            (rising edge-triggered cell FDRE clocked by clk_fpga_0  {rise@0.000ns fall@5.000ns period=10.000ns})
  Destination:            cnn_system_i/axi_smc_1/inst/s00_nodes/s00_w_node/inst/inst_mi_handler/gen_normal_area.inst_fifo_node_payld/gen_xpm_memory_fifo.inst_fifo/gen_mem_rep[0].inst_xpm_memory/xpm_memory_base_inst/gen_wr_a.gen_word_narrow.mem_reg_0_31_72_77/RAMA/I
                            (rising edge-triggered cell RAMD32 clocked by clk_fpga_0  {rise@0.000ns fall@5.000ns period=10.000ns})
  Path Group:             clk_fpga_0
  Path Type:              Hold (Min at Fast Process Corner)
  Requirement:            0.000ns  (clk_fpga_0 rise@0.000ns - clk_fpga_0 rise@0.000ns)
  Data Path Delay:        0.256ns  (logic 0.141ns (55.003%)  route 0.115ns (44.997%))
  Logic Levels:           0  
  Clock Path Skew:        0.032ns (DCD - SCD - CPR)
    Destination Clock Delay (DCD):    1.205ns
    Source Clock Delay      (SCD):    0.909ns
    Clock Pessimism Removal (CPR):    0.264ns

    Location             Delay type                Incr(ns)  Path(ns)    Netlist Resource(s)
  -------------------------------------------------------------------    -------------------
                         (clock clk_fpga_0 rise edge)
                                                      0.000     0.000 r  
    PS7_X0Y0             PS7                          0.000     0.000 r  cnn_system_i/processing_system7_0/inst/PS7_i/FCLKCLK[0]
                         net (fo=1, routed)           0.310     0.310    cnn_system_i/processing_system7_0/inst/FCLK_CLK_unbuffered[0]
    BUFGCTRL_X0Y16       BUFG (Prop_bufg_I_O)         0.026     0.336 r  cnn_system_i/processing_system7_0/inst/buffer_fclk_clk_0.FCLK_CLK_0_BUFG/O
                         net (fo=7971, routed)        0.573     0.909    cnn_system_i/axi_smc_1/inst/s00_nodes/s00_w_node/inst/inst_mi_handler/gen_normal_area.gen_upsizer.inst_upsizer/s_sc_aclk
    SLICE_X29Y62         FDRE                                         r  cnn_system_i/axi_smc_1/inst/s00_nodes/s00_w_node/inst/inst_mi_handler/gen_normal_area.gen_upsizer.inst_upsizer/gen_w_ch.accum_reg[bytes][6][userdata][1]/C
  -------------------------------------------------------------------    -------------------
    SLICE_X29Y62         FDRE (Prop_fdre_C_Q)         0.141     1.050 r  cnn_system_i/axi_smc_1/inst/s00_nodes/s00_w_node/inst/inst_mi_handler/gen_normal_area.gen_upsizer.inst_upsizer/gen_w_ch.accum_reg[bytes][6][userdata][1]/Q
                         net (fo=1, routed)           0.115     1.165    cnn_system_i/axi_smc_1/inst/s00_nodes/s00_w_node/inst/inst_mi_handler/gen_normal_area.inst_fifo_node_payld/gen_xpm_memory_fifo.inst_fifo/gen_mem_rep[0].inst_xpm_memory/xpm_memory_base_inst/gen_wr_a.gen_word_narrow.mem_reg_0_31_72_77/DIA0
    SLICE_X26Y62         RAMD32                                       r  cnn_system_i/axi_smc_1/inst/s00_nodes/s00_w_node/inst/inst_mi_handler/gen_normal_area.inst_fifo_node_payld/gen_xpm_memory_fifo.inst_fifo/gen_mem_rep[0].inst_xpm_memory/xpm_memory_base_inst/gen_wr_a.gen_word_narrow.mem_reg_0_31_72_77/RAMA/I
  -------------------------------------------------------------------    -------------------

                         (clock clk_fpga_0 rise edge)
                                                      0.000     0.000 r  
    PS7_X0Y0             PS7                          0.000     0.000 r  cnn_system_i/processing_system7_0/inst/PS7_i/FCLKCLK[0]
                         net (fo=1, routed)           0.337     0.337    cnn_system_i/processing_system7_0/inst/FCLK_CLK_unbuffered[0]
    BUFGCTRL_X0Y16       BUFG (Prop_bufg_I_O)         0.029     0.366 r  cnn_system_i/processing_system7_0/inst/buffer_fclk_clk_0.FCLK_CLK_0_BUFG/O
                         net (fo=7971, routed)        0.839     1.205    cnn_system_i/axi_smc_1/inst/s00_nodes/s00_w_node/inst/inst_mi_handler/gen_normal_area.inst_fifo_node_payld/gen_xpm_memory_fifo.inst_fifo/gen_mem_rep[0].inst_xpm_memory/xpm_memory_base_inst/gen_wr_a.gen_word_narrow.mem_reg_0_31_72_77/WCLK
    SLICE_X26Y62         RAMD32                                       r  cnn_system_i/axi_smc_1/inst/s00_nodes/s00_w_node/inst/inst_mi_handler/gen_normal_area.inst_fifo_node_payld/gen_xpm_memory_fifo.inst_fifo/gen_mem_rep[0].inst_xpm_memory/xpm_memory_base_inst/gen_wr_a.gen_word_narrow.mem_reg_0_31_72_77/RAMA/CLK
                         clock pessimism             -0.264     0.941    
    SLICE_X26Y62         RAMD32 (Hold_ramd32_CLK_I)
                                                      0.147     1.088    cnn_system_i/axi_smc_1/inst/s00_nodes/s00_w_node/inst/inst_mi_handler/gen_normal_area.inst_fifo_node_payld/gen_xpm_memory_fifo.inst_fifo/gen_mem_rep[0].inst_xpm_memory/xpm_memory_base_inst/gen_wr_a.gen_word_narrow.mem_reg_0_31_72_77/RAMA
  -------------------------------------------------------------------
                         required time                         -1.088    
                         arrival time                           1.165    
  -------------------------------------------------------------------
                         slack                                  0.077    

Slack (MET) :             0.078ns  (arrival time - required time)
  Source:                 cnn_system_i/axi_smc_1/inst/s00_nodes/s00_w_node/inst/inst_mi_handler/gen_normal_area.gen_upsizer.inst_upsizer/gen_w_ch.accum_reg[bytes][6][userdata][7]/C
                            (rising edge-triggered cell FDRE clocked by clk_fpga_0  {rise@0.000ns fall@5.000ns period=10.000ns})
  Destination:            cnn_system_i/axi_smc_1/inst/s00_nodes/s00_w_node/inst/inst_mi_handler/gen_normal_area.inst_fifo_node_payld/gen_xpm_memory_fifo.inst_fifo/gen_mem_rep[0].inst_xpm_memory/xpm_memory_base_inst/gen_wr_a.gen_word_narrow.mem_reg_0_31_78_83/RAMA/I
                            (rising edge-triggered cell RAMD32 clocked by clk_fpga_0  {rise@0.000ns fall@5.000ns period=10.000ns})
  Path Group:             clk_fpga_0
  Path Type:              Hold (Min at Fast Process Corner)
  Requirement:            0.000ns  (clk_fpga_0 rise@0.000ns - clk_fpga_0 rise@0.000ns)
  Data Path Delay:        0.256ns  (logic 0.141ns (55.003%)  route 0.115ns (44.997%))
  Logic Levels:           0  
  Clock Path Skew:        0.031ns (DCD - SCD - CPR)
    Destination Clock Delay (DCD):    1.203ns
    Source Clock Delay      (SCD):    0.908ns
    Clock Pessimism Removal (CPR):    0.264ns

    Location             Delay type                Incr(ns)  Path(ns)    Netlist Resource(s)
  -------------------------------------------------------------------    -------------------
                         (clock clk_fpga_0 rise edge)
                                                      0.000     0.000 r  
    PS7_X0Y0             PS7                          0.000     0.000 r  cnn_system_i/processing_system7_0/inst/PS7_i/FCLKCLK[0]
                         net (fo=1, routed)           0.310     0.310    cnn_system_i/processing_system7_0/inst/FCLK_CLK_unbuffered[0]
    BUFGCTRL_X0Y16       BUFG (Prop_bufg_I_O)         0.026     0.336 r  cnn_system_i/processing_system7_0/inst/buffer_fclk_clk_0.FCLK_CLK_0_BUFG/O
                         net (fo=7971, routed)        0.572     0.908    cnn_system_i/axi_smc_1/inst/s00_nodes/s00_w_node/inst/inst_mi_handler/gen_normal_area.gen_upsizer.inst_upsizer/s_sc_aclk
    SLICE_X29Y65         FDRE                                         r  cnn_system_i/axi_smc_1/inst/s00_nodes/s00_w_node/inst/inst_mi_handler/gen_normal_area.gen_upsizer.inst_upsizer/gen_w_ch.accum_reg[bytes][6][userdata][7]/C
  -------------------------------------------------------------------    -------------------
    SLICE_X29Y65         FDRE (Prop_fdre_C_Q)         0.141     1.049 r  cnn_system_i/axi_smc_1/inst/s00_nodes/s00_w_node/inst/inst_mi_handler/gen_normal_area.gen_upsizer.inst_upsizer/gen_w_ch.accum_reg[bytes][6][userdata][7]/Q
                         net (fo=1, routed)           0.115     1.164    cnn_system_i/axi_smc_1/inst/s00_nodes/s00_w_node/inst/inst_mi_handler/gen_normal_area.inst_fifo_node_payld/gen_xpm_memory_fifo.inst_fifo/gen_mem_rep[0].inst_xpm_memory/xpm_memory_base_inst/gen_wr_a.gen_word_narrow.mem_reg_0_31_78_83/DIA0
    SLICE_X26Y65         RAMD32                                       r  cnn_system_i/axi_smc_1/inst/s00_nodes/s00_w_node/inst/inst_mi_handler/gen_normal_area.inst_fifo_node_payld/gen_xpm_memory_fifo.inst_fifo/gen_mem_rep[0].inst_xpm_memory/xpm_memory_base_inst/gen_wr_a.gen_word_narrow.mem_reg_0_31_78_83/RAMA/I
  -------------------------------------------------------------------    -------------------

                         (clock clk_fpga_0 rise edge)
                                                      0.000     0.000 r  
    PS7_X0Y0             PS7                          0.000     0.000 r  cnn_system_i/processing_system7_0/inst/PS7_i/FCLKCLK[0]
                         net (fo=1, routed)           0.337     0.337    cnn_system_i/processing_system7_0/inst/FCLK_CLK_unbuffered[0]
    BUFGCTRL_X0Y16       BUFG (Prop_bufg_I_O)         0.029     0.366 r  cnn_system_i/processing_system7_0/inst/buffer_fclk_clk_0.FCLK_CLK_0_BUFG/O
                         net (fo=7971, routed)        0.837     1.203    cnn_system_i/axi_smc_1/inst/s00_nodes/s00_w_node/inst/inst_mi_handler/gen_normal_area.inst_fifo_node_payld/gen_xpm_memory_fifo.inst_fifo/gen_mem_rep[0].inst_xpm_memory/xpm_memory_base_inst/gen_wr_a.gen_word_narrow.mem_reg_0_31_78_83/WCLK
    SLICE_X26Y65         RAMD32                                       r  cnn_system_i/axi_smc_1/inst/s00_nodes/s00_w_node/inst/inst_mi_handler/gen_normal_area.inst_fifo_node_payld/gen_xpm_memory_fifo.inst_fifo/gen_mem_rep[0].inst_xpm_memory/xpm_memory_base_inst/gen_wr_a.gen_word_narrow.mem_reg_0_31_78_83/RAMA/CLK
                         clock pessimism             -0.264     0.939    
    SLICE_X26Y65         RAMD32 (Hold_ramd32_CLK_I)
                                                      0.147     1.086    cnn_system_i/axi_smc_1/inst/s00_nodes/s00_w_node/inst/inst_mi_handler/gen_normal_area.inst_fifo_node_payld/gen_xpm_memory_fifo.inst_fifo/gen_mem_rep[0].inst_xpm_memory/xpm_memory_base_inst/gen_wr_a.gen_word_narrow.mem_reg_0_31_78_83/RAMA
  -------------------------------------------------------------------
                         required time                         -1.086    
                         arrival time                           1.164    
  -------------------------------------------------------------------
                         slack                                  0.078    

Slack (MET) :             0.079ns  (arrival time - required time)
  Source:                 cnn_system_i/axi_smc_1/inst/s00_nodes/s00_w_node/inst/inst_mi_handler/gen_normal_area.gen_upsizer.inst_upsizer/gen_w_ch.accum_reg[bytes][5][userdata][6]/C
                            (rising edge-triggered cell FDRE clocked by clk_fpga_0  {rise@0.000ns fall@5.000ns period=10.000ns})
  Destination:            cnn_system_i/axi_smc_1/inst/s00_nodes/s00_w_node/inst/inst_mi_handler/gen_normal_area.inst_fifo_node_payld/gen_xpm_memory_fifo.inst_fifo/gen_mem_rep[0].inst_xpm_memory/xpm_memory_base_inst/gen_wr_a.gen_word_narrow.mem_reg_0_31_66_71/RAMB/I
                            (rising edge-triggered cell RAMD32 clocked by clk_fpga_0  {rise@0.000ns fall@5.000ns period=10.000ns})
  Path Group:             clk_fpga_0
  Path Type:              Hold (Min at Fast Process Corner)
  Requirement:            0.000ns  (clk_fpga_0 rise@0.000ns - clk_fpga_0 rise@0.000ns)
  Data Path Delay:        0.257ns  (logic 0.141ns (54.966%)  route 0.116ns (45.034%))
  Logic Levels:           0  
  Clock Path Skew:        0.032ns (DCD - SCD - CPR)
    Destination Clock Delay (DCD):    1.207ns
    Source Clock Delay      (SCD):    0.911ns
    Clock Pessimism Removal (CPR):    0.264ns

    Location             Delay type                Incr(ns)  Path(ns)    Netlist Resource(s)
  -------------------------------------------------------------------    -------------------
                         (clock clk_fpga_0 rise edge)
                                                      0.000     0.000 r  
    PS7_X0Y0             PS7                          0.000     0.000 r  cnn_system_i/processing_system7_0/inst/PS7_i/FCLKCLK[0]
                         net (fo=1, routed)           0.310     0.310    cnn_system_i/processing_system7_0/inst/FCLK_CLK_unbuffered[0]
    BUFGCTRL_X0Y16       BUFG (Prop_bufg_I_O)         0.026     0.336 r  cnn_system_i/processing_system7_0/inst/buffer_fclk_clk_0.FCLK_CLK_0_BUFG/O
                         net (fo=7971, routed)        0.575     0.911    cnn_system_i/axi_smc_1/inst/s00_nodes/s00_w_node/inst/inst_mi_handler/gen_normal_area.gen_upsizer.inst_upsizer/s_sc_aclk
    SLICE_X29Y59         FDRE                                         r  cnn_system_i/axi_smc_1/inst/s00_nodes/s00_w_node/inst/inst_mi_handler/gen_normal_area.gen_upsizer.inst_upsizer/gen_w_ch.accum_reg[bytes][5][userdata][6]/C
  -------------------------------------------------------------------    -------------------
    SLICE_X29Y59         FDRE (Prop_fdre_C_Q)         0.141     1.052 r  cnn_system_i/axi_smc_1/inst/s00_nodes/s00_w_node/inst/inst_mi_handler/gen_normal_area.gen_upsizer.inst_upsizer/gen_w_ch.accum_reg[bytes][5][userdata][6]/Q
                         net (fo=1, routed)           0.116     1.167    cnn_system_i/axi_smc_1/inst/s00_nodes/s00_w_node/inst/inst_mi_handler/gen_normal_area.inst_fifo_node_payld/gen_xpm_memory_fifo.inst_fifo/gen_mem_rep[0].inst_xpm_memory/xpm_memory_base_inst/gen_wr_a.gen_word_narrow.mem_reg_0_31_66_71/DIB0
    SLICE_X26Y60         RAMD32                                       r  cnn_system_i/axi_smc_1/inst/s00_nodes/s00_w_node/inst/inst_mi_handler/gen_normal_area.inst_fifo_node_payld/gen_xpm_memory_fifo.inst_fifo/gen_mem_rep[0].inst_xpm_memory/xpm_memory_base_inst/gen_wr_a.gen_word_narrow.mem_reg_0_31_66_71/RAMB/I
  -------------------------------------------------------------------    -------------------

                         (clock clk_fpga_0 rise edge)
                                                      0.000     0.000 r  
    PS7_X0Y0             PS7                          0.000     0.000 r  cnn_system_i/processing_system7_0/inst/PS7_i/FCLKCLK[0]
                         net (fo=1, routed)           0.337     0.337    cnn_system_i/processing_system7_0/inst/FCLK_CLK_unbuffered[0]
    BUFGCTRL_X0Y16       BUFG (Prop_bufg_I_O)         0.029     0.366 r  cnn_system_i/processing_system7_0/inst/buffer_fclk_clk_0.FCLK_CLK_0_BUFG/O
                         net (fo=7971, routed)        0.841     1.207    cnn_system_i/axi_smc_1/inst/s00_nodes/s00_w_node/inst/inst_mi_handler/gen_normal_area.inst_fifo_node_payld/gen_xpm_memory_fifo.inst_fifo/gen_mem_rep[0].inst_xpm_memory/xpm_memory_base_inst/gen_wr_a.gen_word_narrow.mem_reg_0_31_66_71/WCLK
    SLICE_X26Y60         RAMD32                                       r  cnn_system_i/axi_smc_1/inst/s00_nodes/s00_w_node/inst/inst_mi_handler/gen_normal_area.inst_fifo_node_payld/gen_xpm_memory_fifo.inst_fifo/gen_mem_rep[0].inst_xpm_memory/xpm_memory_base_inst/gen_wr_a.gen_word_narrow.mem_reg_0_31_66_71/RAMB/CLK
                         clock pessimism             -0.264     0.943    
    SLICE_X26Y60         RAMD32 (Hold_ramd32_CLK_I)
                                                      0.146     1.089    cnn_system_i/axi_smc_1/inst/s00_nodes/s00_w_node/inst/inst_mi_handler/gen_normal_area.inst_fifo_node_payld/gen_xpm_memory_fifo.inst_fifo/gen_mem_rep[0].inst_xpm_memory/xpm_memory_base_inst/gen_wr_a.gen_word_narrow.mem_reg_0_31_66_71/RAMB
  -------------------------------------------------------------------
                         required time                         -1.089    
                         arrival time                           1.167    
  -------------------------------------------------------------------
                         slack                                  0.079    

Slack (MET) :             0.079ns  (arrival time - required time)
  Source:                 cnn_system_i/axi_smc_1/inst/s00_nodes/s00_w_node/inst/inst_mi_handler/gen_normal_area.gen_upsizer.inst_upsizer/gen_w_ch.accum_reg[bytes][1][userdata][6]/C
                            (rising edge-triggered cell FDRE clocked by clk_fpga_0  {rise@0.000ns fall@5.000ns period=10.000ns})
  Destination:            cnn_system_i/axi_smc_1/inst/s00_nodes/s00_w_node/inst/inst_mi_handler/gen_normal_area.inst_fifo_node_payld/gen_xpm_memory_fifo.inst_fifo/gen_mem_rep[0].inst_xpm_memory/xpm_memory_base_inst/gen_wr_a.gen_word_narrow.mem_reg_0_31_30_35/RAMB/I
                            (rising edge-triggered cell RAMD32 clocked by clk_fpga_0  {rise@0.000ns fall@5.000ns period=10.000ns})
  Path Group:             clk_fpga_0
  Path Type:              Hold (Min at Fast Process Corner)
  Requirement:            0.000ns  (clk_fpga_0 rise@0.000ns - clk_fpga_0 rise@0.000ns)
  Data Path Delay:        0.258ns  (logic 0.141ns (54.725%)  route 0.117ns (45.275%))
  Logic Levels:           0  
  Clock Path Skew:        0.033ns (DCD - SCD - CPR)
    Destination Clock Delay (DCD):    1.207ns
    Source Clock Delay      (SCD):    0.910ns
    Clock Pessimism Removal (CPR):    0.264ns

    Location             Delay type                Incr(ns)  Path(ns)    Netlist Resource(s)
  -------------------------------------------------------------------    -------------------
                         (clock clk_fpga_0 rise edge)
                                                      0.000     0.000 r  
    PS7_X0Y0             PS7                          0.000     0.000 r  cnn_system_i/processing_system7_0/inst/PS7_i/FCLKCLK[0]
                         net (fo=1, routed)           0.310     0.310    cnn_system_i/processing_system7_0/inst/FCLK_CLK_unbuffered[0]
    BUFGCTRL_X0Y16       BUFG (Prop_bufg_I_O)         0.026     0.336 r  cnn_system_i/processing_system7_0/inst/buffer_fclk_clk_0.FCLK_CLK_0_BUFG/O
                         net (fo=7971, routed)        0.574     0.910    cnn_system_i/axi_smc_1/inst/s00_nodes/s00_w_node/inst/inst_mi_handler/gen_normal_area.gen_upsizer.inst_upsizer/s_sc_aclk
    SLICE_X29Y61         FDRE                                         r  cnn_system_i/axi_smc_1/inst/s00_nodes/s00_w_node/inst/inst_mi_handler/gen_normal_area.gen_upsizer.inst_upsizer/gen_w_ch.accum_reg[bytes][1][userdata][6]/C
  -------------------------------------------------------------------    -------------------
    SLICE_X29Y61         FDRE (Prop_fdre_C_Q)         0.141     1.051 r  cnn_system_i/axi_smc_1/inst/s00_nodes/s00_w_node/inst/inst_mi_handler/gen_normal_area.gen_upsizer.inst_upsizer/gen_w_ch.accum_reg[bytes][1][userdata][6]/Q
                         net (fo=1, routed)           0.117     1.167    cnn_system_i/axi_smc_1/inst/s00_nodes/s00_w_node/inst/inst_mi_handler/gen_normal_area.inst_fifo_node_payld/gen_xpm_memory_fifo.inst_fifo/gen_mem_rep[0].inst_xpm_memory/xpm_memory_base_inst/gen_wr_a.gen_word_narrow.mem_reg_0_31_30_35/DIB0
    SLICE_X26Y61         RAMD32                                       r  cnn_system_i/axi_smc_1/inst/s00_nodes/s00_w_node/inst/inst_mi_handler/gen_normal_area.inst_fifo_node_payld/gen_xpm_memory_fifo.inst_fifo/gen_mem_rep[0].inst_xpm_memory/xpm_memory_base_inst/gen_wr_a.gen_word_narrow.mem_reg_0_31_30_35/RAMB/I
  -------------------------------------------------------------------    -------------------

                         (clock clk_fpga_0 rise edge)
                                                      0.000     0.000 r  
    PS7_X0Y0             PS7                          0.000     0.000 r  cnn_system_i/processing_system7_0/inst/PS7_i/FCLKCLK[0]
                         net (fo=1, routed)           0.337     0.337    cnn_system_i/processing_system7_0/inst/FCLK_CLK_unbuffered[0]
    BUFGCTRL_X0Y16       BUFG (Prop_bufg_I_O)         0.029     0.366 r  cnn_system_i/processing_system7_0/inst/buffer_fclk_clk_0.FCLK_CLK_0_BUFG/O
                         net (fo=7971, routed)        0.841     1.207    cnn_system_i/axi_smc_1/inst/s00_nodes/s00_w_node/inst/inst_mi_handler/gen_normal_area.inst_fifo_node_payld/gen_xpm_memory_fifo.inst_fifo/gen_mem_rep[0].inst_xpm_memory/xpm_memory_base_inst/gen_wr_a.gen_word_narrow.mem_reg_0_31_30_35/WCLK
    SLICE_X26Y61         RAMD32                                       r  cnn_system_i/axi_smc_1/inst/s00_nodes/s00_w_node/inst/inst_mi_handler/gen_normal_area.inst_fifo_node_payld/gen_xpm_memory_fifo.inst_fifo/gen_mem_rep[0].inst_xpm_memory/xpm_memory_base_inst/gen_wr_a.gen_word_narrow.mem_reg_0_31_30_35/RAMB/CLK
                         clock pessimism             -0.264     0.943    
    SLICE_X26Y61         RAMD32 (Hold_ramd32_CLK_I)
                                                      0.146     1.089    cnn_system_i/axi_smc_1/inst/s00_nodes/s00_w_node/inst/inst_mi_handler/gen_normal_area.inst_fifo_node_payld/gen_xpm_memory_fifo.inst_fifo/gen_mem_rep[0].inst_xpm_memory/xpm_memory_base_inst/gen_wr_a.gen_word_narrow.mem_reg_0_31_30_35/RAMB
  -------------------------------------------------------------------
                         required time                         -1.089    
                         arrival time                           1.167    
  -------------------------------------------------------------------
                         slack                                  0.079    

Slack (MET) :             0.079ns  (arrival time - required time)
  Source:                 cnn_system_i/axi_smc_1/inst/s00_nodes/s00_w_node/inst/inst_mi_handler/gen_normal_area.gen_upsizer.inst_upsizer/gen_w_ch.accum_reg[bytes][7][userdata][0]/C
                            (rising edge-triggered cell FDRE clocked by clk_fpga_0  {rise@0.000ns fall@5.000ns period=10.000ns})
  Destination:            cnn_system_i/axi_smc_1/inst/s00_nodes/s00_w_node/inst/inst_mi_handler/gen_normal_area.inst_fifo_node_payld/gen_xpm_memory_fifo.inst_fifo/gen_mem_rep[0].inst_xpm_memory/xpm_memory_base_inst/gen_wr_a.gen_word_narrow.mem_reg_0_31_78_83/RAMB/I
                            (rising edge-triggered cell RAMD32 clocked by clk_fpga_0  {rise@0.000ns fall@5.000ns period=10.000ns})
  Path Group:             clk_fpga_0
  Path Type:              Hold (Min at Fast Process Corner)
  Requirement:            0.000ns  (clk_fpga_0 rise@0.000ns - clk_fpga_0 rise@0.000ns)
  Data Path Delay:        0.256ns  (logic 0.141ns (55.003%)  route 0.115ns (44.997%))
  Logic Levels:           0  
  Clock Path Skew:        0.031ns (DCD - SCD - CPR)
    Destination Clock Delay (DCD):    1.203ns
    Source Clock Delay      (SCD):    0.908ns
    Clock Pessimism Removal (CPR):    0.264ns

    Location             Delay type                Incr(ns)  Path(ns)    Netlist Resource(s)
  -------------------------------------------------------------------    -------------------
                         (clock clk_fpga_0 rise edge)
                                                      0.000     0.000 r  
    PS7_X0Y0             PS7                          0.000     0.000 r  cnn_system_i/processing_system7_0/inst/PS7_i/FCLKCLK[0]
                         net (fo=1, routed)           0.310     0.310    cnn_system_i/processing_system7_0/inst/FCLK_CLK_unbuffered[0]
    BUFGCTRL_X0Y16       BUFG (Prop_bufg_I_O)         0.026     0.336 r  cnn_system_i/processing_system7_0/inst/buffer_fclk_clk_0.FCLK_CLK_0_BUFG/O
                         net (fo=7971, routed)        0.572     0.908    cnn_system_i/axi_smc_1/inst/s00_nodes/s00_w_node/inst/inst_mi_handler/gen_normal_area.gen_upsizer.inst_upsizer/s_sc_aclk
    SLICE_X29Y65         FDRE                                         r  cnn_system_i/axi_smc_1/inst/s00_nodes/s00_w_node/inst/inst_mi_handler/gen_normal_area.gen_upsizer.inst_upsizer/gen_w_ch.accum_reg[bytes][7][userdata][0]/C
  -------------------------------------------------------------------    -------------------
    SLICE_X29Y65         FDRE (Prop_fdre_C_Q)         0.141     1.049 r  cnn_system_i/axi_smc_1/inst/s00_nodes/s00_w_node/inst/inst_mi_handler/gen_normal_area.gen_upsizer.inst_upsizer/gen_w_ch.accum_reg[bytes][7][userdata][0]/Q
                         net (fo=1, routed)           0.115     1.164    cnn_system_i/axi_smc_1/inst/s00_nodes/s00_w_node/inst/inst_mi_handler/gen_normal_area.inst_fifo_node_payld/gen_xpm_memory_fifo.inst_fifo/gen_mem_rep[0].inst_xpm_memory/xpm_memory_base_inst/gen_wr_a.gen_word_narrow.mem_reg_0_31_78_83/DIB0
    SLICE_X26Y65         RAMD32                                       r  cnn_system_i/axi_smc_1/inst/s00_nodes/s00_w_node/inst/inst_mi_handler/gen_normal_area.inst_fifo_node_payld/gen_xpm_memory_fifo.inst_fifo/gen_mem_rep[0].inst_xpm_memory/xpm_memory_base_inst/gen_wr_a.gen_word_narrow.mem_reg_0_31_78_83/RAMB/I
  -------------------------------------------------------------------    -------------------

                         (clock clk_fpga_0 rise edge)
                                                      0.000     0.000 r  
    PS7_X0Y0             PS7                          0.000     0.000 r  cnn_system_i/processing_system7_0/inst/PS7_i/FCLKCLK[0]
                         net (fo=1, routed)           0.337     0.337    cnn_system_i/processing_system7_0/inst/FCLK_CLK_unbuffered[0]
    BUFGCTRL_X0Y16       BUFG (Prop_bufg_I_O)         0.029     0.366 r  cnn_system_i/processing_system7_0/inst/buffer_fclk_clk_0.FCLK_CLK_0_BUFG/O
                         net (fo=7971, routed)        0.837     1.203    cnn_system_i/axi_smc_1/inst/s00_nodes/s00_w_node/inst/inst_mi_handler/gen_normal_area.inst_fifo_node_payld/gen_xpm_memory_fifo.inst_fifo/gen_mem_rep[0].inst_xpm_memory/xpm_memory_base_inst/gen_wr_a.gen_word_narrow.mem_reg_0_31_78_83/WCLK
    SLICE_X26Y65         RAMD32                                       r  cnn_system_i/axi_smc_1/inst/s00_nodes/s00_w_node/inst/inst_mi_handler/gen_normal_area.inst_fifo_node_payld/gen_xpm_memory_fifo.inst_fifo/gen_mem_rep[0].inst_xpm_memory/xpm_memory_base_inst/gen_wr_a.gen_word_narrow.mem_reg_0_31_78_83/RAMB/CLK
                         clock pessimism             -0.264     0.939    
    SLICE_X26Y65         RAMD32 (Hold_ramd32_CLK_I)
                                                      0.146     1.085    cnn_system_i/axi_smc_1/inst/s00_nodes/s00_w_node/inst/inst_mi_handler/gen_normal_area.inst_fifo_node_payld/gen_xpm_memory_fifo.inst_fifo/gen_mem_rep[0].inst_xpm_memory/xpm_memory_base_inst/gen_wr_a.gen_word_narrow.mem_reg_0_31_78_83/RAMB
  -------------------------------------------------------------------
                         required time                         -1.085    
                         arrival time                           1.164    
  -------------------------------------------------------------------
                         slack                                  0.079    

Slack (MET) :             0.082ns  (arrival time - required time)
  Source:                 cnn_system_i/axi_smc_1/inst/s00_nodes/s00_w_node/inst/inst_mi_handler/gen_normal_area.gen_upsizer.inst_upsizer/gen_w_ch.accum_reg[bytes][0][userdata][5]/C
                            (rising edge-triggered cell FDRE clocked by clk_fpga_0  {rise@0.000ns fall@5.000ns period=10.000ns})
  Destination:            cnn_system_i/axi_smc_1/inst/s00_nodes/s00_w_node/inst/inst_mi_handler/gen_normal_area.inst_fifo_node_payld/gen_xpm_memory_fifo.inst_fifo/gen_mem_rep[0].inst_xpm_memory/xpm_memory_base_inst/gen_wr_a.gen_word_narrow.mem_reg_0_31_18_23/RAMC/I
                            (rising edge-triggered cell RAMD32 clocked by clk_fpga_0  {rise@0.000ns fall@5.000ns period=10.000ns})
  Path Group:             clk_fpga_0
  Path Type:              Hold (Min at Fast Process Corner)
  Requirement:            0.000ns  (clk_fpga_0 rise@0.000ns - clk_fpga_0 rise@0.000ns)
  Data Path Delay:        0.185ns  (logic 0.128ns (69.109%)  route 0.057ns (30.891%))
  Logic Levels:           0  
  Clock Path Skew:        0.013ns (DCD - SCD - CPR)
    Destination Clock Delay (DCD):    1.208ns
    Source Clock Delay      (SCD):    0.908ns
    Clock Pessimism Removal (CPR):    0.287ns

    Location             Delay type                Incr(ns)  Path(ns)    Netlist Resource(s)
  -------------------------------------------------------------------    -------------------
                         (clock clk_fpga_0 rise edge)
                                                      0.000     0.000 r  
    PS7_X0Y0             PS7                          0.000     0.000 r  cnn_system_i/processing_system7_0/inst/PS7_i/FCLKCLK[0]
                         net (fo=1, routed)           0.310     0.310    cnn_system_i/processing_system7_0/inst/FCLK_CLK_unbuffered[0]
    BUFGCTRL_X0Y16       BUFG (Prop_bufg_I_O)         0.026     0.336 r  cnn_system_i/processing_system7_0/inst/buffer_fclk_clk_0.FCLK_CLK_0_BUFG/O
                         net (fo=7971, routed)        0.572     0.908    cnn_system_i/axi_smc_1/inst/s00_nodes/s00_w_node/inst/inst_mi_handler/gen_normal_area.gen_upsizer.inst_upsizer/s_sc_aclk
    SLICE_X27Y57         FDRE                                         r  cnn_system_i/axi_smc_1/inst/s00_nodes/s00_w_node/inst/inst_mi_handler/gen_normal_area.gen_upsizer.inst_upsizer/gen_w_ch.accum_reg[bytes][0][userdata][5]/C
  -------------------------------------------------------------------    -------------------
    SLICE_X27Y57         FDRE (Prop_fdre_C_Q)         0.128     1.036 r  cnn_system_i/axi_smc_1/inst/s00_nodes/s00_w_node/inst/inst_mi_handler/gen_normal_area.gen_upsizer.inst_upsizer/gen_w_ch.accum_reg[bytes][0][userdata][5]/Q
                         net (fo=1, routed)           0.057     1.093    cnn_system_i/axi_smc_1/inst/s00_nodes/s00_w_node/inst/inst_mi_handler/gen_normal_area.inst_fifo_node_payld/gen_xpm_memory_fifo.inst_fifo/gen_mem_rep[0].inst_xpm_memory/xpm_memory_base_inst/gen_wr_a.gen_word_narrow.mem_reg_0_31_18_23/DIC0
    SLICE_X26Y57         RAMD32                                       r  cnn_system_i/axi_smc_1/inst/s00_nodes/s00_w_node/inst/inst_mi_handler/gen_normal_area.inst_fifo_node_payld/gen_xpm_memory_fifo.inst_fifo/gen_mem_rep[0].inst_xpm_memory/xpm_memory_base_inst/gen_wr_a.gen_word_narrow.mem_reg_0_31_18_23/RAMC/I
  -------------------------------------------------------------------    -------------------

                         (clock clk_fpga_0 rise edge)
                                                      0.000     0.000 r  
    PS7_X0Y0             PS7                          0.000     0.000 r  cnn_system_i/processing_system7_0/inst/PS7_i/FCLKCLK[0]
                         net (fo=1, routed)           0.337     0.337    cnn_system_i/processing_system7_0/inst/FCLK_CLK_unbuffered[0]
    BUFGCTRL_X0Y16       BUFG (Prop_bufg_I_O)         0.029     0.366 r  cnn_system_i/processing_system7_0/inst/buffer_fclk_clk_0.FCLK_CLK_0_BUFG/O
                         net (fo=7971, routed)        0.842     1.208    cnn_system_i/axi_smc_1/inst/s00_nodes/s00_w_node/inst/inst_mi_handler/gen_normal_area.inst_fifo_node_payld/gen_xpm_memory_fifo.inst_fifo/gen_mem_rep[0].inst_xpm_memory/xpm_memory_base_inst/gen_wr_a.gen_word_narrow.mem_reg_0_31_18_23/WCLK
    SLICE_X26Y57         RAMD32                                       r  cnn_system_i/axi_smc_1/inst/s00_nodes/s00_w_node/inst/inst_mi_handler/gen_normal_area.inst_fifo_node_payld/gen_xpm_memory_fifo.inst_fifo/gen_mem_rep[0].inst_xpm_memory/xpm_memory_base_inst/gen_wr_a.gen_word_narrow.mem_reg_0_31_18_23/RAMC/CLK
                         clock pessimism             -0.287     0.921    
    SLICE_X26Y57         RAMD32 (Hold_ramd32_CLK_I)
                                                      0.090     1.011    cnn_system_i/axi_smc_1/inst/s00_nodes/s00_w_node/inst/inst_mi_handler/gen_normal_area.inst_fifo_node_payld/gen_xpm_memory_fifo.inst_fifo/gen_mem_rep[0].inst_xpm_memory/xpm_memory_base_inst/gen_wr_a.gen_word_narrow.mem_reg_0_31_18_23/RAMC
  -------------------------------------------------------------------
                         required time                         -1.011    
                         arrival time                           1.093    
  -------------------------------------------------------------------
                         slack                                  0.082    





Pulse Width Checks
--------------------------------------------------------------------------------------
Clock Name:         clk_fpga_0
Waveform(ns):       { 0.000 5.000 }
Period(ns):         10.000
Sources:            { cnn_system_i/processing_system7_0/inst/PS7_i/FCLKCLK[0] }

Check Type        Corner  Lib Pin      Reference Pin  Required(ns)  Actual(ns)  Slack(ns)  Location      Pin
Min Period        n/a     DSP48E1/CLK  n/a            3.272         10.000      6.728      DSP48_X3Y45   cnn_system_i/axis_cnn_mnist_0/inst/u_conv2/u_calc/product_s1_reg[0][1][0]/CLK
Min Period        n/a     DSP48E1/CLK  n/a            3.272         10.000      6.728      DSP48_X4Y31   cnn_system_i/axis_cnn_mnist_0/inst/u_conv2/u_calc/product_s1_reg[0][3][0]/CLK
Min Period        n/a     DSP48E1/CLK  n/a            3.272         10.000      6.728      DSP48_X2Y30   cnn_system_i/axis_cnn_mnist_0/inst/u_conv2/u_calc/product_s1_reg[1][1][0]/CLK
Min Period        n/a     DSP48E1/CLK  n/a            3.272         10.000      6.728      DSP48_X3Y24   cnn_system_i/axis_cnn_mnist_0/inst/u_conv2/u_calc/product_s1_reg[1][3][0]/CLK
Min Period        n/a     DSP48E1/CLK  n/a            3.272         10.000      6.728      DSP48_X2Y27   cnn_system_i/axis_cnn_mnist_0/inst/u_conv2/u_calc/product_s1_reg[2][1][0]/CLK
Min Period        n/a     DSP48E1/CLK  n/a            3.272         10.000      6.728      DSP48_X3Y26   cnn_system_i/axis_cnn_mnist_0/inst/u_conv2/u_calc/product_s1_reg[2][3][0]/CLK
Min Period        n/a     DSP48E1/CLK  n/a            3.272         10.000      6.728      DSP48_X3Y36   cnn_system_i/axis_cnn_mnist_0/inst/u_conv2/u_calc/product_s1_reg[3][1][0]/CLK
Min Period        n/a     DSP48E1/CLK  n/a            3.272         10.000      6.728      DSP48_X4Y27   cnn_system_i/axis_cnn_mnist_0/inst/u_conv2/u_calc/product_s1_reg[3][3][0]/CLK
Min Period        n/a     DSP48E1/CLK  n/a            3.272         10.000      6.728      DSP48_X2Y45   cnn_system_i/axis_cnn_mnist_0/inst/u_conv2/u_calc/product_s1_reg[0][1][2]/CLK
Min Period        n/a     DSP48E1/CLK  n/a            3.272         10.000      6.728      DSP48_X4Y33   cnn_system_i/axis_cnn_mnist_0/inst/u_conv2/u_calc/product_s1_reg[0][3][2]/CLK
Min Period        n/a     DSP48E1/CLK  n/a            3.272         10.000      6.728      DSP48_X2Y32   cnn_system_i/axis_cnn_mnist_0/inst/u_conv2/u_calc/product_s1_reg[1][1][2]/CLK
Min Period        n/a     DSP48E1/CLK  n/a            3.272         10.000      6.728      DSP48_X3Y29   cnn_system_i/axis_cnn_mnist_0/inst/u_conv2/u_calc/product_s1_reg[1][3][2]/CLK
Min Period        n/a     DSP48E1/CLK  n/a            3.272         10.000      6.728      DSP48_X2Y33   cnn_system_i/axis_cnn_mnist_0/inst/u_conv2/u_calc/product_s1_reg[2][1][2]/CLK
Min Period        n/a     DSP48E1/CLK  n/a            3.272         10.000      6.728      DSP48_X4Y23   cnn_system_i/axis_cnn_mnist_0/inst/u_conv2/u_calc/product_s1_reg[2][3][2]/CLK
Min Period        n/a     DSP48E1/CLK  n/a            3.272         10.000      6.728      DSP48_X3Y37   cnn_system_i/axis_cnn_mnist_0/inst/u_conv2/u_calc/product_s1_reg[3][1][2]/CLK
Min Period        n/a     DSP48E1/CLK  n/a            3.272         10.000      6.728      DSP48_X3Y28   cnn_system_i/axis_cnn_mnist_0/inst/u_conv2/u_calc/product_s1_reg[3][3][2]/CLK
Min Period        n/a     DSP48E1/CLK  n/a            3.272         10.000      6.728      DSP48_X2Y51   cnn_system_i/axis_cnn_mnist_0/inst/u_conv2/u_calc/product_s1_reg[0][1][4]/CLK
Min Period        n/a     DSP48E1/CLK  n/a            3.272         10.000      6.728      DSP48_X4Y0    cnn_system_i/axis_cnn_mnist_0/inst/u_conv2/u_calc/product_s1_reg[0][3][4]/CLK
Min Period        n/a     DSP48E1/CLK  n/a            3.272         10.000      6.728      DSP48_X2Y23   cnn_system_i/axis_cnn_mnist_0/inst/u_conv2/u_calc/product_s1_reg[1][1][4]/CLK
Min Period        n/a     DSP48E1/CLK  n/a            3.272         10.000      6.728      DSP48_X2Y9    cnn_system_i/axis_cnn_mnist_0/inst/u_conv2/u_calc/product_s1_reg[1][3][4]/CLK
Low Pulse Width   Fast    RAMD32/CLK   n/a            1.130         5.000       3.870      SLICE_X46Y78  cnn_system_i/axis_cnn_mnist_0/inst/u_fc/pool_buf_reg_0_31_36_41/RAMA/CLK
Low Pulse Width   Fast    RAMD32/CLK   n/a            1.130         5.000       3.870      SLICE_X46Y78  cnn_system_i/axis_cnn_mnist_0/inst/u_fc/pool_buf_reg_0_31_36_41/RAMA_D1/CLK
Low Pulse Width   Fast    RAMD32/CLK   n/a            1.130         5.000       3.870      SLICE_X46Y78  cnn_system_i/axis_cnn_mnist_0/inst/u_fc/pool_buf_reg_0_31_36_41/RAMB/CLK
Low Pulse Width   Fast    RAMD32/CLK   n/a            1.130         5.000       3.870      SLICE_X46Y78  cnn_system_i/axis_cnn_mnist_0/inst/u_fc/pool_buf_reg_0_31_36_41/RAMB_D1/CLK
Low Pulse Width   Fast    RAMD32/CLK   n/a            1.130         5.000       3.870      SLICE_X46Y78  cnn_system_i/axis_cnn_mnist_0/inst/u_fc/pool_buf_reg_0_31_36_41/RAMC/CLK
Low Pulse Width   Fast    RAMD32/CLK   n/a            1.130         5.000       3.870      SLICE_X46Y78  cnn_system_i/axis_cnn_mnist_0/inst/u_fc/pool_buf_reg_0_31_36_41/RAMC_D1/CLK
Low Pulse Width   Fast    RAMS32/CLK   n/a            1.130         5.000       3.870      SLICE_X46Y78  cnn_system_i/axis_cnn_mnist_0/inst/u_fc/pool_buf_reg_0_31_36_41/RAMD/CLK
Low Pulse Width   Fast    RAMS32/CLK   n/a            1.130         5.000       3.870      SLICE_X46Y78  cnn_system_i/axis_cnn_mnist_0/inst/u_fc/pool_buf_reg_0_31_36_41/RAMD_D1/CLK
Low Pulse Width   Slow    RAMD32/CLK   n/a            1.130         5.000       3.870      SLICE_X38Y87  cnn_system_i/axis_cnn_mnist_0/inst/u_fc/pool_buf_reg_0_31_6_11/RAMA/CLK
Low Pulse Width   Slow    RAMD32/CLK   n/a            1.130         5.000       3.870      SLICE_X38Y87  cnn_system_i/axis_cnn_mnist_0/inst/u_fc/pool_buf_reg_0_31_6_11/RAMA_D1/CLK
Low Pulse Width   Slow    RAMD32/CLK   n/a            1.130         5.000       3.870      SLICE_X38Y87  cnn_system_i/axis_cnn_mnist_0/inst/u_fc/pool_buf_reg_0_31_6_11/RAMB/CLK
Low Pulse Width   Slow    RAMD32/CLK   n/a            1.130         5.000       3.870      SLICE_X38Y87  cnn_system_i/axis_cnn_mnist_0/inst/u_fc/pool_buf_reg_0_31_6_11/RAMB_D1/CLK
Low Pulse Width   Slow    RAMD32/CLK   n/a            1.130         5.000       3.870      SLICE_X38Y87  cnn_system_i/axis_cnn_mnist_0/inst/u_fc/pool_buf_reg_0_31_6_11/RAMC/CLK
Low Pulse Width   Slow    RAMD32/CLK   n/a            1.130         5.000       3.870      SLICE_X38Y87  cnn_system_i/axis_cnn_mnist_0/inst/u_fc/pool_buf_reg_0_31_6_11/RAMC_D1/CLK
Low Pulse Width   Slow    RAMS32/CLK   n/a            1.130         5.000       3.870      SLICE_X38Y87  cnn_system_i/axis_cnn_mnist_0/inst/u_fc/pool_buf_reg_0_31_6_11/RAMD/CLK
Low Pulse Width   Slow    RAMS32/CLK   n/a            1.130         5.000       3.870      SLICE_X38Y87  cnn_system_i/axis_cnn_mnist_0/inst/u_fc/pool_buf_reg_0_31_6_11/RAMD_D1/CLK
Low Pulse Width   Slow    RAMD32/CLK   n/a            1.130         5.000       3.870      SLICE_X32Y61  cnn_system_i/axi_smc_1/inst/s00_nodes/s00_aw_node/inst/inst_mi_handler/gen_normal_area.inst_fifo_node_payld/gen_xpm_memory_fifo.inst_fifo/gen_mem_rep[0].inst_xpm_memory/xpm_memory_base_inst/gen_wr_a.gen_word_narrow.mem_reg_0_31_102_107/RAMA/CLK
Low Pulse Width   Slow    RAMD32/CLK   n/a            1.130         5.000       3.870      SLICE_X32Y61  cnn_system_i/axi_smc_1/inst/s00_nodes/s00_aw_node/inst/inst_mi_handler/gen_normal_area.inst_fifo_node_payld/gen_xpm_memory_fifo.inst_fifo/gen_mem_rep[0].inst_xpm_memory/xpm_memory_base_inst/gen_wr_a.gen_word_narrow.mem_reg_0_31_102_107/RAMA_D1/CLK
Low Pulse Width   Slow    RAMD32/CLK   n/a            1.130         5.000       3.870      SLICE_X32Y61  cnn_system_i/axi_smc_1/inst/s00_nodes/s00_aw_node/inst/inst_mi_handler/gen_normal_area.inst_fifo_node_payld/gen_xpm_memory_fifo.inst_fifo/gen_mem_rep[0].inst_xpm_memory/xpm_memory_base_inst/gen_wr_a.gen_word_narrow.mem_reg_0_31_102_107/RAMB/CLK
Low Pulse Width   Slow    RAMD32/CLK   n/a            1.130         5.000       3.870      SLICE_X32Y61  cnn_system_i/axi_smc_1/inst/s00_nodes/s00_aw_node/inst/inst_mi_handler/gen_normal_area.inst_fifo_node_payld/gen_xpm_memory_fifo.inst_fifo/gen_mem_rep[0].inst_xpm_memory/xpm_memory_base_inst/gen_wr_a.gen_word_narrow.mem_reg_0_31_102_107/RAMB_D1/CLK
High Pulse Width  Slow    RAMD32/CLK   n/a            1.130         5.000       3.870      SLICE_X46Y52  cnn_system_i/axi_dma_0/U0/I_PRMRY_DATAMOVER/GEN_S2MM_FULL.I_S2MM_FULL_WRAPPER/GEN_ENABLE_INDET_BTT_SF.I_INDET_BTT/I_XD_FIFO/NON_BLK_MEM.I_SYNC_FIFOGEN_FIFO/xpm_fifo_instance.xpm_fifo_sync_inst/xpm_fifo_base_inst/gen_sdpram.xpm_memory_base_inst/gen_wr_a.gen_word_narrow.mem_reg_0_15_0_5/RAMA/CLK
High Pulse Width  Slow    RAMD32/CLK   n/a            1.130         5.000       3.870      SLICE_X46Y52  cnn_system_i/axi_dma_0/U0/I_PRMRY_DATAMOVER/GEN_S2MM_FULL.I_S2MM_FULL_WRAPPER/GEN_ENABLE_INDET_BTT_SF.I_INDET_BTT/I_XD_FIFO/NON_BLK_MEM.I_SYNC_FIFOGEN_FIFO/xpm_fifo_instance.xpm_fifo_sync_inst/xpm_fifo_base_inst/gen_sdpram.xpm_memory_base_inst/gen_wr_a.gen_word_narrow.mem_reg_0_15_0_5/RAMA_D1/CLK
High Pulse Width  Slow    RAMD32/CLK   n/a            1.130         5.000       3.870      SLICE_X46Y52  cnn_system_i/axi_dma_0/U0/I_PRMRY_DATAMOVER/GEN_S2MM_FULL.I_S2MM_FULL_WRAPPER/GEN_ENABLE_INDET_BTT_SF.I_INDET_BTT/I_XD_FIFO/NON_BLK_MEM.I_SYNC_FIFOGEN_FIFO/xpm_fifo_instance.xpm_fifo_sync_inst/xpm_fifo_base_inst/gen_sdpram.xpm_memory_base_inst/gen_wr_a.gen_word_narrow.mem_reg_0_15_0_5/RAMB/CLK
High Pulse Width  Slow    RAMD32/CLK   n/a            1.130         5.000       3.870      SLICE_X46Y52  cnn_system_i/axi_dma_0/U0/I_PRMRY_DATAMOVER/GEN_S2MM_FULL.I_S2MM_FULL_WRAPPER/GEN_ENABLE_INDET_BTT_SF.I_INDET_BTT/I_XD_FIFO/NON_BLK_MEM.I_SYNC_FIFOGEN_FIFO/xpm_fifo_instance.xpm_fifo_sync_inst/xpm_fifo_base_inst/gen_sdpram.xpm_memory_base_inst/gen_wr_a.gen_word_narrow.mem_reg_0_15_0_5/RAMB_D1/CLK
High Pulse Width  Slow    RAMD32/CLK   n/a            1.130         5.000       3.870      SLICE_X46Y52  cnn_system_i/axi_dma_0/U0/I_PRMRY_DATAMOVER/GEN_S2MM_FULL.I_S2MM_FULL_WRAPPER/GEN_ENABLE_INDET_BTT_SF.I_INDET_BTT/I_XD_FIFO/NON_BLK_MEM.I_SYNC_FIFOGEN_FIFO/xpm_fifo_instance.xpm_fifo_sync_inst/xpm_fifo_base_inst/gen_sdpram.xpm_memory_base_inst/gen_wr_a.gen_word_narrow.mem_reg_0_15_0_5/RAMC/CLK
High Pulse Width  Slow    RAMD32/CLK   n/a            1.130         5.000       3.870      SLICE_X46Y52  cnn_system_i/axi_dma_0/U0/I_PRMRY_DATAMOVER/GEN_S2MM_FULL.I_S2MM_FULL_WRAPPER/GEN_ENABLE_INDET_BTT_SF.I_INDET_BTT/I_XD_FIFO/NON_BLK_MEM.I_SYNC_FIFOGEN_FIFO/xpm_fifo_instance.xpm_fifo_sync_inst/xpm_fifo_base_inst/gen_sdpram.xpm_memory_base_inst/gen_wr_a.gen_word_narrow.mem_reg_0_15_0_5/RAMC_D1/CLK
High Pulse Width  Slow    RAMS32/CLK   n/a            1.130         5.000       3.870      SLICE_X46Y52  cnn_system_i/axi_dma_0/U0/I_PRMRY_DATAMOVER/GEN_S2MM_FULL.I_S2MM_FULL_WRAPPER/GEN_ENABLE_INDET_BTT_SF.I_INDET_BTT/I_XD_FIFO/NON_BLK_MEM.I_SYNC_FIFOGEN_FIFO/xpm_fifo_instance.xpm_fifo_sync_inst/xpm_fifo_base_inst/gen_sdpram.xpm_memory_base_inst/gen_wr_a.gen_word_narrow.mem_reg_0_15_0_5/RAMD/CLK
High Pulse Width  Slow    RAMS32/CLK   n/a            1.130         5.000       3.870      SLICE_X46Y52  cnn_system_i/axi_dma_0/U0/I_PRMRY_DATAMOVER/GEN_S2MM_FULL.I_S2MM_FULL_WRAPPER/GEN_ENABLE_INDET_BTT_SF.I_INDET_BTT/I_XD_FIFO/NON_BLK_MEM.I_SYNC_FIFOGEN_FIFO/xpm_fifo_instance.xpm_fifo_sync_inst/xpm_fifo_base_inst/gen_sdpram.xpm_memory_base_inst/gen_wr_a.gen_word_narrow.mem_reg_0_15_0_5/RAMD_D1/CLK
High Pulse Width  Slow    RAMD32/CLK   n/a            1.130         5.000       3.870      SLICE_X46Y51  cnn_system_i/axi_dma_0/U0/I_PRMRY_DATAMOVER/GEN_S2MM_FULL.I_S2MM_FULL_WRAPPER/GEN_ENABLE_INDET_BTT_SF.I_INDET_BTT/I_XD_FIFO/NON_BLK_MEM.I_SYNC_FIFOGEN_FIFO/xpm_fifo_instance.xpm_fifo_sync_inst/xpm_fifo_base_inst/gen_sdpram.xpm_memory_base_inst/gen_wr_a.gen_word_narrow.mem_reg_0_15_6_8/RAMA/CLK
High Pulse Width  Slow    RAMD32/CLK   n/a            1.130         5.000       3.870      SLICE_X46Y51  cnn_system_i/axi_dma_0/U0/I_PRMRY_DATAMOVER/GEN_S2MM_FULL.I_S2MM_FULL_WRAPPER/GEN_ENABLE_INDET_BTT_SF.I_INDET_BTT/I_XD_FIFO/NON_BLK_MEM.I_SYNC_FIFOGEN_FIFO/xpm_fifo_instance.xpm_fifo_sync_inst/xpm_fifo_base_inst/gen_sdpram.xpm_memory_base_inst/gen_wr_a.gen_word_narrow.mem_reg_0_15_6_8/RAMA_D1/CLK
High Pulse Width  Slow    RAMD32/CLK   n/a            1.130         5.000       3.870      SLICE_X46Y51  cnn_system_i/axi_dma_0/U0/I_PRMRY_DATAMOVER/GEN_S2MM_FULL.I_S2MM_FULL_WRAPPER/GEN_ENABLE_INDET_BTT_SF.I_INDET_BTT/I_XD_FIFO/NON_BLK_MEM.I_SYNC_FIFOGEN_FIFO/xpm_fifo_instance.xpm_fifo_sync_inst/xpm_fifo_base_inst/gen_sdpram.xpm_memory_base_inst/gen_wr_a.gen_word_narrow.mem_reg_0_15_6_8/RAMB/CLK
High Pulse Width  Slow    RAMD32/CLK   n/a            1.130         5.000       3.870      SLICE_X46Y51  cnn_system_i/axi_dma_0/U0/I_PRMRY_DATAMOVER/GEN_S2MM_FULL.I_S2MM_FULL_WRAPPER/GEN_ENABLE_INDET_BTT_SF.I_INDET_BTT/I_XD_FIFO/NON_BLK_MEM.I_SYNC_FIFOGEN_FIFO/xpm_fifo_instance.xpm_fifo_sync_inst/xpm_fifo_base_inst/gen_sdpram.xpm_memory_base_inst/gen_wr_a.gen_word_narrow.mem_reg_0_15_6_8/RAMB_D1/CLK
High Pulse Width  Slow    RAMD32/CLK   n/a            1.130         5.000       3.870      SLICE_X46Y51  cnn_system_i/axi_dma_0/U0/I_PRMRY_DATAMOVER/GEN_S2MM_FULL.I_S2MM_FULL_WRAPPER/GEN_ENABLE_INDET_BTT_SF.I_INDET_BTT/I_XD_FIFO/NON_BLK_MEM.I_SYNC_FIFOGEN_FIFO/xpm_fifo_instance.xpm_fifo_sync_inst/xpm_fifo_base_inst/gen_sdpram.xpm_memory_base_inst/gen_wr_a.gen_word_narrow.mem_reg_0_15_6_8/RAMC/CLK
High Pulse Width  Slow    RAMD32/CLK   n/a            1.130         5.000       3.870      SLICE_X46Y51  cnn_system_i/axi_dma_0/U0/I_PRMRY_DATAMOVER/GEN_S2MM_FULL.I_S2MM_FULL_WRAPPER/GEN_ENABLE_INDET_BTT_SF.I_INDET_BTT/I_XD_FIFO/NON_BLK_MEM.I_SYNC_FIFOGEN_FIFO/xpm_fifo_instance.xpm_fifo_sync_inst/xpm_fifo_base_inst/gen_sdpram.xpm_memory_base_inst/gen_wr_a.gen_word_narrow.mem_reg_0_15_6_8/RAMC_D1/CLK
High Pulse Width  Slow    RAMS32/CLK   n/a            1.130         5.000       3.870      SLICE_X46Y51  cnn_system_i/axi_dma_0/U0/I_PRMRY_DATAMOVER/GEN_S2MM_FULL.I_S2MM_FULL_WRAPPER/GEN_ENABLE_INDET_BTT_SF.I_INDET_BTT/I_XD_FIFO/NON_BLK_MEM.I_SYNC_FIFOGEN_FIFO/xpm_fifo_instance.xpm_fifo_sync_inst/xpm_fifo_base_inst/gen_sdpram.xpm_memory_base_inst/gen_wr_a.gen_word_narrow.mem_reg_0_15_6_8/RAMD/CLK
High Pulse Width  Slow    RAMS32/CLK   n/a            1.130         5.000       3.870      SLICE_X46Y51  cnn_system_i/axi_dma_0/U0/I_PRMRY_DATAMOVER/GEN_S2MM_FULL.I_S2MM_FULL_WRAPPER/GEN_ENABLE_INDET_BTT_SF.I_INDET_BTT/I_XD_FIFO/NON_BLK_MEM.I_SYNC_FIFOGEN_FIFO/xpm_fifo_instance.xpm_fifo_sync_inst/xpm_fifo_base_inst/gen_sdpram.xpm_memory_base_inst/gen_wr_a.gen_word_narrow.mem_reg_0_15_6_8/RAMD_D1/CLK
High Pulse Width  Slow    RAMD32/CLK   n/a            1.130         5.000       3.870      SLICE_X46Y75  cnn_system_i/axis_cnn_mnist_0/inst/u_fc/pool_buf_reg_0_31_12_17/RAMA/CLK
High Pulse Width  Slow    RAMD32/CLK   n/a            1.130         5.000       3.870      SLICE_X46Y75  cnn_system_i/axis_cnn_mnist_0/inst/u_fc/pool_buf_reg_0_31_12_17/RAMA_D1/CLK
High Pulse Width  Slow    RAMD32/CLK   n/a            1.130         5.000       3.870      SLICE_X46Y75  cnn_system_i/axis_cnn_mnist_0/inst/u_fc/pool_buf_reg_0_31_12_17/RAMB/CLK
High Pulse Width  Slow    RAMD32/CLK   n/a            1.130         5.000       3.870      SLICE_X46Y75  cnn_system_i/axis_cnn_mnist_0/inst/u_fc/pool_buf_reg_0_31_12_17/RAMB_D1/CLK



--------------------------------------------------------------------------------------
Path Group:  (none)
From Clock:  
  To Clock:  clk_fpga_0

Max Delay             1 Endpoint
Min Delay             1 Endpoint
--------------------------------------------------------------------------------------


Max Delay Paths
--------------------------------------------------------------------------------------
Slack:                    inf
  Source:                 cnn_system_i/processing_system7_0/inst/PS7_i/FCLKRESETN[0]
                            (internal pin)
  Destination:            cnn_system_i/rst_ps7_0_100M/U0/EXT_LPF/ACTIVE_LOW_EXT.ACT_LO_EXT/GENERATE_LEVEL_P_S_CDC.SINGLE_BIT.CROSS_PLEVEL_IN2SCNDRY_IN_cdc_to/D
                            (rising edge-triggered cell FDRE clocked by clk_fpga_0  {rise@0.000ns fall@5.000ns period=10.000ns})
  Path Group:             (none)
  Path Type:              Setup (Max at Slow Process Corner)
  Data Path Delay:        1.572ns  (logic 0.105ns (6.680%)  route 1.467ns (93.320%))
  Logic Levels:           1  (LUT1=1)
  Clock Uncertainty:      0.152ns  ((TSJ^2 + TIJ^2)^1/2 + DJ) / 2 + PE
    Total System Jitter     (TSJ):    0.050ns
    Total Input Jitter      (TIJ):    0.300ns
    Discrete Jitter          (DJ):    0.000ns
    Phase Error              (PE):    0.000ns
  Timing Exception:       False Path

    Location             Delay type                Incr(ns)  Path(ns)    Netlist Resource(s)
  -------------------------------------------------------------------    -------------------
    PS7_X0Y0             PS7                          0.000     0.000 f  cnn_system_i/processing_system7_0/inst/PS7_i/FCLKRESETN[0]
                         net (fo=1, routed)           1.467     1.467    cnn_system_i/rst_ps7_0_100M/U0/EXT_LPF/ACTIVE_LOW_EXT.ACT_LO_EXT/ext_reset_in
    SLICE_X41Y98         LUT1 (Prop_lut1_I0_O)        0.105     1.572 r  cnn_system_i/rst_ps7_0_100M/U0/EXT_LPF/ACTIVE_LOW_EXT.ACT_LO_EXT/GENERATE_LEVEL_P_S_CDC.SINGLE_BIT.CROSS_PLEVEL_IN2SCNDRY_IN_cdc_to_i_1/O
                         net (fo=1, routed)           0.000     1.572    cnn_system_i/rst_ps7_0_100M/U0/EXT_LPF/ACTIVE_LOW_EXT.ACT_LO_EXT/exr_d1
    SLICE_X41Y98         FDRE                                         r  cnn_system_i/rst_ps7_0_100M/U0/EXT_LPF/ACTIVE_LOW_EXT.ACT_LO_EXT/GENERATE_LEVEL_P_S_CDC.SINGLE_BIT.CROSS_PLEVEL_IN2SCNDRY_IN_cdc_to/D
  -------------------------------------------------------------------    -------------------

                         (clock clk_fpga_0 rise edge)
                                                      0.000     0.000 r  
    PS7_X0Y0             PS7                          0.000     0.000 r  cnn_system_i/processing_system7_0/inst/PS7_i/FCLKCLK[0]
                         net (fo=1, routed)           0.905     0.905    cnn_system_i/processing_system7_0/inst/FCLK_CLK_unbuffered[0]
    BUFGCTRL_X0Y16       BUFG (Prop_bufg_I_O)         0.077     0.982 r  cnn_system_i/processing_system7_0/inst/buffer_fclk_clk_0.FCLK_CLK_0_BUFG/O
                         net (fo=7971, routed)        1.235     2.218    cnn_system_i/rst_ps7_0_100M/U0/EXT_LPF/ACTIVE_LOW_EXT.ACT_LO_EXT/slowest_sync_clk
    SLICE_X41Y98         FDRE                                         r  cnn_system_i/rst_ps7_0_100M/U0/EXT_LPF/ACTIVE_LOW_EXT.ACT_LO_EXT/GENERATE_LEVEL_P_S_CDC.SINGLE_BIT.CROSS_PLEVEL_IN2SCNDRY_IN_cdc_to/C





Min Delay Paths
--------------------------------------------------------------------------------------
Slack:                    inf
  Source:                 cnn_system_i/processing_system7_0/inst/PS7_i/FCLKRESETN[0]
                            (internal pin)
  Destination:            cnn_system_i/rst_ps7_0_100M/U0/EXT_LPF/ACTIVE_LOW_EXT.ACT_LO_EXT/GENERATE_LEVEL_P_S_CDC.SINGLE_BIT.CROSS_PLEVEL_IN2SCNDRY_IN_cdc_to/D
                            (rising edge-triggered cell FDRE clocked by clk_fpga_0  {rise@0.000ns fall@5.000ns period=10.000ns})
  Path Group:             (none)
  Path Type:              Hold (Min at Fast Process Corner)
  Data Path Delay:        0.753ns  (logic 0.045ns (5.978%)  route 0.708ns (94.022%))
  Logic Levels:           1  (LUT1=1)
  Clock Uncertainty:      0.152ns  ((TSJ^2 + TIJ^2)^1/2 + DJ) / 2 + PE
    Total System Jitter     (TSJ):    0.050ns
    Total Input Jitter      (TIJ):    0.300ns
    Discrete Jitter          (DJ):    0.000ns
    Phase Error              (PE):    0.000ns
  Timing Exception:       False Path

    Location             Delay type                Incr(ns)  Path(ns)    Netlist Resource(s)
  -------------------------------------------------------------------    -------------------
    PS7_X0Y0             PS7                          0.000     0.000 f  cnn_system_i/processing_system7_0/inst/PS7_i/FCLKRESETN[0]
                         net (fo=1, routed)           0.708     0.708    cnn_system_i/rst_ps7_0_100M/U0/EXT_LPF/ACTIVE_LOW_EXT.ACT_LO_EXT/ext_reset_in
    SLICE_X41Y98         LUT1 (Prop_lut1_I0_O)        0.045     0.753 r  cnn_system_i/rst_ps7_0_100M/U0/EXT_LPF/ACTIVE_LOW_EXT.ACT_LO_EXT/GENERATE_LEVEL_P_S_CDC.SINGLE_BIT.CROSS_PLEVEL_IN2SCNDRY_IN_cdc_to_i_1/O
                         net (fo=1, routed)           0.000     0.753    cnn_system_i/rst_ps7_0_100M/U0/EXT_LPF/ACTIVE_LOW_EXT.ACT_LO_EXT/exr_d1
    SLICE_X41Y98         FDRE                                         r  cnn_system_i/rst_ps7_0_100M/U0/EXT_LPF/ACTIVE_LOW_EXT.ACT_LO_EXT/GENERATE_LEVEL_P_S_CDC.SINGLE_BIT.CROSS_PLEVEL_IN2SCNDRY_IN_cdc_to/D
  -------------------------------------------------------------------    -------------------

                         (clock clk_fpga_0 rise edge)
                                                      0.000     0.000 r  
    PS7_X0Y0             PS7                          0.000     0.000 r  cnn_system_i/processing_system7_0/inst/PS7_i/FCLKCLK[0]
                         net (fo=1, routed)           0.337     0.337    cnn_system_i/processing_system7_0/inst/FCLK_CLK_unbuffered[0]
    BUFGCTRL_X0Y16       BUFG (Prop_bufg_I_O)         0.029     0.366 r  cnn_system_i/processing_system7_0/inst/buffer_fclk_clk_0.FCLK_CLK_0_BUFG/O
                         net (fo=7971, routed)        0.825     1.191    cnn_system_i/rst_ps7_0_100M/U0/EXT_LPF/ACTIVE_LOW_EXT.ACT_LO_EXT/slowest_sync_clk
    SLICE_X41Y98         FDRE                                         r  cnn_system_i/rst_ps7_0_100M/U0/EXT_LPF/ACTIVE_LOW_EXT.ACT_LO_EXT/GENERATE_LEVEL_P_S_CDC.SINGLE_BIT.CROSS_PLEVEL_IN2SCNDRY_IN_cdc_to/C





--------------------------------------------------------------------------------------
Path Group:  (none)
From Clock:  clk_fpga_0
  To Clock:  clk_fpga_0

Max Delay            39 Endpoints
Min Delay            39 Endpoints
--------------------------------------------------------------------------------------


Max Delay Paths
--------------------------------------------------------------------------------------
Slack:                    inf
  Source:                 cnn_system_i/rst_ps7_0_100M/U0/ACTIVE_LOW_PR_OUT_DFF[0].FDRE_PER_N/C
                            (rising edge-triggered cell FDRE clocked by clk_fpga_0  {rise@0.000ns fall@5.000ns period=10.000ns})
  Destination:            cnn_system_i/axis_data_fifo_0/inst/gen_fifo.xpm_fifo_axis_inst/gaxis_rst_sync.xpm_cdc_sync_rst_inst/syncstages_ff_reg[0]/D
                            (rising edge-triggered cell FDRE clocked by clk_fpga_0  {rise@0.000ns fall@5.000ns period=10.000ns})
  Path Group:             (none)
  Path Type:              Setup (Max at Slow Process Corner)
  Data Path Delay:        6.125ns  (logic 0.538ns (8.783%)  route 5.587ns (91.217%))
  Logic Levels:           1  (LUT1=1)
  Clock Path Skew:        -0.166ns (DCD - SCD + CPR)
    Destination Clock Delay (DCD):    2.303ns
    Source Clock Delay      (SCD):    2.469ns
    Clock Pessimism Removal (CPR):    0.000ns
  Clock Uncertainty:      0.154ns  ((TSJ^2 + TIJ^2)^1/2 + DJ) / 2 + PE
    Total System Jitter     (TSJ):    0.071ns
    Total Input Jitter      (TIJ):    0.300ns
    Discrete Jitter          (DJ):    0.000ns
    Phase Error              (PE):    0.000ns
  Timing Exception:       False Path

    Location             Delay type                Incr(ns)  Path(ns)    Netlist Resource(s)
  -------------------------------------------------------------------    -------------------
                         (clock clk_fpga_0 rise edge)
                                                      0.000     0.000 r  
    PS7_X0Y0             PS7                          0.000     0.000 r  cnn_system_i/processing_system7_0/inst/PS7_i/FCLKCLK[0]
                         net (fo=1, routed)           0.994     0.994    cnn_system_i/processing_system7_0/inst/FCLK_CLK_unbuffered[0]
    BUFGCTRL_X0Y16       BUFG (Prop_bufg_I_O)         0.085     1.079 r  cnn_system_i/processing_system7_0/inst/buffer_fclk_clk_0.FCLK_CLK_0_BUFG/O
                         net (fo=7971, routed)        1.390     2.469    cnn_system_i/rst_ps7_0_100M/U0/slowest_sync_clk
    SLICE_X42Y95         FDRE                                         r  cnn_system_i/rst_ps7_0_100M/U0/ACTIVE_LOW_PR_OUT_DFF[0].FDRE_PER_N/C
  -------------------------------------------------------------------    -------------------
    SLICE_X42Y95         FDRE (Prop_fdre_C_Q)         0.433     2.902 f  cnn_system_i/rst_ps7_0_100M/U0/ACTIVE_LOW_PR_OUT_DFF[0].FDRE_PER_N/Q
                         net (fo=127, routed)         5.030     7.932    cnn_system_i/axis_data_fifo_0/inst/gen_fifo.xpm_fifo_axis_inst/s_aresetn
    SLICE_X10Y31         LUT1 (Prop_lut1_I0_O)        0.105     8.037 r  cnn_system_i/axis_data_fifo_0/inst/gen_fifo.xpm_fifo_axis_inst/gaxis_rst_sync.xpm_cdc_sync_rst_inst_i_1/O
                         net (fo=1, routed)           0.557     8.594    cnn_system_i/axis_data_fifo_0/inst/gen_fifo.xpm_fifo_axis_inst/gaxis_rst_sync.xpm_cdc_sync_rst_inst/src_rst
    SLICE_X10Y31         FDRE                                         r  cnn_system_i/axis_data_fifo_0/inst/gen_fifo.xpm_fifo_axis_inst/gaxis_rst_sync.xpm_cdc_sync_rst_inst/syncstages_ff_reg[0]/D
  -------------------------------------------------------------------    -------------------

                         (clock clk_fpga_0 rise edge)
                                                      0.000     0.000 r  
    PS7_X0Y0             PS7                          0.000     0.000 r  cnn_system_i/processing_system7_0/inst/PS7_i/FCLKCLK[0]
                         net (fo=1, routed)           0.905     0.905    cnn_system_i/processing_system7_0/inst/FCLK_CLK_unbuffered[0]
    BUFGCTRL_X0Y16       BUFG (Prop_bufg_I_O)         0.077     0.982 r  cnn_system_i/processing_system7_0/inst/buffer_fclk_clk_0.FCLK_CLK_0_BUFG/O
                         net (fo=7971, routed)        1.321     2.303    cnn_system_i/axis_data_fifo_0/inst/gen_fifo.xpm_fifo_axis_inst/gaxis_rst_sync.xpm_cdc_sync_rst_inst/dest_clk
    SLICE_X10Y31         FDRE                                         r  cnn_system_i/axis_data_fifo_0/inst/gen_fifo.xpm_fifo_axis_inst/gaxis_rst_sync.xpm_cdc_sync_rst_inst/syncstages_ff_reg[0]/C

Slack:                    inf
  Source:                 cnn_system_i/rst_ps7_0_100M/U0/ACTIVE_LOW_PR_OUT_DFF[0].FDRE_PER_N/C
                            (rising edge-triggered cell FDRE clocked by clk_fpga_0  {rise@0.000ns fall@5.000ns period=10.000ns})
  Destination:            cnn_system_i/axi_smc/inst/clk_map/psr_aclk/U0/EXT_LPF/ACTIVE_LOW_AUX.ACT_LO_AUX/GENERATE_LEVEL_P_S_CDC.SINGLE_BIT.CROSS_PLEVEL_IN2SCNDRY_IN_cdc_to/D
                            (rising edge-triggered cell FDRE clocked by clk_fpga_0  {rise@0.000ns fall@5.000ns period=10.000ns})
  Path Group:             (none)
  Path Type:              Setup (Max at Slow Process Corner)
  Data Path Delay:        5.455ns  (logic 0.538ns (9.863%)  route 4.917ns (90.137%))
  Logic Levels:           1  (LUT1=1)
  Clock Path Skew:        -0.164ns (DCD - SCD + CPR)
    Destination Clock Delay (DCD):    2.305ns
    Source Clock Delay      (SCD):    2.469ns
    Clock Pessimism Removal (CPR):    0.000ns
  Clock Uncertainty:      0.154ns  ((TSJ^2 + TIJ^2)^1/2 + DJ) / 2 + PE
    Total System Jitter     (TSJ):    0.071ns
    Total Input Jitter      (TIJ):    0.300ns
    Discrete Jitter          (DJ):    0.000ns
    Phase Error              (PE):    0.000ns
  Timing Exception:       False Path

    Location             Delay type                Incr(ns)  Path(ns)    Netlist Resource(s)
  -------------------------------------------------------------------    -------------------
                         (clock clk_fpga_0 rise edge)
                                                      0.000     0.000 r  
    PS7_X0Y0             PS7                          0.000     0.000 r  cnn_system_i/processing_system7_0/inst/PS7_i/FCLKCLK[0]
                         net (fo=1, routed)           0.994     0.994    cnn_system_i/processing_system7_0/inst/FCLK_CLK_unbuffered[0]
    BUFGCTRL_X0Y16       BUFG (Prop_bufg_I_O)         0.085     1.079 r  cnn_system_i/processing_system7_0/inst/buffer_fclk_clk_0.FCLK_CLK_0_BUFG/O
                         net (fo=7971, routed)        1.390     2.469    cnn_system_i/rst_ps7_0_100M/U0/slowest_sync_clk
    SLICE_X42Y95         FDRE                                         r  cnn_system_i/rst_ps7_0_100M/U0/ACTIVE_LOW_PR_OUT_DFF[0].FDRE_PER_N/C
  -------------------------------------------------------------------    -------------------
    SLICE_X42Y95         FDRE (Prop_fdre_C_Q)         0.433     2.902 f  cnn_system_i/rst_ps7_0_100M/U0/ACTIVE_LOW_PR_OUT_DFF[0].FDRE_PER_N/Q
                         net (fo=127, routed)         4.917     7.819    cnn_system_i/axi_smc/inst/clk_map/psr_aclk/U0/EXT_LPF/ACTIVE_LOW_AUX.ACT_LO_AUX/aresetn
    SLICE_X17Y35         LUT1 (Prop_lut1_I0_O)        0.105     7.924 r  cnn_system_i/axi_smc/inst/clk_map/psr_aclk/U0/EXT_LPF/ACTIVE_LOW_AUX.ACT_LO_AUX/GENERATE_LEVEL_P_S_CDC.SINGLE_BIT.CROSS_PLEVEL_IN2SCNDRY_IN_cdc_to_i_1/O
                         net (fo=1, routed)           0.000     7.924    cnn_system_i/axi_smc/inst/clk_map/psr_aclk/U0/EXT_LPF/ACTIVE_LOW_AUX.ACT_LO_AUX/asr_d1
    SLICE_X17Y35         FDRE                                         r  cnn_system_i/axi_smc/inst/clk_map/psr_aclk/U0/EXT_LPF/ACTIVE_LOW_AUX.ACT_LO_AUX/GENERATE_LEVEL_P_S_CDC.SINGLE_BIT.CROSS_PLEVEL_IN2SCNDRY_IN_cdc_to/D
  -------------------------------------------------------------------    -------------------

                         (clock clk_fpga_0 rise edge)
                                                      0.000     0.000 r  
    PS7_X0Y0             PS7                          0.000     0.000 r  cnn_system_i/processing_system7_0/inst/PS7_i/FCLKCLK[0]
                         net (fo=1, routed)           0.905     0.905    cnn_system_i/processing_system7_0/inst/FCLK_CLK_unbuffered[0]
    BUFGCTRL_X0Y16       BUFG (Prop_bufg_I_O)         0.077     0.982 r  cnn_system_i/processing_system7_0/inst/buffer_fclk_clk_0.FCLK_CLK_0_BUFG/O
                         net (fo=7971, routed)        1.323     2.305    cnn_system_i/axi_smc/inst/clk_map/psr_aclk/U0/EXT_LPF/ACTIVE_LOW_AUX.ACT_LO_AUX/aclk
    SLICE_X17Y35         FDRE                                         r  cnn_system_i/axi_smc/inst/clk_map/psr_aclk/U0/EXT_LPF/ACTIVE_LOW_AUX.ACT_LO_AUX/GENERATE_LEVEL_P_S_CDC.SINGLE_BIT.CROSS_PLEVEL_IN2SCNDRY_IN_cdc_to/C

Slack:                    inf
  Source:                 cnn_system_i/rst_ps7_0_100M/U0/ACTIVE_LOW_PR_OUT_DFF[0].FDRE_PER_N/C
                            (rising edge-triggered cell FDRE clocked by clk_fpga_0  {rise@0.000ns fall@5.000ns period=10.000ns})
  Destination:            cnn_system_i/axi_smc_1/inst/clk_map/psr_aclk/U0/EXT_LPF/ACTIVE_LOW_AUX.ACT_LO_AUX/GENERATE_LEVEL_P_S_CDC.SINGLE_BIT.CROSS_PLEVEL_IN2SCNDRY_IN_cdc_to/D
                            (rising edge-triggered cell FDRE clocked by clk_fpga_0  {rise@0.000ns fall@5.000ns period=10.000ns})
  Path Group:             (none)
  Path Type:              Setup (Max at Slow Process Corner)
  Data Path Delay:        4.758ns  (logic 0.538ns (11.308%)  route 4.220ns (88.692%))
  Logic Levels:           1  (LUT1=1)
  Clock Path Skew:        -0.238ns (DCD - SCD + CPR)
    Destination Clock Delay (DCD):    2.231ns
    Source Clock Delay      (SCD):    2.469ns
    Clock Pessimism Removal (CPR):    0.000ns
  Clock Uncertainty:      0.154ns  ((TSJ^2 + TIJ^2)^1/2 + DJ) / 2 + PE
    Total System Jitter     (TSJ):    0.071ns
    Total Input Jitter      (TIJ):    0.300ns
    Discrete Jitter          (DJ):    0.000ns
    Phase Error              (PE):    0.000ns
  Timing Exception:       False Path

    Location             Delay type                Incr(ns)  Path(ns)    Netlist Resource(s)
  -------------------------------------------------------------------    -------------------
                         (clock clk_fpga_0 rise edge)
                                                      0.000     0.000 r  
    PS7_X0Y0             PS7                          0.000     0.000 r  cnn_system_i/processing_system7_0/inst/PS7_i/FCLKCLK[0]
                         net (fo=1, routed)           0.994     0.994    cnn_system_i/processing_system7_0/inst/FCLK_CLK_unbuffered[0]
    BUFGCTRL_X0Y16       BUFG (Prop_bufg_I_O)         0.085     1.079 r  cnn_system_i/processing_system7_0/inst/buffer_fclk_clk_0.FCLK_CLK_0_BUFG/O
                         net (fo=7971, routed)        1.390     2.469    cnn_system_i/rst_ps7_0_100M/U0/slowest_sync_clk
    SLICE_X42Y95         FDRE                                         r  cnn_system_i/rst_ps7_0_100M/U0/ACTIVE_LOW_PR_OUT_DFF[0].FDRE_PER_N/C
  -------------------------------------------------------------------    -------------------
    SLICE_X42Y95         FDRE (Prop_fdre_C_Q)         0.433     2.902 f  cnn_system_i/rst_ps7_0_100M/U0/ACTIVE_LOW_PR_OUT_DFF[0].FDRE_PER_N/Q
                         net (fo=127, routed)         3.732     6.634    cnn_system_i/axi_smc_1/inst/clk_map/psr_aclk/U0/EXT_LPF/ACTIVE_LOW_AUX.ACT_LO_AUX/aresetn
    SLICE_X50Y39         LUT1 (Prop_lut1_I0_O)        0.105     6.739 r  cnn_system_i/axi_smc_1/inst/clk_map/psr_aclk/U0/EXT_LPF/ACTIVE_LOW_AUX.ACT_LO_AUX/GENERATE_LEVEL_P_S_CDC.SINGLE_BIT.CROSS_PLEVEL_IN2SCNDRY_IN_cdc_to_i_1/O
                         net (fo=1, routed)           0.487     7.227    cnn_system_i/axi_smc_1/inst/clk_map/psr_aclk/U0/EXT_LPF/ACTIVE_LOW_AUX.ACT_LO_AUX/asr_d1
    SLICE_X47Y38         FDRE                                         r  cnn_system_i/axi_smc_1/inst/clk_map/psr_aclk/U0/EXT_LPF/ACTIVE_LOW_AUX.ACT_LO_AUX/GENERATE_LEVEL_P_S_CDC.SINGLE_BIT.CROSS_PLEVEL_IN2SCNDRY_IN_cdc_to/D
  -------------------------------------------------------------------    -------------------

                         (clock clk_fpga_0 rise edge)
                                                      0.000     0.000 r  
    PS7_X0Y0             PS7                          0.000     0.000 r  cnn_system_i/processing_system7_0/inst/PS7_i/FCLKCLK[0]
                         net (fo=1, routed)           0.905     0.905    cnn_system_i/processing_system7_0/inst/FCLK_CLK_unbuffered[0]
    BUFGCTRL_X0Y16       BUFG (Prop_bufg_I_O)         0.077     0.982 r  cnn_system_i/processing_system7_0/inst/buffer_fclk_clk_0.FCLK_CLK_0_BUFG/O
                         net (fo=7971, routed)        1.249     2.231    cnn_system_i/axi_smc_1/inst/clk_map/psr_aclk/U0/EXT_LPF/ACTIVE_LOW_AUX.ACT_LO_AUX/aclk
    SLICE_X47Y38         FDRE                                         r  cnn_system_i/axi_smc_1/inst/clk_map/psr_aclk/U0/EXT_LPF/ACTIVE_LOW_AUX.ACT_LO_AUX/GENERATE_LEVEL_P_S_CDC.SINGLE_BIT.CROSS_PLEVEL_IN2SCNDRY_IN_cdc_to/C

Slack:                    inf
  Source:                 cnn_system_i/rst_ps7_0_100M/U0/ACTIVE_LOW_PR_OUT_DFF[0].FDRE_PER_N/C
                            (rising edge-triggered cell FDRE clocked by clk_fpga_0  {rise@0.000ns fall@5.000ns period=10.000ns})
  Destination:            cnn_system_i/axis_data_fifo_1/inst/gen_fifo.xpm_fifo_axis_inst/gaxis_rst_sync.xpm_cdc_sync_rst_inst/syncstages_ff_reg[0]/D
                            (rising edge-triggered cell FDRE clocked by clk_fpga_0  {rise@0.000ns fall@5.000ns period=10.000ns})
  Path Group:             (none)
  Path Type:              Setup (Max at Slow Process Corner)
  Data Path Delay:        4.290ns  (logic 0.558ns (13.006%)  route 3.732ns (86.994%))
  Logic Levels:           1  (LUT1=1)
  Clock Path Skew:        -0.246ns (DCD - SCD + CPR)
    Destination Clock Delay (DCD):    2.223ns
    Source Clock Delay      (SCD):    2.469ns
    Clock Pessimism Removal (CPR):    0.000ns
  Clock Uncertainty:      0.154ns  ((TSJ^2 + TIJ^2)^1/2 + DJ) / 2 + PE
    Total System Jitter     (TSJ):    0.071ns
    Total Input Jitter      (TIJ):    0.300ns
    Discrete Jitter          (DJ):    0.000ns
    Phase Error              (PE):    0.000ns
  Timing Exception:       False Path

    Location             Delay type                Incr(ns)  Path(ns)    Netlist Resource(s)
  -------------------------------------------------------------------    -------------------
                         (clock clk_fpga_0 rise edge)
                                                      0.000     0.000 r  
    PS7_X0Y0             PS7                          0.000     0.000 r  cnn_system_i/processing_system7_0/inst/PS7_i/FCLKCLK[0]
                         net (fo=1, routed)           0.994     0.994    cnn_system_i/processing_system7_0/inst/FCLK_CLK_unbuffered[0]
    BUFGCTRL_X0Y16       BUFG (Prop_bufg_I_O)         0.085     1.079 r  cnn_system_i/processing_system7_0/inst/buffer_fclk_clk_0.FCLK_CLK_0_BUFG/O
                         net (fo=7971, routed)        1.390     2.469    cnn_system_i/rst_ps7_0_100M/U0/slowest_sync_clk
    SLICE_X42Y95         FDRE                                         r  cnn_system_i/rst_ps7_0_100M/U0/ACTIVE_LOW_PR_OUT_DFF[0].FDRE_PER_N/C
  -------------------------------------------------------------------    -------------------
    SLICE_X42Y95         FDRE (Prop_fdre_C_Q)         0.433     2.902 f  cnn_system_i/rst_ps7_0_100M/U0/ACTIVE_LOW_PR_OUT_DFF[0].FDRE_PER_N/Q
                         net (fo=127, routed)         3.732     6.634    cnn_system_i/axis_data_fifo_1/inst/gen_fifo.xpm_fifo_axis_inst/s_aresetn
    SLICE_X50Y39         LUT1 (Prop_lut1_I0_O)        0.125     6.759 r  cnn_system_i/axis_data_fifo_1/inst/gen_fifo.xpm_fifo_axis_inst/gaxis_rst_sync.xpm_cdc_sync_rst_inst_i_1/O
                         net (fo=1, routed)           0.000     6.759    cnn_system_i/axis_data_fifo_1/inst/gen_fifo.xpm_fifo_axis_inst/gaxis_rst_sync.xpm_cdc_sync_rst_inst/src_rst
    SLICE_X50Y39         FDRE                                         r  cnn_system_i/axis_data_fifo_1/inst/gen_fifo.xpm_fifo_axis_inst/gaxis_rst_sync.xpm_cdc_sync_rst_inst/syncstages_ff_reg[0]/D
  -------------------------------------------------------------------    -------------------

                         (clock clk_fpga_0 rise edge)
                                                      0.000     0.000 r  
    PS7_X0Y0             PS7                          0.000     0.000 r  cnn_system_i/processing_system7_0/inst/PS7_i/FCLKCLK[0]
                         net (fo=1, routed)           0.905     0.905    cnn_system_i/processing_system7_0/inst/FCLK_CLK_unbuffered[0]
    BUFGCTRL_X0Y16       BUFG (Prop_bufg_I_O)         0.077     0.982 r  cnn_system_i/processing_system7_0/inst/buffer_fclk_clk_0.FCLK_CLK_0_BUFG/O
                         net (fo=7971, routed)        1.241     2.223    cnn_system_i/axis_data_fifo_1/inst/gen_fifo.xpm_fifo_axis_inst/gaxis_rst_sync.xpm_cdc_sync_rst_inst/dest_clk
    SLICE_X50Y39         FDRE                                         r  cnn_system_i/axis_data_fifo_1/inst/gen_fifo.xpm_fifo_axis_inst/gaxis_rst_sync.xpm_cdc_sync_rst_inst/syncstages_ff_reg[0]/C

Slack:                    inf
  Source:                 cnn_system_i/rst_ps7_0_100M/U0/ACTIVE_LOW_PR_OUT_DFF[0].FDRE_PER_N/C
                            (rising edge-triggered cell FDRE clocked by clk_fpga_0  {rise@0.000ns fall@5.000ns period=10.000ns})
  Destination:            cnn_system_i/axi_dma_0/U0/I_RST_MODULE/REG_HRD_RST/GENERATE_LEVEL_P_S_CDC.SINGLE_BIT.CROSS_PLEVEL_IN2SCNDRY_IN_cdc_to/D
                            (rising edge-triggered cell FDRE clocked by clk_fpga_0  {rise@0.000ns fall@5.000ns period=10.000ns})
  Path Group:             (none)
  Path Type:              Setup (Max at Slow Process Corner)
  Data Path Delay:        2.803ns  (logic 0.433ns (15.449%)  route 2.370ns (84.551%))
  Logic Levels:           0  
  Clock Path Skew:        -0.256ns (DCD - SCD + CPR)
    Destination Clock Delay (DCD):    2.213ns
    Source Clock Delay      (SCD):    2.469ns
    Clock Pessimism Removal (CPR):    0.000ns
  Clock Uncertainty:      0.154ns  ((TSJ^2 + TIJ^2)^1/2 + DJ) / 2 + PE
    Total System Jitter     (TSJ):    0.071ns
    Total Input Jitter      (TIJ):    0.300ns
    Discrete Jitter          (DJ):    0.000ns
    Phase Error              (PE):    0.000ns
  Timing Exception:       False Path

    Location             Delay type                Incr(ns)  Path(ns)    Netlist Resource(s)
  -------------------------------------------------------------------    -------------------
                         (clock clk_fpga_0 rise edge)
                                                      0.000     0.000 r  
    PS7_X0Y0             PS7                          0.000     0.000 r  cnn_system_i/processing_system7_0/inst/PS7_i/FCLKCLK[0]
                         net (fo=1, routed)           0.994     0.994    cnn_system_i/processing_system7_0/inst/FCLK_CLK_unbuffered[0]
    BUFGCTRL_X0Y16       BUFG (Prop_bufg_I_O)         0.085     1.079 r  cnn_system_i/processing_system7_0/inst/buffer_fclk_clk_0.FCLK_CLK_0_BUFG/O
                         net (fo=7971, routed)        1.390     2.469    cnn_system_i/rst_ps7_0_100M/U0/slowest_sync_clk
    SLICE_X42Y95         FDRE                                         r  cnn_system_i/rst_ps7_0_100M/U0/ACTIVE_LOW_PR_OUT_DFF[0].FDRE_PER_N/C
  -------------------------------------------------------------------    -------------------
    SLICE_X42Y95         FDRE (Prop_fdre_C_Q)         0.433     2.902 r  cnn_system_i/rst_ps7_0_100M/U0/ACTIVE_LOW_PR_OUT_DFF[0].FDRE_PER_N/Q
                         net (fo=127, routed)         2.370     5.272    cnn_system_i/axi_dma_0/U0/I_RST_MODULE/REG_HRD_RST/axi_resetn
    SLICE_X47Y63         FDRE                                         r  cnn_system_i/axi_dma_0/U0/I_RST_MODULE/REG_HRD_RST/GENERATE_LEVEL_P_S_CDC.SINGLE_BIT.CROSS_PLEVEL_IN2SCNDRY_IN_cdc_to/D
  -------------------------------------------------------------------    -------------------

                         (clock clk_fpga_0 rise edge)
                                                      0.000     0.000 r  
    PS7_X0Y0             PS7                          0.000     0.000 r  cnn_system_i/processing_system7_0/inst/PS7_i/FCLKCLK[0]
                         net (fo=1, routed)           0.905     0.905    cnn_system_i/processing_system7_0/inst/FCLK_CLK_unbuffered[0]
    BUFGCTRL_X0Y16       BUFG (Prop_bufg_I_O)         0.077     0.982 r  cnn_system_i/processing_system7_0/inst/buffer_fclk_clk_0.FCLK_CLK_0_BUFG/O
                         net (fo=7971, routed)        1.230     2.213    cnn_system_i/axi_dma_0/U0/I_RST_MODULE/REG_HRD_RST/s_axi_lite_aclk
    SLICE_X47Y63         FDRE                                         r  cnn_system_i/axi_dma_0/U0/I_RST_MODULE/REG_HRD_RST/GENERATE_LEVEL_P_S_CDC.SINGLE_BIT.CROSS_PLEVEL_IN2SCNDRY_IN_cdc_to/C

Slack:                    inf
  Source:                 cnn_system_i/axi_smc_1/inst/clk_map/psr_aclk/U0/ACTIVE_LOW_BSR_OUT_DFF[0].FDRE_BSR_N/C
                            (rising edge-triggered cell FDRE clocked by clk_fpga_0  {rise@0.000ns fall@5.000ns period=10.000ns})
  Destination:            cnn_system_i/axi_smc_1/inst/s00_nodes/s00_b_node/inst/s_sc_xpm_cdc_async_rst_inst/arststages_ff_reg[0]/CLR
                            (recovery check against rising-edge clock clk_fpga_0  {rise@0.000ns fall@5.000ns period=10.000ns})
  Path Group:             (none)
  Path Type:              Recovery (Max at Slow Process Corner)
  Data Path Delay:        2.315ns  (logic 0.538ns (23.240%)  route 1.777ns (76.760%))
  Logic Levels:           1  (LUT1=1)
  Clock Path Skew:        -0.265ns (DCD - SCD + CPR)
    Destination Clock Delay (DCD):    2.219ns
    Source Clock Delay      (SCD):    2.484ns
    Clock Pessimism Removal (CPR):    0.000ns
  Clock Uncertainty:      0.154ns  ((TSJ^2 + TIJ^2)^1/2 + DJ) / 2 + PE
    Total System Jitter     (TSJ):    0.071ns
    Total Input Jitter      (TIJ):    0.300ns
    Discrete Jitter          (DJ):    0.000ns
    Phase Error              (PE):    0.000ns
  Timing Exception:       False Path

    Location             Delay type                Incr(ns)  Path(ns)    Netlist Resource(s)
  -------------------------------------------------------------------    -------------------
                         (clock clk_fpga_0 rise edge)
                                                      0.000     0.000 r  
    PS7_X0Y0             PS7                          0.000     0.000 r  cnn_system_i/processing_system7_0/inst/PS7_i/FCLKCLK[0]
                         net (fo=1, routed)           0.994     0.994    cnn_system_i/processing_system7_0/inst/FCLK_CLK_unbuffered[0]
    BUFGCTRL_X0Y16       BUFG (Prop_bufg_I_O)         0.085     1.079 r  cnn_system_i/processing_system7_0/inst/buffer_fclk_clk_0.FCLK_CLK_0_BUFG/O
                         net (fo=7971, routed)        1.405     2.484    cnn_system_i/axi_smc_1/inst/clk_map/psr_aclk/U0/aclk
    SLICE_X38Y38         FDRE                                         r  cnn_system_i/axi_smc_1/inst/clk_map/psr_aclk/U0/ACTIVE_LOW_BSR_OUT_DFF[0].FDRE_BSR_N/C
  -------------------------------------------------------------------    -------------------
    SLICE_X38Y38         FDRE (Prop_fdre_C_Q)         0.433     2.917 r  cnn_system_i/axi_smc_1/inst/clk_map/psr_aclk/U0/ACTIVE_LOW_BSR_OUT_DFF[0].FDRE_BSR_N/Q
                         net (fo=6, routed)           1.146     4.063    cnn_system_i/axi_smc_1/inst/s00_nodes/s00_b_node/inst/s_sc_xpm_cdc_async_rst_inst/src_arst
    SLICE_X38Y53         LUT1 (Prop_lut1_I0_O)        0.105     4.168 f  cnn_system_i/axi_smc_1/inst/s00_nodes/s00_b_node/inst/s_sc_xpm_cdc_async_rst_inst/arststages_ff[2]_i_1/O
                         net (fo=3, routed)           0.631     4.799    cnn_system_i/axi_smc_1/inst/s00_nodes/s00_b_node/inst/s_sc_xpm_cdc_async_rst_inst/reset_pol
    SLICE_X33Y53         FDCE                                         f  cnn_system_i/axi_smc_1/inst/s00_nodes/s00_b_node/inst/s_sc_xpm_cdc_async_rst_inst/arststages_ff_reg[0]/CLR
  -------------------------------------------------------------------    -------------------

                         (clock clk_fpga_0 rise edge)
                                                      0.000     0.000 r  
    PS7_X0Y0             PS7                          0.000     0.000 r  cnn_system_i/processing_system7_0/inst/PS7_i/FCLKCLK[0]
                         net (fo=1, routed)           0.905     0.905    cnn_system_i/processing_system7_0/inst/FCLK_CLK_unbuffered[0]
    BUFGCTRL_X0Y16       BUFG (Prop_bufg_I_O)         0.077     0.982 r  cnn_system_i/processing_system7_0/inst/buffer_fclk_clk_0.FCLK_CLK_0_BUFG/O
                         net (fo=7971, routed)        1.236     2.219    cnn_system_i/axi_smc_1/inst/s00_nodes/s00_b_node/inst/s_sc_xpm_cdc_async_rst_inst/dest_clk
    SLICE_X33Y53         FDCE                                         r  cnn_system_i/axi_smc_1/inst/s00_nodes/s00_b_node/inst/s_sc_xpm_cdc_async_rst_inst/arststages_ff_reg[0]/C

Slack:                    inf
  Source:                 cnn_system_i/axi_smc_1/inst/clk_map/psr_aclk/U0/ACTIVE_LOW_BSR_OUT_DFF[0].FDRE_BSR_N/C
                            (rising edge-triggered cell FDRE clocked by clk_fpga_0  {rise@0.000ns fall@5.000ns period=10.000ns})
  Destination:            cnn_system_i/axi_smc_1/inst/s00_nodes/s00_b_node/inst/s_sc_xpm_cdc_async_rst_inst/arststages_ff_reg[1]/CLR
                            (recovery check against rising-edge clock clk_fpga_0  {rise@0.000ns fall@5.000ns period=10.000ns})
  Path Group:             (none)
  Path Type:              Recovery (Max at Slow Process Corner)
  Data Path Delay:        2.315ns  (logic 0.538ns (23.240%)  route 1.777ns (76.760%))
  Logic Levels:           1  (LUT1=1)
  Clock Path Skew:        -0.265ns (DCD - SCD + CPR)
    Destination Clock Delay (DCD):    2.219ns
    Source Clock Delay      (SCD):    2.484ns
    Clock Pessimism Removal (CPR):    0.000ns
  Clock Uncertainty:      0.154ns  ((TSJ^2 + TIJ^2)^1/2 + DJ) / 2 + PE
    Total System Jitter     (TSJ):    0.071ns
    Total Input Jitter      (TIJ):    0.300ns
    Discrete Jitter          (DJ):    0.000ns
    Phase Error              (PE):    0.000ns
  Timing Exception:       False Path

    Location             Delay type                Incr(ns)  Path(ns)    Netlist Resource(s)
  -------------------------------------------------------------------    -------------------
                         (clock clk_fpga_0 rise edge)
                                                      0.000     0.000 r  
    PS7_X0Y0             PS7                          0.000     0.000 r  cnn_system_i/processing_system7_0/inst/PS7_i/FCLKCLK[0]
                         net (fo=1, routed)           0.994     0.994    cnn_system_i/processing_system7_0/inst/FCLK_CLK_unbuffered[0]
    BUFGCTRL_X0Y16       BUFG (Prop_bufg_I_O)         0.085     1.079 r  cnn_system_i/processing_system7_0/inst/buffer_fclk_clk_0.FCLK_CLK_0_BUFG/O
                         net (fo=7971, routed)        1.405     2.484    cnn_system_i/axi_smc_1/inst/clk_map/psr_aclk/U0/aclk
    SLICE_X38Y38         FDRE                                         r  cnn_system_i/axi_smc_1/inst/clk_map/psr_aclk/U0/ACTIVE_LOW_BSR_OUT_DFF[0].FDRE_BSR_N/C
  -------------------------------------------------------------------    -------------------
    SLICE_X38Y38         FDRE (Prop_fdre_C_Q)         0.433     2.917 r  cnn_system_i/axi_smc_1/inst/clk_map/psr_aclk/U0/ACTIVE_LOW_BSR_OUT_DFF[0].FDRE_BSR_N/Q
                         net (fo=6, routed)           1.146     4.063    cnn_system_i/axi_smc_1/inst/s00_nodes/s00_b_node/inst/s_sc_xpm_cdc_async_rst_inst/src_arst
    SLICE_X38Y53         LUT1 (Prop_lut1_I0_O)        0.105     4.168 f  cnn_system_i/axi_smc_1/inst/s00_nodes/s00_b_node/inst/s_sc_xpm_cdc_async_rst_inst/arststages_ff[2]_i_1/O
                         net (fo=3, routed)           0.631     4.799    cnn_system_i/axi_smc_1/inst/s00_nodes/s00_b_node/inst/s_sc_xpm_cdc_async_rst_inst/reset_pol
    SLICE_X33Y53         FDCE                                         f  cnn_system_i/axi_smc_1/inst/s00_nodes/s00_b_node/inst/s_sc_xpm_cdc_async_rst_inst/arststages_ff_reg[1]/CLR
  -------------------------------------------------------------------    -------------------

                         (clock clk_fpga_0 rise edge)
                                                      0.000     0.000 r  
    PS7_X0Y0             PS7                          0.000     0.000 r  cnn_system_i/processing_system7_0/inst/PS7_i/FCLKCLK[0]
                         net (fo=1, routed)           0.905     0.905    cnn_system_i/processing_system7_0/inst/FCLK_CLK_unbuffered[0]
    BUFGCTRL_X0Y16       BUFG (Prop_bufg_I_O)         0.077     0.982 r  cnn_system_i/processing_system7_0/inst/buffer_fclk_clk_0.FCLK_CLK_0_BUFG/O
                         net (fo=7971, routed)        1.236     2.219    cnn_system_i/axi_smc_1/inst/s00_nodes/s00_b_node/inst/s_sc_xpm_cdc_async_rst_inst/dest_clk
    SLICE_X33Y53         FDCE                                         r  cnn_system_i/axi_smc_1/inst/s00_nodes/s00_b_node/inst/s_sc_xpm_cdc_async_rst_inst/arststages_ff_reg[1]/C

Slack:                    inf
  Source:                 cnn_system_i/axi_smc_1/inst/clk_map/psr_aclk/U0/ACTIVE_LOW_BSR_OUT_DFF[0].FDRE_BSR_N/C
                            (rising edge-triggered cell FDRE clocked by clk_fpga_0  {rise@0.000ns fall@5.000ns period=10.000ns})
  Destination:            cnn_system_i/axi_smc_1/inst/s00_nodes/s00_b_node/inst/s_sc_xpm_cdc_async_rst_inst/arststages_ff_reg[2]/CLR
                            (recovery check against rising-edge clock clk_fpga_0  {rise@0.000ns fall@5.000ns period=10.000ns})
  Path Group:             (none)
  Path Type:              Recovery (Max at Slow Process Corner)
  Data Path Delay:        2.315ns  (logic 0.538ns (23.240%)  route 1.777ns (76.760%))
  Logic Levels:           1  (LUT1=1)
  Clock Path Skew:        -0.265ns (DCD - SCD + CPR)
    Destination Clock Delay (DCD):    2.219ns
    Source Clock Delay      (SCD):    2.484ns
    Clock Pessimism Removal (CPR):    0.000ns
  Clock Uncertainty:      0.154ns  ((TSJ^2 + TIJ^2)^1/2 + DJ) / 2 + PE
    Total System Jitter     (TSJ):    0.071ns
    Total Input Jitter      (TIJ):    0.300ns
    Discrete Jitter          (DJ):    0.000ns
    Phase Error              (PE):    0.000ns
  Timing Exception:       False Path

    Location             Delay type                Incr(ns)  Path(ns)    Netlist Resource(s)
  -------------------------------------------------------------------    -------------------
                         (clock clk_fpga_0 rise edge)
                                                      0.000     0.000 r  
    PS7_X0Y0             PS7                          0.000     0.000 r  cnn_system_i/processing_system7_0/inst/PS7_i/FCLKCLK[0]
                         net (fo=1, routed)           0.994     0.994    cnn_system_i/processing_system7_0/inst/FCLK_CLK_unbuffered[0]
    BUFGCTRL_X0Y16       BUFG (Prop_bufg_I_O)         0.085     1.079 r  cnn_system_i/processing_system7_0/inst/buffer_fclk_clk_0.FCLK_CLK_0_BUFG/O
                         net (fo=7971, routed)        1.405     2.484    cnn_system_i/axi_smc_1/inst/clk_map/psr_aclk/U0/aclk
    SLICE_X38Y38         FDRE                                         r  cnn_system_i/axi_smc_1/inst/clk_map/psr_aclk/U0/ACTIVE_LOW_BSR_OUT_DFF[0].FDRE_BSR_N/C
  -------------------------------------------------------------------    -------------------
    SLICE_X38Y38         FDRE (Prop_fdre_C_Q)         0.433     2.917 r  cnn_system_i/axi_smc_1/inst/clk_map/psr_aclk/U0/ACTIVE_LOW_BSR_OUT_DFF[0].FDRE_BSR_N/Q
                         net (fo=6, routed)           1.146     4.063    cnn_system_i/axi_smc_1/inst/s00_nodes/s00_b_node/inst/s_sc_xpm_cdc_async_rst_inst/src_arst
    SLICE_X38Y53         LUT1 (Prop_lut1_I0_O)        0.105     4.168 f  cnn_system_i/axi_smc_1/inst/s00_nodes/s00_b_node/inst/s_sc_xpm_cdc_async_rst_inst/arststages_ff[2]_i_1/O
                         net (fo=3, routed)           0.631     4.799    cnn_system_i/axi_smc_1/inst/s00_nodes/s00_b_node/inst/s_sc_xpm_cdc_async_rst_inst/reset_pol
    SLICE_X33Y53         FDCE                                         f  cnn_system_i/axi_smc_1/inst/s00_nodes/s00_b_node/inst/s_sc_xpm_cdc_async_rst_inst/arststages_ff_reg[2]/CLR
  -------------------------------------------------------------------    -------------------

                         (clock clk_fpga_0 rise edge)
                                                      0.000     0.000 r  
    PS7_X0Y0             PS7                          0.000     0.000 r  cnn_system_i/processing_system7_0/inst/PS7_i/FCLKCLK[0]
                         net (fo=1, routed)           0.905     0.905    cnn_system_i/processing_system7_0/inst/FCLK_CLK_unbuffered[0]
    BUFGCTRL_X0Y16       BUFG (Prop_bufg_I_O)         0.077     0.982 r  cnn_system_i/processing_system7_0/inst/buffer_fclk_clk_0.FCLK_CLK_0_BUFG/O
                         net (fo=7971, routed)        1.236     2.219    cnn_system_i/axi_smc_1/inst/s00_nodes/s00_b_node/inst/s_sc_xpm_cdc_async_rst_inst/dest_clk
    SLICE_X33Y53         FDCE                                         r  cnn_system_i/axi_smc_1/inst/s00_nodes/s00_b_node/inst/s_sc_xpm_cdc_async_rst_inst/arststages_ff_reg[2]/C

Slack:                    inf
  Source:                 cnn_system_i/axi_smc_1/inst/clk_map/psr_aclk/U0/ACTIVE_LOW_BSR_OUT_DFF[0].FDRE_BSR_N/C
                            (rising edge-triggered cell FDRE clocked by clk_fpga_0  {rise@0.000ns fall@5.000ns period=10.000ns})
  Destination:            cnn_system_i/axi_smc_1/inst/s00_entry_pipeline/s00_mmu/inst/xpm_cdc_async_rst_inst/arststages_ff_reg[0]/CLR
                            (recovery check against rising-edge clock clk_fpga_0  {rise@0.000ns fall@5.000ns period=10.000ns})
  Path Group:             (none)
  Path Type:              Recovery (Max at Slow Process Corner)
  Data Path Delay:        2.313ns  (logic 0.552ns (23.861%)  route 1.761ns (76.139%))
  Logic Levels:           1  (LUT1=1)
  Clock Path Skew:        -0.267ns (DCD - SCD + CPR)
    Destination Clock Delay (DCD):    2.217ns
    Source Clock Delay      (SCD):    2.484ns
    Clock Pessimism Removal (CPR):    0.000ns
  Clock Uncertainty:      0.154ns  ((TSJ^2 + TIJ^2)^1/2 + DJ) / 2 + PE
    Total System Jitter     (TSJ):    0.071ns
    Total Input Jitter      (TIJ):    0.300ns
    Discrete Jitter          (DJ):    0.000ns
    Phase Error              (PE):    0.000ns
  Timing Exception:       False Path

    Location             Delay type                Incr(ns)  Path(ns)    Netlist Resource(s)
  -------------------------------------------------------------------    -------------------
                         (clock clk_fpga_0 rise edge)
                                                      0.000     0.000 r  
    PS7_X0Y0             PS7                          0.000     0.000 r  cnn_system_i/processing_system7_0/inst/PS7_i/FCLKCLK[0]
                         net (fo=1, routed)           0.994     0.994    cnn_system_i/processing_system7_0/inst/FCLK_CLK_unbuffered[0]
    BUFGCTRL_X0Y16       BUFG (Prop_bufg_I_O)         0.085     1.079 r  cnn_system_i/processing_system7_0/inst/buffer_fclk_clk_0.FCLK_CLK_0_BUFG/O
                         net (fo=7971, routed)        1.405     2.484    cnn_system_i/axi_smc_1/inst/clk_map/psr_aclk/U0/aclk
    SLICE_X38Y38         FDRE                                         r  cnn_system_i/axi_smc_1/inst/clk_map/psr_aclk/U0/ACTIVE_LOW_BSR_OUT_DFF[0].FDRE_BSR_N/C
  -------------------------------------------------------------------    -------------------
    SLICE_X38Y38         FDRE (Prop_fdre_C_Q)         0.433     2.917 r  cnn_system_i/axi_smc_1/inst/clk_map/psr_aclk/U0/ACTIVE_LOW_BSR_OUT_DFF[0].FDRE_BSR_N/Q
                         net (fo=6, routed)           1.132     4.049    cnn_system_i/axi_smc_1/inst/s00_entry_pipeline/s00_mmu/inst/xpm_cdc_async_rst_inst/src_arst
    SLICE_X38Y53         LUT1 (Prop_lut1_I0_O)        0.119     4.168 f  cnn_system_i/axi_smc_1/inst/s00_entry_pipeline/s00_mmu/inst/xpm_cdc_async_rst_inst/arststages_ff[2]_i_1/O
                         net (fo=3, routed)           0.629     4.797    cnn_system_i/axi_smc_1/inst/s00_entry_pipeline/s00_mmu/inst/xpm_cdc_async_rst_inst/reset_pol
    SLICE_X44Y53         FDCE                                         f  cnn_system_i/axi_smc_1/inst/s00_entry_pipeline/s00_mmu/inst/xpm_cdc_async_rst_inst/arststages_ff_reg[0]/CLR
  -------------------------------------------------------------------    -------------------

                         (clock clk_fpga_0 rise edge)
                                                      0.000     0.000 r  
    PS7_X0Y0             PS7                          0.000     0.000 r  cnn_system_i/processing_system7_0/inst/PS7_i/FCLKCLK[0]
                         net (fo=1, routed)           0.905     0.905    cnn_system_i/processing_system7_0/inst/FCLK_CLK_unbuffered[0]
    BUFGCTRL_X0Y16       BUFG (Prop_bufg_I_O)         0.077     0.982 r  cnn_system_i/processing_system7_0/inst/buffer_fclk_clk_0.FCLK_CLK_0_BUFG/O
                         net (fo=7971, routed)        1.234     2.217    cnn_system_i/axi_smc_1/inst/s00_entry_pipeline/s00_mmu/inst/xpm_cdc_async_rst_inst/dest_clk
    SLICE_X44Y53         FDCE                                         r  cnn_system_i/axi_smc_1/inst/s00_entry_pipeline/s00_mmu/inst/xpm_cdc_async_rst_inst/arststages_ff_reg[0]/C

Slack:                    inf
  Source:                 cnn_system_i/axi_smc_1/inst/clk_map/psr_aclk/U0/ACTIVE_LOW_BSR_OUT_DFF[0].FDRE_BSR_N/C
                            (rising edge-triggered cell FDRE clocked by clk_fpga_0  {rise@0.000ns fall@5.000ns period=10.000ns})
  Destination:            cnn_system_i/axi_smc_1/inst/s00_entry_pipeline/s00_mmu/inst/xpm_cdc_async_rst_inst/arststages_ff_reg[1]/CLR
                            (recovery check against rising-edge clock clk_fpga_0  {rise@0.000ns fall@5.000ns period=10.000ns})
  Path Group:             (none)
  Path Type:              Recovery (Max at Slow Process Corner)
  Data Path Delay:        2.313ns  (logic 0.552ns (23.861%)  route 1.761ns (76.139%))
  Logic Levels:           1  (LUT1=1)
  Clock Path Skew:        -0.267ns (DCD - SCD + CPR)
    Destination Clock Delay (DCD):    2.217ns
    Source Clock Delay      (SCD):    2.484ns
    Clock Pessimism Removal (CPR):    0.000ns
  Clock Uncertainty:      0.154ns  ((TSJ^2 + TIJ^2)^1/2 + DJ) / 2 + PE
    Total System Jitter     (TSJ):    0.071ns
    Total Input Jitter      (TIJ):    0.300ns
    Discrete Jitter          (DJ):    0.000ns
    Phase Error              (PE):    0.000ns
  Timing Exception:       False Path

    Location             Delay type                Incr(ns)  Path(ns)    Netlist Resource(s)
  -------------------------------------------------------------------    -------------------
                         (clock clk_fpga_0 rise edge)
                                                      0.000     0.000 r  
    PS7_X0Y0             PS7                          0.000     0.000 r  cnn_system_i/processing_system7_0/inst/PS7_i/FCLKCLK[0]
                         net (fo=1, routed)           0.994     0.994    cnn_system_i/processing_system7_0/inst/FCLK_CLK_unbuffered[0]
    BUFGCTRL_X0Y16       BUFG (Prop_bufg_I_O)         0.085     1.079 r  cnn_system_i/processing_system7_0/inst/buffer_fclk_clk_0.FCLK_CLK_0_BUFG/O
                         net (fo=7971, routed)        1.405     2.484    cnn_system_i/axi_smc_1/inst/clk_map/psr_aclk/U0/aclk
    SLICE_X38Y38         FDRE                                         r  cnn_system_i/axi_smc_1/inst/clk_map/psr_aclk/U0/ACTIVE_LOW_BSR_OUT_DFF[0].FDRE_BSR_N/C
  -------------------------------------------------------------------    -------------------
    SLICE_X38Y38         FDRE (Prop_fdre_C_Q)         0.433     2.917 r  cnn_system_i/axi_smc_1/inst/clk_map/psr_aclk/U0/ACTIVE_LOW_BSR_OUT_DFF[0].FDRE_BSR_N/Q
                         net (fo=6, routed)           1.132     4.049    cnn_system_i/axi_smc_1/inst/s00_entry_pipeline/s00_mmu/inst/xpm_cdc_async_rst_inst/src_arst
    SLICE_X38Y53         LUT1 (Prop_lut1_I0_O)        0.119     4.168 f  cnn_system_i/axi_smc_1/inst/s00_entry_pipeline/s00_mmu/inst/xpm_cdc_async_rst_inst/arststages_ff[2]_i_1/O
                         net (fo=3, routed)           0.629     4.797    cnn_system_i/axi_smc_1/inst/s00_entry_pipeline/s00_mmu/inst/xpm_cdc_async_rst_inst/reset_pol
    SLICE_X44Y53         FDCE                                         f  cnn_system_i/axi_smc_1/inst/s00_entry_pipeline/s00_mmu/inst/xpm_cdc_async_rst_inst/arststages_ff_reg[1]/CLR
  -------------------------------------------------------------------    -------------------

                         (clock clk_fpga_0 rise edge)
                                                      0.000     0.000 r  
    PS7_X0Y0             PS7                          0.000     0.000 r  cnn_system_i/processing_system7_0/inst/PS7_i/FCLKCLK[0]
                         net (fo=1, routed)           0.905     0.905    cnn_system_i/processing_system7_0/inst/FCLK_CLK_unbuffered[0]
    BUFGCTRL_X0Y16       BUFG (Prop_bufg_I_O)         0.077     0.982 r  cnn_system_i/processing_system7_0/inst/buffer_fclk_clk_0.FCLK_CLK_0_BUFG/O
                         net (fo=7971, routed)        1.234     2.217    cnn_system_i/axi_smc_1/inst/s00_entry_pipeline/s00_mmu/inst/xpm_cdc_async_rst_inst/dest_clk
    SLICE_X44Y53         FDCE                                         r  cnn_system_i/axi_smc_1/inst/s00_entry_pipeline/s00_mmu/inst/xpm_cdc_async_rst_inst/arststages_ff_reg[1]/C

Slack:                    inf
  Source:                 cnn_system_i/axi_smc_1/inst/clk_map/psr_aclk/U0/ACTIVE_LOW_BSR_OUT_DFF[0].FDRE_BSR_N/C
                            (rising edge-triggered cell FDRE clocked by clk_fpga_0  {rise@0.000ns fall@5.000ns period=10.000ns})
  Destination:            cnn_system_i/axi_smc_1/inst/s00_entry_pipeline/s00_mmu/inst/xpm_cdc_async_rst_inst/arststages_ff_reg[2]/CLR
                            (recovery check against rising-edge clock clk_fpga_0  {rise@0.000ns fall@5.000ns period=10.000ns})
  Path Group:             (none)
  Path Type:              Recovery (Max at Slow Process Corner)
  Data Path Delay:        2.313ns  (logic 0.552ns (23.861%)  route 1.761ns (76.139%))
  Logic Levels:           1  (LUT1=1)
  Clock Path Skew:        -0.267ns (DCD - SCD + CPR)
    Destination Clock Delay (DCD):    2.217ns
    Source Clock Delay      (SCD):    2.484ns
    Clock Pessimism Removal (CPR):    0.000ns
  Clock Uncertainty:      0.154ns  ((TSJ^2 + TIJ^2)^1/2 + DJ) / 2 + PE
    Total System Jitter     (TSJ):    0.071ns
    Total Input Jitter      (TIJ):    0.300ns
    Discrete Jitter          (DJ):    0.000ns
    Phase Error              (PE):    0.000ns
  Timing Exception:       False Path

    Location             Delay type                Incr(ns)  Path(ns)    Netlist Resource(s)
  -------------------------------------------------------------------    -------------------
                         (clock clk_fpga_0 rise edge)
                                                      0.000     0.000 r  
    PS7_X0Y0             PS7                          0.000     0.000 r  cnn_system_i/processing_system7_0/inst/PS7_i/FCLKCLK[0]
                         net (fo=1, routed)           0.994     0.994    cnn_system_i/processing_system7_0/inst/FCLK_CLK_unbuffered[0]
    BUFGCTRL_X0Y16       BUFG (Prop_bufg_I_O)         0.085     1.079 r  cnn_system_i/processing_system7_0/inst/buffer_fclk_clk_0.FCLK_CLK_0_BUFG/O
                         net (fo=7971, routed)        1.405     2.484    cnn_system_i/axi_smc_1/inst/clk_map/psr_aclk/U0/aclk
    SLICE_X38Y38         FDRE                                         r  cnn_system_i/axi_smc_1/inst/clk_map/psr_aclk/U0/ACTIVE_LOW_BSR_OUT_DFF[0].FDRE_BSR_N/C
  -------------------------------------------------------------------    -------------------
    SLICE_X38Y38         FDRE (Prop_fdre_C_Q)         0.433     2.917 r  cnn_system_i/axi_smc_1/inst/clk_map/psr_aclk/U0/ACTIVE_LOW_BSR_OUT_DFF[0].FDRE_BSR_N/Q
                         net (fo=6, routed)           1.132     4.049    cnn_system_i/axi_smc_1/inst/s00_entry_pipeline/s00_mmu/inst/xpm_cdc_async_rst_inst/src_arst
    SLICE_X38Y53         LUT1 (Prop_lut1_I0_O)        0.119     4.168 f  cnn_system_i/axi_smc_1/inst/s00_entry_pipeline/s00_mmu/inst/xpm_cdc_async_rst_inst/arststages_ff[2]_i_1/O
                         net (fo=3, routed)           0.629     4.797    cnn_system_i/axi_smc_1/inst/s00_entry_pipeline/s00_mmu/inst/xpm_cdc_async_rst_inst/reset_pol
    SLICE_X44Y53         FDCE                                         f  cnn_system_i/axi_smc_1/inst/s00_entry_pipeline/s00_mmu/inst/xpm_cdc_async_rst_inst/arststages_ff_reg[2]/CLR
  -------------------------------------------------------------------    -------------------

                         (clock clk_fpga_0 rise edge)
                                                      0.000     0.000 r  
    PS7_X0Y0             PS7                          0.000     0.000 r  cnn_system_i/processing_system7_0/inst/PS7_i/FCLKCLK[0]
                         net (fo=1, routed)           0.905     0.905    cnn_system_i/processing_system7_0/inst/FCLK_CLK_unbuffered[0]
    BUFGCTRL_X0Y16       BUFG (Prop_bufg_I_O)         0.077     0.982 r  cnn_system_i/processing_system7_0/inst/buffer_fclk_clk_0.FCLK_CLK_0_BUFG/O
                         net (fo=7971, routed)        1.234     2.217    cnn_system_i/axi_smc_1/inst/s00_entry_pipeline/s00_mmu/inst/xpm_cdc_async_rst_inst/dest_clk
    SLICE_X44Y53         FDCE                                         r  cnn_system_i/axi_smc_1/inst/s00_entry_pipeline/s00_mmu/inst/xpm_cdc_async_rst_inst/arststages_ff_reg[2]/C

Slack:                    inf
  Source:                 cnn_system_i/rst_ps7_0_100M/U0/ACTIVE_LOW_PR_OUT_DFF[0].FDRE_PER_N/C
                            (rising edge-triggered cell FDRE clocked by clk_fpga_0  {rise@0.000ns fall@5.000ns period=10.000ns})
  Destination:            cnn_system_i/axi_dma_0/U0/I_RST_MODULE/REG_HRD_RST_OUT/GENERATE_LEVEL_P_S_CDC.SINGLE_BIT.CROSS_PLEVEL_IN2SCNDRY_IN_cdc_to/D
                            (rising edge-triggered cell FDRE clocked by clk_fpga_0  {rise@0.000ns fall@5.000ns period=10.000ns})
  Path Group:             (none)
  Path Type:              Setup (Max at Slow Process Corner)
  Data Path Delay:        2.240ns  (logic 0.433ns (19.333%)  route 1.807ns (80.667%))
  Logic Levels:           0  
  Clock Path Skew:        -0.217ns (DCD - SCD + CPR)
    Destination Clock Delay (DCD):    2.252ns
    Source Clock Delay      (SCD):    2.469ns
    Clock Pessimism Removal (CPR):    0.000ns
  Clock Uncertainty:      0.154ns  ((TSJ^2 + TIJ^2)^1/2 + DJ) / 2 + PE
    Total System Jitter     (TSJ):    0.071ns
    Total Input Jitter      (TIJ):    0.300ns
    Discrete Jitter          (DJ):    0.000ns
    Phase Error              (PE):    0.000ns
  Timing Exception:       False Path

    Location             Delay type                Incr(ns)  Path(ns)    Netlist Resource(s)
  -------------------------------------------------------------------    -------------------
                         (clock clk_fpga_0 rise edge)
                                                      0.000     0.000 r  
    PS7_X0Y0             PS7                          0.000     0.000 r  cnn_system_i/processing_system7_0/inst/PS7_i/FCLKCLK[0]
                         net (fo=1, routed)           0.994     0.994    cnn_system_i/processing_system7_0/inst/FCLK_CLK_unbuffered[0]
    BUFGCTRL_X0Y16       BUFG (Prop_bufg_I_O)         0.085     1.079 r  cnn_system_i/processing_system7_0/inst/buffer_fclk_clk_0.FCLK_CLK_0_BUFG/O
                         net (fo=7971, routed)        1.390     2.469    cnn_system_i/rst_ps7_0_100M/U0/slowest_sync_clk
    SLICE_X42Y95         FDRE                                         r  cnn_system_i/rst_ps7_0_100M/U0/ACTIVE_LOW_PR_OUT_DFF[0].FDRE_PER_N/C
  -------------------------------------------------------------------    -------------------
    SLICE_X42Y95         FDRE (Prop_fdre_C_Q)         0.433     2.902 r  cnn_system_i/rst_ps7_0_100M/U0/ACTIVE_LOW_PR_OUT_DFF[0].FDRE_PER_N/Q
                         net (fo=127, routed)         1.807     4.709    cnn_system_i/axi_dma_0/U0/I_RST_MODULE/REG_HRD_RST_OUT/axi_resetn
    SLICE_X29Y82         FDRE                                         r  cnn_system_i/axi_dma_0/U0/I_RST_MODULE/REG_HRD_RST_OUT/GENERATE_LEVEL_P_S_CDC.SINGLE_BIT.CROSS_PLEVEL_IN2SCNDRY_IN_cdc_to/D
  -------------------------------------------------------------------    -------------------

                         (clock clk_fpga_0 rise edge)
                                                      0.000     0.000 r  
    PS7_X0Y0             PS7                          0.000     0.000 r  cnn_system_i/processing_system7_0/inst/PS7_i/FCLKCLK[0]
                         net (fo=1, routed)           0.905     0.905    cnn_system_i/processing_system7_0/inst/FCLK_CLK_unbuffered[0]
    BUFGCTRL_X0Y16       BUFG (Prop_bufg_I_O)         0.077     0.982 r  cnn_system_i/processing_system7_0/inst/buffer_fclk_clk_0.FCLK_CLK_0_BUFG/O
                         net (fo=7971, routed)        1.269     2.252    cnn_system_i/axi_dma_0/U0/I_RST_MODULE/REG_HRD_RST_OUT/s_axi_lite_aclk
    SLICE_X29Y82         FDRE                                         r  cnn_system_i/axi_dma_0/U0/I_RST_MODULE/REG_HRD_RST_OUT/GENERATE_LEVEL_P_S_CDC.SINGLE_BIT.CROSS_PLEVEL_IN2SCNDRY_IN_cdc_to/C

Slack:                    inf
  Source:                 cnn_system_i/axi_smc_1/inst/clk_map/psr_aclk/U0/ACTIVE_LOW_BSR_OUT_DFF[0].FDRE_BSR_N/C
                            (rising edge-triggered cell FDRE clocked by clk_fpga_0  {rise@0.000ns fall@5.000ns period=10.000ns})
  Destination:            cnn_system_i/axi_smc_1/inst/s00_nodes/s00_aw_node/inst/s_sc_xpm_cdc_async_rst_inst/arststages_ff_reg[0]/CLR
                            (recovery check against rising-edge clock clk_fpga_0  {rise@0.000ns fall@5.000ns period=10.000ns})
  Path Group:             (none)
  Path Type:              Recovery (Max at Slow Process Corner)
  Data Path Delay:        2.202ns  (logic 0.543ns (24.660%)  route 1.659ns (75.340%))
  Logic Levels:           1  (LUT1=1)
  Clock Path Skew:        -0.266ns (DCD - SCD + CPR)
    Destination Clock Delay (DCD):    2.218ns
    Source Clock Delay      (SCD):    2.484ns
    Clock Pessimism Removal (CPR):    0.000ns
  Clock Uncertainty:      0.154ns  ((TSJ^2 + TIJ^2)^1/2 + DJ) / 2 + PE
    Total System Jitter     (TSJ):    0.071ns
    Total Input Jitter      (TIJ):    0.300ns
    Discrete Jitter          (DJ):    0.000ns
    Phase Error              (PE):    0.000ns
  Timing Exception:       False Path

    Location             Delay type                Incr(ns)  Path(ns)    Netlist Resource(s)
  -------------------------------------------------------------------    -------------------
                         (clock clk_fpga_0 rise edge)
                                                      0.000     0.000 r  
    PS7_X0Y0             PS7                          0.000     0.000 r  cnn_system_i/processing_system7_0/inst/PS7_i/FCLKCLK[0]
                         net (fo=1, routed)           0.994     0.994    cnn_system_i/processing_system7_0/inst/FCLK_CLK_unbuffered[0]
    BUFGCTRL_X0Y16       BUFG (Prop_bufg_I_O)         0.085     1.079 r  cnn_system_i/processing_system7_0/inst/buffer_fclk_clk_0.FCLK_CLK_0_BUFG/O
                         net (fo=7971, routed)        1.405     2.484    cnn_system_i/axi_smc_1/inst/clk_map/psr_aclk/U0/aclk
    SLICE_X38Y38         FDRE                                         r  cnn_system_i/axi_smc_1/inst/clk_map/psr_aclk/U0/ACTIVE_LOW_BSR_OUT_DFF[0].FDRE_BSR_N/C
  -------------------------------------------------------------------    -------------------
    SLICE_X38Y38         FDRE (Prop_fdre_C_Q)         0.433     2.917 r  cnn_system_i/axi_smc_1/inst/clk_map/psr_aclk/U0/ACTIVE_LOW_BSR_OUT_DFF[0].FDRE_BSR_N/Q
                         net (fo=6, routed)           1.014     3.931    cnn_system_i/axi_smc_1/inst/s00_nodes/s00_aw_node/inst/s_sc_xpm_cdc_async_rst_inst/src_arst
    SLICE_X39Y55         LUT1 (Prop_lut1_I0_O)        0.110     4.041 f  cnn_system_i/axi_smc_1/inst/s00_nodes/s00_aw_node/inst/s_sc_xpm_cdc_async_rst_inst/arststages_ff[2]_i_1/O
                         net (fo=3, routed)           0.645     4.686    cnn_system_i/axi_smc_1/inst/s00_nodes/s00_aw_node/inst/s_sc_xpm_cdc_async_rst_inst/reset_pol
    SLICE_X39Y59         FDCE                                         f  cnn_system_i/axi_smc_1/inst/s00_nodes/s00_aw_node/inst/s_sc_xpm_cdc_async_rst_inst/arststages_ff_reg[0]/CLR
  -------------------------------------------------------------------    -------------------

                         (clock clk_fpga_0 rise edge)
                                                      0.000     0.000 r  
    PS7_X0Y0             PS7                          0.000     0.000 r  cnn_system_i/processing_system7_0/inst/PS7_i/FCLKCLK[0]
                         net (fo=1, routed)           0.905     0.905    cnn_system_i/processing_system7_0/inst/FCLK_CLK_unbuffered[0]
    BUFGCTRL_X0Y16       BUFG (Prop_bufg_I_O)         0.077     0.982 r  cnn_system_i/processing_system7_0/inst/buffer_fclk_clk_0.FCLK_CLK_0_BUFG/O
                         net (fo=7971, routed)        1.235     2.218    cnn_system_i/axi_smc_1/inst/s00_nodes/s00_aw_node/inst/s_sc_xpm_cdc_async_rst_inst/dest_clk
    SLICE_X39Y59         FDCE                                         r  cnn_system_i/axi_smc_1/inst/s00_nodes/s00_aw_node/inst/s_sc_xpm_cdc_async_rst_inst/arststages_ff_reg[0]/C

Slack:                    inf
  Source:                 cnn_system_i/axi_smc_1/inst/clk_map/psr_aclk/U0/ACTIVE_LOW_BSR_OUT_DFF[0].FDRE_BSR_N/C
                            (rising edge-triggered cell FDRE clocked by clk_fpga_0  {rise@0.000ns fall@5.000ns period=10.000ns})
  Destination:            cnn_system_i/axi_smc_1/inst/s00_nodes/s00_aw_node/inst/s_sc_xpm_cdc_async_rst_inst/arststages_ff_reg[1]/CLR
                            (recovery check against rising-edge clock clk_fpga_0  {rise@0.000ns fall@5.000ns period=10.000ns})
  Path Group:             (none)
  Path Type:              Recovery (Max at Slow Process Corner)
  Data Path Delay:        2.202ns  (logic 0.543ns (24.660%)  route 1.659ns (75.340%))
  Logic Levels:           1  (LUT1=1)
  Clock Path Skew:        -0.266ns (DCD - SCD + CPR)
    Destination Clock Delay (DCD):    2.218ns
    Source Clock Delay      (SCD):    2.484ns
    Clock Pessimism Removal (CPR):    0.000ns
  Clock Uncertainty:      0.154ns  ((TSJ^2 + TIJ^2)^1/2 + DJ) / 2 + PE
    Total System Jitter     (TSJ):    0.071ns
    Total Input Jitter      (TIJ):    0.300ns
    Discrete Jitter          (DJ):    0.000ns
    Phase Error              (PE):    0.000ns
  Timing Exception:       False Path

    Location             Delay type                Incr(ns)  Path(ns)    Netlist Resource(s)
  -------------------------------------------------------------------    -------------------
                         (clock clk_fpga_0 rise edge)
                                                      0.000     0.000 r  
    PS7_X0Y0             PS7                          0.000     0.000 r  cnn_system_i/processing_system7_0/inst/PS7_i/FCLKCLK[0]
                         net (fo=1, routed)           0.994     0.994    cnn_system_i/processing_system7_0/inst/FCLK_CLK_unbuffered[0]
    BUFGCTRL_X0Y16       BUFG (Prop_bufg_I_O)         0.085     1.079 r  cnn_system_i/processing_system7_0/inst/buffer_fclk_clk_0.FCLK_CLK_0_BUFG/O
                         net (fo=7971, routed)        1.405     2.484    cnn_system_i/axi_smc_1/inst/clk_map/psr_aclk/U0/aclk
    SLICE_X38Y38         FDRE                                         r  cnn_system_i/axi_smc_1/inst/clk_map/psr_aclk/U0/ACTIVE_LOW_BSR_OUT_DFF[0].FDRE_BSR_N/C
  -------------------------------------------------------------------    -------------------
    SLICE_X38Y38         FDRE (Prop_fdre_C_Q)         0.433     2.917 r  cnn_system_i/axi_smc_1/inst/clk_map/psr_aclk/U0/ACTIVE_LOW_BSR_OUT_DFF[0].FDRE_BSR_N/Q
                         net (fo=6, routed)           1.014     3.931    cnn_system_i/axi_smc_1/inst/s00_nodes/s00_aw_node/inst/s_sc_xpm_cdc_async_rst_inst/src_arst
    SLICE_X39Y55         LUT1 (Prop_lut1_I0_O)        0.110     4.041 f  cnn_system_i/axi_smc_1/inst/s00_nodes/s00_aw_node/inst/s_sc_xpm_cdc_async_rst_inst/arststages_ff[2]_i_1/O
                         net (fo=3, routed)           0.645     4.686    cnn_system_i/axi_smc_1/inst/s00_nodes/s00_aw_node/inst/s_sc_xpm_cdc_async_rst_inst/reset_pol
    SLICE_X39Y59         FDCE                                         f  cnn_system_i/axi_smc_1/inst/s00_nodes/s00_aw_node/inst/s_sc_xpm_cdc_async_rst_inst/arststages_ff_reg[1]/CLR
  -------------------------------------------------------------------    -------------------

                         (clock clk_fpga_0 rise edge)
                                                      0.000     0.000 r  
    PS7_X0Y0             PS7                          0.000     0.000 r  cnn_system_i/processing_system7_0/inst/PS7_i/FCLKCLK[0]
                         net (fo=1, routed)           0.905     0.905    cnn_system_i/processing_system7_0/inst/FCLK_CLK_unbuffered[0]
    BUFGCTRL_X0Y16       BUFG (Prop_bufg_I_O)         0.077     0.982 r  cnn_system_i/processing_system7_0/inst/buffer_fclk_clk_0.FCLK_CLK_0_BUFG/O
                         net (fo=7971, routed)        1.235     2.218    cnn_system_i/axi_smc_1/inst/s00_nodes/s00_aw_node/inst/s_sc_xpm_cdc_async_rst_inst/dest_clk
    SLICE_X39Y59         FDCE                                         r  cnn_system_i/axi_smc_1/inst/s00_nodes/s00_aw_node/inst/s_sc_xpm_cdc_async_rst_inst/arststages_ff_reg[1]/C

Slack:                    inf
  Source:                 cnn_system_i/axi_smc_1/inst/clk_map/psr_aclk/U0/ACTIVE_LOW_BSR_OUT_DFF[0].FDRE_BSR_N/C
                            (rising edge-triggered cell FDRE clocked by clk_fpga_0  {rise@0.000ns fall@5.000ns period=10.000ns})
  Destination:            cnn_system_i/axi_smc_1/inst/s00_nodes/s00_aw_node/inst/s_sc_xpm_cdc_async_rst_inst/arststages_ff_reg[2]/CLR
                            (recovery check against rising-edge clock clk_fpga_0  {rise@0.000ns fall@5.000ns period=10.000ns})
  Path Group:             (none)
  Path Type:              Recovery (Max at Slow Process Corner)
  Data Path Delay:        2.202ns  (logic 0.543ns (24.660%)  route 1.659ns (75.340%))
  Logic Levels:           1  (LUT1=1)
  Clock Path Skew:        -0.266ns (DCD - SCD + CPR)
    Destination Clock Delay (DCD):    2.218ns
    Source Clock Delay      (SCD):    2.484ns
    Clock Pessimism Removal (CPR):    0.000ns
  Clock Uncertainty:      0.154ns  ((TSJ^2 + TIJ^2)^1/2 + DJ) / 2 + PE
    Total System Jitter     (TSJ):    0.071ns
    Total Input Jitter      (TIJ):    0.300ns
    Discrete Jitter          (DJ):    0.000ns
    Phase Error              (PE):    0.000ns
  Timing Exception:       False Path

    Location             Delay type                Incr(ns)  Path(ns)    Netlist Resource(s)
  -------------------------------------------------------------------    -------------------
                         (clock clk_fpga_0 rise edge)
                                                      0.000     0.000 r  
    PS7_X0Y0             PS7                          0.000     0.000 r  cnn_system_i/processing_system7_0/inst/PS7_i/FCLKCLK[0]
                         net (fo=1, routed)           0.994     0.994    cnn_system_i/processing_system7_0/inst/FCLK_CLK_unbuffered[0]
    BUFGCTRL_X0Y16       BUFG (Prop_bufg_I_O)         0.085     1.079 r  cnn_system_i/processing_system7_0/inst/buffer_fclk_clk_0.FCLK_CLK_0_BUFG/O
                         net (fo=7971, routed)        1.405     2.484    cnn_system_i/axi_smc_1/inst/clk_map/psr_aclk/U0/aclk
    SLICE_X38Y38         FDRE                                         r  cnn_system_i/axi_smc_1/inst/clk_map/psr_aclk/U0/ACTIVE_LOW_BSR_OUT_DFF[0].FDRE_BSR_N/C
  -------------------------------------------------------------------    -------------------
    SLICE_X38Y38         FDRE (Prop_fdre_C_Q)         0.433     2.917 r  cnn_system_i/axi_smc_1/inst/clk_map/psr_aclk/U0/ACTIVE_LOW_BSR_OUT_DFF[0].FDRE_BSR_N/Q
                         net (fo=6, routed)           1.014     3.931    cnn_system_i/axi_smc_1/inst/s00_nodes/s00_aw_node/inst/s_sc_xpm_cdc_async_rst_inst/src_arst
    SLICE_X39Y55         LUT1 (Prop_lut1_I0_O)        0.110     4.041 f  cnn_system_i/axi_smc_1/inst/s00_nodes/s00_aw_node/inst/s_sc_xpm_cdc_async_rst_inst/arststages_ff[2]_i_1/O
                         net (fo=3, routed)           0.645     4.686    cnn_system_i/axi_smc_1/inst/s00_nodes/s00_aw_node/inst/s_sc_xpm_cdc_async_rst_inst/reset_pol
    SLICE_X39Y59         FDCE                                         f  cnn_system_i/axi_smc_1/inst/s00_nodes/s00_aw_node/inst/s_sc_xpm_cdc_async_rst_inst/arststages_ff_reg[2]/CLR
  -------------------------------------------------------------------    -------------------

                         (clock clk_fpga_0 rise edge)
                                                      0.000     0.000 r  
    PS7_X0Y0             PS7                          0.000     0.000 r  cnn_system_i/processing_system7_0/inst/PS7_i/FCLKCLK[0]
                         net (fo=1, routed)           0.905     0.905    cnn_system_i/processing_system7_0/inst/FCLK_CLK_unbuffered[0]
    BUFGCTRL_X0Y16       BUFG (Prop_bufg_I_O)         0.077     0.982 r  cnn_system_i/processing_system7_0/inst/buffer_fclk_clk_0.FCLK_CLK_0_BUFG/O
                         net (fo=7971, routed)        1.235     2.218    cnn_system_i/axi_smc_1/inst/s00_nodes/s00_aw_node/inst/s_sc_xpm_cdc_async_rst_inst/dest_clk
    SLICE_X39Y59         FDCE                                         r  cnn_system_i/axi_smc_1/inst/s00_nodes/s00_aw_node/inst/s_sc_xpm_cdc_async_rst_inst/arststages_ff_reg[2]/C

Slack:                    inf
  Source:                 cnn_system_i/axi_smc_1/inst/clk_map/psr_aclk/U0/ACTIVE_LOW_BSR_OUT_DFF[0].FDRE_BSR_N/C
                            (rising edge-triggered cell FDRE clocked by clk_fpga_0  {rise@0.000ns fall@5.000ns period=10.000ns})
  Destination:            cnn_system_i/axi_smc_1/inst/m00_exit_pipeline/m00_exit/inst/xpm_cdc_async_rst_inst/arststages_ff_reg[0]/CLR
                            (recovery check against rising-edge clock clk_fpga_0  {rise@0.000ns fall@5.000ns period=10.000ns})
  Path Group:             (none)
  Path Type:              Recovery (Max at Slow Process Corner)
  Data Path Delay:        2.160ns  (logic 0.538ns (24.905%)  route 1.622ns (75.095%))
  Logic Levels:           1  (LUT1=1)
  Clock Path Skew:        -0.265ns (DCD - SCD + CPR)
    Destination Clock Delay (DCD):    2.219ns
    Source Clock Delay      (SCD):    2.484ns
    Clock Pessimism Removal (CPR):    0.000ns
  Clock Uncertainty:      0.154ns  ((TSJ^2 + TIJ^2)^1/2 + DJ) / 2 + PE
    Total System Jitter     (TSJ):    0.071ns
    Total Input Jitter      (TIJ):    0.300ns
    Discrete Jitter          (DJ):    0.000ns
    Phase Error              (PE):    0.000ns
  Timing Exception:       False Path

    Location             Delay type                Incr(ns)  Path(ns)    Netlist Resource(s)
  -------------------------------------------------------------------    -------------------
                         (clock clk_fpga_0 rise edge)
                                                      0.000     0.000 r  
    PS7_X0Y0             PS7                          0.000     0.000 r  cnn_system_i/processing_system7_0/inst/PS7_i/FCLKCLK[0]
                         net (fo=1, routed)           0.994     0.994    cnn_system_i/processing_system7_0/inst/FCLK_CLK_unbuffered[0]
    BUFGCTRL_X0Y16       BUFG (Prop_bufg_I_O)         0.085     1.079 r  cnn_system_i/processing_system7_0/inst/buffer_fclk_clk_0.FCLK_CLK_0_BUFG/O
                         net (fo=7971, routed)        1.405     2.484    cnn_system_i/axi_smc_1/inst/clk_map/psr_aclk/U0/aclk
    SLICE_X38Y38         FDRE                                         r  cnn_system_i/axi_smc_1/inst/clk_map/psr_aclk/U0/ACTIVE_LOW_BSR_OUT_DFF[0].FDRE_BSR_N/C
  -------------------------------------------------------------------    -------------------
    SLICE_X38Y38         FDRE (Prop_fdre_C_Q)         0.433     2.917 r  cnn_system_i/axi_smc_1/inst/clk_map/psr_aclk/U0/ACTIVE_LOW_BSR_OUT_DFF[0].FDRE_BSR_N/Q
                         net (fo=6, routed)           1.132     4.049    cnn_system_i/axi_smc_1/inst/m00_exit_pipeline/m00_exit/inst/xpm_cdc_async_rst_inst/src_arst
    SLICE_X38Y53         LUT1 (Prop_lut1_I0_O)        0.105     4.154 f  cnn_system_i/axi_smc_1/inst/m00_exit_pipeline/m00_exit/inst/xpm_cdc_async_rst_inst/arststages_ff[2]_i_1/O
                         net (fo=3, routed)           0.490     4.644    cnn_system_i/axi_smc_1/inst/m00_exit_pipeline/m00_exit/inst/xpm_cdc_async_rst_inst/reset_pol
    SLICE_X38Y53         FDCE                                         f  cnn_system_i/axi_smc_1/inst/m00_exit_pipeline/m00_exit/inst/xpm_cdc_async_rst_inst/arststages_ff_reg[0]/CLR
  -------------------------------------------------------------------    -------------------

                         (clock clk_fpga_0 rise edge)
                                                      0.000     0.000 r  
    PS7_X0Y0             PS7                          0.000     0.000 r  cnn_system_i/processing_system7_0/inst/PS7_i/FCLKCLK[0]
                         net (fo=1, routed)           0.905     0.905    cnn_system_i/processing_system7_0/inst/FCLK_CLK_unbuffered[0]
    BUFGCTRL_X0Y16       BUFG (Prop_bufg_I_O)         0.077     0.982 r  cnn_system_i/processing_system7_0/inst/buffer_fclk_clk_0.FCLK_CLK_0_BUFG/O
                         net (fo=7971, routed)        1.236     2.219    cnn_system_i/axi_smc_1/inst/m00_exit_pipeline/m00_exit/inst/xpm_cdc_async_rst_inst/dest_clk
    SLICE_X38Y53         FDCE                                         r  cnn_system_i/axi_smc_1/inst/m00_exit_pipeline/m00_exit/inst/xpm_cdc_async_rst_inst/arststages_ff_reg[0]/C

Slack:                    inf
  Source:                 cnn_system_i/axi_smc_1/inst/clk_map/psr_aclk/U0/ACTIVE_LOW_BSR_OUT_DFF[0].FDRE_BSR_N/C
                            (rising edge-triggered cell FDRE clocked by clk_fpga_0  {rise@0.000ns fall@5.000ns period=10.000ns})
  Destination:            cnn_system_i/axi_smc_1/inst/m00_exit_pipeline/m00_exit/inst/xpm_cdc_async_rst_inst/arststages_ff_reg[1]/CLR
                            (recovery check against rising-edge clock clk_fpga_0  {rise@0.000ns fall@5.000ns period=10.000ns})
  Path Group:             (none)
  Path Type:              Recovery (Max at Slow Process Corner)
  Data Path Delay:        2.160ns  (logic 0.538ns (24.905%)  route 1.622ns (75.095%))
  Logic Levels:           1  (LUT1=1)
  Clock Path Skew:        -0.265ns (DCD - SCD + CPR)
    Destination Clock Delay (DCD):    2.219ns
    Source Clock Delay      (SCD):    2.484ns
    Clock Pessimism Removal (CPR):    0.000ns
  Clock Uncertainty:      0.154ns  ((TSJ^2 + TIJ^2)^1/2 + DJ) / 2 + PE
    Total System Jitter     (TSJ):    0.071ns
    Total Input Jitter      (TIJ):    0.300ns
    Discrete Jitter          (DJ):    0.000ns
    Phase Error              (PE):    0.000ns
  Timing Exception:       False Path

    Location             Delay type                Incr(ns)  Path(ns)    Netlist Resource(s)
  -------------------------------------------------------------------    -------------------
                         (clock clk_fpga_0 rise edge)
                                                      0.000     0.000 r  
    PS7_X0Y0             PS7                          0.000     0.000 r  cnn_system_i/processing_system7_0/inst/PS7_i/FCLKCLK[0]
                         net (fo=1, routed)           0.994     0.994    cnn_system_i/processing_system7_0/inst/FCLK_CLK_unbuffered[0]
    BUFGCTRL_X0Y16       BUFG (Prop_bufg_I_O)         0.085     1.079 r  cnn_system_i/processing_system7_0/inst/buffer_fclk_clk_0.FCLK_CLK_0_BUFG/O
                         net (fo=7971, routed)        1.405     2.484    cnn_system_i/axi_smc_1/inst/clk_map/psr_aclk/U0/aclk
    SLICE_X38Y38         FDRE                                         r  cnn_system_i/axi_smc_1/inst/clk_map/psr_aclk/U0/ACTIVE_LOW_BSR_OUT_DFF[0].FDRE_BSR_N/C
  -------------------------------------------------------------------    -------------------
    SLICE_X38Y38         FDRE (Prop_fdre_C_Q)         0.433     2.917 r  cnn_system_i/axi_smc_1/inst/clk_map/psr_aclk/U0/ACTIVE_LOW_BSR_OUT_DFF[0].FDRE_BSR_N/Q
                         net (fo=6, routed)           1.132     4.049    cnn_system_i/axi_smc_1/inst/m00_exit_pipeline/m00_exit/inst/xpm_cdc_async_rst_inst/src_arst
    SLICE_X38Y53         LUT1 (Prop_lut1_I0_O)        0.105     4.154 f  cnn_system_i/axi_smc_1/inst/m00_exit_pipeline/m00_exit/inst/xpm_cdc_async_rst_inst/arststages_ff[2]_i_1/O
                         net (fo=3, routed)           0.490     4.644    cnn_system_i/axi_smc_1/inst/m00_exit_pipeline/m00_exit/inst/xpm_cdc_async_rst_inst/reset_pol
    SLICE_X38Y53         FDCE                                         f  cnn_system_i/axi_smc_1/inst/m00_exit_pipeline/m00_exit/inst/xpm_cdc_async_rst_inst/arststages_ff_reg[1]/CLR
  -------------------------------------------------------------------    -------------------

                         (clock clk_fpga_0 rise edge)
                                                      0.000     0.000 r  
    PS7_X0Y0             PS7                          0.000     0.000 r  cnn_system_i/processing_system7_0/inst/PS7_i/FCLKCLK[0]
                         net (fo=1, routed)           0.905     0.905    cnn_system_i/processing_system7_0/inst/FCLK_CLK_unbuffered[0]
    BUFGCTRL_X0Y16       BUFG (Prop_bufg_I_O)         0.077     0.982 r  cnn_system_i/processing_system7_0/inst/buffer_fclk_clk_0.FCLK_CLK_0_BUFG/O
                         net (fo=7971, routed)        1.236     2.219    cnn_system_i/axi_smc_1/inst/m00_exit_pipeline/m00_exit/inst/xpm_cdc_async_rst_inst/dest_clk
    SLICE_X38Y53         FDCE                                         r  cnn_system_i/axi_smc_1/inst/m00_exit_pipeline/m00_exit/inst/xpm_cdc_async_rst_inst/arststages_ff_reg[1]/C

Slack:                    inf
  Source:                 cnn_system_i/axi_smc_1/inst/clk_map/psr_aclk/U0/ACTIVE_LOW_BSR_OUT_DFF[0].FDRE_BSR_N/C
                            (rising edge-triggered cell FDRE clocked by clk_fpga_0  {rise@0.000ns fall@5.000ns period=10.000ns})
  Destination:            cnn_system_i/axi_smc_1/inst/m00_exit_pipeline/m00_exit/inst/xpm_cdc_async_rst_inst/arststages_ff_reg[2]/CLR
                            (recovery check against rising-edge clock clk_fpga_0  {rise@0.000ns fall@5.000ns period=10.000ns})
  Path Group:             (none)
  Path Type:              Recovery (Max at Slow Process Corner)
  Data Path Delay:        2.160ns  (logic 0.538ns (24.905%)  route 1.622ns (75.095%))
  Logic Levels:           1  (LUT1=1)
  Clock Path Skew:        -0.265ns (DCD - SCD + CPR)
    Destination Clock Delay (DCD):    2.219ns
    Source Clock Delay      (SCD):    2.484ns
    Clock Pessimism Removal (CPR):    0.000ns
  Clock Uncertainty:      0.154ns  ((TSJ^2 + TIJ^2)^1/2 + DJ) / 2 + PE
    Total System Jitter     (TSJ):    0.071ns
    Total Input Jitter      (TIJ):    0.300ns
    Discrete Jitter          (DJ):    0.000ns
    Phase Error              (PE):    0.000ns
  Timing Exception:       False Path

    Location             Delay type                Incr(ns)  Path(ns)    Netlist Resource(s)
  -------------------------------------------------------------------    -------------------
                         (clock clk_fpga_0 rise edge)
                                                      0.000     0.000 r  
    PS7_X0Y0             PS7                          0.000     0.000 r  cnn_system_i/processing_system7_0/inst/PS7_i/FCLKCLK[0]
                         net (fo=1, routed)           0.994     0.994    cnn_system_i/processing_system7_0/inst/FCLK_CLK_unbuffered[0]
    BUFGCTRL_X0Y16       BUFG (Prop_bufg_I_O)         0.085     1.079 r  cnn_system_i/processing_system7_0/inst/buffer_fclk_clk_0.FCLK_CLK_0_BUFG/O
                         net (fo=7971, routed)        1.405     2.484    cnn_system_i/axi_smc_1/inst/clk_map/psr_aclk/U0/aclk
    SLICE_X38Y38         FDRE                                         r  cnn_system_i/axi_smc_1/inst/clk_map/psr_aclk/U0/ACTIVE_LOW_BSR_OUT_DFF[0].FDRE_BSR_N/C
  -------------------------------------------------------------------    -------------------
    SLICE_X38Y38         FDRE (Prop_fdre_C_Q)         0.433     2.917 r  cnn_system_i/axi_smc_1/inst/clk_map/psr_aclk/U0/ACTIVE_LOW_BSR_OUT_DFF[0].FDRE_BSR_N/Q
                         net (fo=6, routed)           1.132     4.049    cnn_system_i/axi_smc_1/inst/m00_exit_pipeline/m00_exit/inst/xpm_cdc_async_rst_inst/src_arst
    SLICE_X38Y53         LUT1 (Prop_lut1_I0_O)        0.105     4.154 f  cnn_system_i/axi_smc_1/inst/m00_exit_pipeline/m00_exit/inst/xpm_cdc_async_rst_inst/arststages_ff[2]_i_1/O
                         net (fo=3, routed)           0.490     4.644    cnn_system_i/axi_smc_1/inst/m00_exit_pipeline/m00_exit/inst/xpm_cdc_async_rst_inst/reset_pol
    SLICE_X38Y53         FDCE                                         f  cnn_system_i/axi_smc_1/inst/m00_exit_pipeline/m00_exit/inst/xpm_cdc_async_rst_inst/arststages_ff_reg[2]/CLR
  -------------------------------------------------------------------    -------------------

                         (clock clk_fpga_0 rise edge)
                                                      0.000     0.000 r  
    PS7_X0Y0             PS7                          0.000     0.000 r  cnn_system_i/processing_system7_0/inst/PS7_i/FCLKCLK[0]
                         net (fo=1, routed)           0.905     0.905    cnn_system_i/processing_system7_0/inst/FCLK_CLK_unbuffered[0]
    BUFGCTRL_X0Y16       BUFG (Prop_bufg_I_O)         0.077     0.982 r  cnn_system_i/processing_system7_0/inst/buffer_fclk_clk_0.FCLK_CLK_0_BUFG/O
                         net (fo=7971, routed)        1.236     2.219    cnn_system_i/axi_smc_1/inst/m00_exit_pipeline/m00_exit/inst/xpm_cdc_async_rst_inst/dest_clk
    SLICE_X38Y53         FDCE                                         r  cnn_system_i/axi_smc_1/inst/m00_exit_pipeline/m00_exit/inst/xpm_cdc_async_rst_inst/arststages_ff_reg[2]/C

Slack:                    inf
  Source:                 cnn_system_i/axi_smc_1/inst/clk_map/psr_aclk/U0/ACTIVE_LOW_BSR_OUT_DFF[0].FDRE_BSR_N/C
                            (rising edge-triggered cell FDRE clocked by clk_fpga_0  {rise@0.000ns fall@5.000ns period=10.000ns})
  Destination:            cnn_system_i/axi_smc_1/inst/s00_nodes/s00_w_node/inst/s_sc_xpm_cdc_async_rst_inst/arststages_ff_reg[0]/CLR
                            (recovery check against rising-edge clock clk_fpga_0  {rise@0.000ns fall@5.000ns period=10.000ns})
  Path Group:             (none)
  Path Type:              Recovery (Max at Slow Process Corner)
  Data Path Delay:        2.096ns  (logic 0.555ns (26.484%)  route 1.541ns (73.517%))
  Logic Levels:           1  (LUT1=1)
  Clock Path Skew:        -0.266ns (DCD - SCD + CPR)
    Destination Clock Delay (DCD):    2.218ns
    Source Clock Delay      (SCD):    2.484ns
    Clock Pessimism Removal (CPR):    0.000ns
  Clock Uncertainty:      0.154ns  ((TSJ^2 + TIJ^2)^1/2 + DJ) / 2 + PE
    Total System Jitter     (TSJ):    0.071ns
    Total Input Jitter      (TIJ):    0.300ns
    Discrete Jitter          (DJ):    0.000ns
    Phase Error              (PE):    0.000ns
  Timing Exception:       False Path

    Location             Delay type                Incr(ns)  Path(ns)    Netlist Resource(s)
  -------------------------------------------------------------------    -------------------
                         (clock clk_fpga_0 rise edge)
                                                      0.000     0.000 r  
    PS7_X0Y0             PS7                          0.000     0.000 r  cnn_system_i/processing_system7_0/inst/PS7_i/FCLKCLK[0]
                         net (fo=1, routed)           0.994     0.994    cnn_system_i/processing_system7_0/inst/FCLK_CLK_unbuffered[0]
    BUFGCTRL_X0Y16       BUFG (Prop_bufg_I_O)         0.085     1.079 r  cnn_system_i/processing_system7_0/inst/buffer_fclk_clk_0.FCLK_CLK_0_BUFG/O
                         net (fo=7971, routed)        1.405     2.484    cnn_system_i/axi_smc_1/inst/clk_map/psr_aclk/U0/aclk
    SLICE_X38Y38         FDRE                                         r  cnn_system_i/axi_smc_1/inst/clk_map/psr_aclk/U0/ACTIVE_LOW_BSR_OUT_DFF[0].FDRE_BSR_N/C
  -------------------------------------------------------------------    -------------------
    SLICE_X38Y38         FDRE (Prop_fdre_C_Q)         0.433     2.917 r  cnn_system_i/axi_smc_1/inst/clk_map/psr_aclk/U0/ACTIVE_LOW_BSR_OUT_DFF[0].FDRE_BSR_N/Q
                         net (fo=6, routed)           1.146     4.063    cnn_system_i/axi_smc_1/inst/s00_nodes/s00_w_node/inst/s_sc_xpm_cdc_async_rst_inst/src_arst
    SLICE_X38Y53         LUT1 (Prop_lut1_I0_O)        0.122     4.185 f  cnn_system_i/axi_smc_1/inst/s00_nodes/s00_w_node/inst/s_sc_xpm_cdc_async_rst_inst/arststages_ff[2]_i_1/O
                         net (fo=3, routed)           0.394     4.580    cnn_system_i/axi_smc_1/inst/s00_nodes/s00_w_node/inst/s_sc_xpm_cdc_async_rst_inst/reset_pol
    SLICE_X40Y54         FDCE                                         f  cnn_system_i/axi_smc_1/inst/s00_nodes/s00_w_node/inst/s_sc_xpm_cdc_async_rst_inst/arststages_ff_reg[0]/CLR
  -------------------------------------------------------------------    -------------------

                         (clock clk_fpga_0 rise edge)
                                                      0.000     0.000 r  
    PS7_X0Y0             PS7                          0.000     0.000 r  cnn_system_i/processing_system7_0/inst/PS7_i/FCLKCLK[0]
                         net (fo=1, routed)           0.905     0.905    cnn_system_i/processing_system7_0/inst/FCLK_CLK_unbuffered[0]
    BUFGCTRL_X0Y16       BUFG (Prop_bufg_I_O)         0.077     0.982 r  cnn_system_i/processing_system7_0/inst/buffer_fclk_clk_0.FCLK_CLK_0_BUFG/O
                         net (fo=7971, routed)        1.235     2.218    cnn_system_i/axi_smc_1/inst/s00_nodes/s00_w_node/inst/s_sc_xpm_cdc_async_rst_inst/dest_clk
    SLICE_X40Y54         FDCE                                         r  cnn_system_i/axi_smc_1/inst/s00_nodes/s00_w_node/inst/s_sc_xpm_cdc_async_rst_inst/arststages_ff_reg[0]/C

Slack:                    inf
  Source:                 cnn_system_i/axi_smc_1/inst/clk_map/psr_aclk/U0/ACTIVE_LOW_BSR_OUT_DFF[0].FDRE_BSR_N/C
                            (rising edge-triggered cell FDRE clocked by clk_fpga_0  {rise@0.000ns fall@5.000ns period=10.000ns})
  Destination:            cnn_system_i/axi_smc_1/inst/s00_nodes/s00_w_node/inst/s_sc_xpm_cdc_async_rst_inst/arststages_ff_reg[1]/CLR
                            (recovery check against rising-edge clock clk_fpga_0  {rise@0.000ns fall@5.000ns period=10.000ns})
  Path Group:             (none)
  Path Type:              Recovery (Max at Slow Process Corner)
  Data Path Delay:        2.096ns  (logic 0.555ns (26.484%)  route 1.541ns (73.517%))
  Logic Levels:           1  (LUT1=1)
  Clock Path Skew:        -0.266ns (DCD - SCD + CPR)
    Destination Clock Delay (DCD):    2.218ns
    Source Clock Delay      (SCD):    2.484ns
    Clock Pessimism Removal (CPR):    0.000ns
  Clock Uncertainty:      0.154ns  ((TSJ^2 + TIJ^2)^1/2 + DJ) / 2 + PE
    Total System Jitter     (TSJ):    0.071ns
    Total Input Jitter      (TIJ):    0.300ns
    Discrete Jitter          (DJ):    0.000ns
    Phase Error              (PE):    0.000ns
  Timing Exception:       False Path

    Location             Delay type                Incr(ns)  Path(ns)    Netlist Resource(s)
  -------------------------------------------------------------------    -------------------
                         (clock clk_fpga_0 rise edge)
                                                      0.000     0.000 r  
    PS7_X0Y0             PS7                          0.000     0.000 r  cnn_system_i/processing_system7_0/inst/PS7_i/FCLKCLK[0]
                         net (fo=1, routed)           0.994     0.994    cnn_system_i/processing_system7_0/inst/FCLK_CLK_unbuffered[0]
    BUFGCTRL_X0Y16       BUFG (Prop_bufg_I_O)         0.085     1.079 r  cnn_system_i/processing_system7_0/inst/buffer_fclk_clk_0.FCLK_CLK_0_BUFG/O
                         net (fo=7971, routed)        1.405     2.484    cnn_system_i/axi_smc_1/inst/clk_map/psr_aclk/U0/aclk
    SLICE_X38Y38         FDRE                                         r  cnn_system_i/axi_smc_1/inst/clk_map/psr_aclk/U0/ACTIVE_LOW_BSR_OUT_DFF[0].FDRE_BSR_N/C
  -------------------------------------------------------------------    -------------------
    SLICE_X38Y38         FDRE (Prop_fdre_C_Q)         0.433     2.917 r  cnn_system_i/axi_smc_1/inst/clk_map/psr_aclk/U0/ACTIVE_LOW_BSR_OUT_DFF[0].FDRE_BSR_N/Q
                         net (fo=6, routed)           1.146     4.063    cnn_system_i/axi_smc_1/inst/s00_nodes/s00_w_node/inst/s_sc_xpm_cdc_async_rst_inst/src_arst
    SLICE_X38Y53         LUT1 (Prop_lut1_I0_O)        0.122     4.185 f  cnn_system_i/axi_smc_1/inst/s00_nodes/s00_w_node/inst/s_sc_xpm_cdc_async_rst_inst/arststages_ff[2]_i_1/O
                         net (fo=3, routed)           0.394     4.580    cnn_system_i/axi_smc_1/inst/s00_nodes/s00_w_node/inst/s_sc_xpm_cdc_async_rst_inst/reset_pol
    SLICE_X40Y54         FDCE                                         f  cnn_system_i/axi_smc_1/inst/s00_nodes/s00_w_node/inst/s_sc_xpm_cdc_async_rst_inst/arststages_ff_reg[1]/CLR
  -------------------------------------------------------------------    -------------------

                         (clock clk_fpga_0 rise edge)
                                                      0.000     0.000 r  
    PS7_X0Y0             PS7                          0.000     0.000 r  cnn_system_i/processing_system7_0/inst/PS7_i/FCLKCLK[0]
                         net (fo=1, routed)           0.905     0.905    cnn_system_i/processing_system7_0/inst/FCLK_CLK_unbuffered[0]
    BUFGCTRL_X0Y16       BUFG (Prop_bufg_I_O)         0.077     0.982 r  cnn_system_i/processing_system7_0/inst/buffer_fclk_clk_0.FCLK_CLK_0_BUFG/O
                         net (fo=7971, routed)        1.235     2.218    cnn_system_i/axi_smc_1/inst/s00_nodes/s00_w_node/inst/s_sc_xpm_cdc_async_rst_inst/dest_clk
    SLICE_X40Y54         FDCE                                         r  cnn_system_i/axi_smc_1/inst/s00_nodes/s00_w_node/inst/s_sc_xpm_cdc_async_rst_inst/arststages_ff_reg[1]/C





Min Delay Paths
--------------------------------------------------------------------------------------
Slack:                    inf
  Source:                 cnn_system_i/axi_smc/inst/clk_map/psr_aclk/U0/ACTIVE_LOW_BSR_OUT_DFF[0].FDRE_BSR_N/C
                            (rising edge-triggered cell FDRE clocked by clk_fpga_0  {rise@0.000ns fall@5.000ns period=10.000ns})
  Destination:            cnn_system_i/axi_smc/inst/s00_nodes/s00_r_node/inst/s_sc_xpm_cdc_async_rst_inst/arststages_ff_reg[0]/CLR
                            (removal check against rising-edge clock clk_fpga_0  {rise@0.000ns fall@5.000ns period=10.000ns})
  Path Group:             (none)
  Path Type:              Removal (Min at Fast Process Corner)
  Data Path Delay:        0.643ns  (logic 0.186ns (28.925%)  route 0.457ns (71.075%))
  Logic Levels:           1  (LUT1=1)
  Clock Path Skew:        0.299ns (DCD - SCD - CPR)
    Destination Clock Delay (DCD):    1.227ns
    Source Clock Delay      (SCD):    0.928ns
    Clock Pessimism Removal (CPR):    -0.000ns
  Clock Uncertainty:      0.154ns  ((TSJ^2 + TIJ^2)^1/2 + DJ) / 2 + PE
    Total System Jitter     (TSJ):    0.071ns
    Total Input Jitter      (TIJ):    0.300ns
    Discrete Jitter          (DJ):    0.000ns
    Phase Error              (PE):    0.000ns
  Timing Exception:       False Path

    Location             Delay type                Incr(ns)  Path(ns)    Netlist Resource(s)
  -------------------------------------------------------------------    -------------------
                         (clock clk_fpga_0 rise edge)
                                                      0.000     0.000 r  
    PS7_X0Y0             PS7                          0.000     0.000 r  cnn_system_i/processing_system7_0/inst/PS7_i/FCLKCLK[0]
                         net (fo=1, routed)           0.310     0.310    cnn_system_i/processing_system7_0/inst/FCLK_CLK_unbuffered[0]
    BUFGCTRL_X0Y16       BUFG (Prop_bufg_I_O)         0.026     0.336 r  cnn_system_i/processing_system7_0/inst/buffer_fclk_clk_0.FCLK_CLK_0_BUFG/O
                         net (fo=7971, routed)        0.592     0.928    cnn_system_i/axi_smc/inst/clk_map/psr_aclk/U0/aclk
    SLICE_X9Y35          FDRE                                         r  cnn_system_i/axi_smc/inst/clk_map/psr_aclk/U0/ACTIVE_LOW_BSR_OUT_DFF[0].FDRE_BSR_N/C
  -------------------------------------------------------------------    -------------------
    SLICE_X9Y35          FDRE (Prop_fdre_C_Q)         0.141     1.069 r  cnn_system_i/axi_smc/inst/clk_map/psr_aclk/U0/ACTIVE_LOW_BSR_OUT_DFF[0].FDRE_BSR_N/Q
                         net (fo=5, routed)           0.287     1.356    cnn_system_i/axi_smc/inst/s00_nodes/s00_r_node/inst/s_sc_xpm_cdc_async_rst_inst/src_arst
    SLICE_X10Y37         LUT1 (Prop_lut1_I0_O)        0.045     1.401 f  cnn_system_i/axi_smc/inst/s00_nodes/s00_r_node/inst/s_sc_xpm_cdc_async_rst_inst/arststages_ff[2]_i_1/O
                         net (fo=3, routed)           0.170     1.571    cnn_system_i/axi_smc/inst/s00_nodes/s00_r_node/inst/s_sc_xpm_cdc_async_rst_inst/reset_pol
    SLICE_X10Y37         FDCE                                         f  cnn_system_i/axi_smc/inst/s00_nodes/s00_r_node/inst/s_sc_xpm_cdc_async_rst_inst/arststages_ff_reg[0]/CLR
  -------------------------------------------------------------------    -------------------

                         (clock clk_fpga_0 rise edge)
                                                      0.000     0.000 r  
    PS7_X0Y0             PS7                          0.000     0.000 r  cnn_system_i/processing_system7_0/inst/PS7_i/FCLKCLK[0]
                         net (fo=1, routed)           0.337     0.337    cnn_system_i/processing_system7_0/inst/FCLK_CLK_unbuffered[0]
    BUFGCTRL_X0Y16       BUFG (Prop_bufg_I_O)         0.029     0.366 r  cnn_system_i/processing_system7_0/inst/buffer_fclk_clk_0.FCLK_CLK_0_BUFG/O
                         net (fo=7971, routed)        0.861     1.227    cnn_system_i/axi_smc/inst/s00_nodes/s00_r_node/inst/s_sc_xpm_cdc_async_rst_inst/dest_clk
    SLICE_X10Y37         FDCE                                         r  cnn_system_i/axi_smc/inst/s00_nodes/s00_r_node/inst/s_sc_xpm_cdc_async_rst_inst/arststages_ff_reg[0]/C

Slack:                    inf
  Source:                 cnn_system_i/axi_smc/inst/clk_map/psr_aclk/U0/ACTIVE_LOW_BSR_OUT_DFF[0].FDRE_BSR_N/C
                            (rising edge-triggered cell FDRE clocked by clk_fpga_0  {rise@0.000ns fall@5.000ns period=10.000ns})
  Destination:            cnn_system_i/axi_smc/inst/s00_nodes/s00_r_node/inst/s_sc_xpm_cdc_async_rst_inst/arststages_ff_reg[1]/CLR
                            (removal check against rising-edge clock clk_fpga_0  {rise@0.000ns fall@5.000ns period=10.000ns})
  Path Group:             (none)
  Path Type:              Removal (Min at Fast Process Corner)
  Data Path Delay:        0.643ns  (logic 0.186ns (28.925%)  route 0.457ns (71.075%))
  Logic Levels:           1  (LUT1=1)
  Clock Path Skew:        0.299ns (DCD - SCD - CPR)
    Destination Clock Delay (DCD):    1.227ns
    Source Clock Delay      (SCD):    0.928ns
    Clock Pessimism Removal (CPR):    -0.000ns
  Clock Uncertainty:      0.154ns  ((TSJ^2 + TIJ^2)^1/2 + DJ) / 2 + PE
    Total System Jitter     (TSJ):    0.071ns
    Total Input Jitter      (TIJ):    0.300ns
    Discrete Jitter          (DJ):    0.000ns
    Phase Error              (PE):    0.000ns
  Timing Exception:       False Path

    Location             Delay type                Incr(ns)  Path(ns)    Netlist Resource(s)
  -------------------------------------------------------------------    -------------------
                         (clock clk_fpga_0 rise edge)
                                                      0.000     0.000 r  
    PS7_X0Y0             PS7                          0.000     0.000 r  cnn_system_i/processing_system7_0/inst/PS7_i/FCLKCLK[0]
                         net (fo=1, routed)           0.310     0.310    cnn_system_i/processing_system7_0/inst/FCLK_CLK_unbuffered[0]
    BUFGCTRL_X0Y16       BUFG (Prop_bufg_I_O)         0.026     0.336 r  cnn_system_i/processing_system7_0/inst/buffer_fclk_clk_0.FCLK_CLK_0_BUFG/O
                         net (fo=7971, routed)        0.592     0.928    cnn_system_i/axi_smc/inst/clk_map/psr_aclk/U0/aclk
    SLICE_X9Y35          FDRE                                         r  cnn_system_i/axi_smc/inst/clk_map/psr_aclk/U0/ACTIVE_LOW_BSR_OUT_DFF[0].FDRE_BSR_N/C
  -------------------------------------------------------------------    -------------------
    SLICE_X9Y35          FDRE (Prop_fdre_C_Q)         0.141     1.069 r  cnn_system_i/axi_smc/inst/clk_map/psr_aclk/U0/ACTIVE_LOW_BSR_OUT_DFF[0].FDRE_BSR_N/Q
                         net (fo=5, routed)           0.287     1.356    cnn_system_i/axi_smc/inst/s00_nodes/s00_r_node/inst/s_sc_xpm_cdc_async_rst_inst/src_arst
    SLICE_X10Y37         LUT1 (Prop_lut1_I0_O)        0.045     1.401 f  cnn_system_i/axi_smc/inst/s00_nodes/s00_r_node/inst/s_sc_xpm_cdc_async_rst_inst/arststages_ff[2]_i_1/O
                         net (fo=3, routed)           0.170     1.571    cnn_system_i/axi_smc/inst/s00_nodes/s00_r_node/inst/s_sc_xpm_cdc_async_rst_inst/reset_pol
    SLICE_X10Y37         FDCE                                         f  cnn_system_i/axi_smc/inst/s00_nodes/s00_r_node/inst/s_sc_xpm_cdc_async_rst_inst/arststages_ff_reg[1]/CLR
  -------------------------------------------------------------------    -------------------

                         (clock clk_fpga_0 rise edge)
                                                      0.000     0.000 r  
    PS7_X0Y0             PS7                          0.000     0.000 r  cnn_system_i/processing_system7_0/inst/PS7_i/FCLKCLK[0]
                         net (fo=1, routed)           0.337     0.337    cnn_system_i/processing_system7_0/inst/FCLK_CLK_unbuffered[0]
    BUFGCTRL_X0Y16       BUFG (Prop_bufg_I_O)         0.029     0.366 r  cnn_system_i/processing_system7_0/inst/buffer_fclk_clk_0.FCLK_CLK_0_BUFG/O
                         net (fo=7971, routed)        0.861     1.227    cnn_system_i/axi_smc/inst/s00_nodes/s00_r_node/inst/s_sc_xpm_cdc_async_rst_inst/dest_clk
    SLICE_X10Y37         FDCE                                         r  cnn_system_i/axi_smc/inst/s00_nodes/s00_r_node/inst/s_sc_xpm_cdc_async_rst_inst/arststages_ff_reg[1]/C

Slack:                    inf
  Source:                 cnn_system_i/axi_smc/inst/clk_map/psr_aclk/U0/ACTIVE_LOW_BSR_OUT_DFF[0].FDRE_BSR_N/C
                            (rising edge-triggered cell FDRE clocked by clk_fpga_0  {rise@0.000ns fall@5.000ns period=10.000ns})
  Destination:            cnn_system_i/axi_smc/inst/s00_nodes/s00_r_node/inst/s_sc_xpm_cdc_async_rst_inst/arststages_ff_reg[2]/CLR
                            (removal check against rising-edge clock clk_fpga_0  {rise@0.000ns fall@5.000ns period=10.000ns})
  Path Group:             (none)
  Path Type:              Removal (Min at Fast Process Corner)
  Data Path Delay:        0.643ns  (logic 0.186ns (28.925%)  route 0.457ns (71.075%))
  Logic Levels:           1  (LUT1=1)
  Clock Path Skew:        0.299ns (DCD - SCD - CPR)
    Destination Clock Delay (DCD):    1.227ns
    Source Clock Delay      (SCD):    0.928ns
    Clock Pessimism Removal (CPR):    -0.000ns
  Clock Uncertainty:      0.154ns  ((TSJ^2 + TIJ^2)^1/2 + DJ) / 2 + PE
    Total System Jitter     (TSJ):    0.071ns
    Total Input Jitter      (TIJ):    0.300ns
    Discrete Jitter          (DJ):    0.000ns
    Phase Error              (PE):    0.000ns
  Timing Exception:       False Path

    Location             Delay type                Incr(ns)  Path(ns)    Netlist Resource(s)
  -------------------------------------------------------------------    -------------------
                         (clock clk_fpga_0 rise edge)
                                                      0.000     0.000 r  
    PS7_X0Y0             PS7                          0.000     0.000 r  cnn_system_i/processing_system7_0/inst/PS7_i/FCLKCLK[0]
                         net (fo=1, routed)           0.310     0.310    cnn_system_i/processing_system7_0/inst/FCLK_CLK_unbuffered[0]
    BUFGCTRL_X0Y16       BUFG (Prop_bufg_I_O)         0.026     0.336 r  cnn_system_i/processing_system7_0/inst/buffer_fclk_clk_0.FCLK_CLK_0_BUFG/O
                         net (fo=7971, routed)        0.592     0.928    cnn_system_i/axi_smc/inst/clk_map/psr_aclk/U0/aclk
    SLICE_X9Y35          FDRE                                         r  cnn_system_i/axi_smc/inst/clk_map/psr_aclk/U0/ACTIVE_LOW_BSR_OUT_DFF[0].FDRE_BSR_N/C
  -------------------------------------------------------------------    -------------------
    SLICE_X9Y35          FDRE (Prop_fdre_C_Q)         0.141     1.069 r  cnn_system_i/axi_smc/inst/clk_map/psr_aclk/U0/ACTIVE_LOW_BSR_OUT_DFF[0].FDRE_BSR_N/Q
                         net (fo=5, routed)           0.287     1.356    cnn_system_i/axi_smc/inst/s00_nodes/s00_r_node/inst/s_sc_xpm_cdc_async_rst_inst/src_arst
    SLICE_X10Y37         LUT1 (Prop_lut1_I0_O)        0.045     1.401 f  cnn_system_i/axi_smc/inst/s00_nodes/s00_r_node/inst/s_sc_xpm_cdc_async_rst_inst/arststages_ff[2]_i_1/O
                         net (fo=3, routed)           0.170     1.571    cnn_system_i/axi_smc/inst/s00_nodes/s00_r_node/inst/s_sc_xpm_cdc_async_rst_inst/reset_pol
    SLICE_X10Y37         FDCE                                         f  cnn_system_i/axi_smc/inst/s00_nodes/s00_r_node/inst/s_sc_xpm_cdc_async_rst_inst/arststages_ff_reg[2]/CLR
  -------------------------------------------------------------------    -------------------

                         (clock clk_fpga_0 rise edge)
                                                      0.000     0.000 r  
    PS7_X0Y0             PS7                          0.000     0.000 r  cnn_system_i/processing_system7_0/inst/PS7_i/FCLKCLK[0]
                         net (fo=1, routed)           0.337     0.337    cnn_system_i/processing_system7_0/inst/FCLK_CLK_unbuffered[0]
    BUFGCTRL_X0Y16       BUFG (Prop_bufg_I_O)         0.029     0.366 r  cnn_system_i/processing_system7_0/inst/buffer_fclk_clk_0.FCLK_CLK_0_BUFG/O
                         net (fo=7971, routed)        0.861     1.227    cnn_system_i/axi_smc/inst/s00_nodes/s00_r_node/inst/s_sc_xpm_cdc_async_rst_inst/dest_clk
    SLICE_X10Y37         FDCE                                         r  cnn_system_i/axi_smc/inst/s00_nodes/s00_r_node/inst/s_sc_xpm_cdc_async_rst_inst/arststages_ff_reg[2]/C

Slack:                    inf
  Source:                 cnn_system_i/axi_smc/inst/clk_map/psr_aclk/U0/ACTIVE_LOW_BSR_OUT_DFF[0].FDRE_BSR_N/C
                            (rising edge-triggered cell FDRE clocked by clk_fpga_0  {rise@0.000ns fall@5.000ns period=10.000ns})
  Destination:            cnn_system_i/axi_smc/inst/s00_entry_pipeline/s00_mmu/inst/xpm_cdc_async_rst_inst/arststages_ff_reg[0]/CLR
                            (removal check against rising-edge clock clk_fpga_0  {rise@0.000ns fall@5.000ns period=10.000ns})
  Path Group:             (none)
  Path Type:              Removal (Min at Fast Process Corner)
  Data Path Delay:        0.708ns  (logic 0.186ns (26.264%)  route 0.522ns (73.736%))
  Logic Levels:           1  (LUT1=1)
  Clock Path Skew:        0.299ns (DCD - SCD - CPR)
    Destination Clock Delay (DCD):    1.227ns
    Source Clock Delay      (SCD):    0.928ns
    Clock Pessimism Removal (CPR):    -0.000ns
  Clock Uncertainty:      0.154ns  ((TSJ^2 + TIJ^2)^1/2 + DJ) / 2 + PE
    Total System Jitter     (TSJ):    0.071ns
    Total Input Jitter      (TIJ):    0.300ns
    Discrete Jitter          (DJ):    0.000ns
    Phase Error              (PE):    0.000ns
  Timing Exception:       False Path

    Location             Delay type                Incr(ns)  Path(ns)    Netlist Resource(s)
  -------------------------------------------------------------------    -------------------
                         (clock clk_fpga_0 rise edge)
                                                      0.000     0.000 r  
    PS7_X0Y0             PS7                          0.000     0.000 r  cnn_system_i/processing_system7_0/inst/PS7_i/FCLKCLK[0]
                         net (fo=1, routed)           0.310     0.310    cnn_system_i/processing_system7_0/inst/FCLK_CLK_unbuffered[0]
    BUFGCTRL_X0Y16       BUFG (Prop_bufg_I_O)         0.026     0.336 r  cnn_system_i/processing_system7_0/inst/buffer_fclk_clk_0.FCLK_CLK_0_BUFG/O
                         net (fo=7971, routed)        0.592     0.928    cnn_system_i/axi_smc/inst/clk_map/psr_aclk/U0/aclk
    SLICE_X9Y35          FDRE                                         r  cnn_system_i/axi_smc/inst/clk_map/psr_aclk/U0/ACTIVE_LOW_BSR_OUT_DFF[0].FDRE_BSR_N/C
  -------------------------------------------------------------------    -------------------
    SLICE_X9Y35          FDRE (Prop_fdre_C_Q)         0.141     1.069 r  cnn_system_i/axi_smc/inst/clk_map/psr_aclk/U0/ACTIVE_LOW_BSR_OUT_DFF[0].FDRE_BSR_N/Q
                         net (fo=5, routed)           0.409     1.477    cnn_system_i/axi_smc/inst/s00_entry_pipeline/s00_mmu/inst/xpm_cdc_async_rst_inst/src_arst
    SLICE_X15Y36         LUT1 (Prop_lut1_I0_O)        0.045     1.522 f  cnn_system_i/axi_smc/inst/s00_entry_pipeline/s00_mmu/inst/xpm_cdc_async_rst_inst/arststages_ff[2]_i_1/O
                         net (fo=3, routed)           0.113     1.636    cnn_system_i/axi_smc/inst/s00_entry_pipeline/s00_mmu/inst/xpm_cdc_async_rst_inst/reset_pol
    SLICE_X15Y37         FDCE                                         f  cnn_system_i/axi_smc/inst/s00_entry_pipeline/s00_mmu/inst/xpm_cdc_async_rst_inst/arststages_ff_reg[0]/CLR
  -------------------------------------------------------------------    -------------------

                         (clock clk_fpga_0 rise edge)
                                                      0.000     0.000 r  
    PS7_X0Y0             PS7                          0.000     0.000 r  cnn_system_i/processing_system7_0/inst/PS7_i/FCLKCLK[0]
                         net (fo=1, routed)           0.337     0.337    cnn_system_i/processing_system7_0/inst/FCLK_CLK_unbuffered[0]
    BUFGCTRL_X0Y16       BUFG (Prop_bufg_I_O)         0.029     0.366 r  cnn_system_i/processing_system7_0/inst/buffer_fclk_clk_0.FCLK_CLK_0_BUFG/O
                         net (fo=7971, routed)        0.861     1.227    cnn_system_i/axi_smc/inst/s00_entry_pipeline/s00_mmu/inst/xpm_cdc_async_rst_inst/dest_clk
    SLICE_X15Y37         FDCE                                         r  cnn_system_i/axi_smc/inst/s00_entry_pipeline/s00_mmu/inst/xpm_cdc_async_rst_inst/arststages_ff_reg[0]/C

Slack:                    inf
  Source:                 cnn_system_i/axi_smc/inst/clk_map/psr_aclk/U0/ACTIVE_LOW_BSR_OUT_DFF[0].FDRE_BSR_N/C
                            (rising edge-triggered cell FDRE clocked by clk_fpga_0  {rise@0.000ns fall@5.000ns period=10.000ns})
  Destination:            cnn_system_i/axi_smc/inst/s00_entry_pipeline/s00_mmu/inst/xpm_cdc_async_rst_inst/arststages_ff_reg[1]/CLR
                            (removal check against rising-edge clock clk_fpga_0  {rise@0.000ns fall@5.000ns period=10.000ns})
  Path Group:             (none)
  Path Type:              Removal (Min at Fast Process Corner)
  Data Path Delay:        0.708ns  (logic 0.186ns (26.264%)  route 0.522ns (73.736%))
  Logic Levels:           1  (LUT1=1)
  Clock Path Skew:        0.299ns (DCD - SCD - CPR)
    Destination Clock Delay (DCD):    1.227ns
    Source Clock Delay      (SCD):    0.928ns
    Clock Pessimism Removal (CPR):    -0.000ns
  Clock Uncertainty:      0.154ns  ((TSJ^2 + TIJ^2)^1/2 + DJ) / 2 + PE
    Total System Jitter     (TSJ):    0.071ns
    Total Input Jitter      (TIJ):    0.300ns
    Discrete Jitter          (DJ):    0.000ns
    Phase Error              (PE):    0.000ns
  Timing Exception:       False Path

    Location             Delay type                Incr(ns)  Path(ns)    Netlist Resource(s)
  -------------------------------------------------------------------    -------------------
                         (clock clk_fpga_0 rise edge)
                                                      0.000     0.000 r  
    PS7_X0Y0             PS7                          0.000     0.000 r  cnn_system_i/processing_system7_0/inst/PS7_i/FCLKCLK[0]
                         net (fo=1, routed)           0.310     0.310    cnn_system_i/processing_system7_0/inst/FCLK_CLK_unbuffered[0]
    BUFGCTRL_X0Y16       BUFG (Prop_bufg_I_O)         0.026     0.336 r  cnn_system_i/processing_system7_0/inst/buffer_fclk_clk_0.FCLK_CLK_0_BUFG/O
                         net (fo=7971, routed)        0.592     0.928    cnn_system_i/axi_smc/inst/clk_map/psr_aclk/U0/aclk
    SLICE_X9Y35          FDRE                                         r  cnn_system_i/axi_smc/inst/clk_map/psr_aclk/U0/ACTIVE_LOW_BSR_OUT_DFF[0].FDRE_BSR_N/C
  -------------------------------------------------------------------    -------------------
    SLICE_X9Y35          FDRE (Prop_fdre_C_Q)         0.141     1.069 r  cnn_system_i/axi_smc/inst/clk_map/psr_aclk/U0/ACTIVE_LOW_BSR_OUT_DFF[0].FDRE_BSR_N/Q
                         net (fo=5, routed)           0.409     1.477    cnn_system_i/axi_smc/inst/s00_entry_pipeline/s00_mmu/inst/xpm_cdc_async_rst_inst/src_arst
    SLICE_X15Y36         LUT1 (Prop_lut1_I0_O)        0.045     1.522 f  cnn_system_i/axi_smc/inst/s00_entry_pipeline/s00_mmu/inst/xpm_cdc_async_rst_inst/arststages_ff[2]_i_1/O
                         net (fo=3, routed)           0.113     1.636    cnn_system_i/axi_smc/inst/s00_entry_pipeline/s00_mmu/inst/xpm_cdc_async_rst_inst/reset_pol
    SLICE_X15Y37         FDCE                                         f  cnn_system_i/axi_smc/inst/s00_entry_pipeline/s00_mmu/inst/xpm_cdc_async_rst_inst/arststages_ff_reg[1]/CLR
  -------------------------------------------------------------------    -------------------

                         (clock clk_fpga_0 rise edge)
                                                      0.000     0.000 r  
    PS7_X0Y0             PS7                          0.000     0.000 r  cnn_system_i/processing_system7_0/inst/PS7_i/FCLKCLK[0]
                         net (fo=1, routed)           0.337     0.337    cnn_system_i/processing_system7_0/inst/FCLK_CLK_unbuffered[0]
    BUFGCTRL_X0Y16       BUFG (Prop_bufg_I_O)         0.029     0.366 r  cnn_system_i/processing_system7_0/inst/buffer_fclk_clk_0.FCLK_CLK_0_BUFG/O
                         net (fo=7971, routed)        0.861     1.227    cnn_system_i/axi_smc/inst/s00_entry_pipeline/s00_mmu/inst/xpm_cdc_async_rst_inst/dest_clk
    SLICE_X15Y37         FDCE                                         r  cnn_system_i/axi_smc/inst/s00_entry_pipeline/s00_mmu/inst/xpm_cdc_async_rst_inst/arststages_ff_reg[1]/C

Slack:                    inf
  Source:                 cnn_system_i/axi_smc/inst/clk_map/psr_aclk/U0/ACTIVE_LOW_BSR_OUT_DFF[0].FDRE_BSR_N/C
                            (rising edge-triggered cell FDRE clocked by clk_fpga_0  {rise@0.000ns fall@5.000ns period=10.000ns})
  Destination:            cnn_system_i/axi_smc/inst/s00_entry_pipeline/s00_mmu/inst/xpm_cdc_async_rst_inst/arststages_ff_reg[2]/CLR
                            (removal check against rising-edge clock clk_fpga_0  {rise@0.000ns fall@5.000ns period=10.000ns})
  Path Group:             (none)
  Path Type:              Removal (Min at Fast Process Corner)
  Data Path Delay:        0.708ns  (logic 0.186ns (26.264%)  route 0.522ns (73.736%))
  Logic Levels:           1  (LUT1=1)
  Clock Path Skew:        0.299ns (DCD - SCD - CPR)
    Destination Clock Delay (DCD):    1.227ns
    Source Clock Delay      (SCD):    0.928ns
    Clock Pessimism Removal (CPR):    -0.000ns
  Clock Uncertainty:      0.154ns  ((TSJ^2 + TIJ^2)^1/2 + DJ) / 2 + PE
    Total System Jitter     (TSJ):    0.071ns
    Total Input Jitter      (TIJ):    0.300ns
    Discrete Jitter          (DJ):    0.000ns
    Phase Error              (PE):    0.000ns
  Timing Exception:       False Path

    Location             Delay type                Incr(ns)  Path(ns)    Netlist Resource(s)
  -------------------------------------------------------------------    -------------------
                         (clock clk_fpga_0 rise edge)
                                                      0.000     0.000 r  
    PS7_X0Y0             PS7                          0.000     0.000 r  cnn_system_i/processing_system7_0/inst/PS7_i/FCLKCLK[0]
                         net (fo=1, routed)           0.310     0.310    cnn_system_i/processing_system7_0/inst/FCLK_CLK_unbuffered[0]
    BUFGCTRL_X0Y16       BUFG (Prop_bufg_I_O)         0.026     0.336 r  cnn_system_i/processing_system7_0/inst/buffer_fclk_clk_0.FCLK_CLK_0_BUFG/O
                         net (fo=7971, routed)        0.592     0.928    cnn_system_i/axi_smc/inst/clk_map/psr_aclk/U0/aclk
    SLICE_X9Y35          FDRE                                         r  cnn_system_i/axi_smc/inst/clk_map/psr_aclk/U0/ACTIVE_LOW_BSR_OUT_DFF[0].FDRE_BSR_N/C
  -------------------------------------------------------------------    -------------------
    SLICE_X9Y35          FDRE (Prop_fdre_C_Q)         0.141     1.069 r  cnn_system_i/axi_smc/inst/clk_map/psr_aclk/U0/ACTIVE_LOW_BSR_OUT_DFF[0].FDRE_BSR_N/Q
                         net (fo=5, routed)           0.409     1.477    cnn_system_i/axi_smc/inst/s00_entry_pipeline/s00_mmu/inst/xpm_cdc_async_rst_inst/src_arst
    SLICE_X15Y36         LUT1 (Prop_lut1_I0_O)        0.045     1.522 f  cnn_system_i/axi_smc/inst/s00_entry_pipeline/s00_mmu/inst/xpm_cdc_async_rst_inst/arststages_ff[2]_i_1/O
                         net (fo=3, routed)           0.113     1.636    cnn_system_i/axi_smc/inst/s00_entry_pipeline/s00_mmu/inst/xpm_cdc_async_rst_inst/reset_pol
    SLICE_X15Y37         FDCE                                         f  cnn_system_i/axi_smc/inst/s00_entry_pipeline/s00_mmu/inst/xpm_cdc_async_rst_inst/arststages_ff_reg[2]/CLR
  -------------------------------------------------------------------    -------------------

                         (clock clk_fpga_0 rise edge)
                                                      0.000     0.000 r  
    PS7_X0Y0             PS7                          0.000     0.000 r  cnn_system_i/processing_system7_0/inst/PS7_i/FCLKCLK[0]
                         net (fo=1, routed)           0.337     0.337    cnn_system_i/processing_system7_0/inst/FCLK_CLK_unbuffered[0]
    BUFGCTRL_X0Y16       BUFG (Prop_bufg_I_O)         0.029     0.366 r  cnn_system_i/processing_system7_0/inst/buffer_fclk_clk_0.FCLK_CLK_0_BUFG/O
                         net (fo=7971, routed)        0.861     1.227    cnn_system_i/axi_smc/inst/s00_entry_pipeline/s00_mmu/inst/xpm_cdc_async_rst_inst/dest_clk
    SLICE_X15Y37         FDCE                                         r  cnn_system_i/axi_smc/inst/s00_entry_pipeline/s00_mmu/inst/xpm_cdc_async_rst_inst/arststages_ff_reg[2]/C

Slack:                    inf
  Source:                 cnn_system_i/axi_smc/inst/clk_map/psr_aclk/U0/ACTIVE_LOW_BSR_OUT_DFF[0].FDRE_BSR_N/C
                            (rising edge-triggered cell FDRE clocked by clk_fpga_0  {rise@0.000ns fall@5.000ns period=10.000ns})
  Destination:            cnn_system_i/axi_smc/inst/s00_entry_pipeline/s00_si_converter/inst/xpm_cdc_async_rst_inst/arststages_ff_reg[0]/CLR
                            (removal check against rising-edge clock clk_fpga_0  {rise@0.000ns fall@5.000ns period=10.000ns})
  Path Group:             (none)
  Path Type:              Removal (Min at Fast Process Corner)
  Data Path Delay:        0.760ns  (logic 0.186ns (24.468%)  route 0.574ns (75.532%))
  Logic Levels:           1  (LUT1=1)
  Clock Path Skew:        0.298ns (DCD - SCD - CPR)
    Destination Clock Delay (DCD):    1.226ns
    Source Clock Delay      (SCD):    0.928ns
    Clock Pessimism Removal (CPR):    -0.000ns
  Clock Uncertainty:      0.154ns  ((TSJ^2 + TIJ^2)^1/2 + DJ) / 2 + PE
    Total System Jitter     (TSJ):    0.071ns
    Total Input Jitter      (TIJ):    0.300ns
    Discrete Jitter          (DJ):    0.000ns
    Phase Error              (PE):    0.000ns
  Timing Exception:       False Path

    Location             Delay type                Incr(ns)  Path(ns)    Netlist Resource(s)
  -------------------------------------------------------------------    -------------------
                         (clock clk_fpga_0 rise edge)
                                                      0.000     0.000 r  
    PS7_X0Y0             PS7                          0.000     0.000 r  cnn_system_i/processing_system7_0/inst/PS7_i/FCLKCLK[0]
                         net (fo=1, routed)           0.310     0.310    cnn_system_i/processing_system7_0/inst/FCLK_CLK_unbuffered[0]
    BUFGCTRL_X0Y16       BUFG (Prop_bufg_I_O)         0.026     0.336 r  cnn_system_i/processing_system7_0/inst/buffer_fclk_clk_0.FCLK_CLK_0_BUFG/O
                         net (fo=7971, routed)        0.592     0.928    cnn_system_i/axi_smc/inst/clk_map/psr_aclk/U0/aclk
    SLICE_X9Y35          FDRE                                         r  cnn_system_i/axi_smc/inst/clk_map/psr_aclk/U0/ACTIVE_LOW_BSR_OUT_DFF[0].FDRE_BSR_N/C
  -------------------------------------------------------------------    -------------------
    SLICE_X9Y35          FDRE (Prop_fdre_C_Q)         0.141     1.069 r  cnn_system_i/axi_smc/inst/clk_map/psr_aclk/U0/ACTIVE_LOW_BSR_OUT_DFF[0].FDRE_BSR_N/Q
                         net (fo=5, routed)           0.461     1.529    cnn_system_i/axi_smc/inst/s00_entry_pipeline/s00_si_converter/inst/xpm_cdc_async_rst_inst/src_arst
    SLICE_X15Y35         LUT1 (Prop_lut1_I0_O)        0.045     1.574 f  cnn_system_i/axi_smc/inst/s00_entry_pipeline/s00_si_converter/inst/xpm_cdc_async_rst_inst/arststages_ff[2]_i_1/O
                         net (fo=3, routed)           0.113     1.688    cnn_system_i/axi_smc/inst/s00_entry_pipeline/s00_si_converter/inst/xpm_cdc_async_rst_inst/reset_pol
    SLICE_X15Y36         FDCE                                         f  cnn_system_i/axi_smc/inst/s00_entry_pipeline/s00_si_converter/inst/xpm_cdc_async_rst_inst/arststages_ff_reg[0]/CLR
  -------------------------------------------------------------------    -------------------

                         (clock clk_fpga_0 rise edge)
                                                      0.000     0.000 r  
    PS7_X0Y0             PS7                          0.000     0.000 r  cnn_system_i/processing_system7_0/inst/PS7_i/FCLKCLK[0]
                         net (fo=1, routed)           0.337     0.337    cnn_system_i/processing_system7_0/inst/FCLK_CLK_unbuffered[0]
    BUFGCTRL_X0Y16       BUFG (Prop_bufg_I_O)         0.029     0.366 r  cnn_system_i/processing_system7_0/inst/buffer_fclk_clk_0.FCLK_CLK_0_BUFG/O
                         net (fo=7971, routed)        0.860     1.226    cnn_system_i/axi_smc/inst/s00_entry_pipeline/s00_si_converter/inst/xpm_cdc_async_rst_inst/dest_clk
    SLICE_X15Y36         FDCE                                         r  cnn_system_i/axi_smc/inst/s00_entry_pipeline/s00_si_converter/inst/xpm_cdc_async_rst_inst/arststages_ff_reg[0]/C

Slack:                    inf
  Source:                 cnn_system_i/axi_smc/inst/clk_map/psr_aclk/U0/ACTIVE_LOW_BSR_OUT_DFF[0].FDRE_BSR_N/C
                            (rising edge-triggered cell FDRE clocked by clk_fpga_0  {rise@0.000ns fall@5.000ns period=10.000ns})
  Destination:            cnn_system_i/axi_smc/inst/s00_entry_pipeline/s00_si_converter/inst/xpm_cdc_async_rst_inst/arststages_ff_reg[1]/CLR
                            (removal check against rising-edge clock clk_fpga_0  {rise@0.000ns fall@5.000ns period=10.000ns})
  Path Group:             (none)
  Path Type:              Removal (Min at Fast Process Corner)
  Data Path Delay:        0.760ns  (logic 0.186ns (24.468%)  route 0.574ns (75.532%))
  Logic Levels:           1  (LUT1=1)
  Clock Path Skew:        0.298ns (DCD - SCD - CPR)
    Destination Clock Delay (DCD):    1.226ns
    Source Clock Delay      (SCD):    0.928ns
    Clock Pessimism Removal (CPR):    -0.000ns
  Clock Uncertainty:      0.154ns  ((TSJ^2 + TIJ^2)^1/2 + DJ) / 2 + PE
    Total System Jitter     (TSJ):    0.071ns
    Total Input Jitter      (TIJ):    0.300ns
    Discrete Jitter          (DJ):    0.000ns
    Phase Error              (PE):    0.000ns
  Timing Exception:       False Path

    Location             Delay type                Incr(ns)  Path(ns)    Netlist Resource(s)
  -------------------------------------------------------------------    -------------------
                         (clock clk_fpga_0 rise edge)
                                                      0.000     0.000 r  
    PS7_X0Y0             PS7                          0.000     0.000 r  cnn_system_i/processing_system7_0/inst/PS7_i/FCLKCLK[0]
                         net (fo=1, routed)           0.310     0.310    cnn_system_i/processing_system7_0/inst/FCLK_CLK_unbuffered[0]
    BUFGCTRL_X0Y16       BUFG (Prop_bufg_I_O)         0.026     0.336 r  cnn_system_i/processing_system7_0/inst/buffer_fclk_clk_0.FCLK_CLK_0_BUFG/O
                         net (fo=7971, routed)        0.592     0.928    cnn_system_i/axi_smc/inst/clk_map/psr_aclk/U0/aclk
    SLICE_X9Y35          FDRE                                         r  cnn_system_i/axi_smc/inst/clk_map/psr_aclk/U0/ACTIVE_LOW_BSR_OUT_DFF[0].FDRE_BSR_N/C
  -------------------------------------------------------------------    -------------------
    SLICE_X9Y35          FDRE (Prop_fdre_C_Q)         0.141     1.069 r  cnn_system_i/axi_smc/inst/clk_map/psr_aclk/U0/ACTIVE_LOW_BSR_OUT_DFF[0].FDRE_BSR_N/Q
                         net (fo=5, routed)           0.461     1.529    cnn_system_i/axi_smc/inst/s00_entry_pipeline/s00_si_converter/inst/xpm_cdc_async_rst_inst/src_arst
    SLICE_X15Y35         LUT1 (Prop_lut1_I0_O)        0.045     1.574 f  cnn_system_i/axi_smc/inst/s00_entry_pipeline/s00_si_converter/inst/xpm_cdc_async_rst_inst/arststages_ff[2]_i_1/O
                         net (fo=3, routed)           0.113     1.688    cnn_system_i/axi_smc/inst/s00_entry_pipeline/s00_si_converter/inst/xpm_cdc_async_rst_inst/reset_pol
    SLICE_X15Y36         FDCE                                         f  cnn_system_i/axi_smc/inst/s00_entry_pipeline/s00_si_converter/inst/xpm_cdc_async_rst_inst/arststages_ff_reg[1]/CLR
  -------------------------------------------------------------------    -------------------

                         (clock clk_fpga_0 rise edge)
                                                      0.000     0.000 r  
    PS7_X0Y0             PS7                          0.000     0.000 r  cnn_system_i/processing_system7_0/inst/PS7_i/FCLKCLK[0]
                         net (fo=1, routed)           0.337     0.337    cnn_system_i/processing_system7_0/inst/FCLK_CLK_unbuffered[0]
    BUFGCTRL_X0Y16       BUFG (Prop_bufg_I_O)         0.029     0.366 r  cnn_system_i/processing_system7_0/inst/buffer_fclk_clk_0.FCLK_CLK_0_BUFG/O
                         net (fo=7971, routed)        0.860     1.226    cnn_system_i/axi_smc/inst/s00_entry_pipeline/s00_si_converter/inst/xpm_cdc_async_rst_inst/dest_clk
    SLICE_X15Y36         FDCE                                         r  cnn_system_i/axi_smc/inst/s00_entry_pipeline/s00_si_converter/inst/xpm_cdc_async_rst_inst/arststages_ff_reg[1]/C

Slack:                    inf
  Source:                 cnn_system_i/axi_smc/inst/clk_map/psr_aclk/U0/ACTIVE_LOW_BSR_OUT_DFF[0].FDRE_BSR_N/C
                            (rising edge-triggered cell FDRE clocked by clk_fpga_0  {rise@0.000ns fall@5.000ns period=10.000ns})
  Destination:            cnn_system_i/axi_smc/inst/s00_entry_pipeline/s00_si_converter/inst/xpm_cdc_async_rst_inst/arststages_ff_reg[2]/CLR
                            (removal check against rising-edge clock clk_fpga_0  {rise@0.000ns fall@5.000ns period=10.000ns})
  Path Group:             (none)
  Path Type:              Removal (Min at Fast Process Corner)
  Data Path Delay:        0.760ns  (logic 0.186ns (24.468%)  route 0.574ns (75.532%))
  Logic Levels:           1  (LUT1=1)
  Clock Path Skew:        0.298ns (DCD - SCD - CPR)
    Destination Clock Delay (DCD):    1.226ns
    Source Clock Delay      (SCD):    0.928ns
    Clock Pessimism Removal (CPR):    -0.000ns
  Clock Uncertainty:      0.154ns  ((TSJ^2 + TIJ^2)^1/2 + DJ) / 2 + PE
    Total System Jitter     (TSJ):    0.071ns
    Total Input Jitter      (TIJ):    0.300ns
    Discrete Jitter          (DJ):    0.000ns
    Phase Error              (PE):    0.000ns
  Timing Exception:       False Path

    Location             Delay type                Incr(ns)  Path(ns)    Netlist Resource(s)
  -------------------------------------------------------------------    -------------------
                         (clock clk_fpga_0 rise edge)
                                                      0.000     0.000 r  
    PS7_X0Y0             PS7                          0.000     0.000 r  cnn_system_i/processing_system7_0/inst/PS7_i/FCLKCLK[0]
                         net (fo=1, routed)           0.310     0.310    cnn_system_i/processing_system7_0/inst/FCLK_CLK_unbuffered[0]
    BUFGCTRL_X0Y16       BUFG (Prop_bufg_I_O)         0.026     0.336 r  cnn_system_i/processing_system7_0/inst/buffer_fclk_clk_0.FCLK_CLK_0_BUFG/O
                         net (fo=7971, routed)        0.592     0.928    cnn_system_i/axi_smc/inst/clk_map/psr_aclk/U0/aclk
    SLICE_X9Y35          FDRE                                         r  cnn_system_i/axi_smc/inst/clk_map/psr_aclk/U0/ACTIVE_LOW_BSR_OUT_DFF[0].FDRE_BSR_N/C
  -------------------------------------------------------------------    -------------------
    SLICE_X9Y35          FDRE (Prop_fdre_C_Q)         0.141     1.069 r  cnn_system_i/axi_smc/inst/clk_map/psr_aclk/U0/ACTIVE_LOW_BSR_OUT_DFF[0].FDRE_BSR_N/Q
                         net (fo=5, routed)           0.461     1.529    cnn_system_i/axi_smc/inst/s00_entry_pipeline/s00_si_converter/inst/xpm_cdc_async_rst_inst/src_arst
    SLICE_X15Y35         LUT1 (Prop_lut1_I0_O)        0.045     1.574 f  cnn_system_i/axi_smc/inst/s00_entry_pipeline/s00_si_converter/inst/xpm_cdc_async_rst_inst/arststages_ff[2]_i_1/O
                         net (fo=3, routed)           0.113     1.688    cnn_system_i/axi_smc/inst/s00_entry_pipeline/s00_si_converter/inst/xpm_cdc_async_rst_inst/reset_pol
    SLICE_X15Y36         FDCE                                         f  cnn_system_i/axi_smc/inst/s00_entry_pipeline/s00_si_converter/inst/xpm_cdc_async_rst_inst/arststages_ff_reg[2]/CLR
  -------------------------------------------------------------------    -------------------

                         (clock clk_fpga_0 rise edge)
                                                      0.000     0.000 r  
    PS7_X0Y0             PS7                          0.000     0.000 r  cnn_system_i/processing_system7_0/inst/PS7_i/FCLKCLK[0]
                         net (fo=1, routed)           0.337     0.337    cnn_system_i/processing_system7_0/inst/FCLK_CLK_unbuffered[0]
    BUFGCTRL_X0Y16       BUFG (Prop_bufg_I_O)         0.029     0.366 r  cnn_system_i/processing_system7_0/inst/buffer_fclk_clk_0.FCLK_CLK_0_BUFG/O
                         net (fo=7971, routed)        0.860     1.226    cnn_system_i/axi_smc/inst/s00_entry_pipeline/s00_si_converter/inst/xpm_cdc_async_rst_inst/dest_clk
    SLICE_X15Y36         FDCE                                         r  cnn_system_i/axi_smc/inst/s00_entry_pipeline/s00_si_converter/inst/xpm_cdc_async_rst_inst/arststages_ff_reg[2]/C

Slack:                    inf
  Source:                 cnn_system_i/axi_smc/inst/clk_map/psr_aclk/U0/ACTIVE_LOW_BSR_OUT_DFF[0].FDRE_BSR_N/C
                            (rising edge-triggered cell FDRE clocked by clk_fpga_0  {rise@0.000ns fall@5.000ns period=10.000ns})
  Destination:            cnn_system_i/axi_smc/inst/m00_exit_pipeline/m00_exit/inst/xpm_cdc_async_rst_inst/arststages_ff_reg[0]/CLR
                            (removal check against rising-edge clock clk_fpga_0  {rise@0.000ns fall@5.000ns period=10.000ns})
  Path Group:             (none)
  Path Type:              Removal (Min at Fast Process Corner)
  Data Path Delay:        0.764ns  (logic 0.183ns (23.946%)  route 0.581ns (76.054%))
  Logic Levels:           1  (LUT1=1)
  Clock Path Skew:        0.298ns (DCD - SCD - CPR)
    Destination Clock Delay (DCD):    1.226ns
    Source Clock Delay      (SCD):    0.928ns
    Clock Pessimism Removal (CPR):    -0.000ns
  Clock Uncertainty:      0.154ns  ((TSJ^2 + TIJ^2)^1/2 + DJ) / 2 + PE
    Total System Jitter     (TSJ):    0.071ns
    Total Input Jitter      (TIJ):    0.300ns
    Discrete Jitter          (DJ):    0.000ns
    Phase Error              (PE):    0.000ns
  Timing Exception:       False Path

    Location             Delay type                Incr(ns)  Path(ns)    Netlist Resource(s)
  -------------------------------------------------------------------    -------------------
                         (clock clk_fpga_0 rise edge)
                                                      0.000     0.000 r  
    PS7_X0Y0             PS7                          0.000     0.000 r  cnn_system_i/processing_system7_0/inst/PS7_i/FCLKCLK[0]
                         net (fo=1, routed)           0.310     0.310    cnn_system_i/processing_system7_0/inst/FCLK_CLK_unbuffered[0]
    BUFGCTRL_X0Y16       BUFG (Prop_bufg_I_O)         0.026     0.336 r  cnn_system_i/processing_system7_0/inst/buffer_fclk_clk_0.FCLK_CLK_0_BUFG/O
                         net (fo=7971, routed)        0.592     0.928    cnn_system_i/axi_smc/inst/clk_map/psr_aclk/U0/aclk
    SLICE_X9Y35          FDRE                                         r  cnn_system_i/axi_smc/inst/clk_map/psr_aclk/U0/ACTIVE_LOW_BSR_OUT_DFF[0].FDRE_BSR_N/C
  -------------------------------------------------------------------    -------------------
    SLICE_X9Y35          FDRE (Prop_fdre_C_Q)         0.141     1.069 r  cnn_system_i/axi_smc/inst/clk_map/psr_aclk/U0/ACTIVE_LOW_BSR_OUT_DFF[0].FDRE_BSR_N/Q
                         net (fo=5, routed)           0.409     1.477    cnn_system_i/axi_smc/inst/m00_exit_pipeline/m00_exit/inst/xpm_cdc_async_rst_inst/src_arst
    SLICE_X15Y36         LUT1 (Prop_lut1_I0_O)        0.042     1.519 f  cnn_system_i/axi_smc/inst/m00_exit_pipeline/m00_exit/inst/xpm_cdc_async_rst_inst/arststages_ff[2]_i_1/O
                         net (fo=3, routed)           0.172     1.692    cnn_system_i/axi_smc/inst/m00_exit_pipeline/m00_exit/inst/xpm_cdc_async_rst_inst/reset_pol
    SLICE_X14Y36         FDCE                                         f  cnn_system_i/axi_smc/inst/m00_exit_pipeline/m00_exit/inst/xpm_cdc_async_rst_inst/arststages_ff_reg[0]/CLR
  -------------------------------------------------------------------    -------------------

                         (clock clk_fpga_0 rise edge)
                                                      0.000     0.000 r  
    PS7_X0Y0             PS7                          0.000     0.000 r  cnn_system_i/processing_system7_0/inst/PS7_i/FCLKCLK[0]
                         net (fo=1, routed)           0.337     0.337    cnn_system_i/processing_system7_0/inst/FCLK_CLK_unbuffered[0]
    BUFGCTRL_X0Y16       BUFG (Prop_bufg_I_O)         0.029     0.366 r  cnn_system_i/processing_system7_0/inst/buffer_fclk_clk_0.FCLK_CLK_0_BUFG/O
                         net (fo=7971, routed)        0.860     1.226    cnn_system_i/axi_smc/inst/m00_exit_pipeline/m00_exit/inst/xpm_cdc_async_rst_inst/dest_clk
    SLICE_X14Y36         FDCE                                         r  cnn_system_i/axi_smc/inst/m00_exit_pipeline/m00_exit/inst/xpm_cdc_async_rst_inst/arststages_ff_reg[0]/C

Slack:                    inf
  Source:                 cnn_system_i/axi_smc/inst/clk_map/psr_aclk/U0/ACTIVE_LOW_BSR_OUT_DFF[0].FDRE_BSR_N/C
                            (rising edge-triggered cell FDRE clocked by clk_fpga_0  {rise@0.000ns fall@5.000ns period=10.000ns})
  Destination:            cnn_system_i/axi_smc/inst/m00_exit_pipeline/m00_exit/inst/xpm_cdc_async_rst_inst/arststages_ff_reg[1]/CLR
                            (removal check against rising-edge clock clk_fpga_0  {rise@0.000ns fall@5.000ns period=10.000ns})
  Path Group:             (none)
  Path Type:              Removal (Min at Fast Process Corner)
  Data Path Delay:        0.764ns  (logic 0.183ns (23.946%)  route 0.581ns (76.054%))
  Logic Levels:           1  (LUT1=1)
  Clock Path Skew:        0.298ns (DCD - SCD - CPR)
    Destination Clock Delay (DCD):    1.226ns
    Source Clock Delay      (SCD):    0.928ns
    Clock Pessimism Removal (CPR):    -0.000ns
  Clock Uncertainty:      0.154ns  ((TSJ^2 + TIJ^2)^1/2 + DJ) / 2 + PE
    Total System Jitter     (TSJ):    0.071ns
    Total Input Jitter      (TIJ):    0.300ns
    Discrete Jitter          (DJ):    0.000ns
    Phase Error              (PE):    0.000ns
  Timing Exception:       False Path

    Location             Delay type                Incr(ns)  Path(ns)    Netlist Resource(s)
  -------------------------------------------------------------------    -------------------
                         (clock clk_fpga_0 rise edge)
                                                      0.000     0.000 r  
    PS7_X0Y0             PS7                          0.000     0.000 r  cnn_system_i/processing_system7_0/inst/PS7_i/FCLKCLK[0]
                         net (fo=1, routed)           0.310     0.310    cnn_system_i/processing_system7_0/inst/FCLK_CLK_unbuffered[0]
    BUFGCTRL_X0Y16       BUFG (Prop_bufg_I_O)         0.026     0.336 r  cnn_system_i/processing_system7_0/inst/buffer_fclk_clk_0.FCLK_CLK_0_BUFG/O
                         net (fo=7971, routed)        0.592     0.928    cnn_system_i/axi_smc/inst/clk_map/psr_aclk/U0/aclk
    SLICE_X9Y35          FDRE                                         r  cnn_system_i/axi_smc/inst/clk_map/psr_aclk/U0/ACTIVE_LOW_BSR_OUT_DFF[0].FDRE_BSR_N/C
  -------------------------------------------------------------------    -------------------
    SLICE_X9Y35          FDRE (Prop_fdre_C_Q)         0.141     1.069 r  cnn_system_i/axi_smc/inst/clk_map/psr_aclk/U0/ACTIVE_LOW_BSR_OUT_DFF[0].FDRE_BSR_N/Q
                         net (fo=5, routed)           0.409     1.477    cnn_system_i/axi_smc/inst/m00_exit_pipeline/m00_exit/inst/xpm_cdc_async_rst_inst/src_arst
    SLICE_X15Y36         LUT1 (Prop_lut1_I0_O)        0.042     1.519 f  cnn_system_i/axi_smc/inst/m00_exit_pipeline/m00_exit/inst/xpm_cdc_async_rst_inst/arststages_ff[2]_i_1/O
                         net (fo=3, routed)           0.172     1.692    cnn_system_i/axi_smc/inst/m00_exit_pipeline/m00_exit/inst/xpm_cdc_async_rst_inst/reset_pol
    SLICE_X14Y36         FDCE                                         f  cnn_system_i/axi_smc/inst/m00_exit_pipeline/m00_exit/inst/xpm_cdc_async_rst_inst/arststages_ff_reg[1]/CLR
  -------------------------------------------------------------------    -------------------

                         (clock clk_fpga_0 rise edge)
                                                      0.000     0.000 r  
    PS7_X0Y0             PS7                          0.000     0.000 r  cnn_system_i/processing_system7_0/inst/PS7_i/FCLKCLK[0]
                         net (fo=1, routed)           0.337     0.337    cnn_system_i/processing_system7_0/inst/FCLK_CLK_unbuffered[0]
    BUFGCTRL_X0Y16       BUFG (Prop_bufg_I_O)         0.029     0.366 r  cnn_system_i/processing_system7_0/inst/buffer_fclk_clk_0.FCLK_CLK_0_BUFG/O
                         net (fo=7971, routed)        0.860     1.226    cnn_system_i/axi_smc/inst/m00_exit_pipeline/m00_exit/inst/xpm_cdc_async_rst_inst/dest_clk
    SLICE_X14Y36         FDCE                                         r  cnn_system_i/axi_smc/inst/m00_exit_pipeline/m00_exit/inst/xpm_cdc_async_rst_inst/arststages_ff_reg[1]/C

Slack:                    inf
  Source:                 cnn_system_i/axi_smc/inst/clk_map/psr_aclk/U0/ACTIVE_LOW_BSR_OUT_DFF[0].FDRE_BSR_N/C
                            (rising edge-triggered cell FDRE clocked by clk_fpga_0  {rise@0.000ns fall@5.000ns period=10.000ns})
  Destination:            cnn_system_i/axi_smc/inst/m00_exit_pipeline/m00_exit/inst/xpm_cdc_async_rst_inst/arststages_ff_reg[2]/CLR
                            (removal check against rising-edge clock clk_fpga_0  {rise@0.000ns fall@5.000ns period=10.000ns})
  Path Group:             (none)
  Path Type:              Removal (Min at Fast Process Corner)
  Data Path Delay:        0.764ns  (logic 0.183ns (23.946%)  route 0.581ns (76.054%))
  Logic Levels:           1  (LUT1=1)
  Clock Path Skew:        0.298ns (DCD - SCD - CPR)
    Destination Clock Delay (DCD):    1.226ns
    Source Clock Delay      (SCD):    0.928ns
    Clock Pessimism Removal (CPR):    -0.000ns
  Clock Uncertainty:      0.154ns  ((TSJ^2 + TIJ^2)^1/2 + DJ) / 2 + PE
    Total System Jitter     (TSJ):    0.071ns
    Total Input Jitter      (TIJ):    0.300ns
    Discrete Jitter          (DJ):    0.000ns
    Phase Error              (PE):    0.000ns
  Timing Exception:       False Path

    Location             Delay type                Incr(ns)  Path(ns)    Netlist Resource(s)
  -------------------------------------------------------------------    -------------------
                         (clock clk_fpga_0 rise edge)
                                                      0.000     0.000 r  
    PS7_X0Y0             PS7                          0.000     0.000 r  cnn_system_i/processing_system7_0/inst/PS7_i/FCLKCLK[0]
                         net (fo=1, routed)           0.310     0.310    cnn_system_i/processing_system7_0/inst/FCLK_CLK_unbuffered[0]
    BUFGCTRL_X0Y16       BUFG (Prop_bufg_I_O)         0.026     0.336 r  cnn_system_i/processing_system7_0/inst/buffer_fclk_clk_0.FCLK_CLK_0_BUFG/O
                         net (fo=7971, routed)        0.592     0.928    cnn_system_i/axi_smc/inst/clk_map/psr_aclk/U0/aclk
    SLICE_X9Y35          FDRE                                         r  cnn_system_i/axi_smc/inst/clk_map/psr_aclk/U0/ACTIVE_LOW_BSR_OUT_DFF[0].FDRE_BSR_N/C
  -------------------------------------------------------------------    -------------------
    SLICE_X9Y35          FDRE (Prop_fdre_C_Q)         0.141     1.069 r  cnn_system_i/axi_smc/inst/clk_map/psr_aclk/U0/ACTIVE_LOW_BSR_OUT_DFF[0].FDRE_BSR_N/Q
                         net (fo=5, routed)           0.409     1.477    cnn_system_i/axi_smc/inst/m00_exit_pipeline/m00_exit/inst/xpm_cdc_async_rst_inst/src_arst
    SLICE_X15Y36         LUT1 (Prop_lut1_I0_O)        0.042     1.519 f  cnn_system_i/axi_smc/inst/m00_exit_pipeline/m00_exit/inst/xpm_cdc_async_rst_inst/arststages_ff[2]_i_1/O
                         net (fo=3, routed)           0.172     1.692    cnn_system_i/axi_smc/inst/m00_exit_pipeline/m00_exit/inst/xpm_cdc_async_rst_inst/reset_pol
    SLICE_X14Y36         FDCE                                         f  cnn_system_i/axi_smc/inst/m00_exit_pipeline/m00_exit/inst/xpm_cdc_async_rst_inst/arststages_ff_reg[2]/CLR
  -------------------------------------------------------------------    -------------------

                         (clock clk_fpga_0 rise edge)
                                                      0.000     0.000 r  
    PS7_X0Y0             PS7                          0.000     0.000 r  cnn_system_i/processing_system7_0/inst/PS7_i/FCLKCLK[0]
                         net (fo=1, routed)           0.337     0.337    cnn_system_i/processing_system7_0/inst/FCLK_CLK_unbuffered[0]
    BUFGCTRL_X0Y16       BUFG (Prop_bufg_I_O)         0.029     0.366 r  cnn_system_i/processing_system7_0/inst/buffer_fclk_clk_0.FCLK_CLK_0_BUFG/O
                         net (fo=7971, routed)        0.860     1.226    cnn_system_i/axi_smc/inst/m00_exit_pipeline/m00_exit/inst/xpm_cdc_async_rst_inst/dest_clk
    SLICE_X14Y36         FDCE                                         r  cnn_system_i/axi_smc/inst/m00_exit_pipeline/m00_exit/inst/xpm_cdc_async_rst_inst/arststages_ff_reg[2]/C

Slack:                    inf
  Source:                 cnn_system_i/axi_smc/inst/clk_map/psr_aclk/U0/ACTIVE_LOW_BSR_OUT_DFF[0].FDRE_BSR_N/C
                            (rising edge-triggered cell FDRE clocked by clk_fpga_0  {rise@0.000ns fall@5.000ns period=10.000ns})
  Destination:            cnn_system_i/axi_smc/inst/s00_nodes/s00_ar_node/inst/s_sc_xpm_cdc_async_rst_inst/arststages_ff_reg[0]/CLR
                            (removal check against rising-edge clock clk_fpga_0  {rise@0.000ns fall@5.000ns period=10.000ns})
  Path Group:             (none)
  Path Type:              Removal (Min at Fast Process Corner)
  Data Path Delay:        0.816ns  (logic 0.183ns (22.421%)  route 0.633ns (77.579%))
  Logic Levels:           1  (LUT1=1)
  Clock Path Skew:        0.298ns (DCD - SCD - CPR)
    Destination Clock Delay (DCD):    1.226ns
    Source Clock Delay      (SCD):    0.928ns
    Clock Pessimism Removal (CPR):    -0.000ns
  Clock Uncertainty:      0.154ns  ((TSJ^2 + TIJ^2)^1/2 + DJ) / 2 + PE
    Total System Jitter     (TSJ):    0.071ns
    Total Input Jitter      (TIJ):    0.300ns
    Discrete Jitter          (DJ):    0.000ns
    Phase Error              (PE):    0.000ns
  Timing Exception:       False Path

    Location             Delay type                Incr(ns)  Path(ns)    Netlist Resource(s)
  -------------------------------------------------------------------    -------------------
                         (clock clk_fpga_0 rise edge)
                                                      0.000     0.000 r  
    PS7_X0Y0             PS7                          0.000     0.000 r  cnn_system_i/processing_system7_0/inst/PS7_i/FCLKCLK[0]
                         net (fo=1, routed)           0.310     0.310    cnn_system_i/processing_system7_0/inst/FCLK_CLK_unbuffered[0]
    BUFGCTRL_X0Y16       BUFG (Prop_bufg_I_O)         0.026     0.336 r  cnn_system_i/processing_system7_0/inst/buffer_fclk_clk_0.FCLK_CLK_0_BUFG/O
                         net (fo=7971, routed)        0.592     0.928    cnn_system_i/axi_smc/inst/clk_map/psr_aclk/U0/aclk
    SLICE_X9Y35          FDRE                                         r  cnn_system_i/axi_smc/inst/clk_map/psr_aclk/U0/ACTIVE_LOW_BSR_OUT_DFF[0].FDRE_BSR_N/C
  -------------------------------------------------------------------    -------------------
    SLICE_X9Y35          FDRE (Prop_fdre_C_Q)         0.141     1.069 r  cnn_system_i/axi_smc/inst/clk_map/psr_aclk/U0/ACTIVE_LOW_BSR_OUT_DFF[0].FDRE_BSR_N/Q
                         net (fo=5, routed)           0.461     1.529    cnn_system_i/axi_smc/inst/s00_nodes/s00_ar_node/inst/s_sc_xpm_cdc_async_rst_inst/src_arst
    SLICE_X15Y35         LUT1 (Prop_lut1_I0_O)        0.042     1.571 f  cnn_system_i/axi_smc/inst/s00_nodes/s00_ar_node/inst/s_sc_xpm_cdc_async_rst_inst/arststages_ff[2]_i_1/O
                         net (fo=3, routed)           0.172     1.744    cnn_system_i/axi_smc/inst/s00_nodes/s00_ar_node/inst/s_sc_xpm_cdc_async_rst_inst/reset_pol
    SLICE_X15Y35         FDCE                                         f  cnn_system_i/axi_smc/inst/s00_nodes/s00_ar_node/inst/s_sc_xpm_cdc_async_rst_inst/arststages_ff_reg[0]/CLR
  -------------------------------------------------------------------    -------------------

                         (clock clk_fpga_0 rise edge)
                                                      0.000     0.000 r  
    PS7_X0Y0             PS7                          0.000     0.000 r  cnn_system_i/processing_system7_0/inst/PS7_i/FCLKCLK[0]
                         net (fo=1, routed)           0.337     0.337    cnn_system_i/processing_system7_0/inst/FCLK_CLK_unbuffered[0]
    BUFGCTRL_X0Y16       BUFG (Prop_bufg_I_O)         0.029     0.366 r  cnn_system_i/processing_system7_0/inst/buffer_fclk_clk_0.FCLK_CLK_0_BUFG/O
                         net (fo=7971, routed)        0.860     1.226    cnn_system_i/axi_smc/inst/s00_nodes/s00_ar_node/inst/s_sc_xpm_cdc_async_rst_inst/dest_clk
    SLICE_X15Y35         FDCE                                         r  cnn_system_i/axi_smc/inst/s00_nodes/s00_ar_node/inst/s_sc_xpm_cdc_async_rst_inst/arststages_ff_reg[0]/C

Slack:                    inf
  Source:                 cnn_system_i/axi_smc/inst/clk_map/psr_aclk/U0/ACTIVE_LOW_BSR_OUT_DFF[0].FDRE_BSR_N/C
                            (rising edge-triggered cell FDRE clocked by clk_fpga_0  {rise@0.000ns fall@5.000ns period=10.000ns})
  Destination:            cnn_system_i/axi_smc/inst/s00_nodes/s00_ar_node/inst/s_sc_xpm_cdc_async_rst_inst/arststages_ff_reg[1]/CLR
                            (removal check against rising-edge clock clk_fpga_0  {rise@0.000ns fall@5.000ns period=10.000ns})
  Path Group:             (none)
  Path Type:              Removal (Min at Fast Process Corner)
  Data Path Delay:        0.816ns  (logic 0.183ns (22.421%)  route 0.633ns (77.579%))
  Logic Levels:           1  (LUT1=1)
  Clock Path Skew:        0.298ns (DCD - SCD - CPR)
    Destination Clock Delay (DCD):    1.226ns
    Source Clock Delay      (SCD):    0.928ns
    Clock Pessimism Removal (CPR):    -0.000ns
  Clock Uncertainty:      0.154ns  ((TSJ^2 + TIJ^2)^1/2 + DJ) / 2 + PE
    Total System Jitter     (TSJ):    0.071ns
    Total Input Jitter      (TIJ):    0.300ns
    Discrete Jitter          (DJ):    0.000ns
    Phase Error              (PE):    0.000ns
  Timing Exception:       False Path

    Location             Delay type                Incr(ns)  Path(ns)    Netlist Resource(s)
  -------------------------------------------------------------------    -------------------
                         (clock clk_fpga_0 rise edge)
                                                      0.000     0.000 r  
    PS7_X0Y0             PS7                          0.000     0.000 r  cnn_system_i/processing_system7_0/inst/PS7_i/FCLKCLK[0]
                         net (fo=1, routed)           0.310     0.310    cnn_system_i/processing_system7_0/inst/FCLK_CLK_unbuffered[0]
    BUFGCTRL_X0Y16       BUFG (Prop_bufg_I_O)         0.026     0.336 r  cnn_system_i/processing_system7_0/inst/buffer_fclk_clk_0.FCLK_CLK_0_BUFG/O
                         net (fo=7971, routed)        0.592     0.928    cnn_system_i/axi_smc/inst/clk_map/psr_aclk/U0/aclk
    SLICE_X9Y35          FDRE                                         r  cnn_system_i/axi_smc/inst/clk_map/psr_aclk/U0/ACTIVE_LOW_BSR_OUT_DFF[0].FDRE_BSR_N/C
  -------------------------------------------------------------------    -------------------
    SLICE_X9Y35          FDRE (Prop_fdre_C_Q)         0.141     1.069 r  cnn_system_i/axi_smc/inst/clk_map/psr_aclk/U0/ACTIVE_LOW_BSR_OUT_DFF[0].FDRE_BSR_N/Q
                         net (fo=5, routed)           0.461     1.529    cnn_system_i/axi_smc/inst/s00_nodes/s00_ar_node/inst/s_sc_xpm_cdc_async_rst_inst/src_arst
    SLICE_X15Y35         LUT1 (Prop_lut1_I0_O)        0.042     1.571 f  cnn_system_i/axi_smc/inst/s00_nodes/s00_ar_node/inst/s_sc_xpm_cdc_async_rst_inst/arststages_ff[2]_i_1/O
                         net (fo=3, routed)           0.172     1.744    cnn_system_i/axi_smc/inst/s00_nodes/s00_ar_node/inst/s_sc_xpm_cdc_async_rst_inst/reset_pol
    SLICE_X15Y35         FDCE                                         f  cnn_system_i/axi_smc/inst/s00_nodes/s00_ar_node/inst/s_sc_xpm_cdc_async_rst_inst/arststages_ff_reg[1]/CLR
  -------------------------------------------------------------------    -------------------

                         (clock clk_fpga_0 rise edge)
                                                      0.000     0.000 r  
    PS7_X0Y0             PS7                          0.000     0.000 r  cnn_system_i/processing_system7_0/inst/PS7_i/FCLKCLK[0]
                         net (fo=1, routed)           0.337     0.337    cnn_system_i/processing_system7_0/inst/FCLK_CLK_unbuffered[0]
    BUFGCTRL_X0Y16       BUFG (Prop_bufg_I_O)         0.029     0.366 r  cnn_system_i/processing_system7_0/inst/buffer_fclk_clk_0.FCLK_CLK_0_BUFG/O
                         net (fo=7971, routed)        0.860     1.226    cnn_system_i/axi_smc/inst/s00_nodes/s00_ar_node/inst/s_sc_xpm_cdc_async_rst_inst/dest_clk
    SLICE_X15Y35         FDCE                                         r  cnn_system_i/axi_smc/inst/s00_nodes/s00_ar_node/inst/s_sc_xpm_cdc_async_rst_inst/arststages_ff_reg[1]/C

Slack:                    inf
  Source:                 cnn_system_i/axi_smc/inst/clk_map/psr_aclk/U0/ACTIVE_LOW_BSR_OUT_DFF[0].FDRE_BSR_N/C
                            (rising edge-triggered cell FDRE clocked by clk_fpga_0  {rise@0.000ns fall@5.000ns period=10.000ns})
  Destination:            cnn_system_i/axi_smc/inst/s00_nodes/s00_ar_node/inst/s_sc_xpm_cdc_async_rst_inst/arststages_ff_reg[2]/CLR
                            (removal check against rising-edge clock clk_fpga_0  {rise@0.000ns fall@5.000ns period=10.000ns})
  Path Group:             (none)
  Path Type:              Removal (Min at Fast Process Corner)
  Data Path Delay:        0.816ns  (logic 0.183ns (22.421%)  route 0.633ns (77.579%))
  Logic Levels:           1  (LUT1=1)
  Clock Path Skew:        0.298ns (DCD - SCD - CPR)
    Destination Clock Delay (DCD):    1.226ns
    Source Clock Delay      (SCD):    0.928ns
    Clock Pessimism Removal (CPR):    -0.000ns
  Clock Uncertainty:      0.154ns  ((TSJ^2 + TIJ^2)^1/2 + DJ) / 2 + PE
    Total System Jitter     (TSJ):    0.071ns
    Total Input Jitter      (TIJ):    0.300ns
    Discrete Jitter          (DJ):    0.000ns
    Phase Error              (PE):    0.000ns
  Timing Exception:       False Path

    Location             Delay type                Incr(ns)  Path(ns)    Netlist Resource(s)
  -------------------------------------------------------------------    -------------------
                         (clock clk_fpga_0 rise edge)
                                                      0.000     0.000 r  
    PS7_X0Y0             PS7                          0.000     0.000 r  cnn_system_i/processing_system7_0/inst/PS7_i/FCLKCLK[0]
                         net (fo=1, routed)           0.310     0.310    cnn_system_i/processing_system7_0/inst/FCLK_CLK_unbuffered[0]
    BUFGCTRL_X0Y16       BUFG (Prop_bufg_I_O)         0.026     0.336 r  cnn_system_i/processing_system7_0/inst/buffer_fclk_clk_0.FCLK_CLK_0_BUFG/O
                         net (fo=7971, routed)        0.592     0.928    cnn_system_i/axi_smc/inst/clk_map/psr_aclk/U0/aclk
    SLICE_X9Y35          FDRE                                         r  cnn_system_i/axi_smc/inst/clk_map/psr_aclk/U0/ACTIVE_LOW_BSR_OUT_DFF[0].FDRE_BSR_N/C
  -------------------------------------------------------------------    -------------------
    SLICE_X9Y35          FDRE (Prop_fdre_C_Q)         0.141     1.069 r  cnn_system_i/axi_smc/inst/clk_map/psr_aclk/U0/ACTIVE_LOW_BSR_OUT_DFF[0].FDRE_BSR_N/Q
                         net (fo=5, routed)           0.461     1.529    cnn_system_i/axi_smc/inst/s00_nodes/s00_ar_node/inst/s_sc_xpm_cdc_async_rst_inst/src_arst
    SLICE_X15Y35         LUT1 (Prop_lut1_I0_O)        0.042     1.571 f  cnn_system_i/axi_smc/inst/s00_nodes/s00_ar_node/inst/s_sc_xpm_cdc_async_rst_inst/arststages_ff[2]_i_1/O
                         net (fo=3, routed)           0.172     1.744    cnn_system_i/axi_smc/inst/s00_nodes/s00_ar_node/inst/s_sc_xpm_cdc_async_rst_inst/reset_pol
    SLICE_X15Y35         FDCE                                         f  cnn_system_i/axi_smc/inst/s00_nodes/s00_ar_node/inst/s_sc_xpm_cdc_async_rst_inst/arststages_ff_reg[2]/CLR
  -------------------------------------------------------------------    -------------------

                         (clock clk_fpga_0 rise edge)
                                                      0.000     0.000 r  
    PS7_X0Y0             PS7                          0.000     0.000 r  cnn_system_i/processing_system7_0/inst/PS7_i/FCLKCLK[0]
                         net (fo=1, routed)           0.337     0.337    cnn_system_i/processing_system7_0/inst/FCLK_CLK_unbuffered[0]
    BUFGCTRL_X0Y16       BUFG (Prop_bufg_I_O)         0.029     0.366 r  cnn_system_i/processing_system7_0/inst/buffer_fclk_clk_0.FCLK_CLK_0_BUFG/O
                         net (fo=7971, routed)        0.860     1.226    cnn_system_i/axi_smc/inst/s00_nodes/s00_ar_node/inst/s_sc_xpm_cdc_async_rst_inst/dest_clk
    SLICE_X15Y35         FDCE                                         r  cnn_system_i/axi_smc/inst/s00_nodes/s00_ar_node/inst/s_sc_xpm_cdc_async_rst_inst/arststages_ff_reg[2]/C

Slack:                    inf
  Source:                 cnn_system_i/axi_smc_1/inst/clk_map/psr_aclk/U0/ACTIVE_LOW_BSR_OUT_DFF[0].FDRE_BSR_N/C
                            (rising edge-triggered cell FDRE clocked by clk_fpga_0  {rise@0.000ns fall@5.000ns period=10.000ns})
  Destination:            cnn_system_i/axi_smc_1/inst/s00_nodes/s00_w_node/inst/s_sc_xpm_cdc_async_rst_inst/arststages_ff_reg[0]/CLR
                            (removal check against rising-edge clock clk_fpga_0  {rise@0.000ns fall@5.000ns period=10.000ns})
  Path Group:             (none)
  Path Type:              Removal (Min at Fast Process Corner)
  Data Path Delay:        0.882ns  (logic 0.211ns (23.933%)  route 0.671ns (76.067%))
  Logic Levels:           1  (LUT1=1)
  Clock Path Skew:        0.294ns (DCD - SCD - CPR)
    Destination Clock Delay (DCD):    1.190ns
    Source Clock Delay      (SCD):    0.896ns
    Clock Pessimism Removal (CPR):    -0.000ns
  Clock Uncertainty:      0.154ns  ((TSJ^2 + TIJ^2)^1/2 + DJ) / 2 + PE
    Total System Jitter     (TSJ):    0.071ns
    Total Input Jitter      (TIJ):    0.300ns
    Discrete Jitter          (DJ):    0.000ns
    Phase Error              (PE):    0.000ns
  Timing Exception:       False Path

    Location             Delay type                Incr(ns)  Path(ns)    Netlist Resource(s)
  -------------------------------------------------------------------    -------------------
                         (clock clk_fpga_0 rise edge)
                                                      0.000     0.000 r  
    PS7_X0Y0             PS7                          0.000     0.000 r  cnn_system_i/processing_system7_0/inst/PS7_i/FCLKCLK[0]
                         net (fo=1, routed)           0.310     0.310    cnn_system_i/processing_system7_0/inst/FCLK_CLK_unbuffered[0]
    BUFGCTRL_X0Y16       BUFG (Prop_bufg_I_O)         0.026     0.336 r  cnn_system_i/processing_system7_0/inst/buffer_fclk_clk_0.FCLK_CLK_0_BUFG/O
                         net (fo=7971, routed)        0.560     0.896    cnn_system_i/axi_smc_1/inst/clk_map/psr_aclk/U0/aclk
    SLICE_X38Y38         FDRE                                         r  cnn_system_i/axi_smc_1/inst/clk_map/psr_aclk/U0/ACTIVE_LOW_BSR_OUT_DFF[0].FDRE_BSR_N/C
  -------------------------------------------------------------------    -------------------
    SLICE_X38Y38         FDRE (Prop_fdre_C_Q)         0.164     1.060 r  cnn_system_i/axi_smc_1/inst/clk_map/psr_aclk/U0/ACTIVE_LOW_BSR_OUT_DFF[0].FDRE_BSR_N/Q
                         net (fo=6, routed)           0.489     1.549    cnn_system_i/axi_smc_1/inst/s00_nodes/s00_w_node/inst/s_sc_xpm_cdc_async_rst_inst/src_arst
    SLICE_X38Y53         LUT1 (Prop_lut1_I0_O)        0.047     1.596 f  cnn_system_i/axi_smc_1/inst/s00_nodes/s00_w_node/inst/s_sc_xpm_cdc_async_rst_inst/arststages_ff[2]_i_1/O
                         net (fo=3, routed)           0.181     1.777    cnn_system_i/axi_smc_1/inst/s00_nodes/s00_w_node/inst/s_sc_xpm_cdc_async_rst_inst/reset_pol
    SLICE_X40Y54         FDCE                                         f  cnn_system_i/axi_smc_1/inst/s00_nodes/s00_w_node/inst/s_sc_xpm_cdc_async_rst_inst/arststages_ff_reg[0]/CLR
  -------------------------------------------------------------------    -------------------

                         (clock clk_fpga_0 rise edge)
                                                      0.000     0.000 r  
    PS7_X0Y0             PS7                          0.000     0.000 r  cnn_system_i/processing_system7_0/inst/PS7_i/FCLKCLK[0]
                         net (fo=1, routed)           0.337     0.337    cnn_system_i/processing_system7_0/inst/FCLK_CLK_unbuffered[0]
    BUFGCTRL_X0Y16       BUFG (Prop_bufg_I_O)         0.029     0.366 r  cnn_system_i/processing_system7_0/inst/buffer_fclk_clk_0.FCLK_CLK_0_BUFG/O
                         net (fo=7971, routed)        0.824     1.190    cnn_system_i/axi_smc_1/inst/s00_nodes/s00_w_node/inst/s_sc_xpm_cdc_async_rst_inst/dest_clk
    SLICE_X40Y54         FDCE                                         r  cnn_system_i/axi_smc_1/inst/s00_nodes/s00_w_node/inst/s_sc_xpm_cdc_async_rst_inst/arststages_ff_reg[0]/C

Slack:                    inf
  Source:                 cnn_system_i/axi_smc_1/inst/clk_map/psr_aclk/U0/ACTIVE_LOW_BSR_OUT_DFF[0].FDRE_BSR_N/C
                            (rising edge-triggered cell FDRE clocked by clk_fpga_0  {rise@0.000ns fall@5.000ns period=10.000ns})
  Destination:            cnn_system_i/axi_smc_1/inst/s00_nodes/s00_w_node/inst/s_sc_xpm_cdc_async_rst_inst/arststages_ff_reg[1]/CLR
                            (removal check against rising-edge clock clk_fpga_0  {rise@0.000ns fall@5.000ns period=10.000ns})
  Path Group:             (none)
  Path Type:              Removal (Min at Fast Process Corner)
  Data Path Delay:        0.882ns  (logic 0.211ns (23.933%)  route 0.671ns (76.067%))
  Logic Levels:           1  (LUT1=1)
  Clock Path Skew:        0.294ns (DCD - SCD - CPR)
    Destination Clock Delay (DCD):    1.190ns
    Source Clock Delay      (SCD):    0.896ns
    Clock Pessimism Removal (CPR):    -0.000ns
  Clock Uncertainty:      0.154ns  ((TSJ^2 + TIJ^2)^1/2 + DJ) / 2 + PE
    Total System Jitter     (TSJ):    0.071ns
    Total Input Jitter      (TIJ):    0.300ns
    Discrete Jitter          (DJ):    0.000ns
    Phase Error              (PE):    0.000ns
  Timing Exception:       False Path

    Location             Delay type                Incr(ns)  Path(ns)    Netlist Resource(s)
  -------------------------------------------------------------------    -------------------
                         (clock clk_fpga_0 rise edge)
                                                      0.000     0.000 r  
    PS7_X0Y0             PS7                          0.000     0.000 r  cnn_system_i/processing_system7_0/inst/PS7_i/FCLKCLK[0]
                         net (fo=1, routed)           0.310     0.310    cnn_system_i/processing_system7_0/inst/FCLK_CLK_unbuffered[0]
    BUFGCTRL_X0Y16       BUFG (Prop_bufg_I_O)         0.026     0.336 r  cnn_system_i/processing_system7_0/inst/buffer_fclk_clk_0.FCLK_CLK_0_BUFG/O
                         net (fo=7971, routed)        0.560     0.896    cnn_system_i/axi_smc_1/inst/clk_map/psr_aclk/U0/aclk
    SLICE_X38Y38         FDRE                                         r  cnn_system_i/axi_smc_1/inst/clk_map/psr_aclk/U0/ACTIVE_LOW_BSR_OUT_DFF[0].FDRE_BSR_N/C
  -------------------------------------------------------------------    -------------------
    SLICE_X38Y38         FDRE (Prop_fdre_C_Q)         0.164     1.060 r  cnn_system_i/axi_smc_1/inst/clk_map/psr_aclk/U0/ACTIVE_LOW_BSR_OUT_DFF[0].FDRE_BSR_N/Q
                         net (fo=6, routed)           0.489     1.549    cnn_system_i/axi_smc_1/inst/s00_nodes/s00_w_node/inst/s_sc_xpm_cdc_async_rst_inst/src_arst
    SLICE_X38Y53         LUT1 (Prop_lut1_I0_O)        0.047     1.596 f  cnn_system_i/axi_smc_1/inst/s00_nodes/s00_w_node/inst/s_sc_xpm_cdc_async_rst_inst/arststages_ff[2]_i_1/O
                         net (fo=3, routed)           0.181     1.777    cnn_system_i/axi_smc_1/inst/s00_nodes/s00_w_node/inst/s_sc_xpm_cdc_async_rst_inst/reset_pol
    SLICE_X40Y54         FDCE                                         f  cnn_system_i/axi_smc_1/inst/s00_nodes/s00_w_node/inst/s_sc_xpm_cdc_async_rst_inst/arststages_ff_reg[1]/CLR
  -------------------------------------------------------------------    -------------------

                         (clock clk_fpga_0 rise edge)
                                                      0.000     0.000 r  
    PS7_X0Y0             PS7                          0.000     0.000 r  cnn_system_i/processing_system7_0/inst/PS7_i/FCLKCLK[0]
                         net (fo=1, routed)           0.337     0.337    cnn_system_i/processing_system7_0/inst/FCLK_CLK_unbuffered[0]
    BUFGCTRL_X0Y16       BUFG (Prop_bufg_I_O)         0.029     0.366 r  cnn_system_i/processing_system7_0/inst/buffer_fclk_clk_0.FCLK_CLK_0_BUFG/O
                         net (fo=7971, routed)        0.824     1.190    cnn_system_i/axi_smc_1/inst/s00_nodes/s00_w_node/inst/s_sc_xpm_cdc_async_rst_inst/dest_clk
    SLICE_X40Y54         FDCE                                         r  cnn_system_i/axi_smc_1/inst/s00_nodes/s00_w_node/inst/s_sc_xpm_cdc_async_rst_inst/arststages_ff_reg[1]/C

Slack:                    inf
  Source:                 cnn_system_i/axi_smc_1/inst/clk_map/psr_aclk/U0/ACTIVE_LOW_BSR_OUT_DFF[0].FDRE_BSR_N/C
                            (rising edge-triggered cell FDRE clocked by clk_fpga_0  {rise@0.000ns fall@5.000ns period=10.000ns})
  Destination:            cnn_system_i/axi_smc_1/inst/s00_nodes/s00_w_node/inst/s_sc_xpm_cdc_async_rst_inst/arststages_ff_reg[2]/CLR
                            (removal check against rising-edge clock clk_fpga_0  {rise@0.000ns fall@5.000ns period=10.000ns})
  Path Group:             (none)
  Path Type:              Removal (Min at Fast Process Corner)
  Data Path Delay:        0.882ns  (logic 0.211ns (23.933%)  route 0.671ns (76.067%))
  Logic Levels:           1  (LUT1=1)
  Clock Path Skew:        0.294ns (DCD - SCD - CPR)
    Destination Clock Delay (DCD):    1.190ns
    Source Clock Delay      (SCD):    0.896ns
    Clock Pessimism Removal (CPR):    -0.000ns
  Clock Uncertainty:      0.154ns  ((TSJ^2 + TIJ^2)^1/2 + DJ) / 2 + PE
    Total System Jitter     (TSJ):    0.071ns
    Total Input Jitter      (TIJ):    0.300ns
    Discrete Jitter          (DJ):    0.000ns
    Phase Error              (PE):    0.000ns
  Timing Exception:       False Path

    Location             Delay type                Incr(ns)  Path(ns)    Netlist Resource(s)
  -------------------------------------------------------------------    -------------------
                         (clock clk_fpga_0 rise edge)
                                                      0.000     0.000 r  
    PS7_X0Y0             PS7                          0.000     0.000 r  cnn_system_i/processing_system7_0/inst/PS7_i/FCLKCLK[0]
                         net (fo=1, routed)           0.310     0.310    cnn_system_i/processing_system7_0/inst/FCLK_CLK_unbuffered[0]
    BUFGCTRL_X0Y16       BUFG (Prop_bufg_I_O)         0.026     0.336 r  cnn_system_i/processing_system7_0/inst/buffer_fclk_clk_0.FCLK_CLK_0_BUFG/O
                         net (fo=7971, routed)        0.560     0.896    cnn_system_i/axi_smc_1/inst/clk_map/psr_aclk/U0/aclk
    SLICE_X38Y38         FDRE                                         r  cnn_system_i/axi_smc_1/inst/clk_map/psr_aclk/U0/ACTIVE_LOW_BSR_OUT_DFF[0].FDRE_BSR_N/C
  -------------------------------------------------------------------    -------------------
    SLICE_X38Y38         FDRE (Prop_fdre_C_Q)         0.164     1.060 r  cnn_system_i/axi_smc_1/inst/clk_map/psr_aclk/U0/ACTIVE_LOW_BSR_OUT_DFF[0].FDRE_BSR_N/Q
                         net (fo=6, routed)           0.489     1.549    cnn_system_i/axi_smc_1/inst/s00_nodes/s00_w_node/inst/s_sc_xpm_cdc_async_rst_inst/src_arst
    SLICE_X38Y53         LUT1 (Prop_lut1_I0_O)        0.047     1.596 f  cnn_system_i/axi_smc_1/inst/s00_nodes/s00_w_node/inst/s_sc_xpm_cdc_async_rst_inst/arststages_ff[2]_i_1/O
                         net (fo=3, routed)           0.181     1.777    cnn_system_i/axi_smc_1/inst/s00_nodes/s00_w_node/inst/s_sc_xpm_cdc_async_rst_inst/reset_pol
    SLICE_X40Y54         FDCE                                         f  cnn_system_i/axi_smc_1/inst/s00_nodes/s00_w_node/inst/s_sc_xpm_cdc_async_rst_inst/arststages_ff_reg[2]/CLR
  -------------------------------------------------------------------    -------------------

                         (clock clk_fpga_0 rise edge)
                                                      0.000     0.000 r  
    PS7_X0Y0             PS7                          0.000     0.000 r  cnn_system_i/processing_system7_0/inst/PS7_i/FCLKCLK[0]
                         net (fo=1, routed)           0.337     0.337    cnn_system_i/processing_system7_0/inst/FCLK_CLK_unbuffered[0]
    BUFGCTRL_X0Y16       BUFG (Prop_bufg_I_O)         0.029     0.366 r  cnn_system_i/processing_system7_0/inst/buffer_fclk_clk_0.FCLK_CLK_0_BUFG/O
                         net (fo=7971, routed)        0.824     1.190    cnn_system_i/axi_smc_1/inst/s00_nodes/s00_w_node/inst/s_sc_xpm_cdc_async_rst_inst/dest_clk
    SLICE_X40Y54         FDCE                                         r  cnn_system_i/axi_smc_1/inst/s00_nodes/s00_w_node/inst/s_sc_xpm_cdc_async_rst_inst/arststages_ff_reg[2]/C

Slack:                    inf
  Source:                 cnn_system_i/axi_smc_1/inst/clk_map/psr_aclk/U0/ACTIVE_LOW_BSR_OUT_DFF[0].FDRE_BSR_N/C
                            (rising edge-triggered cell FDRE clocked by clk_fpga_0  {rise@0.000ns fall@5.000ns period=10.000ns})
  Destination:            cnn_system_i/axi_smc_1/inst/s00_entry_pipeline/s00_si_converter/inst/xpm_cdc_async_rst_inst/arststages_ff_reg[0]/CLR
                            (removal check against rising-edge clock clk_fpga_0  {rise@0.000ns fall@5.000ns period=10.000ns})
  Path Group:             (none)
  Path Type:              Removal (Min at Fast Process Corner)
  Data Path Delay:        0.924ns  (logic 0.209ns (22.628%)  route 0.715ns (77.371%))
  Logic Levels:           1  (LUT1=1)
  Clock Path Skew:        0.294ns (DCD - SCD - CPR)
    Destination Clock Delay (DCD):    1.190ns
    Source Clock Delay      (SCD):    0.896ns
    Clock Pessimism Removal (CPR):    -0.000ns
  Clock Uncertainty:      0.154ns  ((TSJ^2 + TIJ^2)^1/2 + DJ) / 2 + PE
    Total System Jitter     (TSJ):    0.071ns
    Total Input Jitter      (TIJ):    0.300ns
    Discrete Jitter          (DJ):    0.000ns
    Phase Error              (PE):    0.000ns
  Timing Exception:       False Path

    Location             Delay type                Incr(ns)  Path(ns)    Netlist Resource(s)
  -------------------------------------------------------------------    -------------------
                         (clock clk_fpga_0 rise edge)
                                                      0.000     0.000 r  
    PS7_X0Y0             PS7                          0.000     0.000 r  cnn_system_i/processing_system7_0/inst/PS7_i/FCLKCLK[0]
                         net (fo=1, routed)           0.310     0.310    cnn_system_i/processing_system7_0/inst/FCLK_CLK_unbuffered[0]
    BUFGCTRL_X0Y16       BUFG (Prop_bufg_I_O)         0.026     0.336 r  cnn_system_i/processing_system7_0/inst/buffer_fclk_clk_0.FCLK_CLK_0_BUFG/O
                         net (fo=7971, routed)        0.560     0.896    cnn_system_i/axi_smc_1/inst/clk_map/psr_aclk/U0/aclk
    SLICE_X38Y38         FDRE                                         r  cnn_system_i/axi_smc_1/inst/clk_map/psr_aclk/U0/ACTIVE_LOW_BSR_OUT_DFF[0].FDRE_BSR_N/C
  -------------------------------------------------------------------    -------------------
    SLICE_X38Y38         FDRE (Prop_fdre_C_Q)         0.164     1.060 r  cnn_system_i/axi_smc_1/inst/clk_map/psr_aclk/U0/ACTIVE_LOW_BSR_OUT_DFF[0].FDRE_BSR_N/Q
                         net (fo=6, routed)           0.488     1.548    cnn_system_i/axi_smc_1/inst/s00_entry_pipeline/s00_si_converter/inst/xpm_cdc_async_rst_inst/src_arst
    SLICE_X39Y55         LUT1 (Prop_lut1_I0_O)        0.045     1.593 f  cnn_system_i/axi_smc_1/inst/s00_entry_pipeline/s00_si_converter/inst/xpm_cdc_async_rst_inst/arststages_ff[2]_i_1/O
                         net (fo=3, routed)           0.226     1.819    cnn_system_i/axi_smc_1/inst/s00_entry_pipeline/s00_si_converter/inst/xpm_cdc_async_rst_inst/reset_pol
    SLICE_X39Y55         FDCE                                         f  cnn_system_i/axi_smc_1/inst/s00_entry_pipeline/s00_si_converter/inst/xpm_cdc_async_rst_inst/arststages_ff_reg[0]/CLR
  -------------------------------------------------------------------    -------------------

                         (clock clk_fpga_0 rise edge)
                                                      0.000     0.000 r  
    PS7_X0Y0             PS7                          0.000     0.000 r  cnn_system_i/processing_system7_0/inst/PS7_i/FCLKCLK[0]
                         net (fo=1, routed)           0.337     0.337    cnn_system_i/processing_system7_0/inst/FCLK_CLK_unbuffered[0]
    BUFGCTRL_X0Y16       BUFG (Prop_bufg_I_O)         0.029     0.366 r  cnn_system_i/processing_system7_0/inst/buffer_fclk_clk_0.FCLK_CLK_0_BUFG/O
                         net (fo=7971, routed)        0.824     1.190    cnn_system_i/axi_smc_1/inst/s00_entry_pipeline/s00_si_converter/inst/xpm_cdc_async_rst_inst/dest_clk
    SLICE_X39Y55         FDCE                                         r  cnn_system_i/axi_smc_1/inst/s00_entry_pipeline/s00_si_converter/inst/xpm_cdc_async_rst_inst/arststages_ff_reg[0]/C

Slack:                    inf
  Source:                 cnn_system_i/axi_smc_1/inst/clk_map/psr_aclk/U0/ACTIVE_LOW_BSR_OUT_DFF[0].FDRE_BSR_N/C
                            (rising edge-triggered cell FDRE clocked by clk_fpga_0  {rise@0.000ns fall@5.000ns period=10.000ns})
  Destination:            cnn_system_i/axi_smc_1/inst/s00_entry_pipeline/s00_si_converter/inst/xpm_cdc_async_rst_inst/arststages_ff_reg[1]/CLR
                            (removal check against rising-edge clock clk_fpga_0  {rise@0.000ns fall@5.000ns period=10.000ns})
  Path Group:             (none)
  Path Type:              Removal (Min at Fast Process Corner)
  Data Path Delay:        0.924ns  (logic 0.209ns (22.628%)  route 0.715ns (77.371%))
  Logic Levels:           1  (LUT1=1)
  Clock Path Skew:        0.294ns (DCD - SCD - CPR)
    Destination Clock Delay (DCD):    1.190ns
    Source Clock Delay      (SCD):    0.896ns
    Clock Pessimism Removal (CPR):    -0.000ns
  Clock Uncertainty:      0.154ns  ((TSJ^2 + TIJ^2)^1/2 + DJ) / 2 + PE
    Total System Jitter     (TSJ):    0.071ns
    Total Input Jitter      (TIJ):    0.300ns
    Discrete Jitter          (DJ):    0.000ns
    Phase Error              (PE):    0.000ns
  Timing Exception:       False Path

    Location             Delay type                Incr(ns)  Path(ns)    Netlist Resource(s)
  -------------------------------------------------------------------    -------------------
                         (clock clk_fpga_0 rise edge)
                                                      0.000     0.000 r  
    PS7_X0Y0             PS7                          0.000     0.000 r  cnn_system_i/processing_system7_0/inst/PS7_i/FCLKCLK[0]
                         net (fo=1, routed)           0.310     0.310    cnn_system_i/processing_system7_0/inst/FCLK_CLK_unbuffered[0]
    BUFGCTRL_X0Y16       BUFG (Prop_bufg_I_O)         0.026     0.336 r  cnn_system_i/processing_system7_0/inst/buffer_fclk_clk_0.FCLK_CLK_0_BUFG/O
                         net (fo=7971, routed)        0.560     0.896    cnn_system_i/axi_smc_1/inst/clk_map/psr_aclk/U0/aclk
    SLICE_X38Y38         FDRE                                         r  cnn_system_i/axi_smc_1/inst/clk_map/psr_aclk/U0/ACTIVE_LOW_BSR_OUT_DFF[0].FDRE_BSR_N/C
  -------------------------------------------------------------------    -------------------
    SLICE_X38Y38         FDRE (Prop_fdre_C_Q)         0.164     1.060 r  cnn_system_i/axi_smc_1/inst/clk_map/psr_aclk/U0/ACTIVE_LOW_BSR_OUT_DFF[0].FDRE_BSR_N/Q
                         net (fo=6, routed)           0.488     1.548    cnn_system_i/axi_smc_1/inst/s00_entry_pipeline/s00_si_converter/inst/xpm_cdc_async_rst_inst/src_arst
    SLICE_X39Y55         LUT1 (Prop_lut1_I0_O)        0.045     1.593 f  cnn_system_i/axi_smc_1/inst/s00_entry_pipeline/s00_si_converter/inst/xpm_cdc_async_rst_inst/arststages_ff[2]_i_1/O
                         net (fo=3, routed)           0.226     1.819    cnn_system_i/axi_smc_1/inst/s00_entry_pipeline/s00_si_converter/inst/xpm_cdc_async_rst_inst/reset_pol
    SLICE_X39Y55         FDCE                                         f  cnn_system_i/axi_smc_1/inst/s00_entry_pipeline/s00_si_converter/inst/xpm_cdc_async_rst_inst/arststages_ff_reg[1]/CLR
  -------------------------------------------------------------------    -------------------

                         (clock clk_fpga_0 rise edge)
                                                      0.000     0.000 r  
    PS7_X0Y0             PS7                          0.000     0.000 r  cnn_system_i/processing_system7_0/inst/PS7_i/FCLKCLK[0]
                         net (fo=1, routed)           0.337     0.337    cnn_system_i/processing_system7_0/inst/FCLK_CLK_unbuffered[0]
    BUFGCTRL_X0Y16       BUFG (Prop_bufg_I_O)         0.029     0.366 r  cnn_system_i/processing_system7_0/inst/buffer_fclk_clk_0.FCLK_CLK_0_BUFG/O
                         net (fo=7971, routed)        0.824     1.190    cnn_system_i/axi_smc_1/inst/s00_entry_pipeline/s00_si_converter/inst/xpm_cdc_async_rst_inst/dest_clk
    SLICE_X39Y55         FDCE                                         r  cnn_system_i/axi_smc_1/inst/s00_entry_pipeline/s00_si_converter/inst/xpm_cdc_async_rst_inst/arststages_ff_reg[1]/C





